total_words,filler_count,filler_ratio,vocab_diversity,avg_word_len,label,text,clean_text
18,0,0.0,0.8125,2.625,1,(8시 10분)/(여덟 시 십 분)이에요. (8시 10분)/(여덟 시 십 분) 차를 타야하는데 지금 연수 아빠의 표정이 어때 보이나요?,(8시 시 십 분)이에요. (8시 시 십 분) 차를 타야하는데 지금 연수 아빠의 표정이 어때 보이나요?
11,1,0.09090909090909091,1.0,3.0,0,n/ 자/ 그러면요 우리 다음은 살펴 볼게요. 다음 어떤 내용으로 갈까요?,그러면요 우리 다음은 살펴 볼게요. 다음 어떤 내용으로 갈까요?
9,0,0.0,1.0,3.4444444444444446,1,할머니 할아버지께서 방석에 앉으시자 엄마 아빠께서 먼저 세배를 하셨어요,할머니 할아버지께서 방석에 앉으시자 엄마 아빠께서 먼저 세배를 하셨어요
6,0,0.0,1.0,3.3333333333333335,1,시계하고 각도는 아주 밀접한 관련이 있어서요.,시계하고 각도는 아주 밀접한 관련이 있어서요.
22,0,0.0,0.9545454545454546,3.1818181818181817,1,이렇게 생각하게 되잖아요. 다시 말해서 어제의 실수나 잘못이 오늘의 나에게 가르침을 준 거지요. 그런 의미로 어제는 오늘의 스승 선생님이다 라고 이야기를 한답니다.,이렇게 생각하게 되잖아요. 다시 말해서 어제의 실수나 잘못이 오늘의 나에게 가르침을 준 거지요. 그런 의미로 어제는 오늘의 스승 선생님이다 라고 이야기를 한답니다.
5,0,0.0,1.0,3.5,1,뿅/ (13번)/(십 삼 번) 문제입니다.,삼 문제입니다.
27,0,0.0,0.9230769230769231,2.8461538461538463,1,자/ 이야기에 관련된 문제라 딱 떠오르는 게 있죠? 보통 항상 물어보는 것은 인물의 성격에 관련된 문제라든지 아니면 인물의 생각을 물어보거나 또 인물이 한 일에 대해서 묻고 있습니다.,이야기에 관련된 문제라 딱 떠오르는 게 있죠? 보통 항상 물어보는 것은 인물의 성격에 관련된 문제라든지 아니면 인물의 생각을 물어보거나 또 인물이 한 일에 대해서 묻고 있습니다.
11,1,0.09090909090909091,1.0,3.1,0,n/ 장면 좀 간단히 쓸게요. 원래는 선생님께 질문하는 장면이라고 써야 하는데,장면 좀 간단히 쓸게요. 원래는 선생님께 질문하는 장면이라고 써야 하는데
4,0,0.0,1.0,2.5,1,"(2)/(이)와 (7분의3)/(칠 분의 삼),","분의 삼),"
23,0,0.0,0.9545454545454546,2.6363636363636362,1,주사위는 (2개)/(두 개)인 활동을 같이 살펴 볼게요. 우리가 앞에서 살펴보았던 것을 우리 친구들이 조금 더 알기 쉽게 보기 쉽게 이렇게 표현 해 봤어요.,주사위는 개)인 활동을 같이 살펴 볼게요. 우리가 앞에서 살펴보았던 것을 우리 친구들이 조금 더 알기 쉽게 보기 쉽게 이렇게 표현 해 봤어요.
3,1,0.3333333333333333,1.0,2.0,0,하나 그 다음,하나 다음
3,1,0.3333333333333333,1.0,6.5,0,n/ 세종대왕님이 만드셨다구우.,세종대왕님이 만드셨다구우.
20,0,0.0,1.0,3.5294117647058822,1,"자/ 그러면 선생님은요, (2교시)/(이 교시) 수학 시간에 기다리고 있을게요. 우리 친구들 깨끗한 댓글 만들기 다시 한번 부탁+생각하면서 (2교시)/(이 교시)에 만날게요.","그러면 선생님은요, 교시) 수학 시간에 기다리고 있을게요. 우리 친구들 깨끗한 댓글 만들기 다시 한번 부탁+생각하면서 교시)에 만날게요."
8,1,0.125,0.8571428571428571,3.4285714285714284,0,그럼 정답 이제 정리해보도록 하겠습니다. 정답 볼까요? n/,그럼 정답 이제 정리해보도록 하겠습니다. 정답 볼까요?
19,0,0.0,1.0,3.7857142857142856,1,자/ 역성들고 있습니다 자/ 편들어주고 있어요 그래서 요것은 두둔하다가 되겠습니다 자/ (그러면)/(그면) 하나하나 인제 잘 생각하시구요 (어떻게)/(어뜨케) 이으면 좋을까요?,역성들고 있습니다 편들어주고 있어요 그래서 요것은 두둔하다가 되겠습니다 하나하나 인제 잘 생각하시구요 이으면 좋을까요?
15,1,0.06666666666666667,0.9166666666666666,3.0,0,가분수의 분자를 분모로 나누면 몫과 나머지 자/ 몫은 n/ 자연수를 (써주고요)/(써주구요) 나머지 분자 써주면 됩니다.,가분수의 분자를 분모로 나누면 몫과 나머지 몫은 자연수를 나머지 분자 써주면 됩니다.
32,0,0.0,0.8571428571428571,2.7142857142857144,1,"자, (4번)/(사 번). 글 나에서 가장 중심이 되는 문장, 그러니까 가장 중요한 문장은 무엇인지 찾아 쓰시오. 자, 글 나에는 문장이 몇 개가 있어요? (4개)/(네 개)가 있죠. (4개)/(네 개)가 모여서 (1)/(하나)의 문단이 됐어요.","자, 번). 글 나에서 가장 중심이 되는 문장, 그러니까 가장 중요한 문장은 무엇인지 찾아 쓰시오. 자, 글 나에는 문장이 몇 개가 있어요? 개)가 있죠. 개)가 모여서 문단이 됐어요."
7,0,0.0,1.0,3.3333333333333335,1,으이그/ 어른 말씀하시는데 자꾸 그렇게 끼어드는 거야?,어른 말씀하시는데 자꾸 그렇게 끼어드는 거야?
6,1,0.16666666666666666,1.0,2.6,0,음/ 그럼 또 다른 방법은 없을까요?,그럼 또 다른 방법은 없을까요?
15,0,0.0,0.875,2.625,1,"(30)/(삼십) 나누기 (5)/(오)는 (6)/(육), (15)/(십 오) 나누기 (5)/(오)는 (3)/(삼)이니까 (6분의3)/(육 분의 삼) 적어줄 수 있겠네요.",나누기 오) 나누기 분의 삼) 적어줄 수 있겠네요.
6,1,0.16666666666666666,1.0,3.2,0,어/ 이거 원점 대칭이라고 얘기 했잖아요.,이거 원점 대칭이라고 얘기 했잖아요.
5,0,0.0,1.0,2.6666666666666665,1,"다시 (1번)/(한 번) 강조 해두고,","다시 강조 해두고,"
8,0,0.0,1.0,2.875,1,분모로 올리고 내려서 분수로 나타낼 수 있다는 거예요.,분모로 올리고 내려서 분수로 나타낼 수 있다는 거예요.
7,0,0.0,1.0,3.3333333333333335,1,"반지름 곱하기 (2)/(이). 그다음에 우리 만능틀에 의하면,","반지름 곱하기 그다음에 우리 만능틀에 의하면,"
18,0,0.0,1.0,3.3076923076923075,1,오른쪽에 있는 수모형도 (4자릿수)/(네 자릿수)로 나타내 볼까요? 이번에는 다른 거 없구요 (1000모형)/(천 모형)만 (1)/(하나) (2)/(둘)/ (3개)/(세 개)가 있군요.,오른쪽에 있는 수모형도 자릿수)로 나타내 볼까요? 이번에는 다른 거 없구요 모형)만 개)가 있군요.
5,0,0.0,1.0,4.333333333333333,1,자/ 마지막 시연이 (50g)/(오십 그램)이네요?,마지막 시연이 그램)이네요?
19,0,0.0,0.9473684210526315,2.9473684210526314,1,여학생들의 밝은 표정을 짓고 밝은 목소리로 말해서 버스 안은 활기가 돈 것을 관찰하고 있는 그대로 표현한 것이므로 사실에 해당합니다.,여학생들의 밝은 표정을 짓고 밝은 목소리로 말해서 버스 안은 활기가 돈 것을 관찰하고 있는 그대로 표현한 것이므로 사실에 해당합니다.
7,0,0.0,1.0,3.142857142857143,1,우리 친구들은 친구들이 붙인 이름으로 불러도 돼요.,우리 친구들은 친구들이 붙인 이름으로 불러도 돼요.
9,0,0.0,1.0,3.7142857142857144,1,따라서 문제의 답은n/ (10cm)/(십 센티미터)입니다 라고 표현해 주면 되는거죠.,따라서 문제의 센티미터)입니다 라고 표현해 주면 되는거죠.
9,0,0.0,1.0,3.4444444444444446,1,텔레비전 보는 걸 좋아하는 가족이니까 이웃집에 가서 텔레비전을 보았죠.,텔레비전 보는 걸 좋아하는 가족이니까 이웃집에 가서 텔레비전을 보았죠.
5,0,0.0,1.0,3.6666666666666665,1,b/ 자/ 이렇게 표현을 했는데요.,이렇게 표현을 했는데요.
13,0,0.0,1.0,2.923076923076923,1,"위, 앞, 뒤, 오른쪽, 왼쪽, 이라는 말을 이용해서 나타내 보아라. 무엇을 해야 되니까?","위, 앞, 뒤, 오른쪽, 왼쪽, 이라는 말을 이용해서 나타내 보아라. 무엇을 해야 되니까?"
11,3,0.2727272727272727,1.0,2.8,0,n/ 빙그레 웃었대. 아웅/ 음 / 자/ 여기 글을 보니까 음/.,빙그레 웃었대. 여기 글을 보니까
6,0,0.0,1.0,3.0,1,다리를 벌리고 있는 오징어는 (1마리)/(한 마리),다리를 벌리고 있는 오징어는 마리)
31,1,0.03225806451612903,0.9642857142857143,2.857142857142857,0,근+ 근거를 토대로 한 의견을 다시 한번 강조한다던가 (아니면)/(아니면은) 자신의 다짐 그다음에 또는 마무리하고 정리할 수 있는 그런 내용들을 (써주시면)/(써주시면은) 아/ 알맞은 의견을 나타내는 글이 된다라는 것을 기억해 주시면 되는 거예요.,근+ 근거를 토대로 한 의견을 다시 한번 강조한다던가 자신의 다짐 그다음에 또는 마무리하고 정리할 수 있는 그런 내용들을 알맞은 의견을 나타내는 글이 된다라는 것을 기억해 주시면 되는 거예요.
9,0,0.0,1.0,2.7777777777777777,1,교문 앞에서 만났는데 시간 없어서 대신 전해 달라고 하셨어.,교문 앞에서 만났는데 시간 없어서 대신 전해 달라고 하셨어.
3,0,0.0,0.6666666666666666,3.6666666666666665,1,방법의 수입니다. 방법의,방법의 수입니다. 방법의
8,1,0.125,1.0,4.0,0,"n/ 오늘의 씨앗 단어입니다 별, 아름다움, 두근두근이 되겠습니다.","오늘의 씨앗 단어입니다 별, 아름다움, 두근두근이 되겠습니다."
19,0,0.0,0.9444444444444444,3.0,1,네/ 오늘은 여러 분수 친구들을 만날 건데요 크기가 같은 분수를 만들어 보고 그리고 분수를 약분하는 방법도 공부해 보도록 하겠습니다.,오늘은 여러 분수 친구들을 만날 건데요 크기가 같은 분수를 만들어 보고 그리고 분수를 약분하는 방법도 공부해 보도록 하겠습니다.
24,0,0.0,1.0,2.625,1,여러분도 책을 읽을 때 이렇게 등장인물에게* 감정이입을 한다면 훨씬 더 실감 나게 책도 읽고 글도 쓸 수 있겠죠? 다음 친구의 글들도 같이 보도록 할게요.,여러분도 책을 읽을 때 이렇게 등장인물에게* 감정이입을 한다면 훨씬 더 실감 나게 책도 읽고 글도 쓸 수 있겠죠? 다음 친구의 글들도 같이 보도록 할게요.
40,2,0.05,0.9722222222222222,2.9722222222222223,0,자/ 다음 이 시간에는요. 셋째 마당의 첫 번째 단원 (2)/(두) 눈을 반짝이며에 대해서 공부를 해보려고 해요. 미리미리 예습하는 거 잊지 마시고요. 교육방송 홈페이지에 들어와서 궁금한 점 n/ 있으면 글도 남겨 주세요. 자 그럼 선생님과는 다음 시간에 다시 만나요. 여러분 안녕.,다음 시간에는요. 셋째 마당의 첫 번째 단원 눈을 반짝이며에 대해서 공부를 해보려고 해요. 미리미리 예습하는 거 잊지 마시고요. 교육방송 홈페이지에 들어와서 궁금한 점 있으면 글도 남겨 주세요. 자 그럼 선생님과는 다음 시간에 다시 만나요. 여러분 안녕.
2,0,0.0,1.0,4.5,1,무엇인지 쓰랍니다.,무엇인지 쓰랍니다.
11,1,0.09090909090909091,1.0,3.125,0,자/ 자/ 우리 친구들 이 이야기 속에는 여러 가지 등장인물이 나오지요?,우리 친구들 이야기 속에는 여러 가지 등장인물이 나오지요?
13,1,0.07692307692307693,1.0,3.375,0,"n/ 으흠/ 젓가락을 (2개)/(두 개) 붙이고 (이렇게)/(요러케) 벌렸더니, 아하/ 여기 바로 각이 숨어있었네요.","젓가락을 개) 붙이고 벌렸더니, 여기 바로 각이 숨어있었네요."
4,0,0.0,1.0,3.5,1,b/ 자/ 먼저 가입니다.,먼저 가입니다.
20,0,0.0,0.8571428571428571,3.2142857142857144,1,자/ 이제 그다음 숫자 (11)/(십 일)과 계산할 차례입니다. (16)/(십 육)에서 (11)/(십 일)을 빼줘야 겠네요. (16)/(십 육)에서 (11)/(십 일)을 빼면 얼마?,이제 그다음 숫자 일)과 계산할 차례입니다. 육)에서 일)을 빼줘야 겠네요. 육)에서 일)을 빼면 얼마?
3,0,0.0,1.0,3.0,1,자/ (1번)/(일 번).,번).
6,1,0.16666666666666666,1.0,3.6,0,n/ 운동화는 한나절 느긋하게 낮잠을 잡니다.,운동화는 한나절 느긋하게 낮잠을 잡니다.
14,0,0.0,1.0,2.923076923076923,1,자/ 어때요. 점점 기역을 지나면서 직선 가에 평행이 이러한 직선을 이렇게 만들어볼 수 있어요.,어때요. 점점 기역을 지나면서 직선 가에 평행이 이러한 직선을 이렇게 만들어볼 수 있어요.
24,0,0.0,1.0,3.0416666666666665,1,설명이 무엇이냐 묘사는 무엇이냐에 대한 그런 설명인데요 우리 교제에 나와있어요. 설명은요. 어떤 대상을 다른 사람이 더 잘 이해할 수 있도록 소개하는 것이 바로 설명입니다.,설명이 무엇이냐 묘사는 무엇이냐에 대한 그런 설명인데요 우리 교제에 나와있어요. 설명은요. 어떤 대상을 다른 사람이 더 잘 이해할 수 있도록 소개하는 것이 바로 설명입니다.
33,1,0.030303030303030304,0.8125,2.40625,0,이와 같은 글을 쓴 목적이 뭘까요 이와 같은 글 하면 딱 뭐가 머릿속에 탁 나와야 돼요 이제 공부를 선생님하고 많이 해봤으니까 이와 같은 글 아/설명문 이렇게 나오는 거죠 자 설명문을 쓴 목적 보여주세요.,이와 같은 글을 쓴 목적이 뭘까요 이와 같은 글 하면 딱 뭐가 머릿속에 탁 나와야 돼요 이제 공부를 선생님하고 많이 해봤으니까 이와 같은 글 이렇게 나오는 거죠 자 설명문을 쓴 목적 보여주세요.
8,0,0.0,1.0,2.25,1,어려운 숙제를 나 혼자 해냈을 때 드는 마음.,어려운 숙제를 나 혼자 해냈을 때 드는 마음.
2,0,0.0,1.0,5.0,1,"여러분, 안녕하세요?","여러분, 안녕하세요?"
13,0,0.0,1.0,3.2222222222222223,1,자/ 문제는 다음과 같습니다. (6.05)/(육 점 영 오)의 (ㄱ)/(기역)을 곱했더니 (6050)/(육천 오십)이 되었대요.,문제는 다음과 같습니다. 점 영 오)의 곱했더니 오십)이 되었대요.
8,0,0.0,1.0,4.333333333333333,1,분위기는 어떠합니까? 라는 그러한 문제입니다. (1번)/(일 번) 평화롭다.,분위기는 어떠합니까? 라는 그러한 문제입니다. 평화롭다.
7,1,0.14285714285714285,0.8333333333333334,2.6666666666666665,0,사물로 본 거 내면세계를 상실한 사물로 n/,사물로 본 거 내면세계를 상실한 사물로
16,0,0.0,0.9090909090909091,3.6363636363636362,1,(350)/(삼백 오십)이네. 자/ 그럼 비율 비교해보면 되죠. (400)/(사백)이 제일 크고요 그다음에 (350)/(삼백 오십) 그다음에 (310)/(삼백 십)이에요.,오십)이네. 그럼 비율 비교해보면 되죠. 제일 크고요 그다음에 오십) 그다음에 십)이에요.
14,0,0.0,1.0,4.166666666666667,1,수직인 선분의 길이. 여기 (3cm)/(삼 센티미터)라고 나와있어요. 그러니까 (3cm)/(삼 센티미터) 이렇게 적으시면 정답이 되겠습니다*.,수직인 선분의 길이. 여기 센티미터)라고 나와있어요. 그러니까 센티미터) 이렇게 적으시면 정답이 되겠습니다*.
9,1,0.1111111111111111,1.0,2.6,0,n/ 또는 (100)/(백) 곱하기 (4)/(사) 분의 (1)/(일)을 하란 소리지.,또는 곱하기 분의 하란 소리지.
13,0,0.0,1.0,3.090909090909091,1,"자/ 먼저요, 이야기의 구조는요. 우리 크게 (4부분)/(네 부분)으로 나누어 볼 수 있다고 했었죠.","먼저요, 이야기의 구조는요. 우리 크게 부분)으로 나누어 볼 수 있다고 했었죠."
11,1,0.09090909090909091,1.0,3.125,0,자/ 승갑+ 생각하면 생각할수록 이/ 준의 할아버지는 멋있는 분인 거 (같아요)/(같애요).,승갑+ 생각하면 생각할수록 준의 할아버지는 멋있는 분인 거
3,0,0.0,1.0,3.3333333333333335,1,탓이라는 말을 쓰고요.,탓이라는 말을 쓰고요.
15,0,0.0,0.9285714285714286,2.7142857142857144,1,"만약에 우리 (5학년)/(오 학년) 친구들이 작년에 있었던 일과 어제 있었던 일, 어떤 일을 쓰면 좋을까요?","만약에 우리 학년) 친구들이 작년에 있었던 일과 어제 있었던 일, 어떤 일을 쓰면 좋을까요?"
9,0,0.0,1.0,3.2222222222222223,1,"보봉이에요. 보봉, 꼭 우리나라 마을 같지 않아요? 선생님은 처음에","보봉이에요. 보봉, 꼭 우리나라 마을 같지 않아요? 선생님은 처음에"
12,0,0.0,1.0,2.6666666666666665,1,자/ (3)/(삼) 곱하기 (3)/(삼)은 얼마? (9를)/(구를) (1의 자리)/(일 의 자리) 자리에 (적어주고요)/(적어주구요).,곱하기 얼마? (1의 의 자리) 자리에
3,0,0.0,1.0,2.6666666666666665,1,자리를 맞춰 썼죠?,자리를 맞춰 썼죠?
20,0,0.0,0.8823529411764706,2.3529411764705883,1,자/ 우리 친구들 또 자세가 이렇게 아이고/ 막 꽈배기처럼 또 이렇게 배배 꼬는 친구가 한 (6명)/(여섯 명) 보이는 것 같아요.,우리 친구들 또 자세가 이렇게 막 꽈배기처럼 또 이렇게 배배 꼬는 친구가 한 명) 보이는 것 같아요.
2,1,0.5,1.0,4.0,0,"사람은, n/","사람은,"
10,0,0.0,1.0,2.6,1,자 방금 풀었던 거랑 똑같아요 그런데 살짝 다른 부분이 있어요.,자 방금 풀었던 거랑 똑같아요 그런데 살짝 다른 부분이 있어요.
8,0,0.0,1.0,3.142857142857143,1,o/ 오늘 배웠던 내용을 그대로 적용해서 쓰면 된답니다.,오늘 배웠던 내용을 그대로 적용해서 쓰면 된답니다.
23,0,0.0,0.7647058823529411,2.1176470588235294,1,"(0.17)/(영 점 일 칠) 곱하기 (0.4)/(영 점 사) 를 계산하기 위해서 (17)/(십 칠) 곱하기 (4)/(사) 를 계산 하면은 되겠네요 (28)/(이십 팔) (이고요)/(이구요) ,","점 일 칠) 곱하기 점 사) 를 계산하기 위해서 칠) 곱하기 를 계산 하면은 되겠네요 팔) ,"
2,0,0.0,1.0,3.5,1,여기에 있네요.,여기에 있네요.
5,0,0.0,1.0,4.0,1,그렇죠. 자/ 맞아요. (2번)/(이 번)이죠,그렇죠. 맞아요. 번)이죠
14,0,0.0,1.0,2.75,1,자/ 그럼 문제 봅니다. (ㄱ)/(기역)이 뜻하는 것으로 알맞지 않은 것은 어느 것입니까 라고 했는데요,그럼 문제 봅니다. 뜻하는 것으로 알맞지 않은 것은 어느 것입니까 라고 했는데요
16,0,0.0,1.0,3.0,1,우리 가족은 공방 (1)/(한) 군데를 들러서 기념품을 사고 유리로 병이나 장식품을 만드는 모습도 직접 살펴보기로 했다.,우리 가족은 공방 군데를 들러서 기념품을 사고 유리로 병이나 장식품을 만드는 모습도 직접 살펴보기로 했다.
25,0,0.0,1.0,2.782608695652174,1,반지름은 무수히 많이 그릴 수 있다라는 사실 기억해두도록 하면서 다음 문제 한 번 살펴보도록 할께요. 이번 문제는 원을 몇 개? (4개)/(네 개)를 맞닿게 그렸다. 그리고,반지름은 무수히 많이 그릴 수 있다라는 사실 기억해두도록 하면서 다음 문제 한 살펴보도록 할께요. 이번 문제는 원을 몇 개? 개)를 맞닿게 그렸다. 그리고
13,0,0.0,1.0,2.3846153846153846,1,"강의를 하면서 그를 무조건 다 자료 여기다 딱 펼쳐놓고 막 써 내려가지 말고,","강의를 하면서 그를 무조건 다 자료 여기다 딱 펼쳐놓고 막 써 내려가지 말고,"
21,1,0.047619047619047616,0.9,2.3,0,만들 때 무엇을 넣었는지 쓰세요 요 시에서 있죠 달콤끈적 꿀을 넣어 꿀 떡을 만들어 요 자 따라서 정답은 꿀 입니다. n/,만들 때 무엇을 넣었는지 쓰세요 요 시에서 있죠 달콤끈적 꿀을 넣어 꿀 떡을 만들어 요 자 따라서 정답은 꿀 입니다.
15,1,0.06666666666666667,1.0,3.142857142857143,0,n/ 더 나은 삶을 위해서* 호랑 애벌레는* 애벌레 기둥을 올라가려 합니다. 그런데 만만한 일이 아니었지요.,더 나은 삶을 위해서* 호랑 애벌레는* 애벌레 기둥을 올라가려 합니다. 그런데 만만한 일이 아니었지요.
9,2,0.2222222222222222,1.0,3.8333333333333335,0,어/ 여기 유관순은요. (1902년)/(천 구백 이 년)에 천안에서 출생했대요.,여기 유관순은요. 구백 년)에 천안에서 출생했대요.
37,1,0.02702702702702703,0.9,3.3666666666666667,0,"n/ 자/ 마을에는 커다란 슬픔이 찾아왔다고 했어요. 그것은 사람들이 약속을 지키지 않은 결과였다고 했지요. 선택지 확인한다고 했습니다. 자/ (1번)/(일 번) 쥐떼가 다시 나타난 것이 커다란 슬픔이었나요, 아니라는 압니다. (2번)/(이 번) 사나이가 몹시 화가 난 것이 커다란 슬픔.","마을에는 커다란 슬픔이 찾아왔다고 했어요. 그것은 사람들이 약속을 지키지 않은 결과였다고 했지요. 선택지 확인한다고 했습니다. 쥐떼가 다시 나타난 것이 커다란 슬픔이었나요, 아니라는 압니다. 사나이가 몹시 화가 난 것이 커다란 슬픔."
22,0,0.0,0.7894736842105263,3.1052631578947367,1,기준량과 비교하는 양을 가려볼 (건데요)/(껀데요). 기호의 왼쪽에 있는 수가 비교하는 양이고 오른쪽에 있는 수가 기준량이예요. 따라서 기준량이 (5)/(오)고 비교하는 양이 (3)/(삼)이다라는 건,기준량과 비교하는 양을 가려볼 기호의 왼쪽에 있는 수가 비교하는 양이고 오른쪽에 있는 수가 기준량이예요. 따라서 기준량이 비교하는 양이 건
21,0,0.0,1.0,2.7222222222222223,1,같은 자리에 수끼리 더했을 때 (10)/(십)이거나 (10)/(십)보다 크면 어디로 바로 윗자리로 이렇게 받아올림 하는구나 라는 것을 우리 친구들 꼭 기억하면서 으랏차차/.,같은 자리에 수끼리 더했을 때 크면 어디로 바로 윗자리로 이렇게 받아올림 하는구나 라는 것을 우리 친구들 꼭 기억하면서
30,1,0.03333333333333333,0.9629629629629629,3.037037037037037,0,자/ 보여주세요*. (이렇게)/(요렇게) 그리시면 되는데 주의해야 할 것은 이 안에 안 보이는 곳을 점선 처리하셔야 한다는 거 그리고 끝에 원기둥 모양으로 다 점선처리하시고 그리셔야 한다는 것 잊지 말아 주시기 바라겠습니다.,보여주세요*. 그리시면 되는데 주의해야 할 것은 안에 안 보이는 곳을 점선 처리하셔야 한다는 거 그리고 끝에 원기둥 모양으로 다 점선처리하시고 그리셔야 한다는 것 잊지 말아 주시기 바라겠습니다.
18,0,0.0,0.9444444444444444,2.611111111111111,1,"온라인 대화는 무엇과 같아서 잘 쓰면 이롭지만, 좋지만 잘못 쓰면 다른 사람과 자신을 크게 다치게 할 수도 있단다.","온라인 대화는 무엇과 같아서 잘 쓰면 이롭지만, 좋지만 잘못 쓰면 다른 사람과 자신을 크게 다치게 할 수도 있단다."
7,0,0.0,1.0,2.6666666666666665,1,자/ (그럼)/(금) 몇 도인가 (1번)/(한 번) 볼게요.,몇 도인가 볼게요.
20,0,0.0,0.9411764705882353,2.8823529411764706,1,"그런데 쓸 때는 (10초)/(십 초)만 쓸게요. 왜? (60초)/(육십 초)는 (1분)/(일 분)으로 받아올림을 할 거니까, 그럼 여기에서 알아두어야 할 거 뭘까요?","그런데 쓸 때는 초)만 쓸게요. 왜? 초)는 분)으로 받아올림을 할 거니까, 그럼 여기에서 알아두어야 할 거 뭘까요?"
3,1,0.3333333333333333,1.0,3.0,0,n/ 아흥 으하하.,아흥 으하하.
10,1,0.1,1.0,4.0,0,자/ 그래서 비방하다 비방하는 비난하다 뭐 요렇게 여러분이 생각하시면 되겠고요.,그래서 비방하다 비방하는 비난하다 요렇게 여러분이 생각하시면 되겠고요.
24,1,0.041666666666666664,1.0,2.909090909090909,0,그렇다면 이제 우린 n/ 무엇을 할수 있을까요? 삼각형에는요 변과 꼭지점이 몇 개씩? 이렇게 (3개)/(세 개)씩 있습니다 라는 걸 알 수 있게 돼요. 삼각형의 특징입니다.,그렇다면 이제 우린 무엇을 할수 있을까요? 삼각형에는요 변과 꼭지점이 몇 개씩? 이렇게 개)씩 있습니다 라는 걸 알 수 있게 돼요. 삼각형의 특징입니다.
10,1,0.1,1.0,3.0,0,(버스정류장에서)/(뻐스정류장에서) 집으로 가는 (버스를)/(뻐스를) 기다리면서 이 친구가 어떤 생각을 (했죠)/(했져)?,집으로 가는 기다리면서 친구가 어떤 생각을
2,0,0.0,1.0,5.0,1,자/ 청개구리.,청개구리.
11,0,0.0,1.0,3.1818181818181817,1,"그렇죠, 마주보는 두 변의 길이가 같다 라는 특징을 이용하면 되겠습니다. 따라서,","그렇죠, 마주보는 두 변의 길이가 같다 라는 특징을 이용하면 되겠습니다. 따라서,"
23,0,0.0,1.0,2.6842105263157894,1,자/ 물론 다 이렇게 더해서 구해도 되지만 자/ 옆면을 보세요 옆면이 (4개)/(네 개)라고 했잖아요 그런데 직(6)/(육)면체에서 평행한 면은 모두 몇 쌍 있다고 했나요?,물론 다 이렇게 더해서 구해도 되지만 옆면을 보세요 옆면이 개)라고 했잖아요 그런데 평행한 면은 모두 몇 쌍 있다고 했나요?
8,1,0.125,1.0,3.5714285714285716,0,n/ 아기천사는 커다란 당근모양 풍선을 잡고 하늘을 날았어요.,아기천사는 커다란 당근모양 풍선을 잡고 하늘을 날았어요.
12,0,0.0,0.8333333333333334,2.8333333333333335,1,"어떤 글을 쓸까? 그래 내가 지난달에 겪은 일, 일단요. 지난달에 겪은 일이에요.","어떤 글을 쓸까? 그래 내가 지난달에 겪은 일, 일단요. 지난달에 겪은 일이에요."
29,2,0.06896551724137931,1.0,3.3333333333333335,0,이 기사문의 본문에 들어갈 내용을 압축해서 간결하게 나타내야 한다고 했잖아요. 그럼 이 기사 같은 경우는 가장 중요한 내용이 지금 뭐예요? 선생님이 모자를 잃어버렸다는 거죠? 그래서 짧게 표현한다면 제목으로는 선생님,기사문의 본문에 들어갈 내용을 압축해서 간결하게 나타내야 한다고 했잖아요. 그럼 기사 같은 경우는 가장 중요한 내용이 지금 뭐예요? 선생님이 모자를 잃어버렸다는 거죠? 그래서 짧게 표현한다면 제목으로는 선생님
7,0,0.0,1.0,2.857142857142857,1,그렇다면 이런 경우 나뭇잎의 한쪽 끝을 보세요.,그렇다면 이런 경우 나뭇잎의 한쪽 끝을 보세요.
12,1,0.08333333333333333,1.0,2.7,0,n/ 따라서 우리가 배운 것처럼 (500)/(오백)을 나타냅니다 라고 말할 수 있는 거예요.,따라서 우리가 배운 것처럼 나타냅니다 라고 말할 수 있는 거예요.
13,1,0.07692307692307693,1.0,2.5,0,자/ 선생님과 함께 이 (3)/(세) 땅의 넓이 구하는 식을 한번 세워 보도록 하죠.,선생님과 함께 땅의 넓이 구하는 식을 한번 세워 보도록 하죠.
16,0,0.0,1.0,2.7857142857142856,1,오늘의 (plus)/(플러스) 퀴즈 확인해 볼까요? 빨간색을 좋아하는 학생 수가 (40)/(사십)명일 때 조사한 학생은 모두 몇 명일까요?,오늘의 퀴즈 확인해 볼까요? 빨간색을 좋아하는 학생 수가 때 조사한 학생은 모두 몇 명일까요?
22,1,0.045454545454545456,0.875,2.0625,0,n/ 자/ (683)/(육백 팔심 삼) 곱하기 (100)/(백) 즉 어떤 수 곱하기 (100)/(백)이네요 자/ 이럴 때는 바로 어떤 수를 그대로 써 준 다음에.,팔심 삼) 곱하기 즉 어떤 수 곱하기 이럴 때는 바로 어떤 수를 그대로 써 준 다음에.
17,0,0.0,0.9375,3.125,1,"등을 보이시면서 어휴/ 그래. 대구+ 대구, 대전, 부산, 전주. 그러면 손주가 열심히 대전! 막 이렇게+ 이렇게+ 이렇게.","등을 보이시면서 그래. 대구+ 대구, 대전, 부산, 전주. 그러면 손주가 열심히 대전! 막 이렇게+ 이렇게+ 이렇게."
16,1,0.0625,0.8571428571428571,3.2142857142857144,0,n/ 그럼 다음 시간에 더욱더 재미있고 즐겁게 국어공부로 여러분들u/보도록 할게요. 여러분 다음 시간에 만나요. 안녕히 계세요.,그럼 다음 시간에 더욱더 재미있고 즐겁게 국어공부로 할게요. 여러분 다음 시간에 만나요. 안녕히 계세요.
27,1,0.037037037037037035,1.0,5.3,0,(1번)/(일 번) 설렙니다. (2번)/(이 번) 즐겁습니다. (3번)/(삼 번) 신기합니다. (4번)/(사 번) 안타깝습니다. (1)/(일) (2)/(이) (3)/(삼) (4번)/(사 번) 모두 관련없는 내용이구요. (5번)/(오 번) 불만스럽습니다. (5번)/(오 번)이 정답이죠*? n/,설렙니다. 즐겁습니다. 신기합니다. 안타깝습니다. 모두 관련없는 내용이구요. 불만스럽습니다. 번)이 정답이죠*?
8,0,0.0,1.0,3.125,1,교재에 이렇게 문장 전체를 답으로 써주는 거예요. 알겠죠?,교재에 이렇게 문장 전체를 답으로 써주는 거예요. 알겠죠?
18,1,0.05555555555555555,1.0,3.5294117647058822,0,n/ 큰아들은 걱정이 되어 밤새 한잠도 못 자고 어머니를 기다렸는데 어머니는 새벽녘에야 아이들 모르게 살그머니 방으로 들어오시는 것이었습니다.,큰아들은 걱정이 되어 밤새 한잠도 못 자고 어머니를 기다렸는데 어머니는 새벽녘에야 아이들 모르게 살그머니 방으로 들어오시는 것이었습니다.
9,1,0.1111111111111111,1.0,1.875,0,n/ 이제 어떤 글자든 다 읽고 쓸 수 있지?,이제 어떤 글자든 다 읽고 쓸 수 있지?
23,1,0.043478260869565216,0.9444444444444444,2.6666666666666665,0,n/ (47)/(사십 칠) 에다가 (10)/(십) 을 곱하면 되는거죠 왜 우리는 소수의 곱셈을 마치 자연수의 곱셈처럼 생각을 하니깐요 (47)/(사십 칠) 곱하기 (10)/(십) 에 값.,칠) 에다가 을 곱하면 되는거죠 왜 우리는 소수의 곱셈을 마치 자연수의 곱셈처럼 생각을 하니깐요 칠) 곱하기 에 값.
26,0,0.0,0.9,2.55,1,자/ 비교하는 양은 뭐예요 그러면 수박 수가 되겠죠 따라서 자/ 얘는 수박의 갯수는 (2개)/(두 개) 니까 (2)/(이) 대 사과의 갯수는 (5개)/(다섯 개) (5)/(오) 가 되는 것이고요.,비교하는 양은 뭐예요 그러면 수박 수가 되겠죠 따라서 얘는 수박의 갯수는 개) 니까 대 사과의 갯수는 개) 가 되는 것이고요.
8,0,0.0,1.0,2.25,1,알쏭아 너 오늘 숙제 어딨니? 안 해온 거야?,알쏭아 너 오늘 숙제 어딨니? 안 해온 거야?
4,0,0.0,1.0,6.0,1,자/ (5번)/(오 번) 이비인후과.,이비인후과.
6,0,0.0,1.0,4.0,1,자/ 만들고 발표하는 과정을 한번 알아보겠습니다.,만들고 발표하는 과정을 한번 알아보겠습니다.
17,0,0.0,1.0,3.4285714285714284,1,"(7)/(칠)과 (5)/(오)의 곱은 (35)/(삼십 오)니까요. (35)/(삼십 오)를 공통분모로 해 봅시다. (7)/(칠) (5)/(오) (35)/(삼십 오). (2)/(이) (5)/(오) (10)/(십),",곱은 오)니까요. 오)를 공통분모로 해 봅시다. 오).
6,0,0.0,1.0,3.0,1,(70)/(칠십) 곱하기 (4)/(사) (280)/(이백 팔십) (이고요)/(이구여).,곱하기 팔십)
15,1,0.06666666666666667,1.0,2.769230769230769,0,그럼 그 수의 차를 생각해보면 바로 (60권)/(육 십 권)만큼의 차이가 생긴다라는 것을 알 수 있습니다.,그럼 수의 차를 생각해보면 바로 십 권)만큼의 차이가 생긴다라는 것을 알 수 있습니다.
17,0,0.0,1.0,3.3125,1,자/ 친구들 그런데 여기에서 바람을 가르며라고 했는데 이때 가르다 뭘까요? 너희편 우리편을 가르자. 그런 가르자는 아닐 거에요.,친구들 그런데 여기에서 바람을 가르며라고 했는데 이때 가르다 뭘까요? 너희편 우리편을 가르자. 그런 가르자는 아닐 거에요.
10,0,0.0,1.0,3.2,1,그리고 왕이 직접 돌아다니면서 백성이 편안하게 살 수 있도록 도와주었대요.,그리고 왕이 직접 돌아다니면서 백성이 편안하게 살 수 있도록 도와주었대요.
12,0,0.0,1.0,2.625,1,(2)/(이)는 (8)/(팔)과 (7)/(칠) 분의 (4)/(사)가 되어야 합니다 라는 식을 만들어낼 수 있겠죠.,분의 되어야 합니다 라는 식을 만들어낼 수 있겠죠.
7,1,0.14285714285714285,1.0,3.3333333333333335,0,n/ 이번 시간 배울 내용 소개해보도록 하겠습니다.,이번 시간 배울 내용 소개해보도록 하겠습니다.
6,1,0.16666666666666666,1.0,2.8,0,n/ 더는 버틸 힘이 없었던 것입니다.,더는 버틸 힘이 없었던 것입니다.
15,0,0.0,1.0,3.1818181818181817,1,따라서 우리가 구하고자 하는 선분 (ㅂ)/(비읍)(ㄹ)/(리을)의 길이는요. (2)/(이)더하기 (2)/(이) (4cm)/(4 센티 미터)라고 답할 수가 있겠네요.,따라서 우리가 구하고자 하는 선분 길이는요. 센티 미터)라고 답할 수가 있겠네요.
24,2,0.08333333333333333,1.0,2.619047619047619,0,어/ 묵비권을 행사할 어/ 권리가 있고 막 이럴 때 알지 수갑 채우는 거 그게 바로 구속되는 거야. 에이/ 여러분은 이런 것 보+안보면 되겠어. 그다음.,묵비권을 행사할 권리가 있고 막 이럴 때 알지 수갑 채우는 거 그게 바로 구속되는 거야. 여러분은 이런 것 보+안보면 되겠어. 그다음.
8,0,0.0,1.0,2.75,1,"(35)/(삼십 오), (33)/(삼십 삼), (29)/(이십 구), (48)/(사십 팔)","오), 삼), 구), 팔)"
4,0,0.0,1.0,3.3333333333333335,1,밑면의 가로가 (3m)/(삼 미터).,밑면의 가로가 미터).
9,0,0.0,1.0,3.111111111111111,1,일부러 그런 것도 아니잖아 라고 아주아주 고마운 답장이 왔습니다.,일부러 그런 것도 아니잖아 라고 아주아주 고마운 답장이 왔습니다.
3,1,0.3333333333333333,1.0,3.5,0,n/ 세로의 길이요.,세로의 길이요.
24,1,0.041666666666666664,1.0,2.9,0,자/ 이 같은 경우는 b/ 가장 기본적인 우리가 계산이었기 때문에 이렇게 답을 빨리 찾았습니다. b/ 보통 이제 급수가 나왔을 때 좀 어려운 케이스가 뭐냐면?,같은 경우는 가장 기본적인 우리가 계산이었기 때문에 이렇게 답을 빨리 찾았습니다. 보통 이제 급수가 나왔을 때 좀 어려운 케이스가 뭐냐면?
13,1,0.07692307692307693,1.0,4.166666666666667,0,처음에는 분명히 나눗셈이었습니다. 그런데 이 나눗셈이 어떻게 됐죠? 곱셈으로 바뀌었죠. 나누어지는 분수는 그대로.,처음에는 분명히 나눗셈이었습니다. 그런데 나눗셈이 어떻게 됐죠? 곱셈으로 바뀌었죠. 나누어지는 분수는 그대로.
7,0,0.0,1.0,4.0,1,바꾸어서 새롭게 쓰려고 하는지 알아보려는 문제가 나와있습니다.,바꾸어서 새롭게 쓰려고 하는지 알아보려는 문제가 나와있습니다.
22,3,0.13636363636363635,0.9375,2.8125,0,n/ 즉 나가 기준이 되니깐 (7)/(칠) 이 요렇게 뒤에다 (쓰고요)/(쓰구요) (4)/(사) 를 요렇게 앞에다가 쓰면은 되겠습니다 아셨죠 한 문제 더 n/ 연습해볼께요.,즉 나가 기준이 되니깐 요렇게 뒤에다 를 요렇게 앞에다가 쓰면은 되겠습니다 아셨죠 한 문제 더 연습해볼께요.
8,1,0.125,1.0,3.1666666666666665,0,야/ 이럴 때는 표정뿐만 아니라 말도 n/저절로 나오는데요.,이럴 때는 표정뿐만 아니라 말도 나오는데요.
5,0,0.0,1.0,3.0,1,"(9)/(구). (9)/(구) (9)/(구) 마지막 (80)/(팔십),",마지막
19,2,0.10526315789473684,1.0,3.888888888888889,0,그다음에는 (100원)/(백 원)을 n/ 세어볼게요 자/ (100원)/(백 원)은 (1)/(하나) (2)/(둘) (3)/(셋) (3개)/(세 개)로써 n/ (300원(삼백 원) 그럼 (10)/(십 원).,그다음에는 원)을 세어볼게요 원)은 개)로써 (300원(삼백 원) 그럼 원).
2,1,0.5,1.0,7.0,0,"n/ 감동적이라고,","감동적이라고,"
6,1,0.16666666666666666,1.0,3.4,0,n/ 그렇다면 성공하셨네요. 다 들려요 다.,그렇다면 성공하셨네요. 다 들려요 다.
23,1,0.043478260869565216,0.95,3.0,0,"n/ 세로셈으로 고쳐서 계산을 해보도록 할게요. (37.2)/(삼십 칠 쩜 이) 나누기 (3.1)/(삼 쩜 일) 인데 소숫점 어떻게? 그렇죠. 공평하고 평등하게 하나씩 옮겨주면 결국,","세로셈으로 고쳐서 계산을 해보도록 할게요. 칠 쩜 이) 나누기 쩜 일) 인데 소숫점 어떻게? 그렇죠. 공평하고 평등하게 하나씩 옮겨주면 결국,"
1,0,0.0,0.0,0.0,1,(6)/(육).,
21,1,0.047619047619047616,1.0,3.0,0,그런데 얼마나 떨렸으면 심장이 점점 작아져도 좁쌀만 하게 되는 것 같았다고 했잖아요. 선생님은 이 부분이 정말 인상이 깊고 기억에 오래 남았어요.,그런데 얼마나 떨렸으면 심장이 점점 작아져도 좁쌀만 하게 되는 것 같았다고 했잖아요. 선생님은 부분이 정말 인상이 깊고 기억에 오래 남았어요.
21,3,0.14285714285714285,1.0,2.933333333333333,0,자/ 그러면 (1번)/(일 번) 문제 볼게요. n/ 와 n/ 이 가운데에서 잃어버린 물건을 더 쉽게 찾을 수 있는 친구는 누구인가요? 누구예요?,그러면 문제 볼게요. 와 가운데에서 잃어버린 물건을 더 쉽게 찾을 수 있는 친구는 누구인가요? 누구예요?
14,3,0.21428571428571427,1.0,3.3,0,n/ 자/ 이제는요 이 정육면체의 부피를 무엇이라고 하는지 여러분들 아하 n/ 외칠 수 있겠죠?,이제는요 정육면체의 부피를 무엇이라고 하는지 여러분들 아하 외칠 수 있겠죠?
9,0,0.0,1.0,3.0,1,자/ 허리도 꼿꼿이 세우고 편안하게 바른 자세로 교실에 섰죠.,허리도 꼿꼿이 세우고 편안하게 바른 자세로 교실에 섰죠.
5,1,0.2,1.0,1.6666666666666667,0,b/ 두 번째 카드 n/,두 번째 카드
5,0,0.0,1.0,3.6,1,성격과 무엇이 인간관계를 맺고 있을까요?,성격과 무엇이 인간관계를 맺고 있을까요?
7,0,0.0,1.0,1.8,1,그럼 (10월)/(시 월)엔 몇 일 있는 u/,그럼 월)엔 몇 일 있는
3,0,0.0,1.0,3.0,1,자/ (5번)/(오 번).,번).
41,0,0.0,0.7741935483870968,2.7096774193548385,1,"우리 밤에 보면 막/ 이렇게 갖가지 이렇게 색등 같은 거 막/ 이렇게 켜놓고 이러면 뭔가 이렇게 좀, 특히 봄밤에 꽃도 펴있죠, (그렇죠)/(그쵸). 막/ 등도 막/ 밤에 켜있죠. 이러면 뭔가 막/ 어우/ 막/ 우리 마음도 되게 싱숭생숭하고, (그렇죠)/(그쵸)? 설레고 막/ 그렇지 않나요?","우리 밤에 보면 이렇게 갖가지 이렇게 색등 같은 거 이렇게 켜놓고 이러면 뭔가 이렇게 좀, 특히 봄밤에 꽃도 펴있죠, 등도 밤에 켜있죠. 이러면 뭔가 우리 마음도 되게 싱숭생숭하고, 설레고 그렇지 않나요?"
4,0,0.0,1.0,3.3333333333333335,1,자/ 누가 이야기 해볼까요?,누가 이야기 해볼까요?
8,0,0.0,1.0,3.375,1,이제 바둑돌을 놓았던 것을 떠올리면서 동그라미를 그려 볼게요.,이제 바둑돌을 놓았던 것을 떠올리면서 동그라미를 그려 볼게요.
5,0,0.0,1.0,3.4,1,이상한 분수요? 어떤 분수를 보았나요?,이상한 분수요? 어떤 분수를 보았나요?
12,0,0.0,1.0,3.0,1,아버지의 죽음 그리고 삼촌과 어머니의 결혼 이로 인해 햄릿은 굉장히 상심에 빠집니다.,아버지의 죽음 그리고 삼촌과 어머니의 결혼 이로 인해 햄릿은 굉장히 상심에 빠집니다.
13,1,0.07692307692307693,1.0,2.25,0,이 방법 답 같은 걸 보니까 잘 구했네. 이렇게 이용을 해 주면 좋겠죠.,방법 답 같은 걸 보니까 잘 구했네. 이렇게 이용을 해 주면 좋겠죠.
11,0,0.0,1.0,2.8,1,"이거 외울 필요 없어요. 그래서 여러분이b/ 내가 만약에 선생님께 글을 쓴다면,","이거 외울 필요 없어요. 그래서 내가 만약에 선생님께 글을 쓴다면,"
12,0,0.0,1.0,2.5,1,서술어는 보통 주어 목적어 서술어 즉 맨 끝 가장 끝에 자리하고 있는데요.,서술어는 보통 주어 목적어 서술어 즉 맨 끝 가장 끝에 자리하고 있는데요.
7,0,0.0,1.0,2.5714285714285716,1,주인이 되는 주어와 또 뒤에 붙는 서술어죠.,주인이 되는 주어와 또 뒤에 붙는 서술어죠.
8,0,0.0,0.8,3.6,1,(80)/(팔십) 곱하기 (75)/(칠십) 곱하기 (120)/(백 이십). 그런데 이것은요.,곱하기 곱하기 이십). 그런데 이것은요.
26,1,0.038461538461538464,0.8571428571428571,2.380952380952381,0,(그러니까)/(그니깐) 얘도 지금 들어가고 얘도 지금 들어가야 각각 뭐 할 수 있다? 그냥 (1)/(일)이 경계점이 되더라도 (1)/(일)이 적분 구간에 에/ 위 끝 또는 아래 끝이 되더라도,얘도 지금 들어가고 얘도 지금 들어가야 각각 할 수 있다? 그냥 경계점이 되더라도 적분 구간에 위 끝 또는 아래 끝이 되더라도
6,1,0.16666666666666666,1.0,2.2,0,"나눌 수 있을 것 같습니다. 뭐/,",나눌 수 있을 것 같습니다.
23,0,0.0,1.0,2.782608695652174,1,기존에 있던 생각과 전혀 다른 방향으로 시간과 장소 또는 인물 그리고 겪었던 일들을 모두 다르게 상상한다면 더욱더 알차고 재미있는 시가 나올 수 있겠지요?,기존에 있던 생각과 전혀 다른 방향으로 시간과 장소 또는 인물 그리고 겪었던 일들을 모두 다르게 상상한다면 더욱더 알차고 재미있는 시가 나올 수 있겠지요?
4,0,0.0,1.0,4.333333333333333,1,(3번)/(삼 번)이 되는게 어울리겠네요.,번)이 되는게 어울리겠네요.
31,0,0.0,0.8695652173913043,2.9130434782608696,1,그리고 난 다음에 (16)/(십 육)의 (12)/(십 이)를 이제 (4)/(사)로 나누면 되겠다라는 거죠. 그러면 (16)/(십 육)의 (12)/(십 이) 나누기 (4)/(사). (12)/(십 이)를 (4)/(사)로 나누면 나누어 떨어지기 때문에 이와 같이 표현을 해주면 됩니다.,그리고 난 다음에 육)의 이)를 이제 나누면 되겠다라는 거죠. 그러면 육)의 이) 나누기 이)를 나누면 나누어 떨어지기 때문에 이와 같이 표현을 해주면 됩니다.
5,0,0.0,1.0,2.8,1,여기서 말하는 이가 집겐가 봐요.,여기서 말하는 이가 집겐가 봐요.
4,0,0.0,1.0,3.6666666666666665,1,@/ 김종필 군 말씀해주세요.,김종필 군 말씀해주세요.
12,1,0.08333333333333333,1.0,2.909090909090909,0,우리 친구들. 알맞은 수를 써 넣으시오 라고 했는데요. 한번 보도록 할까요? n/,우리 친구들. 알맞은 수를 써 넣으시오 라고 했는데요. 한번 보도록 할까요?
6,0,0.0,1.0,2.3333333333333335,1,"그냥 둘째야 라고 하는 게 아니라,","그냥 둘째야 라고 하는 게 아니라,"
17,1,0.058823529411764705,1.0,2.8181818181818183,0,"그렇죠 (3)/(삼)에서 (1)/(일)을 뺀 값인 (2)/(이)가 되는 거잖아요. 그러면 순서 똑같이 이 네모는 (5)/(오)와 (3분의1)/(삼 분의 일)에서,","그렇죠 뺀 값인 되는 거잖아요. 그러면 순서 똑같이 네모는 분의 일)에서,"
24,1,0.041666666666666664,0.7142857142857143,2.3333333333333335,0,시계 방향으로 (180도)/(백 팔십 도) 만큼 돌리게 한 것과 시계 반대 방향으로 (180도)/(백 팔십 도) 만큼 돌리기 한 것은 이 화살표 끝이 서로 만나죠.,시계 방향으로 팔십 도) 만큼 돌리게 한 것과 시계 반대 방향으로 팔십 도) 만큼 돌리기 한 것은 화살표 끝이 서로 만나죠.
20,0,0.0,0.9473684210526315,3.789473684210526,1,자/ 우리 친구들은 네티즌이라고 알고 있을 거예요. 인터넷상에서 활동하는 사람들을 네티즌이라고 하는데 이제는 고유어 누리꾼이라는 말을 좀 자주 사용하도록 해야겠습니다.,우리 친구들은 네티즌이라고 알고 있을 거예요. 인터넷상에서 활동하는 사람들을 네티즌이라고 하는데 이제는 고유어 누리꾼이라는 말을 좀 자주 사용하도록 해야겠습니다.
11,1,0.09090909090909091,1.0,3.5,0,"자* 그러면 마지막으로 선생님의 주특기인* n/ 몸으로, 춤으로 한번 표현해 볼까요?","자* 그러면 마지막으로 선생님의 주특기인* 몸으로, 춤으로 한번 표현해 볼까요?"
2,1,0.5,1.0,3.0,0,n/ 먼저.,먼저.
8,1,0.125,1.0,3.0,0,중심이 되는 글감이나 그 전체 내용을 대표하는 거거든,중심이 되는 글감이나 전체 내용을 대표하는 거거든
6,0,0.0,1.0,3.3333333333333335,1,우리 친구들도 마음속에 이러한 마음이 있지요.,우리 친구들도 마음속에 이러한 마음이 있지요.
9,0,0.0,0.8571428571428571,3.0,1,"자/ 그렇다면 (128 제곱 센티미터)/(백 이십 팔 제곱 센치미터),","그렇다면 (128 제곱 이십 팔 제곱 센치미터),"
7,1,0.14285714285714285,1.0,2.8333333333333335,0,이 생각씨앗은 우리 주변에 정말 많이 있어요,생각씨앗은 우리 주변에 정말 많이 있어요
19,0,0.0,0.9473684210526315,2.736842105263158,1,따라서 복합 관념은 복합 인상이 없더라도 존재할 수 있다. 이것을 설명하기 위해서 앞에 개념들을 쭉 나열했을 수도 있는 거야.,따라서 복합 관념은 복합 인상이 없더라도 존재할 수 있다. 이것을 설명하기 위해서 앞에 개념들을 쭉 나열했을 수도 있는 거야.
1,0,0.0,0.0,0.0,1,(5)/(다섯),
2,0,0.0,1.0,4.5,1,아저씨 안녕하세요.,아저씨 안녕하세요.
14,0,0.0,0.8461538461538461,3.0,1,자 여기 보세요 선대칭 도형의 대칭축이 나와 (있고요)/(있구여) 여기 완성되지 않은 선대칭도형이 나와 있습니다.,자 여기 보세요 선대칭 도형의 대칭축이 나와 여기 완성되지 않은 선대칭도형이 나와 있습니다.
20,1,0.05,1.0,2.6842105263157894,0,둥근 기둥모양이 상자 모양보다 몇 개 더 많은지를 묻고 있어요. 그럼 이 문제를 해결하기 위해서 가장 먼저 무엇을 해야 할까요?,둥근 기둥모양이 상자 모양보다 몇 개 더 많은지를 묻고 있어요. 그럼 문제를 해결하기 위해서 가장 먼저 무엇을 해야 할까요?
13,0,0.0,0.9230769230769231,2.6923076923076925,1,조건일 때 이렇게 같은 각이 엄청나게 많이 나온다는 거 꼭 꼭 기억해두시기 바랍니다.,조건일 때 이렇게 같은 각이 엄청나게 많이 나온다는 거 꼭 꼭 기억해두시기 바랍니다.
7,2,0.2857142857142857,1.0,3.0,0,n/ 음/ 첫 번째 힌트는 무엇이었죠? 바로.,첫 번째 힌트는 무엇이었죠? 바로.
11,1,0.09090909090909091,0.7142857142857143,3.0,0,이 리터 (7데시)/(칠 데시) 리터 더하기 (3l)/(삼 리터) (6데시)/(육 데시) 리터이죠.,리터 데시) 리터 더하기 리터) 데시) 리터이죠.
4,0,0.0,1.0,3.25,1,옛날 물건이 있다면 실물자료.,옛날 물건이 있다면 실물자료.
24,0,0.0,0.9565217391304348,2.652173913043478,1,자/ 이렇게 구분을 해두었는데요. 하고 난 다음에 아직 끝난 건 아니에요. 왜일까 하고 봤더니 먹을 수 있는 간식이 모두 몇 가지냐 라고 물어봤다는 거죠.,이렇게 구분을 해두었는데요. 하고 난 다음에 아직 끝난 건 아니에요. 왜일까 하고 봤더니 먹을 수 있는 간식이 모두 몇 가지냐 라고 물어봤다는 거죠.
12,0,0.0,1.0,3.090909090909091,1,대분수 나누기 자연수에 관련한 문제겠구나. 감 잡았죠? 자/ 그렇담 식부터 써 봐요.,대분수 나누기 자연수에 관련한 문제겠구나. 감 잡았죠? 그렇담 식부터 써 봐요.
2,1,0.5,1.0,5.0,0,n/ 두들이퐁.,두들이퐁.
9,0,0.0,0.8571428571428571,2.5714285714285716,1,즉/ 네모 곱하기 네모 분의 (1)/(일)의 형태가 나올 텐데요.,네모 곱하기 네모 분의 형태가 나올 텐데요.
14,0,0.0,0.8461538461538461,3.076923076923077,1,좋아하는 친구들도 있고 별로 안 좋아하는 친구들도 있다. 하지만* 한 번 좋아하면 계속 좋아한다.,좋아하는 친구들도 있고 별로 안 좋아하는 친구들도 있다. 하지만* 한 좋아하면 계속 좋아한다.
7,1,0.14285714285714285,1.0,4.166666666666667,0,n/ 그래요. 고무로 만들었습니다. 라고 적어주면 되겠어요.,그래요. 고무로 만들었습니다. 라고 적어주면 되겠어요.
15,0,0.0,1.0,2.4615384615384617,1,자/ 우리 친구들 이거 기억하고 또 다음 시간에 갔다 갖다는 한 번 더 배우도록 할게요.,우리 친구들 이거 기억하고 또 다음 시간에 갔다 갖다는 한 더 배우도록 할게요.
6,0,0.0,1.0,3.0,1,맞아요. 차갑지만 금방 녹아서 물이 되죠.,맞아요. 차갑지만 금방 녹아서 물이 되죠.
5,0,0.0,1.0,3.0,1,어떤 가훈인지 안 가르쳐 줬잖아요?,어떤 가훈인지 안 가르쳐 줬잖아요?
2,0,0.0,1.0,3.5,1,핫도그 주세요.,핫도그 주세요.
15,0,0.0,1.0,2.3333333333333335,1,그다음에 (3)/(삼)이 하나 둘 셋 넷 (3)/(삼)이 네 개가 모이면 그럴 때는 (12)/(십 이)라고 하잖아요.,그다음에 하나 둘 셋 넷 네 개가 모이면 그럴 때는 이)라고 하잖아요.
5,2,0.4,1.0,2.6666666666666665,0,n/ 아 기다리 고 기다리?,기다리 고 기다리?
5,0,0.0,1.0,3.25,1,자/ 우리 친구들 생각은 어떤가요?,우리 친구들 생각은 어떤가요?
28,0,0.0,0.9583333333333334,3.3333333333333335,1,(5)/(오)와(5)/(오) 분의 (1m)/(일 미터)를 사용하였다면 나무꾼 남았다 라고 하는 우리 친구들 어때요. 그래요. 바로 뺄셈을 이용하면 되겠죠? 자/ 몇 (m)/(미터)인지 풀이과정을 쓰라고 했습니다. 뺄셈을 이용해 준다라고 이야기를 했어요.,분의 미터)를 사용하였다면 나무꾼 남았다 라고 하는 우리 친구들 어때요. 그래요. 바로 뺄셈을 이용하면 되겠죠? 몇 풀이과정을 쓰라고 했습니다. 뺄셈을 이용해 준다라고 이야기를 했어요.
12,0,0.0,1.0,2.5833333333333335,1,색깔이 다른 여러 가지 과일 인삼 도라지 연뿌리 우엉 등을 조려서 만듭니다.,색깔이 다른 여러 가지 과일 인삼 도라지 연뿌리 우엉 등을 조려서 만듭니다.
7,0,0.0,1.0,3.2,1,"자/ 이렇게 (1각)/(한 각)이 직각인 삼각형을 바로,","이렇게 각)이 직각인 삼각형을 바로,"
12,2,0.16666666666666666,1.0,2.8,0,"n/ 아/ 아라야, 니가 그렇게 무섭게 노려보고 있으면 문제를 풀 수 없잖니?","아라야, 니가 그렇게 무섭게 노려보고 있으면 문제를 풀 수 없잖니?"
11,0,0.0,1.0,2.727272727272727,1,나무꾼은 아내에게 그동안 있었던 일을 설명한 뒤 벽난로 앞에 앉아 쉰다.,나무꾼은 아내에게 그동안 있었던 일을 설명한 뒤 벽난로 앞에 앉아 쉰다.
4,1,0.25,1.0,1.6666666666666667,0,"n/ 첫 번째 원,","첫 번째 원,"
15,1,0.06666666666666667,1.0,3.090909090909091,0,n/ 자/ 여기 튀어나온 부분에 맞췄으니까. (31일)/(삼십 일 일)까지 쓰면 (10월)/(시 월)에는 며칠을 달린 거죠?,여기 튀어나온 부분에 맞췄으니까. 일 일)까지 쓰면 월)에는 며칠을 달린 거죠?
12,1,0.08333333333333333,1.0,3.5,0,자/ 의견이라는 것은 그 글쓴이 자신의 주장을 말하는 것이기 때문에 굉장히 주관적입니다.,의견이라는 것은 글쓴이 자신의 주장을 말하는 것이기 때문에 굉장히 주관적입니다.
4,0,0.0,1.0,3.25,1,미리 정리를 해야 되겠습니다.,미리 정리를 해야 되겠습니다.
4,1,0.25,1.0,2.5,0,어/ 이거 어디에 (나왔더라)/(나왔드라).,이거 어디에
17,0,0.0,1.0,3.0,1,하고 생각을 했습니다. 그런데 가만 기억을 떠올려 보니까요. 우리가 종종 길을 다니다 보면 이쪽 길이 여기로 이어졌었네?,하고 생각을 했습니다. 그런데 가만 기억을 떠올려 보니까요. 우리가 종종 길을 다니다 보면 이쪽 길이 여기로 이어졌었네?
30,0,0.0,0.9230769230769231,3.1923076923076925,1,"자/ 한 코스타리카 농장을 대상으로 한 연구에서요, 남성노동자 가운데 (20%)/(이십 퍼센트)가 즉 (100사람)/(백 사람) 가운데 (20명)/(스무 명)이 그런 화학물질을 다룬 뒤 불임이 되었다고 합니다. 이게 피해죠? 아이를 낳지 못하게 되는거죠.","한 코스타리카 농장을 대상으로 한 연구에서요, 남성노동자 가운데 퍼센트)가 즉 사람) 가운데 명)이 그런 화학물질을 다룬 뒤 불임이 되었다고 합니다. 이게 피해죠? 아이를 낳지 못하게 되는거죠."
8,1,0.125,1.0,2.6,0,n/ 약 (450)/(사백 오십) 그램이라고 어림할 수 있겠네요.n/,약 오십) 그램이라고 어림할 수
6,0,0.0,1.0,3.0,1,(1번이라고)/(일 번이라고) 답을 써 주면 되겠네요.,번이라고) 답을 써 주면 되겠네요.
12,1,0.08333333333333333,1.0,3.2,0,그다음에 파란색 동그라미 (셋)/(세) 개를 이 밑에 붙여 주어 기차에 바퀴를 나타내주세요.,그다음에 파란색 동그라미 개를 밑에 붙여 주어 기차에 바퀴를 나타내주세요.
1,0,0.0,0.0,0.0,1,(6)/(여섯),
14,1,0.07142857142857142,1.0,2.9166666666666665,0,늘 말이 없고 친구들과 잘 어울리지 않는다. 이런 내용 나와 있었죠? n/ 학교생활이기도 (하고요)/(하구요).,늘 말이 없고 친구들과 잘 어울리지 않는다. 이런 내용 나와 있었죠? 학교생활이기도
11,0,0.0,1.0,2.6666666666666665,1,대화가 끝날 때는 (닫아주고요)/(닫아주구요). 자/ 내일 놀지 않을래 하고 묻는 문장이에요.,대화가 끝날 때는 내일 놀지 않을래 하고 묻는 문장이에요.
6,1,0.16666666666666666,1.0,3.6,0,n/ 시각적인 심상이다라고 할 수가 있습니다.,시각적인 심상이다라고 할 수가 있습니다.
16,0,0.0,1.0,3.1875,1,이렇게 하는 거예요. 여러분도 올바른 기준을 잡아서 차이점을 아주아주 정확하게 찾아보시길 바랍니다. 잘 할 수 있겠죠?,이렇게 하는 거예요. 여러분도 올바른 기준을 잡아서 차이점을 아주아주 정확하게 찾아보시길 바랍니다. 잘 할 수 있겠죠?
10,0,0.0,1.0,3.111111111111111,1,자/ 정삼각형의 네모 안에 알맞은 수를 써 넣으시오 라고 나와있습니다.,정삼각형의 네모 안에 알맞은 수를 써 넣으시오 라고 나와있습니다.
4,0,0.0,1.0,3.6666666666666665,1,누가 (나르는)/(날으는) 돈까스 아니랄까봐?,누가 돈까스 아니랄까봐?
11,1,0.09090909090909091,1.0,3.875,0,어/ 그래요? 그러면 백문이 불여일견이니깐요. 우리가 직접 (1번)/(한 번) 해보도록 해요.,그래요? 그러면 백문이 불여일견이니깐요. 우리가 직접 해보도록 해요.
5,0,0.0,1.0,2.5,1,우리 미소. 잘 읽었기를 (바라요)/(바래요).,우리 미소. 잘 읽었기를
21,1,0.047619047619047616,1.0,2.6315789473684212,0,이처럼 평균은요 서로 n/ 다른 (2자리)/(두 자리) 의 값을 비교하는데 이용될 수 있습니다 요러한 문제 푸는 방법 다시 한번 정리해 볼께요.,이처럼 평균은요 서로 다른 자리) 의 값을 비교하는데 이용될 수 있습니다 요러한 문제 푸는 방법 다시 한번 정리해 볼께요.
7,0,0.0,1.0,2.0,1,그럼 몫이 (6)/(육) 과 (9)/(구) 가 되겠죠.,그럼 몫이 과 가 되겠죠.
15,1,0.06666666666666667,0.9166666666666666,3.5,0,"n/ 흐하/ 그리고, 선생님은 개인적으로 꿀떡 좋아하는데, 나중에 꿀떡 만들면 선생님한테도 꼭 (1)/(하나) 보내 주세요!","그리고, 선생님은 개인적으로 꿀떡 좋아하는데, 나중에 꿀떡 만들면 선생님한테도 꼭 보내 주세요!"
33,4,0.12121212121212122,0.8461538461538461,2.6538461538461537,0,그리고 얘가 n/ (FX PLUS EX 세 제곱)/(에프 엑스 플러스 이 엑스 세 제곱) 이렇게 적어도 되는 거죠. 아/ 요렇게 한번 적어주고 요렇게 적으면 (EX)/(이 엑스) 그런데 얘가 극한 값이 n/ (3)/(삼)이다 이겁니다.,그리고 얘가 (FX PLUS EX 세 엑스 플러스 엑스 세 제곱) 이렇게 적어도 되는 거죠. 요렇게 한번 적어주고 요렇게 적으면 엑스) 그런데 얘가 극한 값이 이겁니다.
14,0,0.0,1.0,2.6153846153846154,1,이와 같은 글을 쓸 때 꼭 들어가야 할 내용이 아닌 것을 찾아보랍니다. 자/ 보여주세요.,이와 같은 글을 쓸 때 꼭 들어가야 할 내용이 아닌 것을 찾아보랍니다. 보여주세요.
8,0,0.0,1.0,3.0,1,하비 빼미 너무너무 고마워. 자/ 그러면 문제 보시죠.,하비 빼미 너무너무 고마워. 그러면 문제 보시죠.
17,1,0.058823529411764705,1.0,2.75,0,n/ 그들은 감기에 걸린 늑대가 설탕 한 컵을 얻으러 왔다는 이야기는 독자의 흥미를 끌지 못할 거라고 생각했지.,그들은 감기에 걸린 늑대가 설탕 한 컵을 얻으러 왔다는 이야기는 독자의 흥미를 끌지 못할 거라고 생각했지.
20,1,0.05,1.0,3.5789473684210527,0,그렇다면 이 의견을 뒷받침하는 이유에는 무엇이 있을까 찾아보면 되겠네요. 지금 여기에서는요 굉장히 쉽게 찾을 수 있는 힌트가 나와있습니다. 여러분들 보이세요?,그렇다면 의견을 뒷받침하는 이유에는 무엇이 있을까 찾아보면 되겠네요. 지금 여기에서는요 굉장히 쉽게 찾을 수 있는 힌트가 나와있습니다. 여러분들 보이세요?
6,1,0.16666666666666666,1.0,3.5,0,자/ 문제는 어떻게 나왔는지 볼게요. n/,문제는 어떻게 나왔는지 볼게요.
16,1,0.0625,1.0,3.2857142857142856,0,현실 세상에서는 수일이 마음대로 할 수 없다라고 이야기를 해주면 되겠습니다. n/ 친구도 b/ 잘 이야기 해줬습니다.,현실 세상에서는 수일이 마음대로 할 수 없다라고 이야기를 해주면 되겠습니다. 친구도 잘 이야기 해줬습니다.
24,3,0.125,1.0,2.823529411764706,0,이 몫이 (4)/(사)라는 얘기는 나누는 수의 단 곱셈 구구를 활용해 준 거잖아요. 따라서 (4)/(사) 곱하기(4)/(사)가 네모 즉 n/ (16)/(십 육)입니다. n/이렇게 나타내주면 되는 거예요.,몫이 얘기는 나누는 수의 단 곱셈 구구를 활용해 준 거잖아요. 따라서 네모 즉 육)입니다. 나타내주면 되는 거예요.
1,0,0.0,0.0,0.0,1,(300)/(삼백).,
10,2,0.2,1.0,3.5,0,n/ 이 쇠사슬은 너무 단단해 거인인 프로메테우스도 끊을 수가 없었지요.,쇠사슬은 너무 단단해 거인인 프로메테우스도 끊을 수가 없었지요.
31,0,0.0,0.9230769230769231,2.923076923076923,1,예 (73쪽)/(칠십 삼 쪽) 문제 (24번)/(이십 사 번) 봐주세요. 자/ 맨 마지막에 있는 문제인데요. 선생님이랑 같이 읽어볼까요? 다음 그림에서 시계의 (2)/(두) 바늘이 직각을 이루고 있는 있는 것은 어느 것입니까 라는 문제입니다.,예 삼 쪽) 문제 사 봐주세요. 맨 마지막에 있는 문제인데요. 선생님이랑 같이 읽어볼까요? 다음 그림에서 시계의 바늘이 직각을 이루고 있는 있는 것은 어느 것입니까 라는 문제입니다.
3,1,0.3333333333333333,1.0,3.5,0,n/ 아깝다. 좋아.,아깝다. 좋아.
17,2,0.11764705882352941,1.0,2.9285714285714284,0,"n/ 자/ 그리고 말할 내용이 다 n/ 준비가 되면 어떻게 발표한다? 바로, 바른 자세로 자신있게 말하는 것이죠.","그리고 말할 내용이 다 준비가 되면 어떻게 발표한다? 바로, 바른 자세로 자신있게 말하는 것이죠."
2,0,0.0,1.0,5.5,1,어떻습니까? 좋습니다.,어떻습니까? 좋습니다.
4,0,0.0,1.0,3.3333333333333335,1,자/ 어떤 시대가 왔습니까?,어떤 시대가 왔습니까?
6,0,0.0,1.0,3.0,1,오늘의 실력 (Plus)/(플러스) (Quiz)/(퀴즈) 확인해 볼게요.,오늘의 실력 확인해 볼게요.
21,1,0.047619047619047616,0.9473684210526315,3.263157894736842,0,자/ 이렇게 어/ 이건 사람이 만들 수 없는 것들이죠. 그러니까+ 그러니까 보호해야죠. 인간이 만들 수가 없으니까. 이런 자연물을 무엇으로 지+ 지정한다?,이렇게 이건 사람이 만들 수 없는 것들이죠. 그러니까+ 그러니까 보호해야죠. 인간이 만들 수가 없으니까. 이런 자연물을 무엇으로 지+ 지정한다?
7,0,0.0,1.0,1.6,1,(1)/(일) 에서 (5)/(오) 를 뺄 수 없죠?,에서 를 뺄 수 없죠?
15,1,0.06666666666666667,1.0,3.4166666666666665,0,자/ (4번)/(사 번)문제는 파란색으로 쓴 낱말을 넣어서 문장을 만들어 쓰는 문제인데요. 먼저 보기부터 볼게요. n/,번)문제는 파란색으로 쓴 낱말을 넣어서 문장을 만들어 쓰는 문제인데요. 먼저 보기부터 볼게요.
9,0,0.0,1.0,2.875,1,없던 일이 생긴건데요. 어떻게 보면 교육부도 (EBS)/(이비에스)도 또 학교도,없던 일이 생긴건데요. 어떻게 보면 교육부도 또 학교도
7,0,0.0,1.0,3.2,1,자/ 그러니까 (1101)/(천 백 일)부터 가능한 겁니다.,그러니까 백 일)부터 가능한 겁니다.
4,0,0.0,1.0,3.25,1,상자 모양의 특징 어떤거였죠.,상자 모양의 특징 어떤거였죠.
29,1,0.034482758620689655,0.9629629629629629,2.925925925925926,0,"n/ 우왕/ 이렇게 우리가 여러 사람 앞에서 말해야 하는 상황을 살펴보았는데요. 특히 우리 마지막 상황, 내가 좋아하는 것을 발표해 보면 정말 좋을 것 같아요. 우리 만점왕 친구들은 무엇을 좋아하나요?","이렇게 우리가 여러 사람 앞에서 말해야 하는 상황을 살펴보았는데요. 특히 우리 마지막 상황, 내가 좋아하는 것을 발표해 보면 정말 좋을 것 같아요. 우리 만점왕 친구들은 무엇을 좋아하나요?"
30,2,0.06666666666666667,1.0,2.48,0,터치를 하더라도 여러 번 너무 많이 말고 그냥 몇 번만 요렇게 딱 (그려주면)/(그려주면은) 어/ 아주 멋진 그림이 나오는 굉장히 그리는 그 장면을 보면 우와/ 막 이렇게 감탄이 절로 나올 정도입니다.,터치를 하더라도 여러 너무 많이 말고 그냥 몇 번만 요렇게 딱 아주 멋진 그림이 나오는 굉장히 그리는 장면을 보면 막 이렇게 감탄이 절로 나올 정도입니다.
5,1,0.2,1.0,3.0,0,n/ 그럼 말하는 사람만 있나요?,그럼 말하는 사람만 있나요?
7,0,0.0,1.0,3.2,1,"(2)/(두)수의 공배수 (2)/(두) 수의 공배수를 구하는 방법은,","공배수 수의 공배수를 구하는 방법은,"
9,0,0.0,1.0,2.7777777777777777,1,전지를 잘못 보관하거나 가열을 하게 되면 폭발할 수도 있다.,전지를 잘못 보관하거나 가열을 하게 되면 폭발할 수도 있다.
20,0,0.0,0.9166666666666666,3.0,1,"자/ 이렇게, (1묶음)/(한 묶음)에 (13)/(십 삼) 즉,(10모형)/(십 모형) (1)/(하나)와 (1모형)/(일 모형) (3개)/(세 개)를 놓고 이것을 (3묶음)/(세 묶음) 놓아줄 수 있겠네요.","이렇게, 묶음)에 삼) 모형) 모형) 개)를 놓고 이것을 묶음) 놓아줄 수 있겠네요."
14,1,0.07142857142857142,0.8888888888888888,2.7777777777777777,0,자/ (0.7)/(영 점 칠)을 분모가 (10)/(십)인 분수로 바꾸면 n/ (10 분의 7)/(십 분의 칠)이죠.,점 칠)을 분모가 분수로 바꾸면 (10 분의 분의 칠)이죠.
19,0,0.0,0.8947368421052632,2.3684210526315788,1,아닌데요 그럼 뭘까요? 봉 봉지 비닐 봉지. 봉지 검증 의지 역지 식지 말이 되는 것도 있고 안되는 것도 있네요.,아닌데요 그럼 뭘까요? 봉 봉지 비닐 봉지. 봉지 검증 의지 역지 식지 말이 되는 것도 있고 안되는 것도 있네요.
19,1,0.05263157894736842,0.9285714285714286,3.5714285714285716,0,비밀번호 여기에다가 순서대로 그 수를 써 넣어주어야 해요. 그러니까 (1번)(일 번)부터 차례대로 (45)/(사십 오)였죠. 그럼 (4)/(사)하고 (5)/(오)를 써 (주고요)/(주구요).,비밀번호 여기에다가 순서대로 수를 써 넣어주어야 해요. 그러니까 (1번)(일 번)부터 차례대로 오)였죠. 그럼 써
6,0,0.0,1.0,4.0,1,자/ 우리는 (3단계)/(삼 단계)만 생각하시면 됩니다.,우리는 단계)만 생각하시면 됩니다.
9,1,0.1111111111111111,1.0,4.0,0,그렇다면 똑같은 상황에서 여러분들이 돌쇠 n/ 어머니였다면 어떻게 했을까요?,그렇다면 똑같은 상황에서 여러분들이 돌쇠 어머니였다면 어떻게 했을까요?
4,1,0.25,1.0,3.6666666666666665,0,n/ 남아있는 대응각의 크기.,남아있는 대응각의 크기.
11,0,0.0,1.0,2.1666666666666665,1,잘 봐 (MINUS)/(마이나) (3)/(삼)(X)/(엑스) 있지 그치 여기도 (MINUS)/(마이너스) u/여기도 (MINUS)/(마이너스) 있잖아.,잘 봐 있지 그치 여기도 있잖아.
11,0,0.0,1.0,2.5,1,자/ 예를 들면 아까 우리 봄에는 꽃이 펴요 이런 문단이 있었지요.,예를 들면 아까 우리 봄에는 꽃이 펴요 이런 문단이 있었지요.
13,1,0.07692307692307693,1.0,3.1666666666666665,0,이 전개도를요 자르는 방법에 따라서 전개도의 모양은 이렇게 여러 가지가 나올 수가 있습니다.,전개도를요 자르는 방법에 따라서 전개도의 모양은 이렇게 여러 가지가 나올 수가 있습니다.
16,0,0.0,0.9285714285714286,3.0,1,환경판의 길이를 어떻게 재면 되는지 우리 친구들에게 알려주자(고요)/(구요). 너무 길다고? 그냥 (조그만)/(쪼끄만) 자로 재기에는 너무 길어요.,환경판의 길이를 어떻게 재면 되는지 우리 친구들에게 너무 길다고? 그냥 자로 재기에는 너무 길어요.
3,0,0.0,1.0,4.0,1,도전해볼 첫번째 문제예요.,도전해볼 첫번째 문제예요.
4,0,0.0,1.0,2.75,1,다시 한번 정리해 볼게요.,다시 한번 정리해 볼게요.
34,3,0.08823529411764706,0.9666666666666667,3.1333333333333333,0,n/ 지금 또비와 뚜바가 번갈아가면서 아주 대답을 잘해주고 있지요. 우리 친구들 팔장끼고 가만히 듣지만 말고요. 선생님이 어/ 이렇게 뭘까요 물어볼 때 친구들이 큰소리로 크게 대답을 하시는 거예요! 꼭이요! 자/ 세 번째 질문 n/ 나갑니다.,지금 또비와 뚜바가 번갈아가면서 아주 대답을 잘해주고 있지요. 우리 친구들 팔장끼고 가만히 듣지만 말고요. 선생님이 이렇게 뭘까요 물어볼 때 친구들이 큰소리로 크게 대답을 하시는 거예요! 꼭이요! 세 번째 질문 나갑니다.
9,0,0.0,1.0,2.857142857142857,1,그리고 (300m)/(삼백 미터) (이렇게)/(요로케) 읽어서 나타내 주면 되는 겁니다.,그리고 미터) 읽어서 나타내 주면 되는 겁니다.
39,4,0.10256410256410256,0.9032258064516129,3.4193548387096775,0,예/ 여기가 (2)/(이)잖아요 그 (2)/(이) 분에 (5)/(오) 면 요 그림이잖아요. n/ 요때 함숫값 그럼 생각해 봐요 요기서 이렇게 그려졌죠 여기서 이렇게 그려졌죠. 그다음에 n/ 여기로 이렇게 이차함수가 뭔가가 내려오겠죠 이런 식으로 n/ 이런 그림이 반복되어 진다라 그랬잖아요 .반복되어진다라 그러잖아요.,여기가 분에 면 요 그림이잖아요. 요때 함숫값 그럼 생각해 봐요 요기서 이렇게 그려졌죠 여기서 이렇게 그려졌죠. 그다음에 여기로 이렇게 이차함수가 뭔가가 내려오겠죠 이런 식으로 이런 그림이 반복되어 진다라 그랬잖아요 .반복되어진다라 그러잖아요.
3,0,0.0,1.0,5.0,1,우와/ 완전 베스트셀러네요!,완전 베스트셀러네요!
23,1,0.043478260869565216,1.0,3.1904761904761907,0,n/ 따라서 식을 세우면은요. 어떻게 되냐면은요. 가장 큰 가분수를요. 남은 숫자 카드로 나누어 달라고 했으니깐요. (이렇게)/(요로케)(되고요)/(되구요). 우리 요거 오늘 굉장히 많이 공부한 내용이죠?,따라서 식을 세우면은요. 어떻게 되냐면은요. 가장 큰 가분수를요. 남은 숫자 카드로 나누어 달라고 했으니깐요. 우리 요거 오늘 굉장히 많이 공부한 내용이죠?
6,1,0.16666666666666666,1.0,3.0,0,"꼭 그 꿈이 이뤄지지 않는다 하더라도,","꼭 꿈이 이뤄지지 않는다 하더라도,"
37,0,0.0,0.9705882352941176,3.1176470588235294,1,"직사각형은 (5)/(오) 곱하기 (3)/(삼) 해서 (15장)/(열 다섯)장이 필요해요. 하지만 우리 친구들 우리가 문제에서 구하고 싶은 건 뭐죠? 네, 바로 직사각형이 필요한 게 아니라 여기 작은 직각삼각형이 몇 장이 필요한지 알아보고 싶어요. 그러면 직각삼각형은 어떻게 될까요 우리 친구들?","직사각형은 곱하기 해서 다섯)장이 필요해요. 하지만 우리 친구들 우리가 문제에서 구하고 싶은 건 뭐죠? 네, 바로 직사각형이 필요한 게 아니라 여기 작은 직각삼각형이 몇 장이 필요한지 알아보고 싶어요. 그러면 직각삼각형은 어떻게 될까요 우리 친구들?"
8,0,0.0,1.0,3.375,1,옛날에+ 옛날에 몸이 이만하고 코가 긴 아기코끼리가 살았어요.,옛날에+ 옛날에 몸이 이만하고 코가 긴 아기코끼리가 살았어요.
8,1,0.125,1.0,4.0,0,n/ 아프로디테는 여신들 중에서 자신이 가장 아름답다고 생각했어요.,아프로디테는 여신들 중에서 자신이 가장 아름답다고 생각했어요.
2,0,0.0,1.0,3.0,1,"(2배)/(두 배),","배),"
34,0,0.0,0.9333333333333333,3.0,1,"즉, 아무 것도 심지 않은 밭에, 전체 밭 그러면 아무것도 심지 않은 밭을 구해야되죠? 문제가 좀 어렵다 싶으면 여러분 이렇게 그림을 (1번)/(한 번) 직사각형을 (1번)/(한 번) 그려보세요. 그리고 이거는 소용없습니다. 필요가 없는 건데 나왔어요.","즉, 아무 것도 심지 않은 밭에, 전체 밭 그러면 아무것도 심지 않은 밭을 구해야되죠? 문제가 좀 어렵다 싶으면 여러분 이렇게 그림을 직사각형을 그려보세요. 그리고 이거는 소용없습니다. 필요가 없는 건데 나왔어요."
5,0,0.0,1.0,3.5,1,그게 (5000원)/(오천 원)이다. 이런 뜻이에요.,그게 원)이다. 이런 뜻이에요.
16,1,0.0625,1.0,2.6666666666666665,0,n/ 마지막으로 기사를 쓸 때는 자기의 생각을 쓰지 말고 객관적인 사실을 써야 한다는 거 잊지 말라고.,마지막으로 기사를 쓸 때는 자기의 생각을 쓰지 말고 객관적인 사실을 써야 한다는 거 잊지 말라고.
13,2,0.15384615384615385,1.0,3.3,0,n/ @/ 성빈 친구의 따뜻한 마음이 느껴지는 편지 잘 n/ 보았습니다. 어떠셨어요 선생님.,성빈 친구의 따뜻한 마음이 느껴지는 편지 잘 보았습니다. 어떠셨어요 선생님.
9,0,0.0,1.0,3.1666666666666665,1,자/ (ㄱ)/(기역) 나누기 (ㄴ)/(니은) 의 값을 구해보세요 라는 문제입니다.,나누기 의 값을 구해보세요 라는 문제입니다.
11,1,0.09090909090909091,1.0,2.4,0,n/ 우리 친구들 이걸 잘 알고있으면 많은 도움이 될 것 같아요.,우리 친구들 이걸 잘 알고있으면 많은 도움이 될 것 같아요.
17,3,0.17647058823529413,1.0,3.7142857142857144,0,"아/ 그리구요 n/ n/ 친구는요, 선생님 제 꿈이 원래 선생님이었는데 그래서 요즘에는 크레파스로 스케치북에 이렇게 칠판처럼 쓰면서,","그리구요 친구는요, 선생님 제 꿈이 원래 선생님이었는데 그래서 요즘에는 크레파스로 스케치북에 이렇게 칠판처럼 쓰면서,"
9,1,0.1111111111111111,1.0,3.4285714285714284,0,바로 문방구에서 어/ 쓰고서 남은 돈이 (1000원)/(천 원)이란 얘기입니다.,바로 문방구에서 쓰고서 남은 돈이 원)이란 얘기입니다.
7,3,0.42857142857142855,1.0,3.0,0,어/ 듣는 사람이 아 저 사람 누구구나.,듣는 사람이 사람 누구구나.
29,1,0.034482758620689655,0.9285714285714286,2.857142857142857,0,"n/ 관찰한 글은요. 관찰 대상과 기간, 관찰 내용, 자료를 통해 찾은 내용 등을 직접 글로 쓰기 직전에 간단히 정리한 내용입니다. 그러므로 어떤 내용을 쓸지 쓸 내용을 정리하는 단계가 알맞겠지요?","관찰한 글은요. 관찰 대상과 기간, 관찰 내용, 자료를 통해 찾은 내용 등을 직접 글로 쓰기 직전에 간단히 정리한 내용입니다. 그러므로 어떤 내용을 쓸지 쓸 내용을 정리하는 단계가 알맞겠지요?"
16,1,0.0625,1.0,2.8666666666666667,0,선생님 저는 잘 안 떠올라요. 아 도저히 고마운 사람 감사한 사람이 안떠올라요 하는 친구들이 있을 거예요.,선생님 저는 잘 안 떠올라요. 도저히 고마운 사람 감사한 사람이 안떠올라요 하는 친구들이 있을 거예요.
21,0,0.0,0.9047619047619048,2.6666666666666665,1,"나오는 인물은 중심인물 토끼 자라 용왕 그다음에 문어 장군 상어 대신 갈치 대신 복어 대신 도미, 황소 등이 나온다라고 보시면 되겠어요.","나오는 인물은 중심인물 토끼 자라 용왕 그다음에 문어 장군 상어 대신 갈치 대신 복어 대신 도미, 황소 등이 나온다라고 보시면 되겠어요."
10,0,0.0,1.0,3.6,1,서희는 유부남인 상양과의 사랑을 포기하고 바로 서희가 결혼하는 남자가 길상이에요.,서희는 유부남인 상양과의 사랑을 포기하고 바로 서희가 결혼하는 남자가 길상이에요.
15,1,0.06666666666666667,1.0,2.6666666666666665,0,직각이라고 하는 건 우리 이미 알고 있는 거잖아요. 그런데 그 직각을 똑같이 (90)/(구십)으로 나눈 (1)/(하나).,직각이라고 하는 건 우리 이미 알고 있는 거잖아요. 그런데 직각을 똑같이 나눈
11,1,0.09090909090909091,0.8571428571428571,2.5714285714285716,0,"자/ 계산하면 결국 n/ (45 분의 20)/(사십 오 분의 이십)이 (되고요)/(되구요),",계산하면 결국 (45 분의 오 분의 이십)이
9,1,0.1111111111111111,1.0,3.1666666666666665,0,그 다음에 (500원)/(오백 원)짜리 동전 (50개)/(오십 개) 모이면 얼마일까.,다음에 원)짜리 동전 개) 모이면 얼마일까.
7,0,0.0,1.0,3.6666666666666665,1,맞습니다 바로 (3장)/(세 장)을 골라라라고 얘기를 했습니다.,맞습니다 바로 장)을 골라라라고 얘기를 했습니다.
26,0,0.0,1.0,2.869565217391304,1,"그렇지요, 바로 여기 (1연)/(일 연)에 나와 있네요. 자/ 보세요 나의 (ㄹ)/(리을)과 비교를 하면서 보세요. 졸졸졸 어떻게 했어요, 날 따라와요 누가 내 동생이 이런 식으로 표현을 했지요.","그렇지요, 바로 여기 연)에 나와 있네요. 보세요 나의 비교를 하면서 보세요. 졸졸졸 어떻게 했어요, 날 따라와요 누가 내 동생이 이런 식으로 표현을 했지요."
7,1,0.14285714285714285,1.0,3.8,0,n/ 친구가 (1번)/(일 번)이라고 이야기 해줬어요. 그래서,친구가 번)이라고 이야기 해줬어요. 그래서
17,0,0.0,0.9375,3.625,1,자/ 피하면은 당한다는 뜻이거나 비하면 아니란 뜻이구나 이렇게 알아두시면 돼요 평범하지 않아요 즉 뛰어나요 이렇게 생각하시면 되겠습니다.,피하면은 당한다는 뜻이거나 비하면 아니란 뜻이구나 이렇게 알아두시면 돼요 평범하지 않아요 즉 뛰어나요 이렇게 생각하시면 되겠습니다.
5,0,0.0,1.0,2.8,1,"이렇게 많은 친구들의 글을 보니,","이렇게 많은 친구들의 글을 보니,"
24,2,0.08333333333333333,0.8571428571428571,2.9047619047619047,0,그리고 두 번째 힌트 바로 n/ 새벽에 보이는 금성을 부러+부르는 말은 바로 샛별이었습니다.n/ 이렇게 샛별 우리가 새벽에 보이는 금성 샛별이라는걸 n/ 확인할 수 있었습니다.,그리고 두 번째 힌트 바로 새벽에 보이는 금성을 부러+부르는 말은 바로 이렇게 샛별 우리가 새벽에 보이는 금성 샛별이라는걸 확인할 수 있었습니다.
5,3,0.6,1.0,5.0,0,n/ b/ 어/ 맛있겠다. n/,맛있겠다.
10,0,0.0,1.0,3.7142857142857144,1,(3)/(삼) (1)/(일)은 (3)/(삼) 우리 친구들도 같이 선생님이랑 노래하면서 완성하는 거예요.,우리 친구들도 같이 선생님이랑 노래하면서 완성하는 거예요.
3,0,0.0,0.0,0.0,1,"(1)/(하나), (2)/(둘), (3)/(셋).",
21,0,0.0,1.0,3.263157894736842,1,"올림이 있는 곱셈을 알아보기로 했잖아요. 예를 들어 (32)/(삼십 이) 곱하기 (4)/(사)를 만나보도록 하겠습니다. 우선 은 수 모형으로 알아보도록 할게요. 그런데 여러분,","올림이 있는 곱셈을 알아보기로 했잖아요. 예를 들어 이) 곱하기 만나보도록 하겠습니다. 우선 은 수 모형으로 알아보도록 할게요. 그런데 여러분,"
10,0,0.0,1.0,2.4444444444444446,1,그리고 꽃이 활짝 피었네 라고 하는 것도 역시 풀이하는 (문장이에요)/(문장이에여).,그리고 꽃이 활짝 피었네 라고 하는 것도 역시 풀이하는
5,0,0.0,1.0,2.6,1,"그리고 숫자, 기호, 선 처리,","그리고 숫자, 기호, 선 처리,"
6,0,0.0,1.0,2.5,1,더 알고 싶은 내용을 말했다는 얘기는,더 알고 싶은 내용을 말했다는 얘기는
25,1,0.04,0.875,2.6666666666666665,0,n/ 또 사과를 할 때는 피하고 싶더라도. 용기를 내서 잘못을 알게 되면 빠르게 사과를 하고 같은 잘못을 되풀이 하지 않는다고 다짐을 하셔야 합니다. 또한 사과를,또 사과를 할 때는 피하고 싶더라도. 용기를 내서 잘못을 알게 되면 빠르게 사과를 하고 같은 잘못을 되풀이 하지 않는다고 다짐을 하셔야 합니다. 또한 사과를
9,0,0.0,1.0,2.8333333333333335,1,자/ 우리가 (100000)/(십 만) 에는 (2개)/(두 개) 가 모여있으니까는,우리가 만) 에는 개) 가 모여있으니까는
4,0,0.0,1.0,4.0,1,화살표를 가운데로 모아서 가운데에는,화살표를 가운데로 모아서 가운데에는
7,0,0.0,1.0,3.75,1,(36)/(삼십 육)을 (9)/(구)로 나누어도 (4)/(사)로 나누어 떨어지죠.,육)을 나누어도 나누어 떨어지죠.
10,1,0.1,1.0,2.4444444444444446,0,n/이 글의 중심 내용은 즉 무엇에 대해서 이야기 하고 있죠?,글의 중심 내용은 즉 무엇에 대해서 이야기 하고 있죠?
21,1,0.047619047619047616,1.0,3.388888888888889,0,파트라슈의 원래 주인은 b/ 파트라슈에게 물도 제대로 주지 않고 b/ 무거운 수레만 끌게 하다가 n/ 지쳐 쓰러진 파트라슈를 쓰레기처럼 풀숲에 던져버립니다.,파트라슈의 원래 주인은 파트라슈에게 물도 제대로 주지 않고 무거운 수레만 끌게 하다가 지쳐 쓰러진 파트라슈를 쓰레기처럼 풀숲에 던져버립니다.
39,0,0.0,0.7428571428571429,2.742857142857143,1,"크기를 비교하여라 라는 말이 나왔어요. 더 큰, 더 큰 분수를 빈칸에 써 넣으세요 라는 문제 인데요. 그러면 (1씩)/(하나 씩) 살펴보자고요. 먼저 (9 분의 13)/(구 분의 십 삼),과(9 분의 14)/(구 분의 십 사),(9 분의 15)/(구 분의 십 오)를 비교해보도록 할게요.","크기를 비교하여라 라는 말이 나왔어요. 더 큰, 더 큰 분수를 빈칸에 써 넣으세요 라는 문제 인데요. 그러면 씩) 살펴보자고요. 먼저 (9 분의 분의 십 삼),과(9 분의 분의 십 사),(9 분의 분의 십 오)를 비교해보도록 할게요."
23,1,0.043478260869565216,1.0,3.409090909090909,0,며칠이 지난 뒤 멋쟁이한테 놀러 갔던 짱구가. 어/ 짱구 머리 뒤가 툭 튀어나왔나 봐요. 그래서 짱구겠죠? 헐레벌떡 달려와서 말했어요. 없어졌어. 멋쟁이가 감쪽같이 사라져버렸어.,며칠이 지난 뒤 멋쟁이한테 놀러 갔던 짱구가. 짱구 머리 뒤가 툭 튀어나왔나 봐요. 그래서 짱구겠죠? 헐레벌떡 달려와서 말했어요. 없어졌어. 멋쟁이가 감쪽같이 사라져버렸어.
18,1,0.05555555555555555,1.0,3.4375,0,그래서 (16번)/(십 육 번)에 정답을 쓰면 어떻게? 그렇지. 높임을 표현하는 특별한 낱말을 사용한다 그 내용을 적으면 되겠습니다. 적어볼까요?,그래서 육 번)에 정답을 쓰면 어떻게? 그렇지. 높임을 표현하는 특별한 낱말을 사용한다 내용을 적으면 되겠습니다. 적어볼까요?
9,1,0.1111111111111111,1.0,3.2,0,자/ 우리 n/ 친구들 다음 낱말을 (1번)/(한 번) 읽어볼까요?,우리 친구들 다음 낱말을 읽어볼까요?
10,1,0.1,0.875,2.25,0,자 그리고 두번째 단계 이 수를 수를 읽으면 일곱 (7)/(칠),자 그리고 두번째 단계 수를 수를 읽으면 일곱
7,1,0.14285714285714285,1.0,3.0,0,n/ 먹을 것은 상추 외에는 아무것도 없었어요.,먹을 것은 상추 외에는 아무것도 없었어요.
12,2,0.16666666666666666,1.0,3.1,0,음/ 말하자면 아까 주장하는 글의 음/ 그런 짜임을요. 물고기에 빗대 생각해 봤죠?,말하자면 아까 주장하는 글의 그런 짜임을요. 물고기에 빗대 생각해 봤죠?
18,0,0.0,0.8888888888888888,2.4444444444444446,1,"행복하게 할 수도 있고 포기하지 않고 다시 뛰게 할 수도 있다 라는 내용이죠 해설도 대조가 되고 대비가 되고,","행복하게 할 수도 있고 포기하지 않고 다시 뛰게 할 수도 있다 라는 내용이죠 해설도 대조가 되고 대비가 되고,"
6,1,0.16666666666666666,1.0,3.75,0,n/ 전국의 (2학년)/(이 학년) 친구들 반갑습니다.,전국의 학년) 친구들 반갑습니다.
5,0,0.0,1.0,2.6,1,좋습니다 생생하게 볼 수 있다.,좋습니다 생생하게 볼 수 있다.
7,0,0.0,1.0,3.8333333333333335,1,옆면이 모두 삼각형이고요. 꼭짓점이 (13개)/(열 세 개)입니다.,옆면이 모두 삼각형이고요. 꼭짓점이 세 개)입니다.
3,0,0.0,1.0,4.333333333333333,1,이렇게 설명해주면 되겠어요.,이렇게 설명해주면 되겠어요.
6,1,0.16666666666666666,1.0,2.5,0,n/ 이것을 읽기를 할 때에는 (1000000000000)/(조).,이것을 읽기를 할 때에는
24,1,0.041666666666666664,0.9047619047619048,3.380952380952381,0,겨울에* 배고픈 새들을 위해 높은 나뭇가지에 남겨놓는 감을 특별히 뭐/ 높은 감? 이렇게 안 했어요. 뭐라고 (했다고요)/(했다구요). 까치밥이라고 불렀어요. 그래서 정답은* 까치밥이라고 써주시면 (되겠고요)/(되겠구요).,겨울에* 배고픈 새들을 위해 높은 나뭇가지에 남겨놓는 감을 특별히 높은 감? 이렇게 안 했어요. 뭐라고 까치밥이라고 불렀어요. 그래서 정답은* 까치밥이라고 써주시면
11,0,0.0,1.0,2.9,1,"동안 맡겨 주신다면, (3600원)/(삼천 육백 원) 의 이자를 드립니다. 라고 했습니다.","동안 맡겨 주신다면, 육백 원) 의 이자를 드립니다. 라고 했습니다."
16,1,0.0625,1.0,2.75,0,써두고 나와 같은 경우는 (직각)/(직깍)을 표시해 볼게요. 이 게 (직각)/(직깍)을 표시하는거죠. 하나 둘 (직각)/(직깍)이 두 개예요.,써두고 나와 같은 경우는 표시해 볼게요. 게 표시하는거죠. 하나 둘 두 개예요.
7,0,0.0,1.0,2.0,1,(2)/(이) 를 곱하면 (18)/(십 팔) 몫은 (2)/(이).,를 곱하면 팔) 몫은
18,3,0.16666666666666666,1.0,3.066666666666667,0,음/ 이 방글쌤은 언제나 친구들을 n/ 감동시킬 수 있는 그런 책을 가지고 친구들 마음속으로 가기 위해 노력하고 있답니다.,방글쌤은 언제나 친구들을 감동시킬 수 있는 그런 책을 가지고 친구들 마음속으로 가기 위해 노력하고 있답니다.
11,0,0.0,1.0,3.0,1,몇에 몇배까지 살펴보았으니까 이에 관련한 조금 더 어려운 문제에 도전해 봐요.,몇에 몇배까지 살펴보았으니까 이에 관련한 조금 더 어려운 문제에 도전해 봐요.
6,0,0.0,1.0,2.3333333333333335,1,이야기 읽을 때 좀 재밌게 읽으려면,이야기 읽을 때 좀 재밌게 읽으려면
4,0,0.0,1.0,4.0,1,자/ 친구들 쫀득쫀득이 뭘까요?,친구들 쫀득쫀득이 뭘까요?
3,1,0.3333333333333333,1.0,5.0,0,n/ 자/ 그런데요.,그런데요.
5,0,0.0,1.0,3.0,1,높임 표현을 사용해야 해. 맞아요.,높임 표현을 사용해야 해. 맞아요.
15,0,0.0,0.9285714285714286,2.4285714285714284,1,실제로 여러분 교과서 같은 데는 이런 게 강조가 안 되어 있지만 실제로 나중에 우리가 b/,실제로 여러분 교과서 같은 데는 이런 게 강조가 안 되어 있지만 실제로 나중에 우리가
2,0,0.0,1.0,3.5,1,맞아. 수박이지,맞아. 수박이지
8,0,0.0,1.0,3.375,1,"버림은요, 구하려는 자리 아래 수를 버려서 나타내는 방법이죠.","버림은요, 구하려는 자리 아래 수를 버려서 나타내는 방법이죠."
4,1,0.25,1.0,3.3333333333333335,0,"n/ 모양과 크기가 달라도,","모양과 크기가 달라도,"
7,0,0.0,1.0,3.7142857142857144,1,보기에서는 만약 이라는 낱말을 가지고 문장을 만들었는데요.,보기에서는 만약 이라는 낱말을 가지고 문장을 만들었는데요.
5,0,0.0,1.0,3.25,1,"(요렇게)/(요로케) 분의 일로 됩니다. 그래서요,","분의 일로 됩니다. 그래서요,"
4,1,0.25,1.0,3.0,0,"n/ (20)/(이십)이 (되고요)/(되구요), 단위,","단위,"
14,1,0.07142857142857142,0.875,3.625,0,이 (2)/(두) 각을 더하면 (60)/(육십) (60)/(육십)과 무엇을 더하면 (180)/(백 팔십)이 될까요 그렇습니다 (120)/(백 이십)이요.,각을 더하면 무엇을 더하면 팔십)이 될까요 그렇습니다 이십)이요.
2,0,0.0,1.0,3.0,1,"(65)/(육십 오),","오),"
10,0,0.0,1.0,2.888888888888889,1,자/ 이렇게 각도기를 통해서 우리 친구들 각도를 잘 읽어 주었나요.,이렇게 각도기를 통해서 우리 친구들 각도를 잘 읽어 주었나요.
18,1,0.05555555555555555,1.0,3.3076923076923075,0,"n/ (6번)/(여섯 번) 들어가네. 그러면은 (120)/(백 이십)이 되어서 나머지가 (0)/(영)이 되고 그렇다면 우리가 구하는 원주가 지금 얼마다 바로,","들어가네. 그러면은 이십)이 되어서 나머지가 되고 그렇다면 우리가 구하는 원주가 지금 얼마다 바로,"
3,0,0.0,1.0,3.0,1,문제 분석해 볼게요.,문제 분석해 볼게요.
11,1,0.09090909090909091,1.0,2.857142857142857,0,자/ 오늘 수업 시간 끝나고요. 어/ 이거 (1번)/(한 번) 써보는 거예요.,오늘 수업 시간 끝나고요. 이거 써보는 거예요.
10,1,0.1,1.0,2.875,0,n/ 자/ 그다음에는 우리 어떻해 할까? 다음 장면 함께 볼까요?,그다음에는 우리 어떻해 할까? 다음 장면 함께 볼까요?
17,2,0.11764705882352941,0.8571428571428571,3.142857142857143,0,n/ 오늘 우리는 앗/ 내 가방 이라는 이야기를 읽어보았어요. 정말이지 가방을 잃어버린다면 아/ 내 가방 할것 같아요.,오늘 우리는 내 가방 이라는 이야기를 읽어보았어요. 정말이지 가방을 잃어버린다면 내 가방 할것 같아요.
16,1,0.0625,1.0,3.4166666666666665,0,야/ 이렇게 글의 내용을 (1문장)/(한 문장)으로 정리하다 보니까 자연스럽게 정답이 보입니다. 정답은 몇 번 일까요? n/,이렇게 글의 내용을 문장)으로 정리하다 보니까 자연스럽게 정답이 보입니다. 정답은 몇 일까요?
7,0,0.0,1.0,2.857142857142857,1,잘 듣고 나서 문제 함께 풀어보도록 하겠습니다.,잘 듣고 나서 문제 함께 풀어보도록 하겠습니다.
8,0,0.0,0.875,2.5,1,여기서 이렇게 하나로 다시 이렇게 될 거 같대요.,여기서 이렇게 하나로 다시 이렇게 될 거 같대요.
17,1,0.058823529411764705,1.0,3.875,0,"어때요? 친구들. 조금은 재미있는 글이었지요? 선생님이 생각했을때는요. 이 구두 판매원, 커피가게 점원, 그리고 휴대전화 판매원이 높임 표현에","어때요? 친구들. 조금은 재미있는 글이었지요? 선생님이 생각했을때는요. 구두 판매원, 커피가게 점원, 그리고 휴대전화 판매원이 높임 표현에"
5,0,0.0,1.0,3.25,1,o/ 좋습니다. 빨리 만나 볼까요?,좋습니다. 빨리 만나 볼까요?
10,1,0.1,1.0,3.3333333333333335,0,n/ 계속해서 (1문제)/(한 문제) 남았죠? (1번)/(일 번) 문제 확인해 볼게요.,계속해서 문제) 남았죠? 문제 확인해 볼게요.
12,0,0.0,1.0,3.1666666666666665,1,요/ 반대쪽에도 뭐눈 (1)/(하나) (2)/(둘) (3)/(셋) (4)/(넷) 떨어진 곳에 점을 찍어주시면 (되고요)/(되구요).,반대쪽에도 뭐눈 떨어진 곳에 점을 찍어주시면
4,2,0.5,1.0,3.0,0,"n/ 어/ 응, 알았어.","응, 알았어."
4,1,0.25,1.0,4.0,0,n/ 아이고/ 좋아라. l/,좋아라.
16,0,0.0,0.9375,2.5,1,그래요. 그렇다면 가운데 부분에 들어갈 수 있는 또 다른 주장하는 내용 어떤 게 있을 수 있을까요?,그래요. 그렇다면 가운데 부분에 들어갈 수 있는 또 다른 주장하는 내용 어떤 게 있을 수 있을까요?
5,0,0.0,1.0,4.666666666666667,1,(9)/(아홉)개씩 (3상자)/(세 상자)니까 곱셈식으로 어떻게?,상자)니까 곱셈식으로 어떻게?
7,1,0.14285714285714285,1.0,2.6666666666666665,0,어/ 오/ 황(*)/(별)영 친구 와/ 숙제 잘했어.,친구 숙제 잘했어.
7,0,0.0,1.0,2.6666666666666665,1,네/ 요게 바로 뿌리 줄기라는 거예요 뿌리.,요게 바로 뿌리 줄기라는 거예요 뿌리.
14,1,0.07142857142857142,1.0,2.8181818181818183,0,n/ 자/ 우리는 (3째)/(셋 째) 마당에서 글쓰기의 과정과 글의 종류에 따라 알맞은 제목 붙이기,우리는 째) 마당에서 글쓰기의 과정과 글의 종류에 따라 알맞은 제목 붙이기
15,1,0.06666666666666667,1.0,2.5833333333333335,0,"자/ 그럼 이 모양을 민이는 몇 개 이용 했나요? 하나, 둘, 셋. (셋)/(세) 개를 이용했네요,","그럼 모양을 민이는 몇 개 이용 했나요? 하나, 둘, 셋. 개를 이용했네요,"
12,0,0.0,0.6,2.8,1,(10억)/(십억)이 (10개)/(열 개) 모이면 (100억)/(백억)이 (되고요)/(되구요). (100억)/(백억)이 (10개)/(열 개) 모이면 (1000억)/(천억)이 됩니다.,개) 모이면 개) 모이면 됩니다.
10,0,0.0,1.0,3.6,1,"(5)/(오), (6)/(륙), (7)/(칠), (8)/(팔), (9)/(구)이면 올리는 방법을 반올림이라고 하는 거예요.",올리는 방법을 반올림이라고 하는 거예요.
4,0,0.0,1.0,2.25,1,모든 분의 어떤 사건.,모든 분의 어떤 사건.
3,0,0.0,1.0,3.6666666666666665,1,털이 모두 빠져버렸지요?,털이 모두 빠져버렸지요?
7,0,0.0,1.0,2.857142857142857,1,소수를 분수로 바꾸고 싶다 어떻게 하면 되나요?,소수를 분수로 바꾸고 싶다 어떻게 하면 되나요?
14,0,0.0,0.8333333333333334,3.0833333333333335,1,(1번)/(일 번) 최근에 일어난 일 좋습니다. 오래되지 않은 최근에 일어난 일을 기삿거리로 정해야 되죠.,최근에 일어난 일 좋습니다. 오래되지 않은 최근에 일어난 일을 기삿거리로 정해야 되죠.
2,0,0.0,1.0,4.0,1,뭐예요? b/,뭐예요?
20,1,0.05,1.0,3.0,0,n/ 은신처에 있는 우리 유태인은 (8명)/(여덟 명)분으로 넉 장의 암표밖에 살 수가 없으므로 (1사람)/(한 사람) 앞에 (4)/(사)분의 (1)/(일) 파운드가 되는거야.,은신처에 있는 우리 유태인은 명)분으로 넉 장의 암표밖에 살 수가 없으므로 사람) 앞에 파운드가 되는거야.
28,0,0.0,1.0,3.0357142857142856,1,가장 적은 학생들이 좋아하는 수임을 발견할 수가 있었습니다. 그러면은 여러분들 우리 다음 문제를 풀어보기 전에 표에 대한 특징을 한번만 선생님이 정리해 주도록 할게요. 표에는 항상 무엇이 있다 이렇게?,가장 적은 학생들이 좋아하는 수임을 발견할 수가 있었습니다. 그러면은 여러분들 우리 다음 문제를 풀어보기 전에 표에 대한 특징을 한번만 선생님이 정리해 주도록 할게요. 표에는 항상 무엇이 있다 이렇게?
10,0,0.0,0.75,1.5,1,(2000)/(이천) 몇 (10)/(십) 몇 년 몇 월 며칠 날씨 맑음.,몇 몇 년 몇 월 며칠 날씨 맑음.
2,0,0.0,1.0,5.0,1,"자/ 그러니까,","그러니까,"
10,0,0.0,1.0,3.25,1,자/ 큽니다 무엇보다요 팔 분의 네모도 분모가 (40)/(사십)인 분수로 바꿔볼게요.,큽니다 무엇보다요 팔 분의 네모도 분모가 분수로 바꿔볼게요.
1,0,0.0,0.0,0.0,1,(4)/(넷),
18,2,0.1111111111111111,1.0,2.8,0,아/ 자연수의 곱셈과 수의 배열 방식은 똑같지만 (그것)/(고것)을 십 분의 일을 해줘야 된다는 것 그 점을 꼭 기억하셔야겠네요.,자연수의 곱셈과 수의 배열 방식은 똑같지만 십 분의 일을 해줘야 된다는 것 점을 꼭 기억하셔야겠네요.
4,1,0.25,1.0,3.3333333333333335,0,n/ 간질+ 간질 간지러워.,간질+ 간질 간지러워.
8,0,0.0,1.0,2.75,1,또 그밖에 도형들의 넓이는 어떻게 구할 수 있을까요?,또 그밖에 도형들의 넓이는 어떻게 구할 수 있을까요?
21,1,0.047619047619047616,0.8421052631578947,2.8947368421052633,0,"붉은색이죠 붉은색. 자/ 그래서 돈이 없어, 잉크 살 돈이 없어. 그럼 동물의 피라도 하면서 동물의 피로 글자를 적었대요. 어/ 돈이 없는데?","붉은색이죠 붉은색. 그래서 돈이 없어, 잉크 살 돈이 없어. 그럼 동물의 피라도 하면서 동물의 피로 글자를 적었대요. 돈이 없는데?"
11,0,0.0,1.0,3.5454545454545454,1,"유관순 열사는 서대문 형무소에서 모진 고문을 당했다. 이것도 사실입니다. 그다+ 그다음,","유관순 열사는 서대문 형무소에서 모진 고문을 당했다. 이것도 사실입니다. 그다+ 그다음,"
23,0,0.0,0.9230769230769231,2.5384615384615383,1,(6)/(육)과 어떤 수 (1)/(하나) (2)/(둘) (3)/(셋) (4)/(넷) (6)/(육)과 (4)/(사)를 모으기 해서 (10)/(십)이 되었다는 것을 알 수 있어요. 이번에는 (10)/(십)을 (2)/(두) 수로 가르기 했어요.,어떤 수 모으기 해서 되었다는 것을 알 수 있어요. 이번에는 수로 가르기 했어요.
15,0,0.0,1.0,3.6363636363636362,1,"선생님이 이와 같은 수를 만들었는데, 여러분들이 (1번)/(한 번) 직접 읽어봐주면 되겠어요. 누가 (1번)/(한 번) 읽어볼까?","선생님이 이와 같은 수를 만들었는데, 여러분들이 직접 읽어봐주면 되겠어요. 누가 읽어볼까?"
3,0,0.0,1.0,2.0,1,"(25분)/(이십 오 분),","오 분),"
10,0,0.0,1.0,3.4,1,고라니 트럭 운전자들 고양이 자동차 운전자 종달새 동물보호 단체장이 보였어요.,고라니 트럭 운전자들 고양이 자동차 운전자 종달새 동물보호 단체장이 보였어요.
3,0,0.0,1.0,2.3333333333333335,1,네 안녕히 가세요,네 안녕히 가세요
4,0,0.0,1.0,2.5,1,중심을 요 각각 보이죠?,중심을 요 각각 보이죠?
10,1,0.1,1.0,2.75,0,n/ 원고 측 @/ 유병희 검사 소송을 제기한 이유를 말하세요.,원고 측 유병희 검사 소송을 제기한 이유를 말하세요.
12,1,0.08333333333333333,1.0,2.8,0,o/ 어/ 땅을 파고 어린 묘목을 심었어요. 그다음 순서 정확하게 쓴 거에요.,땅을 파고 어린 묘목을 심었어요. 그다음 순서 정확하게 쓴 거에요.
3,0,0.0,1.0,2.3333333333333335,1,공 모양 어딨나?,공 모양 어딨나?
7,0,0.0,1.0,3.0,1,친구들에게 영상 싹 보여주고 질문을 하는 거예요.,친구들에게 영상 싹 보여주고 질문을 하는 거예요.
9,3,0.3333333333333333,0.6666666666666666,2.5,0,n/ 뭐야. 아/ 나도 같이 보자. 어/ 같이 보자.,뭐야. 나도 같이 보자. 같이 보자.
11,0,0.0,1.0,3.1818181818181817,1,지금부터 집중 집중하세요. 방글쌤과* 함께 즐겁게 책도 일고 신나게 글도 쓰다보면,지금부터 집중 집중하세요. 방글쌤과* 함께 즐겁게 책도 일고 신나게 글도 쓰다보면
3,0,0.0,1.0,2.6666666666666665,1,올려주 는 거예요.,올려주 는 거예요.
21,1,0.047619047619047616,1.0,3.4210526315789473,0,네/ 이것을 보니까 마치? 그렇죠 그 효과 확인을 해보면요. 마치 병아리가* 진짜 날개를 푸드덕거리고 티격태격 다투는 그런 모습이 생생하게 떠오른다는 것이죠.,이것을 보니까 마치? 그렇죠 효과 확인을 해보면요. 마치 병아리가* 진짜 날개를 푸드덕거리고 티격태격 다투는 그런 모습이 생생하게 떠오른다는 것이죠.
10,0,0.0,1.0,1.4,1,자/ (4)/(사) 대 (3)/(삼) (4)/(사) 의 (3)/(삼) 에 대한 비.,대 의 에 대한 비.
23,2,0.08695652173913043,1.0,3.0,0,n/ 이 녀석들 내가 (너네)/(니네) 치사해서 안 잡아먹는다. 아이고/ 공부 못하는 것도 서러운데 시험까지 보네 이놈들이 그냥. 아이고/ 배고파라 이거 오늘 사냥 실패네.,녀석들 내가 치사해서 안 잡아먹는다. 공부 못하는 것도 서러운데 시험까지 보네 이놈들이 그냥. 배고파라 이거 오늘 사냥 실패네.
11,1,0.09090909090909091,1.0,3.0,0,아/ 그건요. 자/ 잘 들어보세요. 공주님. 꾸미는 말을 넣을 땐 말이죠.,그건요. 잘 들어보세요. 공주님. 꾸미는 말을 넣을 땐 말이죠.
40,3,0.075,0.9166666666666666,2.7777777777777777,0,"그 변의 길이가 모두 같게 되겠습니다 그런데 변의 길이만 n/ 같은가 그것은 아니고요 네/ 변의 길이 뿐만 아니라 서로 마주보고 있는 평행인 직사각형도 그 모양과 크기가 같다는 것입니다 선생님이 동그라미 표시한 것 그리고 삼각형 표시 한 거 네모 표시한 것이,","변의 길이가 모두 같게 되겠습니다 그런데 변의 길이만 같은가 그것은 아니고요 변의 길이 뿐만 아니라 서로 마주보고 있는 평행인 직사각형도 모양과 크기가 같다는 것입니다 선생님이 동그라미 표시한 것 그리고 삼각형 표시 한 거 네모 표시한 것이,"
3,0,0.0,1.0,6.0,1,(1)/(일)부터 (9)/(구)까지의 수에다가요.,수에다가요.
30,0,0.0,0.7931034482758621,3.0689655172413794,1,지친 아빠 가시고기는 엄마 가시고기 곁으로 갑니다. 자/ 친구들 이게 무슨 말일까요? 엄마 가시고기는 이미 죽었지요. 그런데 죽은 엄마 가시고기 곁으로 간다는 것은 아빠 가시고기도 힘을 잃어서 죽었다는 말이 됩니다.,지친 아빠 가시고기는 엄마 가시고기 곁으로 갑니다. 친구들 이게 무슨 말일까요? 엄마 가시고기는 이미 죽었지요. 그런데 죽은 엄마 가시고기 곁으로 간다는 것은 아빠 가시고기도 힘을 잃어서 죽었다는 말이 됩니다.
14,0,0.0,1.0,3.6923076923076925,1,라디오는요 텔레비전과는 달리 소리만 듣는 거잖아요. 그래서 이것도 맞는 말이네요. 정답은 (2번)/(이 번)이 되겠습니다.,라디오는요 텔레비전과는 달리 소리만 듣는 거잖아요. 그래서 이것도 맞는 말이네요. 정답은 번)이 되겠습니다.
7,1,0.14285714285714285,1.0,4.4,0,n/ 자/ 우리 그러면 마지막* 동작까지* 완성해버렸네요.,우리 그러면 마지막* 동작까지* 완성해버렸네요.
13,1,0.07692307692307693,0.9166666666666666,3.0,0,n/ 또 그렇다면 문단에서 문단에서 각각의 중심 내용을 쏙쏙 뽑을때는 어떻게 해야 할까요.,또 그렇다면 문단에서 문단에서 각각의 중심 내용을 쏙쏙 뽑을때는 어떻게 해야 할까요.
18,1,0.05555555555555555,1.0,2.4,0,"n/ 그리고 우리 모두가 다 아는 (얘기더라도)/(얘기더라두) 자기 차례가 됐을 때, (조금만)/(쪼금만) 다르게 꾸며 보면 더 재미있지 않을까?","그리고 우리 모두가 다 아는 자기 차례가 됐을 때, 다르게 꾸며 보면 더 재미있지 않을까?"
27,1,0.037037037037037035,1.0,3.0454545454545454,0,중간에 그만 먹으면 다시는 먹을 수 없어서 이거는 아닙니다. (5번)/(오 번) 볼게요. 나중에 다시 아파서 그 약을 먹어도 낫지 않는 경우가 있어서 (이것이)/(요것이) 정답이죠? 정답은* (5번)/(오 번)이에요.,중간에 그만 먹으면 다시는 먹을 수 없어서 이거는 아닙니다. 볼게요. 나중에 다시 아파서 약을 먹어도 낫지 않는 경우가 있어서 정답이죠? 정답은* 번)이에요.
9,1,0.1111111111111111,1.0,3.5714285714285716,0,또 마이너스예요 u/ 그러니까 전부 사라집니다. 아/ 그래서 이거는,또 마이너스예요 그러니까 전부 사라집니다. 그래서 이거는
12,0,0.0,1.0,2.75,1,그래서 여러분들 우리 원뿔과 구의 각각 특징. 특히 선생님이 뭘 기억하라 했다?,그래서 여러분들 우리 원뿔과 구의 각각 특징. 특히 선생님이 뭘 기억하라 했다?
7,0,0.0,1.0,3.4285714285714284,1,에서 진지한 표정과 조용한 목소리로 이야기하는 것이죠.,에서 진지한 표정과 조용한 목소리로 이야기하는 것이죠.
3,0,0.0,1.0,2.6666666666666665,1,다시 돌아와야 해.,다시 돌아와야 해.
39,3,0.07692307692307693,0.8571428571428571,3.057142857142857,0,"어/ 벌써 알고 있다고요? 그렇죠. 우리 공부를 함께하는 우리 친구들은 당연히 알고 있어야지요. 자/ 어떤 관계를 알 수 있었나요? 그래요. 곤충은 다른 여러 가지 것들을 포함하는 낱말이지요. 그 여러 가지 것들이 뭐가 있었나요? 뭐 무당벌레도 있었고 나비, 벌, 진딧물","벌써 알고 있다고요? 그렇죠. 우리 공부를 함께하는 우리 친구들은 당연히 알고 있어야지요. 어떤 관계를 알 수 있었나요? 그래요. 곤충은 다른 여러 가지 것들을 포함하는 낱말이지요. 여러 가지 것들이 뭐가 있었나요? 무당벌레도 있었고 나비, 벌, 진딧물"
28,1,0.03571428571428571,0.9523809523809523,3.5714285714285716,0,자/ (19년)/(십 구 년). (1919년)/(천 구백 십 구 년) (3월)/(삼 월) (1일)/(일 일)에 시작됐고요. 만세 운동은 점점 거세지고 전국으로 퍼져나갔나요? 어/ 퍼져나갔어요+ 아까 방방곡곡으로 퍼져나갔다고 했습니다. 자/ 그다음에요.,구 년). 구백 십 구 년) 월) 일)에 시작됐고요. 만세 운동은 점점 거세지고 전국으로 퍼져나갔나요? 퍼져나갔어요+ 아까 방방곡곡으로 퍼져나갔다고 했습니다. 그다음에요.
8,0,0.0,1.0,2.8333333333333335,1,(15)/(십 오)와 같다는 것을 확인할 수 있겠네요? b/,오)와 같다는 것을 확인할 수 있겠네요?
4,0,0.0,1.0,3.0,1,자/ (ㄱ)/(기역)부터 보도록 하죠.,보도록 하죠.
20,2,0.1,0.9444444444444444,2.9444444444444446,0,n/ 아르. 내가 여기서 제일 맛있게 먹은 낱말이 뭐냐고. 바로 맞들다야 맞들다. 김치가 맛있게 맛이 들다. 응? 그 맞들다가 아닌가.,아르. 내가 여기서 제일 맛있게 먹은 낱말이 뭐냐고. 바로 맞들다야 맞들다. 김치가 맛있게 맛이 들다. 응? 맞들다가 아닌가.
3,0,0.0,1.0,4.0,1,유행의 최첨단을 걷는군요.,유행의 최첨단을 걷는군요.
21,0,0.0,0.85,2.45,1,"조금만 더, 조금만 더, 줄 줄 줄을 넘어라. 줄넘기를 오래하고 싶은 간절한 마음을 알 수 있죠? 자/ 그럼 한번 보기 볼까요?","조금만 더, 조금만 더, 줄 줄 줄을 넘어라. 줄넘기를 오래하고 싶은 간절한 마음을 알 수 있죠? 그럼 한번 보기 볼까요?"
7,1,0.14285714285714285,1.0,3.3333333333333335,0,n/ 그렇다면 쓸 때도 역시 왼쪽에서부터 써줄게요.,그렇다면 쓸 때도 역시 왼쪽에서부터 써줄게요.
5,0,0.0,1.0,4.0,1,기호를 적으면 다라고 우리가 적어야겠습니다.,기호를 적으면 다라고 우리가 적어야겠습니다.
11,1,0.09090909090909091,1.0,3.9,0,이 내용은요. 지금 광개토대왕의 전기문과 알맞지 않은 잘못된 설명이에요. 그러니까 정답은.,내용은요. 지금 광개토대왕의 전기문과 알맞지 않은 잘못된 설명이에요. 그러니까 정답은.
28,0,0.0,1.0,3.3333333333333335,1,"노리고 있어요, 요게 들어와도 내가 이겨야 되겠죠? (이렇게)/(이르케) 병에 걸리지 않는 상태를 우리는 면역이라고 합니다, 자/ 그래서 정답은요, (2번)/(이 번)이 되겠네요. 자/ 몸을 튼튼하게 해서 몸의 면역력을 길러야겠죠,","노리고 있어요, 요게 들어와도 내가 이겨야 되겠죠? 병에 걸리지 않는 상태를 우리는 면역이라고 합니다, 그래서 정답은요, 번)이 되겠네요. 몸을 튼튼하게 해서 몸의 면역력을 길러야겠죠,"
5,1,0.2,1.0,1.5,0,n/ (1)/(일) 작은 수 (5)/(오),작은 수
7,0,0.0,1.0,3.0,1,(36개)/(삼십 육 개)이다라고 얘기할 수가 있는 거예요.,육 개)이다라고 얘기할 수가 있는 거예요.
22,0,0.0,0.9545454545454546,3.409090909090909,1,마지막이에요. 등장인물의 말투나 또는 행동에 대해서 자세하게 설명한 부분이 나오거든요. 이런 부분은 우리는 바탕글이라고 이야기해요. 여러분 극본에 대해서 좀 알 것 같아요?,마지막이에요. 등장인물의 말투나 또는 행동에 대해서 자세하게 설명한 부분이 나오거든요. 이런 부분은 우리는 바탕글이라고 이야기해요. 여러분 극본에 대해서 좀 알 것 같아요?
12,0,0.0,1.0,3.4166666666666665,1,문제가 해결되었죠? 그렇다면 이제 우리 친구들도 시각을 여러가지 방법으로 말해볼 수 있겠네요.,문제가 해결되었죠? 그렇다면 이제 우리 친구들도 시각을 여러가지 방법으로 말해볼 수 있겠네요.
16,0,0.0,0.9375,3.25,1,요 나누는 자연수를요 분모랑 곱해서 계산을 하는데 약분을 계산하기 전에 약분하고 계산을 하니까 훨씬 더 간단히해졌습니다.,요 나누는 자연수를요 분모랑 곱해서 계산을 하는데 약분을 계산하기 전에 약분하고 계산을 하니까 훨씬 더 간단히해졌습니다.
27,1,0.037037037037037035,0.92,3.0,0,시를 듣다 보면요 마음속 감정이 풍부해지는 것 같고 또 시의 분위기에 따라서 기분이 즐거워지기도 했다가 슬퍼지기도 했다가 그러는 것 같아요. 우리 친구들 좋아하는 동시 있으세요? 어/ (없다고요)/(없다구요).,시를 듣다 보면요 마음속 감정이 풍부해지는 것 같고 또 시의 분위기에 따라서 기분이 즐거워지기도 했다가 슬퍼지기도 했다가 그러는 것 같아요. 우리 친구들 좋아하는 동시 있으세요?
13,0,0.0,1.0,2.875,1,이렇게요. (154)/(백 오십 사)와 (267)/(이백 육십 칠)에서 (100)/(백)의 자리 숫자는 각각 (1)/(일)과 (2)/(이)입니다.,이렇게요. 오십 사)와 육십 칠)에서 자리 숫자는 각각
20,0,0.0,1.0,2.7777777777777777,1,자/ 이렇게 가를 께서로 바꾸어 주되 자/ 주인이 하는 동작에 대해서는 시를 넣어서 높임 표현을 해준다 이거 꼭 기억하도록 합니다.,이렇게 가를 께서로 바꾸어 주되 주인이 하는 동작에 대해서는 시를 넣어서 높임 표현을 해준다 이거 꼭 기억하도록 합니다.
24,0,0.0,1.0,2.8823529411764706,1,그렇다면 (1m)/(일 미터)에는요 자/ 이렇게 생긴 것을 몇 개 (2개)/(두 개)를 놓을 수가 있는 거잖아요. 그럼 가로가 (4m)/(사 미터)니까 (2)/(이) 곱하기 (4)/(사)해서 (8개)/(여덟 개).,그렇다면 미터)에는요 이렇게 생긴 것을 몇 개 개)를 놓을 수가 있는 거잖아요. 그럼 가로가 미터)니까 곱하기 개).
4,0,0.0,1.0,4.0,1,"영어인데요. 이렇게 써요. (Garlic)/(갈릭),",영어인데요. 이렇게 써요.
17,1,0.058823529411764705,1.0,2.933333333333333,0,n/ 각도를 잴 때 주의하세요. 각도기의 중심을 각의 꼭지점에 맞추고 각도기 밑금은 각에 (1)/(한) 변에 맞춰야 합니다.,각도를 잴 때 주의하세요. 각도기의 중심을 각의 꼭지점에 맞추고 각도기 밑금은 각에 변에 맞춰야 합니다.
10,1,0.1,1.0,3.111111111111111,0,이 문제 역시 앞서서 살펴본 유형의 문제처럼 굉장히 친절한 문제에요.,문제 역시 앞서서 살펴본 유형의 문제처럼 굉장히 친절한 문제에요.
13,1,0.07692307692307693,1.0,3.0,0,n/ 아하 퍼즐을 풀어라 라고 하는 제목으로요. (4학년)/(사 학년) 수학 게시판에 올려 주세요.,아하 퍼즐을 풀어라 라고 하는 제목으로요. 학년) 수학 게시판에 올려 주세요.
27,2,0.07407407407407407,0.9523809523809523,3.2857142857142856,0,"이유를 들어가며 말해야 한다는 건 너무 많이 들었어요. n/ 이것도 자/ (3번)/(삼 번) 바람직한 해결책을 생각하며 말한다 그래요 무작정 뭐+ 뭐 (하자)/(해자) 하자 그러면 안되고, 해결책을 제시해주세요.","이유를 들어가며 말해야 한다는 건 너무 많이 들었어요. 이것도 바람직한 해결책을 생각하며 말한다 그래요 무작정 뭐+ 하자 그러면 안되고, 해결책을 제시해주세요."
3,0,0.0,1.0,4.5,1,자/ 친구들 기억하세요.,친구들 기억하세요.
4,0,0.0,1.0,3.0,1,글을 읽는 사람들이 관심을.,글을 읽는 사람들이 관심을.
5,0,0.0,1.0,4.25,1,(이렇게)/(이러케) 도형들이 단계별로 배열되어 있습니다.,도형들이 단계별로 배열되어 있습니다.
12,0,0.0,1.0,2.909090909090909,1,자/ 그럼 받침이 있는 글자를 만드는 과정을 좀 더 자세히 알아보도록 하겠습니다.,그럼 받침이 있는 글자를 만드는 과정을 좀 더 자세히 알아보도록 하겠습니다.
3,1,0.3333333333333333,1.0,3.0,0,아/ 오/ 정답.,정답.
8,0,0.0,1.0,2.2,1,받아내림 한 수 (10)/(십). (13)/(십삼)에서 (5)/(오)를 빼면 얼마?,받아내림 한 수 빼면 얼마?
8,2,0.25,1.0,3.5,0,횡단보도 어/ 짠짠짠짠 아까 그 모양하고 똑같은 모양이지,횡단보도 짠짠짠짠 아까 모양하고 똑같은 모양이지
20,0,0.0,0.8421052631578947,2.736842105263158,1,자/ 여러분 여기서 우리가 가장 먼저 봐야하는게 머+ 뭐냐고요 그렇죠 남는 부분 없이 자르려고 한다고 했죠 여러분 남는 부분 없이.,여러분 여기서 우리가 가장 먼저 봐야하는게 머+ 뭐냐고요 그렇죠 남는 부분 없이 자르려고 한다고 했죠 여러분 남는 부분 없이.
14,0,0.0,1.0,2.7142857142857144,1,곱셈으로 연결되어 있을 땐 순서에 상관없이 약분할 수 있구나 라고 기억하면 될 것 같습니다.,곱셈으로 연결되어 있을 땐 순서에 상관없이 약분할 수 있구나 라고 기억하면 될 것 같습니다.
14,1,0.07142857142857142,1.0,3.230769230769231,0,"읽고 이해하는 힘, 독해력의 시간입니다. n/ 오늘 읽을 글은 무엇에 관한 글일까요, 알아맞혀 보세요.","읽고 이해하는 힘, 독해력의 시간입니다. 오늘 읽을 글은 무엇에 관한 글일까요, 알아맞혀 보세요."
5,0,0.0,1.0,4.0,1,(1번)/(일 번) (2번)/(이 번) 입니다.,입니다.
14,0,0.0,0.8461538461538461,2.8461538461538463,1,자/ 어떤 학예회 종목들이 있는지 봤더니 합창이 있고 합주가 있고 무용이 있고 연극이 있어요.,어떤 학예회 종목들이 있는지 봤더니 합창이 있고 합주가 있고 무용이 있고 연극이 있어요.
8,1,0.125,1.0,3.2857142857142856,0,"n/ 튼튼한 자료로 탄탄한 주장과, 근거를 만들어 보세요.","튼튼한 자료로 탄탄한 주장과, 근거를 만들어 보세요."
13,1,0.07692307692307693,1.0,2.7,0,자/ 일단 어/ (1개)/(한 개)를 포장하는 데 이만큼 필요한데 상품 몇 개를 포장한다?,일단 개)를 포장하는 데 이만큼 필요한데 상품 몇 개를 포장한다?
21,1,0.047619047619047616,0.75,3.625,0,가처럼 우리 (1변)/(한 변)의 길이가 (1cm)/(일 센티미터)인 정사각형을 우리 단위 넓이로 사용하게 되는데요. 이 (1변)/(한 변)의 길이가 (1cm)/(일 센티미터)인 정사각형의 넓이.,가처럼 우리 변)의 길이가 센티미터)인 정사각형을 우리 단위 넓이로 사용하게 되는데요. 변)의 길이가 센티미터)인 정사각형의 넓이.
3,1,0.3333333333333333,1.0,3.5,0,n/ 고마운 것인지.,고마운 것인지.
9,1,0.1111111111111111,1.0,2.6666666666666665,0,b/ (58)/(오십 팔)보다 낱개 하나가 n/ 더 있는 수네요.,팔)보다 낱개 하나가 더 있는 수네요.
27,0,0.0,0.9629629629629629,3.1481481481481484,1,"먼저 수업을 시작하기에 앞서서요, 우리 친구들이 마지막 수업을 앞두고 있어서 그런지 어제 유난히 수강 후기 게시판에 많은 글을 올려 줬어요. 그래서 선생님이 다 하나씩+ 하나씩 읽어봤는데요. 그중에서","먼저 수업을 시작하기에 앞서서요, 우리 친구들이 마지막 수업을 앞두고 있어서 그런지 어제 유난히 수강 후기 게시판에 많은 글을 올려 줬어요. 그래서 선생님이 다 하나씩+ 하나씩 읽어봤는데요. 그중에서"
7,1,0.14285714285714285,1.0,2.5,0,그럼 이 중에서 가장 큰 수는 무엇이다?,그럼 중에서 가장 큰 수는 무엇이다?
1,0,0.0,1.0,6.0,1,이번에는요!,이번에는요!
11,0,0.0,1.0,3.6,1,자/ 선대칭도형 은 대칭축을 기준으로 왼쪽과 오른쪽에 합동인 도형이 있다라고 했잖아요?,선대칭도형 은 대칭축을 기준으로 왼쪽과 오른쪽에 합동인 도형이 있다라고 했잖아요?
6,0,0.0,1.0,3.5,1,네모 안에 구한 비밀번호를 차례대로 써넣으세요.,네모 안에 구한 비밀번호를 차례대로 써넣으세요.
14,1,0.07142857142857142,1.0,3.0,0,"n/ 친구들 주말 잘 (보내고요)/(보내구여), 선생님과는 월요일날 다시 신나고 건강하게 만나봐요! 그럼 모두 안녕!",친구들 주말 잘 선생님과는 월요일날 다시 신나고 건강하게 만나봐요! 그럼 모두 안녕!
12,0,0.0,1.0,3.3,1,그것을 공통분모로 통분 해 주면 되겠죠? (12)/(십 이)와 (5)/(오)의 최소공배수 얼마가 있을까요?,그것을 공통분모로 통분 해 주면 되겠죠? 이)와 최소공배수 얼마가 있을까요?
30,2,0.06666666666666667,0.9583333333333334,3.6666666666666665,0,정말 감사했어요. 야/ 어때요? 정말 기억에 남을만한 일이지요? 그럼 우리 표를 완성해볼까요? 자/* 언제 있었던 일? 그래요. 지난여름이죠. (2번)/(이 번) 어디에서 있었던* 일인가요? 바닷가지요. 누구와 함께* 어/ 반 선생님들과 아/,정말 감사했어요. 어때요? 정말 기억에 남을만한 일이지요? 그럼 우리 표를 완성해볼까요? 언제 있었던 일? 그래요. 지난여름이죠. 어디에서 있었던* 일인가요? 바닷가지요. 누구와 함께* 반 선생님들과
13,0,0.0,1.0,3.0,1,사실 저는 생각을 많이 해봤는데요. 합동인 삼각형을 (3 개)/(세 개)밖에 그리지 못 했거든요,사실 저는 생각을 많이 해봤는데요. 합동인 삼각형을 (3 개)밖에 그리지 못 했거든요
6,0,0.0,1.0,4.166666666666667,1,드디어 여러분. 생방송에서 여러분을 만나게 되었습니다.,드디어 여러분. 생방송에서 여러분을 만나게 되었습니다.
2,0,0.0,1.0,4.0,1,보기를 읽어보자.,보기를 읽어보자.
4,1,0.25,1.0,3.6666666666666665,0,어/ 싸웠다가 화해했던 친구.,싸웠다가 화해했던 친구.
23,1,0.043478260869565216,0.875,2.4375,0,"n/ (100)/(백) 모형 (1개)/(한 개), (100)/(백) 모형 (1개)/(한 개), 그런데 이렇게 짝을 지어 보니까 (100)/(백) 모형이 (1개)/(한 개)가 더 많음을 알 수 있어요.","모형 개), 모형 개), 그런데 이렇게 짝을 지어 보니까 모형이 개)가 더 많음을 알 수 있어요."
16,0,0.0,0.9375,3.4375,1,분해해서 어떤 모양들이 있는지 알아봤지만 문제를 풀 때는 그러기가 어렵기 때문에 상상으로 여러분의 머릿속으로 모양들을 분해해서,분해해서 어떤 모양들이 있는지 알아봤지만 문제를 풀 때는 그러기가 어렵기 때문에 상상으로 여러분의 머릿속으로 모양들을 분해해서
6,0,0.0,1.0,3.0,1,한글아 오늘은 어떤 글자를 만들어볼 거야?,한글아 오늘은 어떤 글자를 만들어볼 거야?
24,2,0.08333333333333333,0.9545454545454546,3.272727272727273,0,선생님 저는 이 방법 아니고요. 곱셈으로 바꿔서 계산하고 싶은데요? 물론 그래도 돼요. 그런데 우리는요. 이 계산을 하여 몫을 소수로 나타낼 거예요. 소수로 나타내려면 분모가,선생님 저는 방법 아니고요. 곱셈으로 바꿔서 계산하고 싶은데요? 물론 그래도 돼요. 그런데 우리는요. 계산을 하여 몫을 소수로 나타낼 거예요. 소수로 나타내려면 분모가
12,1,0.08333333333333333,1.0,3.1818181818181817,0,n/ 회전축에 수직인 평면으로 자르면 밑면의 모양과 같은 원+ 원이 단면으로 나옵니다.,회전축에 수직인 평면으로 자르면 밑면의 모양과 같은 원+ 원이 단면으로 나옵니다.
7,0,0.0,1.0,1.8571428571428572,1,다음에는 더 잘 할 수 있을 거야.,다음에는 더 잘 할 수 있을 거야.
2,0,0.0,1.0,3.5,1,"우리 친구들이,","우리 친구들이,"
20,0,0.0,0.9,3.1,1,정약용은 서둘러 사실을 알아봤어요. 그리고는 백성의 재물을 빼앗아 자기 배를 불리는 이런 벼슬아치를 이런 사또 이런 수령을 우리 뭐라고 한다고요?,정약용은 서둘러 사실을 알아봤어요. 그리고는 백성의 재물을 빼앗아 자기 배를 불리는 이런 벼슬아치를 이런 사또 이런 수령을 우리 뭐라고 한다고요?
9,1,0.1111111111111111,1.0,2.5,0,n/ 서로 곱해서 (6)/(육)이 되는 수 생각을 해보니까 (1)/(일)과.,서로 곱해서 되는 수 생각을 해보니까
9,0,0.0,1.0,2.2857142857142856,1,굉장히 밝고 머/ 예쁘기도 한+ 한 가 봐요. 네/.,굉장히 밝고 예쁘기도 한+ 한 가 봐요.
13,0,0.0,1.0,2.3333333333333335,1,자/ 다음 문제 보도록 하죠 (129쪽)/(백 이십 구 쪽) (33번)/(삼십 삼 번) 문제입니다.,다음 문제 보도록 하죠 이십 구 쪽) 삼 문제입니다.
10,0,0.0,1.0,2.111111111111111,1,(10)/(열) 개씩 묶음끼리 줄을 아주 잘 맞춰서 써 준 다음에,개씩 묶음끼리 줄을 아주 잘 맞춰서 써 준 다음에
10,0,0.0,1.0,3.0,1,그래요. 여기 두 번째 바로 공 모양이네요. 그래서 이렇게 이어볼게요.,그래요. 여기 두 번째 바로 공 모양이네요. 그래서 이렇게 이어볼게요.
4,0,0.0,1.0,3.0,1,다. 흑설 공주가 서영이에게,다. 흑설 공주가 서영이에게
6,1,0.16666666666666666,1.0,4.2,0,n/ 수강후기 게시판에 친구들의 의견을 적어주세요.,수강후기 게시판에 친구들의 의견을 적어주세요.
31,0,0.0,0.8666666666666667,2.966666666666667,1,대응각을 찾아야 되고 b/ 또 대응점이 나올 수도 있겠죠. 대응점을 찾아야 되고 그러니까 합동이란 조건이 주어지고 우리가 구해야 되는 것이 변인지 각인지를 보고 대응점 또는 대응변 또는 대응각을 먼저 찾아보는 겁니다.,대응각을 찾아야 되고 또 대응점이 나올 수도 있겠죠. 대응점을 찾아야 되고 그러니까 합동이란 조건이 주어지고 우리가 구해야 되는 것이 변인지 각인지를 보고 대응점 또는 대응변 또는 대응각을 먼저 찾아보는 겁니다.
26,0,0.0,0.9583333333333334,3.0416666666666665,1,알맞은 단어 (1)/(하나) (1)/(하나)가 얼마나 중요한지 아셨죠? 오늘 우리가 공부한 내용이 바로 이렇게 알맞은 말에 대해서 하는 것이었기 때문에 여러분들 특히 염두에 두고 열심히 공부하면 좋겠습니다.,알맞은 단어 얼마나 중요한지 아셨죠? 오늘 우리가 공부한 내용이 바로 이렇게 알맞은 말에 대해서 하는 것이었기 때문에 여러분들 특히 염두에 두고 열심히 공부하면 좋겠습니다.
18,0,0.0,0.8666666666666667,3.2,1,그다음 원숭이 친구 갯벌은 하루에 (하나)/(한) 번씩 모습을 드러내? 아니에요+ 아니에요 (하나)/(한)번이 아니라 그래요 (둘)/(두) 번씩 모습을 드러내죠.,그다음 원숭이 친구 갯벌은 하루에 번씩 모습을 드러내? 아니에요+ 아니에요 아니라 그래요 번씩 모습을 드러내죠.
27,1,0.037037037037037035,0.8181818181818182,2.727272727272727,0,자/ 여기 (1연)/(일 연) 졸졸졸 날 따라와요. 내 동생이 이거는 어디와 어울리나요. 그래요. 이 밑에 보면 쿵쾅쿵쾅 날 따라 해요. 내 동생이 (그렇죠)/(그쳐). 그다음 (2연)/(이 연) 볼게요.,여기 연) 졸졸졸 날 따라와요. 내 동생이 이거는 어디와 어울리나요. 그래요. 밑에 보면 쿵쾅쿵쾅 날 따라 해요. 내 동생이 그다음 연) 볼게요.
8,0,0.0,1.0,3.25,1,"그래서 스님은, 괘씸한 옹고집의 잘못을 깨닫게 하기 위해서,","그래서 스님은, 괘씸한 옹고집의 잘못을 깨닫게 하기 위해서,"
6,0,0.0,1.0,3.4,1,여기 있네요. (3)/(삼) 번이라고 하면 되겠네요.,여기 있네요. 번이라고 하면 되겠네요.
17,0,0.0,1.0,3.0625,1,물론요 에/얘는 좀 깔끔하게 답안을 쓰고 싶으면 선생님 손글씨 해설을 썼습니다. 진단표를 쫙 그려가지고 척척 써주면 좋고요.,물론요 좀 깔끔하게 답안을 쓰고 싶으면 선생님 손글씨 해설을 썼습니다. 진단표를 쫙 그려가지고 척척 써주면 좋고요.
10,0,0.0,1.0,3.0,1,오늘은요 신나는 토요일이라는 글을 읽을 거예요. 신나게 읽어 볼 까요?,오늘은요 신나는 토요일이라는 글을 읽을 거예요. 신나게 읽어 볼 까요?
20,0,0.0,1.0,2.7,1,자 그런데 이것을 예를 들어 세모라고 이렇게 표현을 해 볼게요 그리고 난 다음에 뭐라고 했어요 현지는 어떤 조건이 주어져 있었나요.,자 그런데 이것을 예를 들어 세모라고 이렇게 표현을 해 볼게요 그리고 난 다음에 뭐라고 했어요 현지는 어떤 조건이 주어져 있었나요.
8,1,0.125,1.0,2.4285714285714284,0,n/ 분모는 다 같잖아. 근데 분 자가 어떻게.,분모는 다 같잖아. 근데 분 자가 어떻게.
10,0,0.0,1.0,3.5,1,대표응용 (3번)/(삼 번) 입니다 (2개)/(두 개)의 식을 (1)/(하나)로 나타내는 문제예요.,대표응용 입니다 개)의 식을 나타내는 문제예요.
3,1,0.3333333333333333,1.0,5.5,0,n/ 국립현충원에 다녀왔다.,국립현충원에 다녀왔다.
6,0,0.0,1.0,3.1666666666666665,1,우리 친구들 다시 한번 정리해보도록 할까요?,우리 친구들 다시 한번 정리해보도록 할까요?
11,1,0.09090909090909091,1.0,3.6,0,"네, 이렇게 서평을 우리가 함께 읽어보았는데요. 이 서평은요, 어떤 책의 서평일까요?","네, 이렇게 서평을 우리가 함께 읽어보았는데요. 서평은요, 어떤 책의 서평일까요?"
33,1,0.030303030303030304,0.84375,2.90625,0,어떤 사람은 말이죠 어려운 삶이지만 자유를 선택하는 구구의 용기가 굉장히 멋있다고 생각할 수도 있고요. 반면에 또 어떤 사람은 아유 편안한 생활을 버리려 하다니 음/ 구구의 생각이 조금 어리석어라고 생각할 수도 있을 것 같아요.,어떤 사람은 말이죠 어려운 삶이지만 자유를 선택하는 구구의 용기가 굉장히 멋있다고 생각할 수도 있고요. 반면에 또 어떤 사람은 아유 편안한 생활을 버리려 하다니 구구의 생각이 조금 어리석어라고 생각할 수도 있을 것 같아요.
2,0,0.0,1.0,4.0,1,"네, 알겠습니다.","네, 알겠습니다."
7,0,0.0,1.0,3.3333333333333335,1,자/ 이때 최대 공약수는 공약수들끼리 곱해야 겠죠.,이때 최대 공약수는 공약수들끼리 곱해야 겠죠.
3,0,0.0,1.0,4.5,1,히/ 요번에는 음미하다.,요번에는 음미하다.
9,0,0.0,1.0,2.875,1,"보기에 내용, 얼른 (살펴보고요)/(살펴보구요) 대답 한번 해봅시다. 몇 번일까요?","보기에 내용, 얼른 대답 한번 해봅시다. 몇 번일까요?"
22,0,0.0,1.0,3.3684210526315788,1,여러분 혹시 보들처럼 친구를 무시하거나 놀리거나 얕잡아 보는 (3학년)/(삼 학년) 친구들은 없겠죠? 아유/ 없을 거라고 믿어요. 자/ 보들이 무엇을 잘못했는지 생각해보면 답이,여러분 혹시 보들처럼 친구를 무시하거나 놀리거나 얕잡아 보는 학년) 친구들은 없겠죠? 없을 거라고 믿어요. 보들이 무엇을 잘못했는지 생각해보면 답이
5,1,0.2,1.0,3.25,0,n/ 미스 마더가 빵을 포장했어요.,미스 마더가 빵을 포장했어요.
6,0,0.0,1.0,2.6666666666666665,1,그렇다면 신문은 몇부 팔 수 있을까요?,그렇다면 신문은 몇부 팔 수 있을까요?
10,1,0.1,1.0,3.3333333333333335,0,n/ 요렇게 굉장하다는 말과 비슷한 낱말들을 우리가 생각을 해 보았습니다.,요렇게 굉장하다는 말과 비슷한 낱말들을 우리가 생각을 해 보았습니다.
9,1,0.1111111111111111,1.0,4.857142857142857,0,자/ 그러면은요. 우리 이번에는 진짜로 n/ 점대칭도형을요. 그려보도록 하겠습니다.,그러면은요. 우리 이번에는 진짜로 점대칭도형을요. 그려보도록 하겠습니다.
22,3,0.13636363636363635,0.9473684210526315,2.8421052631578947,0,n/ 아/ 벌써 짐작이 될 거예요. 선생님이 이렇게 이런 식으로 예를 들면 저 말은 틀린 표현이야. 짐작하는 친구 벌써 있죠. 그래요. 맞아요.,벌써 짐작이 될 거예요. 선생님이 이렇게 이런 식으로 예를 들면 말은 틀린 표현이야. 짐작하는 친구 벌써 있죠. 그래요. 맞아요.
7,1,0.14285714285714285,1.0,2.3333333333333335,0,고마운 마음을 나눌 때 먹는 그 음식.,고마운 마음을 나눌 때 먹는 음식.
7,0,0.0,1.0,3.6666666666666665,1,자/ 이렇게 소수의 나눗셈도 실력이 플러스 되었습니다.,이렇게 소수의 나눗셈도 실력이 플러스 되었습니다.
37,2,0.05405405405405406,0.9230769230769231,3.230769230769231,0,"자/그러면 이번에는 자/ 마지막으로 선생님이 외항 내항에 대해서도 알려 드릴게요 외, 바깥쪽에 있다는 뜻이죠, 바깥 외죠, 자/ (2)/(이)와 (36)/(삼십 육) 이 비례식에서요, 제일 바깥에 있는 거 (1번)/(한 번) 보세요. 이 바깥에 있는 (2)/(이)와 (36)/(삼십 육)을 외항이라고 합니다.","이번에는 마지막으로 선생님이 외항 내항에 대해서도 알려 드릴게요 외, 바깥쪽에 있다는 뜻이죠, 바깥 외죠, 육) 비례식에서요, 제일 바깥에 있는 거 보세요. 바깥에 있는 육)을 외항이라고 합니다."
26,0,0.0,0.8571428571428571,2.380952380952381,1,자/ (14)/(십 사) 가 (1.4)/(일 점 사)가 되려면 역시 (10분의 1배)/(십 분의 일 배) 하는 거니까 두 수의 곱에도 (10분의 1배)/(십 분의 일 배)를 해서 정답은.,사) 가 점 사)가 되려면 역시 (10분의 분의 일 배) 하는 거니까 두 수의 곱에도 (10분의 분의 일 배)를 해서 정답은.
10,0,0.0,1.0,2.6,1,이런 걸 잘 조절해서 오랫동안 먹을 수 있도록 했+했다고 했죠.,이런 걸 잘 조절해서 오랫동안 먹을 수 있도록 했+했다고 했죠.
12,0,0.0,1.0,3.0,1,자/ 그럼 일단 벼/ 선분 (ㄴ)/(니은) (ㄹ)/( 리을)의 길이 (1번)/(한 번) 구해볼게요.,그럼 일단 선분 리을)의 길이 구해볼게요.
6,0,0.0,0.6666666666666666,2.8333333333333335,1,겹치는 부분이 없이 겹치는 부분이 없이.,겹치는 부분이 없이 겹치는 부분이 없이.
11,0,0.0,1.0,3.3636363636363638,1,"이렇게 물어보는 거랑 똑같죠? 비슷한 말로요 시각이 있습니다, 역시 본다는 말이지요,","이렇게 물어보는 거랑 똑같죠? 비슷한 말로요 시각이 있습니다, 역시 본다는 말이지요,"
28,0,0.0,1.0,3.3636363636363638,1,자/ 이번에는 (2)/(두) 수의 최대공약수를 구하는 문제가 (나왔고요)/(나왔구요) 자/ 여기 우리가 아까 봤던 책이 나와있습니다 선생님이 다시 (1번)/(한 번) 강조할게요 이거 정말정말 중요합니다 지금 선생님과 함께 문제를 풀어볼게요.,이번에는 수의 최대공약수를 구하는 문제가 여기 우리가 아까 봤던 책이 나와있습니다 선생님이 다시 강조할게요 이거 정말정말 중요합니다 지금 선생님과 함께 문제를 풀어볼게요.
10,0,0.0,1.0,3.2222222222222223,1,좋습니다. 자 이번 시간 마지막 문제입니다. (27번)/(이십 칠 번)까지만 하고요.,좋습니다. 자 이번 시간 마지막 문제입니다. 칠 번)까지만 하고요.
3,0,0.0,1.0,3.3333333333333335,1,"제가 오늘 커부인에게,","제가 오늘 커부인에게,"
17,1,0.058823529411764705,0.875,3.25,0,얘기할 때 알맞은 이유를 들었는지. 알기 쉽게 이유를 들었는지. 그 이유가 바른 지에 대해서 하나하나 짚어보도록 하겠습니다.,얘기할 때 알맞은 이유를 들었는지. 알기 쉽게 이유를 들었는지. 이유가 바른 지에 대해서 하나하나 짚어보도록 하겠습니다.
5,1,0.2,1.0,4.25,0,n/ 첫째는요 직유법이 있어요 직유법은요.,첫째는요 직유법이 있어요 직유법은요.
14,1,0.07142857142857142,1.0,2.6666666666666665,0,n/ 자/ 다음 장면 넘어갔어요. 몸에 좋고 맛도 좋은 뱀이다. 그러다 진짜 뱀 나온다.,다음 장면 넘어갔어요. 몸에 좋고 맛도 좋은 뱀이다. 그러다 진짜 뱀 나온다.
20,4,0.2,1.0,3.1875,0,"아/ 떡볶이가 빨갛다. 이렇게 문장을 만들 수가 있는 말이에요. 어/ n/ 친구, n/ 친구가 선생님 그럼 꾸며주는 말인 거군요. 맞습니다.","떡볶이가 빨갛다. 이렇게 문장을 만들 수가 있는 말이에요. 친구, 친구가 선생님 그럼 꾸며주는 말인 거군요. 맞습니다."
13,0,0.0,1.0,2.727272727272727,1,위에 써진 답을 적다와는 완전히 다른 의미로 쓰이고 있는 것이지요. (형태만)/(형태반) 같은 (거예요)/(거예*).,위에 써진 답을 적다와는 완전히 다른 의미로 쓰이고 있는 것이지요. 같은
4,0,0.0,1.0,2.75,1,도리네 집은 이웃이 없다.,도리네 집은 이웃이 없다.
7,0,0.0,1.0,3.0,1,(324)/(삼백 이십 사) 더하기 (255)/(이백 오십 오)입니다.,이십 사) 더하기 오십 오)입니다.
21,1,0.047619047619047616,1.0,2.95,0,n/ 왕자와 거지는 서로를 부러워한 두 소년이 옷을 바꾸어 입으면서 일어난 일입니다. 지금 꿈개가 글양이를 부러워하는 것 같은 딱 그런 상황이죠?,왕자와 거지는 서로를 부러워한 두 소년이 옷을 바꾸어 입으면서 일어난 일입니다. 지금 꿈개가 글양이를 부러워하는 것 같은 딱 그런 상황이죠?
7,1,0.14285714285714285,0.8333333333333334,2.5,0,어/아/ 괜찮아 괜찮아 질 수도 있지 괜찮아요,괜찮아 괜찮아 질 수도 있지 괜찮아요
14,0,0.0,1.0,2.6153846153846154,1,잘 했습니다. 그렇게도 할 수 있죠? 구슬의 수에서 (6)/(육) 으로 나누면 봉지의 수와 같다.,잘 했습니다. 그렇게도 할 수 있죠? 구슬의 수에서 으로 나누면 봉지의 수와 같다.
21,0,0.0,0.9166666666666666,2.5,1,자/ (8)/(팔) 에서 (6)/(육) 빼면 (2)/(이) 니까 (26)/(이십 육). (26)/(이십 육) 은 (26)/(이십 육) 에 또 (1번)/(한 번) 들어가니까 나누어 떨어집니다.,에서 빼면 니까 육). 육) 은 육) 에 또 들어가니까 나누어 떨어집니다.
32,2,0.0625,0.8666666666666667,2.8666666666666667,0,그러면 이번에 시를 읽을 때는요. 이렇게 친구랑 다투고 화해를 했던 거 또는 화해를 못했던 거. 이 경험을 생각을 하면서 읽을 텐데요 그냥 읽으면 재미없잖아요 시를 즐겨보자 즐겨보자 이게 우리 이 단원의 목표니까.,그러면 이번에 시를 읽을 때는요. 이렇게 친구랑 다투고 화해를 했던 거 또는 화해를 못했던 거. 경험을 생각을 하면서 읽을 텐데요 그냥 읽으면 재미없잖아요 시를 즐겨보자 즐겨보자 이게 우리 단원의 목표니까.
22,2,0.09090909090909091,0.9444444444444444,2.888888888888889,0,자/ 그렇죠 우리 전체 직사각형의 가로 세로 길이를 알고 있고 정사각형의 (1)/(한) 변의 길이도 알고 있으니까 이 수에서 이 수를 나눠주면 되겠죠.,그렇죠 우리 전체 직사각형의 가로 세로 길이를 알고 있고 정사각형의 변의 길이도 알고 있으니까 수에서 수를 나눠주면 되겠죠.
12,0,0.0,1.0,3.0,1,"나누어지는 수 가요 (67.)/(육십 칠 점) 이니깐 소수점이요 요렇게 (1자리)/(한 자리) 이동했다,","나누어지는 수 가요 칠 점) 이니깐 소수점이요 요렇게 자리) 이동했다,"
18,0,0.0,0.9375,2.5,1,(5cm)/(오 센티미터)보다 (2mm)/(이 밀리미터) 더 긴 것이 있다 이걸 어떻게 표현해 줄 것인가 이걸 쓸 때 이렇게 써요.,센티미터)보다 밀리미터) 더 긴 것이 있다 이걸 어떻게 표현해 줄 것인가 이걸 쓸 때 이렇게 써요.
2,0,0.0,1.0,3.5,1,이런 얘기에요.,이런 얘기에요.
5,0,0.0,1.0,4.333333333333333,1,(3자릿수)/(세 자릿수) 나누기 (2자릿수)/(두 자릿수)죠.,자릿수) 나누기 자릿수)죠.
14,1,0.07142857142857142,1.0,2.5384615384615383,0,n/ 세 번째로는 거요. 사건 사이의 관계가 잘 드러나게 이야기를 꾸며 써 볼 거고요.,세 번째로는 거요. 사건 사이의 관계가 잘 드러나게 이야기를 꾸며 써 볼 거고요.
30,2,0.06666666666666667,0.9259259259259259,2.740740740740741,0,오늘 우리가 가게 될 새로운 수학 별인 덧셈하기 수학 별에는 그 어떤 움직임을 보다 무서운 문제 괴물들이 살고 있어요. 하지만 우리 친구들이 (2가지)/(두 가지) 수학 미션을 해결하면 n/ 덧셈 공격으로,오늘 우리가 가게 될 새로운 수학 별인 덧셈하기 수학 별에는 어떤 움직임을 보다 무서운 문제 괴물들이 살고 있어요. 하지만 우리 친구들이 가지) 수학 미션을 해결하면 덧셈 공격으로
4,0,0.0,1.0,3.6666666666666665,1,"자/ 친구들, 사각형 맞나요?","친구들, 사각형 맞나요?"
2,0,0.0,1.0,3.0,1,"(40분)/(사십 분),","분),"
18,0,0.0,0.9375,3.625,1,자/ 그러니까 훈민이가 선생님께 네 라고 대답을 합니다. 높임 표현을 사용한 것이죠. 자/ 그래서 훈민이가 툭툭투투투투툭 수연이에게 갔습니다.,그러니까 훈민이가 선생님께 네 라고 대답을 합니다. 높임 표현을 사용한 것이죠. 그래서 훈민이가 툭툭투투투투툭 수연이에게 갔습니다.
7,0,0.0,1.0,3.4285714285714284,1,직육면체의 부피는 얼마가 될 것인가 살펴보도록 할게요.,직육면체의 부피는 얼마가 될 것인가 살펴보도록 할게요.
20,0,0.0,1.0,3.3333333333333335,1,자/ 지금부터 신나게 문제를 풀어볼까요? 여러분들 교재 (93쪽)/(구십 삼 쪽)에 (1번)/(일 번)부터 (4번)/(사 번) 관련된 지문 읽고 문제 풀이에 들어가겠습니다.,지금부터 신나게 문제를 풀어볼까요? 여러분들 교재 삼 쪽)에 번)부터 관련된 지문 읽고 문제 풀이에 들어가겠습니다.
11,0,0.0,1.0,2.6,1,자/ 어떤 실력을 완성할 수 있는지 우리 함께 집중해서 보도록 해요.,어떤 실력을 완성할 수 있는지 우리 함께 집중해서 보도록 해요.
18,2,0.1111111111111111,1.0,3.0,0,n/ 꿀꺽. 첨단. 말 그대로 뾰족하다는 뜻입니다 뾰족하면 앞에서 있잖아 그래서 맨 앞을 우린 첨단이라고 하죠. n/ (첨단기술)/(점단기술).,꿀꺽. 첨단. 말 그대로 뾰족하다는 뜻입니다 뾰족하면 앞에서 있잖아 그래서 맨 앞을 우린 첨단이라고 하죠.
4,1,0.25,0.0,0.0,0,n/ (4번)/(사 번) b/,
23,0,0.0,0.9545454545454546,3.1818181818181817,1,"자/ 이렇게 열어야 하기 때문에 자칫하면 식품이 망가지는 등의 불편함이 있었는데 캔 따개와 캔 뚜껑의 진화. 진화가 뭐예요, 좋아진다는 거죠. 좋게 변화한단 얘기입니다.","이렇게 열어야 하기 때문에 자칫하면 식품이 망가지는 등의 불편함이 있었는데 캔 따개와 캔 뚜껑의 진화. 진화가 뭐예요, 좋아진다는 거죠. 좋게 변화한단 얘기입니다."
15,0,0.0,1.0,3.076923076923077,1,"자/ 유정코 무심할산 아마도 풍진, 자/ 이거 우리 여기서 여기 홍진, 비슷한 말입니다. 속세란 뜻이죠.","유정코 무심할산 아마도 풍진, 이거 우리 여기서 여기 홍진, 비슷한 말입니다. 속세란 뜻이죠."
19,2,0.10526315789473684,0.9285714285714286,3.2857142857142856,0,/자 다음 시간은요. n/ 제 (4강)/(사 강) 어/ 우리들의 시를 가지고 공부해보도록 하겠습니다. 자/ 친구들 다음 시간에 만나요. 안녕.,다음 시간은요. 제 강) 우리들의 시를 가지고 공부해보도록 하겠습니다. 친구들 다음 시간에 만나요. 안녕.
11,1,0.09090909090909091,1.0,3.111111111111111,0,윤성이가 궁금해서 n/ 어느 쪽으로? 아이들 쪽으로 다가갔을 때 무엇을 (받았다고요)/(받았다구요)?,윤성이가 궁금해서 어느 쪽으로? 아이들 쪽으로 다가갔을 때 무엇을
4,1,0.25,1.0,5.5,0,"아/ 선생님, 길동이라면서요 l/","선생님, 길동이라면서요"
9,0,0.0,1.0,4.125,1,"o/ 아니,아니예요. 쌩쌩, 덜덜덜덜, 바로 의성어,의태어, 다 들어가 있죠.","아니,아니예요. 쌩쌩, 덜덜덜덜, 바로 의성어,의태어, 다 들어가 있죠."
12,1,0.08333333333333333,1.0,3.2,0,n/ 자/ 오늘은요. 바로 가족에게 자신의 일과를 차례에 맞게 이야기 하기. 어때요?,오늘은요. 바로 가족에게 자신의 일과를 차례에 맞게 이야기 하기. 어때요?
11,1,0.09090909090909091,0.8888888888888888,1.8888888888888888,0,(6000)/(육천)이라고 쓸 수 있겠죠 이제 이 정도는 쉽게 할 수 있죠?,쓸 수 있겠죠 이제 정도는 쉽게 할 수 있죠?
5,1,0.2,1.0,3.0,0,이 수로 나타낼 수가 있었어요.,수로 나타낼 수가 있었어요.
23,0,0.0,0.9,2.95,1,"자/ 사실요. 네모 대신에 별표도 표현할 수 있고, 세모도 표현할 수 있어요. 하지만 우리는 (X)/(엑스)라는 것으로 앞으로 쭉 쓰기로 하겠습니다. 이렇게 미지수를 (X)/(엑스)로","사실요. 네모 대신에 별표도 표현할 수 있고, 세모도 표현할 수 있어요. 하지만 우리는 것으로 앞으로 쭉 쓰기로 하겠습니다. 이렇게 미지수를"
19,0,0.0,0.9411764705882353,2.764705882352941,1,(7)/(칠) 더하기 네모가 (12)/(십 이)보다 작아야 하는구나 라고 말할 수 있겠죠 그렇다면 네모 안에 들어갈 수 있는 수는 무엇일까요.,더하기 네모가 이)보다 작아야 하는구나 라고 말할 수 있겠죠 그렇다면 네모 안에 들어갈 수 있는 수는 무엇일까요.
13,2,0.15384615384615385,1.0,3.272727272727273,0,가 엄마 가시고기가 숨을 거두었어요. 음 이 것은 마지막에 있었던 일인데요. 나도 볼게요.,가 엄마 가시고기가 숨을 거두었어요. 것은 마지막에 있었던 일인데요. 나도 볼게요.
12,1,0.08333333333333333,1.0,3.2,0,"(1000년)/(천 년)은 우리 토박이말, 고유어로 n/ 즈믄 해라고 하지요. 이것은 모두 한자로.","년)은 우리 토박이말, 고유어로 즈믄 해라고 하지요. 이것은 모두 한자로."
12,1,0.08333333333333333,1.0,3.3636363636363638,0,선생님이에요. n/ 오늘은 우리 어떤 글을 읽을까요? 생각의 힘을 키워줄 생각 씨앗입니다.,선생님이에요. 오늘은 우리 어떤 글을 읽을까요? 생각의 힘을 키워줄 생각 씨앗입니다.
9,0,0.0,0.7777777777777778,3.0,1,여긴 다 했으니까 포도까지 다 했으니까 이제는 문제를 풀어보자.,여긴 다 했으니까 포도까지 다 했으니까 이제는 문제를 풀어보자.
21,0,0.0,0.95,2.8,1,"여러분 잘 할 수 있을 거라고 (믿고요)/(믿구요), 이제 쓰기 공부를 해보도록 하겠습니다. 우리 편지글에 대해서 공부를 해볼 건데, 편지글이란 어떤 건가요?","여러분 잘 할 수 있을 거라고 이제 쓰기 공부를 해보도록 하겠습니다. 우리 편지글에 대해서 공부를 해볼 건데, 편지글이란 어떤 건가요?"
15,1,0.06666666666666667,1.0,2.5555555555555554,0,자/ 몇 번인가 봤더니 아/ (5번)/(다섯 번) 문제입니다. 모두 다 함께 (5번)/(다섯 번) 문제 보죠.,몇 번인가 봤더니 문제입니다. 모두 다 함께 문제 보죠.
1,0,0.0,0.0,0.0,1,(1)/(하나),
9,2,0.2222222222222222,1.0,2.8,0,음/ 이렇게 해볼게요. (12.3)/(십 이 쩜 삼) 나누기 (6)/(육),이렇게 해볼게요. 쩜 삼) 나누기
2,0,0.0,1.0,4.0,1,자/ 됐어요.,됐어요.
29,1,0.034482758620689655,1.0,2.75,0,즉 n/ (15)/(십 오) 곱하기 네모가 얼마다 (180)/(백 팔십)이다라는 뜻. 따라서 여기서 네모는 아하/ (10)/(십)이구나 라는 것을 구해낼 수가 있는 겁니다 세 번째 사다리꼴의 넓이 구하는 식도 한번 적어보죠.,즉 오) 곱하기 네모가 얼마다 팔십)이다라는 뜻. 따라서 여기서 네모는 라는 것을 구해낼 수가 있는 겁니다 세 번째 사다리꼴의 넓이 구하는 식도 한번 적어보죠.
11,1,0.09090909090909091,1.0,2.75,0,그리고 그다음 내용도 (1번)/(한 번) 볼까요. 그런데 어느 날 그 소년.,그리고 그다음 내용도 볼까요. 그런데 어느 날 소년.
15,3,0.2,1.0,3.5833333333333335,0,"지용이는요 글쓴이는 n/ 보행 중인 어린이의 교통사고를 줄여야 n/ 한다고 n/ 주장하고 있어. 맞죠, 정확하죠?","지용이는요 글쓴이는 보행 중인 어린이의 교통사고를 줄여야 한다고 주장하고 있어. 맞죠, 정확하죠?"
3,1,0.3333333333333333,1.0,3.0,0,"n/ 자/. 가와,","가와,"
13,1,0.07692307692307693,1.0,2.6666666666666665,0,이제 (ㄴ)/(니은)을 계산해 봐요 n/ (254)/(이백 오십 사)에다가 (83)/(팔십 삼)을 곱해 줄 거예요.,이제 계산해 봐요 오십 사)에다가 삼)을 곱해 줄 거예요.
2,1,0.5,1.0,4.0,0,아/ 뉘우침.,뉘우침.
13,0,0.0,1.0,3.6666666666666665,1,네/ 여기 나왔는데요. 지금 제목이 어린이날 기념한 우리학교 풍물부의 공연이라는 그런 기사를 써주었어요.,여기 나왔는데요. 지금 제목이 어린이날 기념한 우리학교 풍물부의 공연이라는 그런 기사를 써주었어요.
2,0,0.0,1.0,3.5,1,강정도 있고요?,강정도 있고요?
6,2,0.3333333333333333,1.0,2.75,0,아/ 뭔가 어/ 살짝 조금 심심하죠?,뭔가 살짝 조금 심심하죠?
7,0,0.0,1.0,4.0,1,버릇이 없어서 높임말을 못쓰네. 이렇게들 많이 말씀하시잖아요.,버릇이 없어서 높임말을 못쓰네. 이렇게들 많이 말씀하시잖아요.
6,0,0.0,1.0,2.5,1,단순 비교에요. 눈으로 딱 봤을 때.,단순 비교에요. 눈으로 딱 봤을 때.
3,0,0.0,1.0,4.0,1,(4)/(네) 손가락이 말했지.,손가락이 말했지.
5,0,0.0,1.0,2.8,1,구호 따라 하래요 구호가 뭔가요?,구호 따라 하래요 구호가 뭔가요?
16,0,0.0,0.9375,2.9375,1,예. 이렇게 딱 가져오는 것. 요것이 채취입니다. 보통 자연에서 내가 가져오는 것이 채취다. 이런 말을 쓰지요?,예. 이렇게 딱 가져오는 것. 요것이 채취입니다. 보통 자연에서 내가 가져오는 것이 채취다. 이런 말을 쓰지요?
21,1,0.047619047619047616,0.9166666666666666,3.0833333333333335,0,n/ 보시면 이렇게 (100)/(백) 모형 (10개)/(열 개)가 쫙 붙어있으면 (1000)/(천) 모형 (1)/(하나)라고 그랬죠. 정리하면 (100)/(백)이 (10)/(십)이면 (1000)/(천)이라 하고 (1000)/(천) 이라고 읽습니다.,보시면 이렇게 모형 개)가 쫙 붙어있으면 모형 그랬죠. 정리하면 하고 이라고 읽습니다.
17,0,0.0,1.0,3.357142857142857,1,그러면 여기에서 우리 딱 (2 문제)/(두 문제)만 골라서 풀어보려고 하는데요 먼저 (9 번)/(구 번) 문제부터 풀어보도록 하겠습니다.,그러면 여기에서 우리 딱 (2 문제)만 골라서 풀어보려고 하는데요 먼저 (9 문제부터 풀어보도록 하겠습니다.
9,0,0.0,1.0,3.0,1,"o/ 네, 힌트를 살펴보면서 함께 생각을 해봐요 정답이 뭔지.","네, 힌트를 살펴보면서 함께 생각을 해봐요 정답이 뭔지."
4,0,0.0,1.0,3.0,1,그럼 어떤 수는 무엇일까요?,그럼 어떤 수는 무엇일까요?
14,1,0.07142857142857142,1.0,3.0833333333333335,0,"따라서, 그 답은 (ㄷ)/(디귿)입니다. 요렇게 표현하기. 그러면 직선의 특징도 이렇게 정리를 해줄 수 있겟구나.","따라서, 답은 요렇게 표현하기. 그러면 직선의 특징도 이렇게 정리를 해줄 수 있겟구나."
34,2,0.058823529411764705,0.7916666666666666,2.4166666666666665,0,"(그렇죠)/(그쵸.) 어/ 지금은 막 그러잖아요. (16대)/(십 육 대) (17)/(십 칠) 대 (1)/(일) 로 싸워서 이겼어요. 막 이러는데 그거는 상대도 안 되죠. 한 (100대)/(백 대) 뭐 (1000대)/(천 대) (10000)/(만) 대 (1)/(일) 정도로 싸워서 이기는 그런,","지금은 막 그러잖아요. 육 대) 칠) 대 로 싸워서 이겼어요. 막 이러는데 그거는 상대도 안 되죠. 한 대) 대) 대 정도로 싸워서 이기는 그런,"
13,0,0.0,1.0,2.6,1,"(1)/(하나),(2)/(둘),(3)/(셋),(4)/(넷). (7)/(칠)(1)/(일) 은 (7)/(칠). (7)/(칠)(2)/(이)(14)/(십 사). (7)/(칠)(3)/(삼)(21)/(이십 일). (7)/(칠)(4)/(사)(28)/(이십 팔). (7)/(칠)(5)/(오)(35)/(삼십 오).(7)/(칠)(6)/(육)(42)/(사십 이).",은 사). 일). 팔). 이).
18,0,0.0,1.0,2.7333333333333334,1,(1m)/(일 미터)라(고요)/(구요). 이거 이용해서 나머지 문제 살펴 볼게요. (275cm)/(이백 칠십 오 센티미터)에서 미터로 바꿀 수 있는 부분이 있죠.,이거 이용해서 나머지 문제 살펴 볼게요. 칠십 오 센티미터)에서 미터로 바꿀 수 있는 부분이 있죠.
11,1,0.09090909090909091,1.0,2.9,0,n/ 넌 수업 시간에 누구보다도 눈을 반짝이며 선생님의 말에 귀 기울였지.,넌 수업 시간에 누구보다도 눈을 반짝이며 선생님의 말에 귀 기울였지.
25,1,0.04,1.0,2.7916666666666665,0,자 여러분 이 문제도 아주 간단한 진분수 분모가 다른 진분수의 뺄셈 문제였는데요. 다 계산 하고 난 다음에 이렇게 통분해서 크기 비교하는 내용까지 잘 정리해 둡니다.,자 여러분 문제도 아주 간단한 진분수 분모가 다른 진분수의 뺄셈 문제였는데요. 다 계산 하고 난 다음에 이렇게 통분해서 크기 비교하는 내용까지 잘 정리해 둡니다.
6,0,0.0,1.0,2.8,1,기품 있네요 자/ 한번 따라해 볼까요?,기품 있네요 한번 따라해 볼까요?
14,1,0.07142857142857142,1.0,3.5,0,자/ 그리고 마지막으로는 n/ 자연수 나누기 자연수의 결과를 소수로 나타내는 공부를 해 보도록 하겠습니다.,그리고 마지막으로는 자연수 나누기 자연수의 결과를 소수로 나타내는 공부를 해 보도록 하겠습니다.
8,0,0.0,1.0,3.0,1,어때요. 제곱근 표를 읽는 방법은 하나도 어렵지 않아요.,어때요. 제곱근 표를 읽는 방법은 하나도 어렵지 않아요.
8,0,0.0,1.0,2.5714285714285716,1,정의의 신 처음 들어 (본다고요)/(본다구요) 나중에 설명해 줄게요.,정의의 신 처음 들어 나중에 설명해 줄게요.
9,0,0.0,1.0,3.5555555555555554,1,대신들은 무엇에 대하여 이야기를 나누고 있습니까? 라는 그런 문제인데요.,대신들은 무엇에 대하여 이야기를 나누고 있습니까? 라는 그런 문제인데요.
2,0,0.0,1.0,5.0,1,모형으로 알아볼까요.,모형으로 알아볼까요.
8,1,0.125,1.0,3.142857142857143,0,n/ 누가 오나요. 여우와 호랑이가 고기를 가지고 와요.,누가 오나요. 여우와 호랑이가 고기를 가지고 와요.
20,1,0.05,1.0,2.533333333333333,0,"(2)/(이) 가 되어서 (18)/(십 팔) 이 되겠죠 그러면 (어떻게)/(어뜨케) 이렇게 똑같이 실수를 줄이기 위해서 지+ 지름은 몇 센티미터 (10)/(십) ,","가 되어서 팔) 되겠죠 그러면 이렇게 똑같이 실수를 줄이기 위해서 지+ 지름은 몇 센티미터 ,"
9,1,0.1111111111111111,1.0,2.7142857142857144,0,자/ 그 여러 가지 표현의 문장은 어떤 것들이 있었다.,여러 가지 표현의 문장은 어떤 것들이 있었다.
6,0,0.0,1.0,2.8333333333333335,1,우리 친구들도 곱셈표 잘 완성해 보았죠?,우리 친구들도 곱셈표 잘 완성해 보았죠?
4,1,0.25,1.0,2.0,0,n/ 그런 거 말고.,그런 거 말고.
8,0,0.0,1.0,2.75,1,그런데 날개가 하나 더 생겼어요 그럼 어떻게 될까요?,그런데 날개가 하나 더 생겼어요 그럼 어떻게 될까요?
15,3,0.2,1.0,3.0,0,"n/ (9)/(구) (2)/(이) (18)/(십 팔), 이 때는 (1)/(일)과 (8)/(팔)을 더하면 그 계산의 결과가 (9)/(구)가 되네요.","팔), 때는 더하면 계산의 결과가 되네요."
11,0,0.0,1.0,3.142857142857143,1,실력다지기 (2)/(이) 라운드 (51쪽)/(오십 일 쪽) (7번)/(칠 번) 문제 바로 출발해볼까요?,실력다지기 라운드 일 쪽) 문제 바로 출발해볼까요?
14,0,0.0,1.0,2.625,1,단위를 통일해 봐야겠죠? 우리 친구들 자/ 다 (kg)/(킬로그램) (g)/(그램) (kg)/(킬로그램) (g)/(그램)인데 얘는 그냥 (g)/(그램)이에요.,단위를 통일해 봐야겠죠? 우리 친구들 다 얘는 그냥
10,0,0.0,1.0,3.3,1,안네의 일기를 이해하기 위해서는 세계의 역사를 조금 살펴볼 필요가 있습니다.,안네의 일기를 이해하기 위해서는 세계의 역사를 조금 살펴볼 필요가 있습니다.
23,0,0.0,0.9444444444444444,3.0,1,역시 각도 도형입니다 우리 친구들 교재 (90쪽)/(구십 쪽) 쉬어가기를 우리 친구들이 (1번)/(한 번) 읽어보면 재미있을 거예요 자/ 이렇게 해서 재미있는 수학 보물도 (끝났고요)/(끝났구요).,역시 각도 도형입니다 우리 친구들 교재 쪽) 쉬어가기를 우리 친구들이 읽어보면 재미있을 거예요 이렇게 해서 재미있는 수학 보물도
15,1,0.06666666666666667,1.0,3.076923076923077,0,n/ 요것을 같이 사는 거예요 그래서 보관하여 두었다가 값이 오르면 예를 들어서 (1000원)/(천 원)으로 올랐어요.,요것을 같이 사는 거예요 그래서 보관하여 두었다가 값이 오르면 예를 들어서 원)으로 올랐어요.
19,2,0.10526315789473684,0.9375,2.75,0,그 규칙을 찾아서 다음에 쌓을 모양을 예상까지 할 수 있구나라는 것까지 바로 아하를 외칠 수 있는 n/ u/ 있겠는데요.,규칙을 찾아서 다음에 쌓을 모양을 예상까지 할 수 있구나라는 것까지 바로 아하를 외칠 수 있는 있겠는데요.
2,0,0.0,1.0,2.0,1,네. 없었습니다.n/,네.
5,1,0.2,1.0,5.0,0,o/ 선생님. n/ 수직으로 만들었는데요.,선생님. 수직으로 만들었는데요.
7,0,0.0,1.0,2.7142857142857144,1,복숭아를 설탕 끓인 물에 넣고 충분히 조린다.,복숭아를 설탕 끓인 물에 넣고 충분히 조린다.
10,1,0.1,1.0,2.6666666666666665,0,n/ 그럼 몸도 마음도 건강하게 우리 다음 시간에 다시 만나요.,그럼 몸도 마음도 건강하게 우리 다음 시간에 다시 만나요.
4,1,0.25,1.0,3.0,0,어/ 어떤 느낌이 드나요?,어떤 느낌이 드나요?
33,0,0.0,0.9230769230769231,2.6153846153846154,1,그래서 이렇게 (10)/(십) 모형 (1개)/(한 개)를 가지고 와 (1)/(일) 모형 (10개)/(열 개)가 되는 것으로 만들어주는 거예요. 그러면 (1)/(일) 모형은 모두 (15개)/(열 다섯 개)가 된다는 걸 알 수 있죠. 그리고 난 다음에 (10)/(십) 모형은요.,그래서 이렇게 모형 개)를 가지고 와 모형 개)가 되는 것으로 만들어주는 거예요. 그러면 모형은 모두 다섯 개)가 된다는 걸 알 수 있죠. 그리고 난 다음에 모형은요.
3,0,0.0,1.0,3.0,1,(70)/(칠십) 더하기 (6)/(육),더하기
4,1,0.25,1.0,4.666666666666667,0,"그다음에 n/이어서 만나볼 개념으로는요,","그다음에 만나볼 개념으로는요,"
21,1,0.047619047619047616,0.9444444444444444,2.7777777777777777,0,o/ 자/ 글을 쓰다 보면요. 어떤 일에 따른 결과를 나열해야 할 때가 있어요. n/ 그럴 때는 우선 순위를 생각해서 글을 써야하거든요?,글을 쓰다 보면요. 어떤 일에 따른 결과를 나열해야 할 때가 있어요. 그럴 때는 우선 순위를 생각해서 글을 써야하거든요?
14,0,0.0,1.0,3.2142857142857144,1,"요렀게 홍보 문구 만들어서 들고 맨발걷기를 한번 해봅시다 으하하하하, 이렇게 건강해 봅시다 하고 이렇게,","요렀게 홍보 문구 만들어서 들고 맨발걷기를 한번 해봅시다 으하하하하, 이렇게 건강해 봅시다 하고 이렇게,"
11,0,0.0,1.0,2.6666666666666665,1,(3)/(삼) 이라는 과정이 있었기 때문에 (3)/(삼) 인 것을 구할 수가 있었어요.,이라는 과정이 있었기 때문에 인 것을 구할 수가 있었어요.
4,0,0.0,1.0,2.25,1,내 지우개 만지지 마.,내 지우개 만지지 마.
8,0,0.0,0.875,3.0,1,여기서 가장 중요한 것과+ 네. 중요한 포인트가 있겠죠?,여기서 가장 중요한 것과+ 네. 중요한 포인트가 있겠죠?
6,0,0.0,1.0,4.0,1,자/ 이번에는 짝수를 빨간색으로 이어보는 거예요.,이번에는 짝수를 빨간색으로 이어보는 거예요.
14,0,0.0,1.0,3.0,1,"대분수의 규칙 문제는 자연수 부분에 주목을 하고 (그리고)/(그리구) 이런 식으로 우리가 마지막에 문제를 꼬아서,","대분수의 규칙 문제는 자연수 부분에 주목을 하고 이런 식으로 우리가 마지막에 문제를 꼬아서,"
5,0,0.0,1.0,2.2,1,이제 니가 풀어야 될 문제는,이제 니가 풀어야 될 문제는
2,1,0.5,1.0,3.0,0,"n/ 다시,","다시,"
7,1,0.14285714285714285,1.0,2.3333333333333335,0,n/ 다른 사람의 말을 주의 깊게 듣기.,다른 사람의 말을 주의 깊게 듣기.
30,2,0.06666666666666667,0.95,2.45,0,n/ 우리 친구들. 어/ 하루에 (9)/(아홉) 쪽씩 읽어서 (6)/(육) 일이 걸리면 자/ (9)/(구) 더하기 (9)/(구) 더하기 (9)/(구) 를 (6)/(여섯) 번을 더해주면 (54)/(오십 사) 쪽을 모두 다 읽을 수 있는 거잖아요.,우리 친구들. 하루에 쪽씩 읽어서 일이 걸리면 더하기 더하기 를 번을 더해주면 사) 쪽을 모두 다 읽을 수 있는 거잖아요.
10,0,0.0,1.0,2.142857142857143,1,"자/ (48개)/(마흔 여덟 개)/(사십 팔 개) 를 똑같이 나누어 받고,","여덟 팔 개) 를 똑같이 나누어 받고,"
24,0,0.0,0.9090909090909091,2.3181818181818183,1,용진이네 모둠은 한 사람당 (4개)/(네 개)의 화살을 넣은 것입니다 자/ 그럼 두 모둠 중에서 더 화살을 많이 넣은 뭐든 어떻게 대답 할 수 있죠.,용진이네 모둠은 한 사람당 개)의 화살을 넣은 것입니다 그럼 두 모둠 중에서 더 화살을 많이 넣은 뭐든 어떻게 대답 할 수 있죠.
5,0,0.0,1.0,3.2,1,몽이야! 선생님이랑 하나 되어 볼래?,몽이야! 선생님이랑 하나 되어 볼래?
21,0,0.0,1.0,2.75,1,"우리 다음 시간에는요 얼마나 알고 있나요 공부한 내용들을 복습해볼 (거고요)/(거구여), 그리고 생각하는 실력 키울 수 있는 탐구 수학 문제 풀어줄 거예요.",우리 다음 시간에는요 얼마나 알고 있나요 공부한 내용들을 복습해볼 그리고 생각하는 실력 키울 수 있는 탐구 수학 문제 풀어줄 거예요.
6,0,0.0,1.0,3.4,1,이렇게 여덟 그리고 (8)/(팔)을 함께 색칠해봤어요.,이렇게 여덟 그리고 함께 색칠해봤어요.
15,1,0.06666666666666667,1.0,3.230769230769231,0,n/ 다음은 따각따각 게와 제비의 제에 똑같이 들어있는 글자를 소개할게. 먼저 왼쪽에서 오른쪽으로 살짝 (쭉)/(쭈욱).,다음은 따각따각 게와 제비의 제에 똑같이 들어있는 글자를 소개할게. 먼저 왼쪽에서 오른쪽으로 살짝
42,0,0.0,0.84375,2.59375,1,"자/ 그럼 나누어지는 수, (6.96)/(육 점 구 육)을 보니, 자연수 (696)/(육백 구십 육)의 몇 배인가요? (0.01)/(영 점 영 일)을 곱한거잖아요. 그러니까 곱하기 (100)/(백) 분의 (1)/(일), (100)/(백) 분의 (1배)/(일 배)를 한 겁니다. 그럼 몫도 똑같이 몇 배가 된다? (100)/(백) 분의 (1배)/(일 배)가 된다.","그럼 나누어지는 수, 점 구 육)을 보니, 자연수 구십 육)의 몇 배인가요? 점 영 일)을 곱한거잖아요. 그러니까 곱하기 분의 분의 배)를 한 겁니다. 그럼 몫도 똑같이 몇 배가 된다? 분의 배)가 된다."
3,1,0.3333333333333333,1.0,4.0,0,n/ 그만 일어나야지.,그만 일어나야지.
3,1,0.3333333333333333,1.0,2.5,0,n/ 웨이터 물!,웨이터 물!
8,1,0.125,1.0,3.857142857142857,0,여기에 여러분들이 뭐/ 설문조사나 면담자료를 덧붙여 주면 좋겠지만,여기에 여러분들이 설문조사나 면담자료를 덧붙여 주면 좋겠지만
13,1,0.07692307692307693,1.0,2.909090909090909,0,지금은 예/ 스마트폰이 또 그 기능을 대신하고 있다 이렇게 표현을 할 수가 있겠네요.,지금은 스마트폰이 또 기능을 대신하고 있다 이렇게 표현을 할 수가 있겠네요.
7,0,0.0,1.0,2.4285714285714284,1,뭔가 좀 좀더 설명이 있어야 되겠는데. 얘,뭔가 좀 좀더 설명이 있어야 되겠는데. 얘
7,0,0.0,1.0,3.2857142857142856,1,정 사각형은 정사각형은 내변의 길이가 모두 같습니다.,정 사각형은 정사각형은 내변의 길이가 모두 같습니다.
6,0,0.0,1.0,3.0,1,"슬퍼요. 엉엉 울고 (그렇죠)/(그쵸). 맞아요. 이게,","슬퍼요. 엉엉 울고 맞아요. 이게,"
2,0,0.0,1.0,2.5,1,높임 표현.,높임 표현.
7,0,0.0,1.0,4.0,1,"(9)/(구) (9)/(구) (81)/(팔십 일), 여기다 (9)/(구)를 곱하였더니,","일), 여기다 곱하였더니,"
26,1,0.038461538461538464,0.9166666666666666,3.0833333333333335,0,"붕어빵에 붕어가 들어가더냐. 이 말씀 왜 하신 거예요? 그래요, 붕어빵에 붕어가 들어가지 않는 것처럼 가래떡에도 가래 안 들어간다. 몰라서 물으신 건 아니죠. 자/ 그럼 수호 볼게요.","붕어빵에 붕어가 들어가더냐. 말씀 왜 하신 거예요? 그래요, 붕어빵에 붕어가 들어가지 않는 것처럼 가래떡에도 가래 안 들어간다. 몰라서 물으신 건 아니죠. 그럼 수호 볼게요."
5,1,0.2,1.0,3.5,0,이해할수 있겠죠 그렇기 때문에. n/,이해할수 있겠죠 그렇기 때문에.
3,0,0.0,1.0,4.0,1,(1번)/(일 번) 볼까요.,볼까요.
14,2,0.14285714285714285,0.8888888888888888,3.888888888888889,0,"통분해야 되잖아요. 그래서 최소공배수 구해서 (12분의)/(십 이 분의) 동그라미, (12분의)/(십 이 분의) 세모라고 (만들었고요)/(만들었구요).","통분해야 되잖아요. 그래서 최소공배수 구해서 분의) 동그라미, 분의) 세모라고"
20,2,0.1,0.9333333333333333,2.4,0,얘를 (1층)/(일 층) 에 놓고 그 다음에 얘를 그 가운데다 쌓으면 바로 어떤 모양? (2번)/(이 번) 과 같은 모양이 되겠죠.,얘를 층) 에 놓고 다음에 얘를 가운데다 쌓으면 바로 어떤 모양? 과 같은 모양이 되겠죠.
4,0,0.0,1.0,6.0,1,"(1)/(하나), (2)/(둘). (2개)/(두개) 사용했어요.",사용했어요.
2,0,0.0,1.0,2.0,1,(19)/(십 구),구)
4,0,0.0,1.0,3.0,1,그렇다면 몇 (100)/(백)? 그래요.,그렇다면 몇 그래요.
17,4,0.23529411764705882,0.75,4.25,0,시작! 도깨비 팬티는 튼튼해요. 아/ 질기구요. 아/ 튼튼해요. (1000 년)/(천 년)을 입어도 끄떡없어요. 아/ 질기구요. 아/ 튼튼해요.,시작! 도깨비 팬티는 튼튼해요. 질기구요. 튼튼해요. (1000 년)을 입어도 끄떡없어요. 질기구요. 튼튼해요.
24,0,0.0,0.9565217391304348,3.0,1,자/ 귤이 뭐로 되었어요? 그치. 탱자로 변했어요라는 거죠. 그러니까 회수를 건넜을 때 기후와 토양이 안 맞아서 귤이 되지 못하고 뭐가 됐어요? 탱자가 되었다는 얘기죠.,귤이 뭐로 되었어요? 그치. 탱자로 변했어요라는 거죠. 그러니까 회수를 건넜을 때 기후와 토양이 안 맞아서 귤이 되지 못하고 뭐가 됐어요? 탱자가 되었다는 얘기죠.
31,2,0.06451612903225806,1.0,3.2962962962962963,0,이 직육면체는 밑면의 모양이 사각형이기 때문에 사각 기둥이라고 표현을 할 수가 있었던 거죠. 이렇게 우리는 (1학년)/(일 학년)부터 (6학년)/(육 학년)까지 학습의 흐름을 쫓아서 바로 이 직육면체의 부피와 겉넓이까지 학습을 하게 되는 건데요.,직육면체는 밑면의 모양이 사각형이기 때문에 사각 기둥이라고 표현을 할 수가 있었던 거죠. 이렇게 우리는 학년)부터 학년)까지 학습의 흐름을 쫓아서 바로 직육면체의 부피와 겉넓이까지 학습을 하게 되는 건데요.
11,0,0.0,1.0,3.1818181818181817,1,그래요. 여기 실내와 잃어버렸잖아요 신뢰와 어떻게 생겼는지 설명을 해 줘야 됩니다,그래요. 여기 실내와 잃어버렸잖아요 신뢰와 어떻게 생겼는지 설명을 해 줘야 됩니다
11,0,0.0,1.0,3.3333333333333335,1,하지만 (5)/(오) (0)/(영) (5)/(오) (8)/(팔) (5)/(오) (0)/(영) (5)/(오) (8)/(팔) 은 동일합니다.,하지만 은 동일합니다.
3,1,0.3333333333333333,1.0,3.5,0,n/ 기준량에 대한.,기준량에 대한.
25,2,0.08,0.9565217391304348,2.6956521739130435,0,n/ 아/ 진짜 우리가 자꾸 분수 분수 하고 있는데 분수는 어떠한 필요에 의해서 우리들 앞에 모습을 나타내게 됐는지 그럼 잠시 옛날 이야기 한편 보고 공부할까요?,진짜 우리가 자꾸 분수 분수 하고 있는데 분수는 어떠한 필요에 의해서 우리들 앞에 모습을 나타내게 됐는지 그럼 잠시 옛날 이야기 한편 보고 공부할까요?
13,0,0.0,1.0,3.1666666666666665,1,"노루? 누군지 모르겠죠? 조금 이따글보면 알 거예요. 자 /얘는 새인데, 무슨 새인지 모르겠네.","노루? 누군지 모르겠죠? 조금 이따글보면 알 거예요. 자 새인데, 무슨 새인지 모르겠네."
5,0,0.0,1.0,4.0,1,"그렇다면 선생님은요, 선생님의 어제 하루는,","그렇다면 선생님은요, 선생님의 어제 하루는,"
15,0,0.0,0.7692307692307693,2.8461538461538463,1,"찬성(2)/(이)가 이런 얘길 했었지, 반대(1)/(일)이 이런 얘길 했었지 이런 식으로 지문에 나와있는 정보를 제대로 이렇게,","이런 얘길 했었지, 이런 얘길 했었지 이런 식으로 지문에 나와있는 정보를 제대로 이렇게,"
4,0,0.0,1.0,3.25,1,비다. 시원한 비를 뿌려주네.,비다. 시원한 비를 뿌려주네.
2,0,0.0,1.0,4.5,1,내용 기억나시나요?,내용 기억나시나요?
11,0,0.0,1.0,2.6,1,우리 친구들도 한번 곰곰이 생각해 보세요 (2)/(두) 사람이 뛴 거리의 합?,우리 친구들도 한번 곰곰이 생각해 보세요 사람이 뛴 거리의 합?
13,0,0.0,1.0,3.090909090909091,1,어때요? l/ 눈에 잘 보이나요? 이거보다 훨씬 작은 먼지라는 거예요. 야/ 큰일 났네요.,어때요? 눈에 잘 보이나요? 이거보다 훨씬 작은 먼지라는 거예요. 큰일 났네요.
13,1,0.07692307692307693,1.0,3.1,0,어/ (10000)/(만) 또는 (10000)/(만)이라고 읽는다고 했어. 선생님이 그래서 몸을 읽습니다. 하고 하면 이렇게.,또는 읽는다고 했어. 선생님이 그래서 몸을 읽습니다. 하고 하면 이렇게.
4,1,0.25,1.0,4.0,0,n/ 다시 허방다리로 내려갔고.,다시 허방다리로 내려갔고.
11,0,0.0,1.0,3.5454545454545454,1,이번에는요 다양한 종류의 글을 그래서 이러한 인과관계에 대해서 더 살펴보도록 하겠습니다.,이번에는요 다양한 종류의 글을 그래서 이러한 인과관계에 대해서 더 살펴보도록 하겠습니다.
32,0,0.0,0.9354838709677419,2.838709677419355,1,자/ 이렇게 깨진 유리 조각을 밟았는데 선생님께서 치료를 해 줘서 주셔서 금세 나고 기분도 좋아졌다고 했어요. 이렇게 사건의 원인과 결과를 잘 드러나게 쓰니까 편지글에서도 하고 싶은 말이 무엇인지 잘 알 수 있겠지요?,이렇게 깨진 유리 조각을 밟았는데 선생님께서 치료를 해 줘서 주셔서 금세 나고 기분도 좋아졌다고 했어요. 이렇게 사건의 원인과 결과를 잘 드러나게 쓰니까 편지글에서도 하고 싶은 말이 무엇인지 잘 알 수 있겠지요?
7,1,0.14285714285714285,0.8333333333333334,2.1666666666666665,0,그렇지요. 여기 있는 바로 요 요 아/,그렇지요. 여기 있는 바로 요 요
3,0,0.0,1.0,4.0,1,자/ 문제 보겠습니다.,문제 보겠습니다.
9,0,0.0,1.0,2.7142857142857144,1,자/ 옛글을 읽으면 좋은점 정리 한 번 해 보겠습니다.,옛글을 읽으면 좋은점 정리 한 해 보겠습니다.
9,0,0.0,1.0,3.0,1,"어, 선생님. 그런데 빨간색 책을 아래에서부터 세면 안 되나요?","어, 선생님. 그런데 빨간색 책을 아래에서부터 세면 안 되나요?"
5,0,0.0,1.0,3.75,1,네/ 선생님 기다릴게요. 잘 펴주세요.,선생님 기다릴게요. 잘 펴주세요.
20,1,0.05,0.8947368421052632,2.8947368421052633,0,이렇게 그 비율을 표현해 줄 수 있어요. 그렇지만 비율을 항상 분수로만 표현하는 것은 아니에요. 그래서 이렇게 3대 5라는 비가 있을때,이렇게 비율을 표현해 줄 수 있어요. 그렇지만 비율을 항상 분수로만 표현하는 것은 아니에요. 그래서 이렇게 3대 5라는 비가 있을때
16,0,0.0,1.0,3.8181818181818183,1,"자/ (1번)/(일 번)부터 (3번)/(삼 번)까지가 (1세트)/(한 세트)로 묶여있는데요. 자/ 거기 보시면 토론, 학생 토론회 일부가 나와있어요.","번)부터 번)까지가 세트)로 묶여있는데요. 거기 보시면 토론, 학생 토론회 일부가 나와있어요."
17,0,0.0,1.0,3.5294117647058822,1,"땡땡이는 내가 이겨서 분식집 주인을 하고 싶었는데, 가위바위보에서 지니까 수지할바엔 역할놀이를 하지 않겠다, 이렇게 생각을 하는 거예요.","땡땡이는 내가 이겨서 분식집 주인을 하고 싶었는데, 가위바위보에서 지니까 수지할바엔 역할놀이를 하지 않겠다, 이렇게 생각을 하는 거예요."
5,0,0.0,1.0,3.5,1,그래서 답은 (4번)/(사 번)이 되겠습니다.,그래서 답은 번)이 되겠습니다.
34,1,0.029411764705882353,1.0,3.074074074074074,0,(1kilogram)/(일 킬로그램)은 (1000gram)/(천 그램) 그리고 (1ton)/(일 톤)는 몇 (kilogram)/(킬로그램)? 대답해야죠? 그렇죠. (1000kilogram)/(천 킬로그램). 여러분 이 내용은 (6학년)/(육 학년) 형 언니 오빠들도 많이+ 많이 헷갈려 하는 내용이기 때문에 여러분들 꼭 지금 잘 기억해 두도록 합시다.,킬로그램)은 그램) 그리고 톤)는 몇 대답해야죠? 그렇죠. 킬로그램). 여러분 내용은 학년) 형 언니 오빠들도 많이+ 많이 헷갈려 하는 내용이기 때문에 여러분들 꼭 지금 잘 기억해 두도록 합시다.
10,0,0.0,1.0,3.4444444444444446,1,정말 신기한데요. 선생님 그런데 다른 방법으로 해도 (1번)/(한 번)에 그려지나요?,정말 신기한데요. 선생님 그런데 다른 방법으로 해도 번)에 그려지나요?
11,0,0.0,0.75,3.125,1,자/ 아래쪽에 면이 있어요 (7각형)/(칠 각형) 위쪽에도 면이 있어요 (7각형)/(칠 각형).,아래쪽에 면이 있어요 각형) 위쪽에도 면이 있어요 각형).
11,0,0.0,1.0,3.0,1,자/ 감각적 표현이 무엇이냐면요. 짜자 잔. 우리 친구들 꼭 기억해야 돼요.,감각적 표현이 무엇이냐면요. 짜자 잔. 우리 친구들 꼭 기억해야 돼요.
24,2,0.08333333333333333,0.9523809523809523,3.5714285714285716,0,아/ 이래서 룰라가 만화를 좋아한다니까요. 정말 재밌었죠? 이제 만화도 봤으니까 기운 내서 문제를 더 열심히 풀어보자고요. 자/ n/ 이제 이야기와 관련된 문제 풀어보겠습니다. 보실까요?,이래서 룰라가 만화를 좋아한다니까요. 정말 재밌었죠? 이제 만화도 봤으니까 기운 내서 문제를 더 열심히 풀어보자고요. 이제 이야기와 관련된 문제 풀어보겠습니다. 보실까요?
12,0,0.0,1.0,2.6363636363636362,1,자/ 그럼 다음 문제 볼게요. 비를 보고 네모 안에 알맞은 수를 써넣으세요.,그럼 다음 문제 볼게요. 비를 보고 네모 안에 알맞은 수를 써넣으세요.
26,0,0.0,0.9583333333333334,3.1666666666666665,1,이렇게 우리 (3째)/(셋 째) 마당 핵심정리 알아봤는데요. 인제 알면 뭐하나 써먹어야겠지요. 문제를 풀어가도록 하겠습니다. 오늘 문제 많이 풀어 볼 거예요. 자/ 그럼 지금부터 문제 풀러 갈까요.,이렇게 우리 째) 마당 핵심정리 알아봤는데요. 인제 알면 뭐하나 써먹어야겠지요. 문제를 풀어가도록 하겠습니다. 오늘 문제 많이 풀어 볼 거예요. 그럼 지금부터 문제 풀러 갈까요.
3,0,0.0,1.0,3.0,1,나는 (EBS)/(이비에스) 초등학교,나는 초등학교
10,0,0.0,1.0,3.3333333333333335,1,자/ 예문 보겠습니다. 옛날 옛적 어느 고을에 심술궂은 사또가 살았습니다.,예문 보겠습니다. 옛날 옛적 어느 고을에 심술궂은 사또가 살았습니다.
5,1,0.2,1.0,3.6666666666666665,0,자/ 다시 기준량은요. 이 기호.,다시 기준량은요. 기호.
3,1,0.3333333333333333,1.0,2.0,0,n/ 발표할 때,발표할 때
11,0,0.0,0.8181818181818182,2.6363636363636362,1,가 모양 조각만으로 모양을 채우려면 가 모양 조각은 몇 개 필요합니다.,가 모양 조각만으로 모양을 채우려면 가 모양 조각은 몇 개 필요합니다.
14,0,0.0,1.0,2.7857142857142856,1,선생님은 예를 들어 이렇게 한번 표현해 보도록 하겠습니다 우리가 찾은 거 그대로 쓰는 거예요.,선생님은 예를 들어 이렇게 한번 표현해 보도록 하겠습니다 우리가 찾은 거 그대로 쓰는 거예요.
19,0,0.0,1.0,3.2142857142857144,1,자/ 덧셈과 곱셈 나눗셈이 있습니다 곱셈과 나눗셈 차례대로 계산해야겠습니다 (132)/(백 삼십 이) 더하기 (54)/(오십 사) 곱하기 (208)/(이백 팔) (이고요)/(이구요).,덧셈과 곱셈 나눗셈이 있습니다 곱셈과 나눗셈 차례대로 계산해야겠습니다 삼십 이) 더하기 사) 곱하기 팔)
7,1,0.14285714285714285,1.0,3.5,0,어/ 그래요. 중심에서 원 둘레에 이르는 거리니깐요.,그래요. 중심에서 원 둘레에 이르는 거리니깐요.
4,0,0.0,1.0,4.5,1,"몫을 반올림해서요. 어디까지? 그래요,","몫을 반올림해서요. 어디까지? 그래요,"
26,0,0.0,0.75,2.5625,1,(2)/(이) 곱하기 (3)/(삼) 보다 (2)/(이) 큰 수가 (2)/(이) 곱하기 (4)/(사)에 값이 되는 것이죠. (2)/(이) 곱하기 (4)/(사)는 (2)/(이) 곱하기 (3)/(삼)보다 (2)/(이)만큼 더 큰 거예요. 왜 그렇게 되는건가요?,곱하기 보다 큰 수가 곱하기 값이 되는 것이죠. 곱하기 곱하기 더 큰 거예요. 왜 그렇게 되는건가요?
33,2,0.06060606060606061,0.896551724137931,2.2413793103448274,0,자 이제 n/ 우리가 만나볼 것은 n/ 사실 분수의 뺄셈에선 이것만 해결할 수 있으면 다 해결이 됐다 라고 말할 수 있어요 보니까 (3)/(삼) 과 오 분의 일 빼기 (1)/(일)과 오 분의 삼의 계산입니다.,자 이제 우리가 만나볼 것은 사실 분수의 뺄셈에선 이것만 해결할 수 있으면 다 해결이 됐다 라고 말할 수 있어요 보니까 과 오 분의 일 빼기 오 분의 삼의 계산입니다.
1,0,0.0,0.0,0.0,1,(ㄱ)/(기역),
18,1,0.05555555555555555,1.0,3.0,0,그러면요 선생님이 문제를 내볼게요 이 사람이 지금 독서는 세상을 바꾸는 힘이 있다는 것을 증명하기 위해서 근거를 갖고 왔죠.,그러면요 선생님이 문제를 내볼게요 사람이 지금 독서는 세상을 바꾸는 힘이 있다는 것을 증명하기 위해서 근거를 갖고 왔죠.
25,0,0.0,1.0,2.7142857142857144,1,"(조금)/(좀) 더 잘게 쪼개서 생각을 해 볼게요. 자/ 여기에 있는 소수 첫째자리 (6)/(육)을 내림 해줍니다. 그러면요 여기는 마치 (36)/(삼십 육) 이라고 써있는 것 처럼 보이지만,","더 잘게 쪼개서 생각을 해 볼게요. 여기에 있는 소수 첫째자리 내림 해줍니다. 그러면요 여기는 마치 육) 이라고 써있는 것 처럼 보이지만,"
16,1,0.0625,1.0,3.857142857142857,0,n/ 핵심방어 개념 도움닫기 오늘은 두 번째 (Mission)/(미션)은 바로 점대칭도형입니다. 점대칭도형이 무엇인지 선생님과 함께 차근+차근 정리해보죠.,핵심방어 개념 도움닫기 오늘은 두 번째 바로 점대칭도형입니다. 점대칭도형이 무엇인지 선생님과 함께 차근+차근 정리해보죠.
5,0,0.0,1.0,4.25,1,풍자적으로 표현하는 (1컷)/(한 컷)짜리 만화로.,풍자적으로 표현하는 컷)짜리 만화로.
5,0,0.0,1.0,2.6,1,다음 친구의 글도 함께 볼까요?,다음 친구의 글도 함께 볼까요?
25,0,0.0,0.8695652173913043,3.217391304347826,1,자/ 변의 수가 많아질수록 원 모양에 가깝대요. 진짜 그런가요? 주주주주주주 어? 진짜 원 모양에 점점 가까워지네요. 자/ 요것을 선생님이 그림으로 쫙 한번 가져와 봤는데 보여주세요.,변의 수가 많아질수록 원 모양에 가깝대요. 진짜 그런가요? 주주주주주주 어? 진짜 원 모양에 점점 가까워지네요. 요것을 선생님이 그림으로 쫙 한번 가져와 봤는데 보여주세요.
2,0,0.0,1.0,7.0,1,(2)/(이)에요. 약분해줍니다.,약분해줍니다.
10,1,0.1,1.0,3.2222222222222223,0,아/ (13개)(열세 개)나 있으니 이제 뺄 수 있겠네. 밑에 적어보죠.,(13개)(열세 개)나 있으니 이제 뺄 수 있겠네. 밑에 적어보죠.
6,0,0.0,1.0,2.75,1,"먼저 (A)/(에이)에게 사탕 (1개)/(한 개)를 준다면,","먼저 사탕 개)를 준다면,"
4,0,0.0,1.0,2.75,1,어때 쉽지 요거 해보라고.,어때 쉽지 요거 해보라고.
19,1,0.05263157894736842,1.0,3.2142857142857144,0,"어/ 테스트를 통과한 제품에는요, (IP)/(아이피) 나 (IPX)/(아이피엑스) 라는 기호를 떡하니 박아 준답니다. 그리고 등급도 있대요. (0)/(영) 에서 (8)/(팔) 그래서,","테스트를 통과한 제품에는요, 나 라는 기호를 떡하니 박아 준답니다. 그리고 등급도 있대요. 에서 그래서,"
19,1,0.05263157894736842,0.8888888888888888,2.8333333333333335,0,n/ 앞의 자음이 소리 나는 경우 인데요. 우리말의 겹받침이 끝소리에 오거나 이어 오는 자음 앞에서 나는 경우 마찬가지 입니다.,앞의 자음이 소리 나는 경우 인데요. 우리말의 겹받침이 끝소리에 오거나 이어 오는 자음 앞에서 나는 경우 마찬가지 입니다.
19,1,0.05263157894736842,1.0,3.411764705882353,0,"우리들이 필요로 했었던 수였었나봐요 이번에는요 자연수하고 크기가 같은 분수를 한번 공부해 보도록 해요 자/ 이 앞에 있는 실험도구들을 보니까,","우리들이 필요로 했었던 수였었나봐요 이번에는요 자연수하고 크기가 같은 분수를 한번 공부해 보도록 해요 앞에 있는 실험도구들을 보니까,"
6,0,0.0,0.8333333333333334,2.8333333333333335,1,어때 이거야 이거야 난 정했어 마음속으로,어때 이거야 이거야 난 정했어 마음속으로
9,0,0.0,1.0,2.5,1,네 (1번)/(일 번) @/ 박별령 친구 잘 했습니다. 최고.,네 박별령 친구 잘 했습니다. 최고.
5,0,0.0,1.0,2.6,1,그리고 왼쪽에 있는 수 3을요.,그리고 왼쪽에 있는 수 3을요.
5,0,0.0,1.0,3.0,1,(유지)/(의지)해야 된다 그런 뜻이 되겠습니다.,된다 그런 뜻이 되겠습니다.
2,0,0.0,1.0,2.5,1,진짜 많구나,진짜 많구나
29,1,0.034482758620689655,0.8571428571428571,2.857142857142857,0,어떤 상자 안에 (5)/(오)를 넣으면 (25)/(이십 오)가 (나오고요)/(나오구요). (8)/(팔)을 넣으면 (40)/(사십)이라는 수가 나온다고 합니다. (그렇다면)/(그렇탐*) 만약 이 상자에 (25)/(이십 오)를 넣는다면 어떤 수가 나올까요? 풀이 과정을 쓰고 답을 구하시오.,어떤 상자 안에 넣으면 오)가 넣으면 수가 나온다고 합니다. 만약 상자에 오)를 넣는다면 어떤 수가 나올까요? 풀이 과정을 쓰고 답을 구하시오.
20,0,0.0,1.0,3.1,1,"동물원은 없애야 합니다. 첫째 동물은 작은 우리에 갇혀 사람들에게 괴롭힘을 당하고 있습니다. 동물이 원래 있어야 할 곳은 울창한 숲이나 바다인데,","동물원은 없애야 합니다. 첫째 동물은 작은 우리에 갇혀 사람들에게 괴롭힘을 당하고 있습니다. 동물이 원래 있어야 할 곳은 울창한 숲이나 바다인데,"
23,1,0.043478260869565216,1.0,3.1875,0,따라서 이 문제 정답! 틀린 것은 자/ 기호를 쓰세요. 라고 했으니까! (ㄴ)/(니은) (이고요)/(이구요). 자/ 왜 틀렸는지 우리 자릿값 확인하면서 다시 (1번)/(한 번) 살펴봐야겠네요.,따라서 문제 정답! 틀린 것은 기호를 쓰세요. 라고 했으니까! 왜 틀렸는지 우리 자릿값 확인하면서 다시 살펴봐야겠네요.
21,2,0.09523809523809523,0.9333333333333333,2.7333333333333334,0,아/ 그렇군요. 우리가 지난 시간에 배운 것. (10000000)/(천 만) 까지 배웠는데 (10000000)/(천 만) 이 (10)/(열)이 또 모이면 (100000000)/(일 억) 이라고 하는군요.,그렇군요. 우리가 지난 시간에 배운 것. 만) 까지 배웠는데 만) 또 모이면 억) 이라고 하는군요.
13,0,0.0,0.9230769230769231,2.8461538461538463,1,민재가 있어요 주사위 놀이를 하고 있는데요 재희가 던져서 나온 주사위 눈의 수가 뭡니까.,민재가 있어요 주사위 놀이를 하고 있는데요 재희가 던져서 나온 주사위 눈의 수가 뭡니까.
18,0,0.0,1.0,2.823529411764706,1,외항의 곱과 내항의 곱이 서로 같지 않습니다. 그러므로 비례식이 될 수가 없는 거죠. (X)/(엑스)를 치도록 할게요. 그다음 보죠.,외항의 곱과 내항의 곱이 서로 같지 않습니다. 그러므로 비례식이 될 수가 없는 거죠. 치도록 할게요. 그다음 보죠.
6,1,0.16666666666666666,1.0,5.0,0,n/ 과학적으로 증명이 됐냐고요? 아이/ 안된대니까요.,과학적으로 증명이 됐냐고요? 안된대니까요.
20,1,0.05,1.0,3.2222222222222223,0,좋습니다 다 왔네요. 다음부터는 대답도 큰소리로 하세요. 자/ 그러면 오늘 어떤 내용 배우는지 오늘의 수학 n/ 목표 확인하면서 바로 시작할게요.,좋습니다 다 왔네요. 다음부터는 대답도 큰소리로 하세요. 그러면 오늘 어떤 내용 배우는지 오늘의 수학 목표 확인하면서 바로 시작할게요.
8,0,0.0,1.0,2.4285714285714284,1,자/ 먼저 괄호 안에 있는 것부터 읽어 볼까요?,먼저 괄호 안에 있는 것부터 읽어 볼까요?
2,0,0.0,1.0,3.0,1,(6명)/(여섯 명).,명).
18,0,0.0,1.0,2.8666666666666667,1,자/ 그런데 아니라고 했으니까 예/ 맞네요 여기 답이 되겠습니다 광에 불이 난 것은 고향에 성한 (3다리)/(세 다리) 때문이다.,그런데 아니라고 했으니까 맞네요 여기 답이 되겠습니다 광에 불이 난 것은 고향에 성한 다리) 때문이다.
14,1,0.07142857142857142,1.0,2.6923076923076925,0,이 시를 읽으면 말하는 이의 어떤 마음이 느껴지는지 빈 칸에 들어갈 알맞은 말을 쓰시오.,시를 읽으면 말하는 이의 어떤 마음이 느껴지는지 빈 칸에 들어갈 알맞은 말을 쓰시오.
5,0,0.0,1.0,3.75,1,"그리고, (2cm)/(이 센티미터) 씩 옮겨가고,","그리고, 센티미터) 씩 옮겨가고,"
2,0,0.0,1.0,4.0,1,함께 알아봅시다.,함께 알아봅시다.
30,1,0.03333333333333333,0.6896551724137931,2.4482758620689653,0,여기 곱해지는 수가 소수 두 자릿수일 때는 어/ 곱의 결과도 소수 두 자릿수 여기가 소수 세 자릿수일 때는 곱의 결과가 소수 세 자릿수가 된다는 것을 우리가 발견을 할 수가 있습니다.,여기 곱해지는 수가 소수 두 자릿수일 때는 곱의 결과도 소수 두 자릿수 여기가 소수 세 자릿수일 때는 곱의 결과가 소수 세 자릿수가 된다는 것을 우리가 발견을 할 수가 있습니다.
4,1,0.25,1.0,3.0,0,n/ 어떻게 하면 좋을까?,어떻게 하면 좋을까?
16,0,0.0,0.75,2.75,1,"하나씩 보자고요, (1 층)/(일 층)에 (3 개)/(세 개)가 있다. (1 층)/(일 층)에 (3 개)/(세 개)인 거,","하나씩 보자고요, (1 층)에 (3 개)가 있다. (1 층)에 (3 개)인 거,"
19,0,0.0,0.9411764705882353,3.4705882352941178,1,"생각이나 느낌 등의 항목에 따라 우리집 감나무를 정리한 (3가지)/(세 가지) 항목을 정확, 정확, 정확하게 제시하였죠? 그러므로 정답은 (5번)/(오 번)입니다*.","생각이나 느낌 등의 항목에 따라 우리집 감나무를 정리한 가지) 항목을 정확, 정확, 정확하게 제시하였죠? 그러므로 정답은 번)입니다*."
4,0,0.0,1.0,5.0,1,이것은 지금 이등변삼각형이에요. 그렇다면은,이것은 지금 이등변삼각형이에요. 그렇다면은
7,0,0.0,1.0,2.4285714285714284,1,맞아요 정답을 쓸 때는 원래 분수를 쓴다.,맞아요 정답을 쓸 때는 원래 분수를 쓴다.
13,0,0.0,1.0,2.5384615384615383,1,자 그럼 방금 공부한 내용을 잘 기억하면서 수 쓰기와 관련된 문제를 풀어 봅시다.,자 그럼 방금 공부한 내용을 잘 기억하면서 수 쓰기와 관련된 문제를 풀어 봅시다.
11,0,0.0,1.0,3.2222222222222223,1,(해두라고요)/(해두라구요) 알았죠 (그럼)/(검) 나머지 소수 부분에 대해서는 루미꼬비 너희들이 책임져 뚝딱.,알았죠 나머지 소수 부분에 대해서는 루미꼬비 너희들이 책임져 뚝딱.
8,0,0.0,1.0,3.5,1,자/ 그렇다면 (100)/(백)의 자리 숫자의 크기부터 비교해 봐야겠죠?,그렇다면 자리 숫자의 크기부터 비교해 봐야겠죠?
9,0,0.0,1.0,3.0,1,새 자전거를 선물 받았을 때처럼. 자/ 릴리는 뭐라고 했어요?,새 자전거를 선물 받았을 때처럼. 릴리는 뭐라고 했어요?
13,1,0.07692307692307693,1.0,2.4166666666666665,0,n/ 화가 난 내가 녀석을 붙잡자 놀란 녀석은 이빨로 내 손등에 상처를 냈다.,화가 난 내가 녀석을 붙잡자 놀란 녀석은 이빨로 내 손등에 상처를 냈다.
11,1,0.09090909090909091,1.0,2.6,0,n/ 햇살 좋은 어느 날 작고 노오란 병아리 삐약이가 마당에 나왔어.,햇살 좋은 어느 날 작고 노오란 병아리 삐약이가 마당에 나왔어.
10,2,0.2,1.0,3.375,0,n/ 뼈다귀 하나 고르는데 뭐가 그렇게 힘드냐옹? 이 우유부단한 개야!,뼈다귀 하나 고르는데 뭐가 그렇게 힘드냐옹? 우유부단한 개야!
17,1,0.058823529411764705,0.9333333333333333,2.8666666666666667,0,우리 친구들도 분명히 있을 것 같아요. 자/ 우리 친구들 없다고요? 아/ 독감 걸려서요. 못 간 친구도 있었대요.,우리 친구들도 분명히 있을 것 같아요. 우리 친구들 없다고요? 독감 걸려서요. 못 간 친구도 있었대요.
24,3,0.125,0.9411764705882353,3.1176470588235294,0,또한 어/ (4각)/(네 각)의 크기가 같은 정사각형과 n/ (4변)/(네 변)의 길이가 같은 마름모는 n/ 없어애 되겠네요 이렇게 해서 정답은 (2번)/(이 번)과 (3번)/(삼 번)이 되겠습니다,또한 각)의 크기가 같은 정사각형과 변)의 길이가 같은 마름모는 없어애 되겠네요 이렇게 해서 정답은 번)과 번)이 되겠습니다
7,0,0.0,1.0,3.142857142857143,1,"깨, 잣가루, 콩가루와 같은 고무를 묻혀 먹습니다.","깨, 잣가루, 콩가루와 같은 고무를 묻혀 먹습니다."
24,0,0.0,1.0,3.0,1,"이렇게 선생님이 점선으로 표시했어요. 시작하는 곳이 같을 경우, (3가지)/(세 가지) 물건 중에 가장 많이 바깥으로 나와 있는 색연필의 길이는 *가장 깁니다라고 말할 수 있어요.","이렇게 선생님이 점선으로 표시했어요. 시작하는 곳이 같을 경우, 가지) 물건 중에 가장 많이 바깥으로 나와 있는 색연필의 길이는 *가장 깁니다라고 말할 수 있어요."
24,1,0.041666666666666664,1.0,3.3076923076923075,0,"자/ 너무나 간단합니다. (4자릿수)/(네 자릿수)의 자릿값 (1)/(일), (10)/(십), (100)/(백), (1000)/(천)이고 숫자와 수는 다르다. 숫자를 얘기할 때는 뭐 (4)/(사)다, (3)/(삼)이다, (5)/(오)다, (9)/(구)다. 이렇게 얘기하면 되고",너무나 간단합니다. 자릿수)의 자릿값 숫자와 수는 다르다. 숫자를 얘기할 때는 이렇게 얘기하면 되고
8,0,0.0,1.0,3.857142857142857,1,같이 크게 읽어볼까요? 선생님 도와주세요. 뭐라고 읽을까요? b/,같이 크게 읽어볼까요? 선생님 도와주세요. 뭐라고 읽을까요?
3,1,0.3333333333333333,1.0,4.0,0,n/ 안 어울린다고요?,안 어울린다고요?
8,0,0.0,1.0,3.0,1,방금 전에 잠깐 이야기 했는데요. 선생님 이름은 짜자잔!,방금 전에 잠깐 이야기 했는데요. 선생님 이름은 짜자잔!
6,1,0.16666666666666666,1.0,3.75,0,자/ 그럼 그 예를 이제부터 알려드릴게요.,그럼 예를 이제부터 알려드릴게요.
7,0,0.0,1.0,2.8333333333333335,1,우리 단원평가 레벨 (One)/(원) 부터 도전해 볼게요.,우리 단원평가 레벨 부터 도전해 볼게요.
10,0,0.0,1.0,3.6,1,"도형을 보고 빈칸에 알맞게 써놓으세요라는 문제인데요, 어떤 도형이 있는지 볼게요.","도형을 보고 빈칸에 알맞게 써놓으세요라는 문제인데요, 어떤 도형이 있는지 볼게요."
25,0,0.0,0.9523809523809523,2.7142857142857144,1,(533)/(오백 삼십 삼)과 같습니다 라고 생각을 하는 거죠. 그럼 여기에서 네모를 구할 수 있죠. b/ 네모는 (533)/(오백 삼십 삼)에서 (389)/(삼백 팔십 구)를 빼주면 되는 거예요.,삼십 삼)과 같습니다 라고 생각을 하는 거죠. 그럼 여기에서 네모를 구할 수 있죠. 네모는 삼십 삼)에서 팔십 구)를 빼주면 되는 거예요.
3,2,0.6666666666666666,1.0,4.0,0,n/ 음/ 감칠맛.,감칠맛.
4,0,0.0,1.0,2.0,1,b/ 자/ 먼저 b/,먼저
2,0,0.0,1.0,2.5,1,"얼마나 더,","얼마나 더,"
9,0,0.0,1.0,3.625,1,자/ 곱셈구구를 이용해서 쉽게 곱셈식을 나눗셈식으로 바꿀 수 있습니다.,곱셈구구를 이용해서 쉽게 곱셈식을 나눗셈식으로 바꿀 수 있습니다.
6,2,0.3333333333333333,1.0,3.75,0,n/ 어/ 마지막 상당하다. 상당한 케이크.,마지막 상당하다. 상당한 케이크.
25,0,0.0,1.0,3.217391304347826,1,"우리 친구들도 자기 뼘으로 확인해보고, (2m)/(이 미터)가 되는 곳에 표시한 다음에 남은 부분은 가위로 잘라내주세요. 선생님이 시간 조금 더 줄테니까 (2m)/(이 미터)짜리 신문지 만들어 봅시다.","우리 친구들도 자기 뼘으로 확인해보고, 미터)가 되는 곳에 표시한 다음에 남은 부분은 가위로 잘라내주세요. 선생님이 시간 조금 더 줄테니까 미터)짜리 신문지 만들어 봅시다."
5,1,0.2,1.0,2.25,0,n/ 저는 그런 줄도 모르고,저는 그런 줄도 모르고
11,1,0.09090909090909091,1.0,3.6666666666666665,0,n/ 자/ 그런데요. 나이지리아를 대체 어떻게 다른걸로 대체해서 사용할 수 있겠어요?,그런데요. 나이지리아를 대체 어떻게 다른걸로 대체해서 사용할 수 있겠어요?
2,0,0.0,0.0,0.0,1,(6)/(육) (나오고요)/(나오구여).,
11,1,0.09090909090909091,1.0,2.8,0,n/히히히/ 이야기 나라에 갔다고 했잖아요. 바로 다른 곳으로 간 것을 말해요.,이야기 나라에 갔다고 했잖아요. 바로 다른 곳으로 간 것을 말해요.
3,1,0.3333333333333333,1.0,3.5,0,n/ 날아다니는 벌.,날아다니는 벌.
4,1,0.25,1.0,2.0,0,n/ 아. 파. 서.,아. 파. 서.
20,1,0.05,1.0,2.4166666666666665,0,(6)/(육) 보다 작은 수 였던 (0)/(영) (1)/(일) (2)/(이) (3)/(삼) (4)/(사) (5)/(오) 가 들어갔을 때 바로 이 조건을 만족하게 되는 것이더라.,보다 작은 수 였던 가 들어갔을 때 바로 조건을 만족하게 되는 것이더라.
8,1,0.125,1.0,3.2857142857142856,0,n/그 마음을 한번 써 줘보세요. 어떤 상황이었나요? 안녕.,마음을 한번 써 줘보세요. 어떤 상황이었나요? 안녕.
15,1,0.06666666666666667,1.0,2.7857142857142856,0,이거는 사람이 아니네. 요거는 어/ 잔+ 잔이지 커다란 잔이 보이네. 즉 우리가 똑같은 그림을 봐도,이거는 사람이 아니네. 요거는 잔+ 잔이지 커다란 잔이 보이네. 즉 우리가 똑같은 그림을 봐도
3,0,0.0,1.0,2.3333333333333335,1,그리고 우리 문제,그리고 우리 문제
6,1,0.16666666666666666,1.0,3.4,0,"n/ 수학 세상 여행을 했으면, 좋겠답니다.","수학 세상 여행을 했으면, 좋겠답니다."
25,2,0.08,0.9473684210526315,3.3157894736842106,0,"자/, 그럼 꼭짓점의 (X)/(엑스)좌표가 n/ 정의역 안에 포함되는 경우는 몇 가지 비교하라고 그랬어요? n/ 양 끝값, (3)/(삼)에서의 함숫값과 (6)/(육)에서의 함숫값과 그리고 꼭짓점을 비교하면 된다라고 했잖아요.","그럼 꼭짓점의 정의역 안에 포함되는 경우는 몇 가지 비교하라고 그랬어요? 양 끝값, 함숫값과 함숫값과 그리고 꼭짓점을 비교하면 된다라고 했잖아요."
6,1,0.16666666666666666,1.0,2.75,0,자/ n/ 그럼 다음 문제도 볼게요.,그럼 다음 문제도 볼게요.
10,1,0.1,1.0,2.75,0,아이/ 그럼 이 낱말 다음에 뭘 연결해서 문장을 만들면 좋을까?,그럼 낱말 다음에 뭘 연결해서 문장을 만들면 좋을까?
4,0,0.0,1.0,3.3333333333333335,1,어려운 문제도 (1)/(하나) 볼게요.,어려운 문제도 볼게요.
15,0,0.0,1.0,3.142857142857143,1,먼저 (ㄱ)/(기역)에서는 누가 신발을 집어넣는다고 했죠? 그래요 여기 첫줄에 나와있는 것처럼 두고 온 친구들이라고 했어요.,먼저 누가 신발을 집어넣는다고 했죠? 그래요 여기 첫줄에 나와있는 것처럼 두고 온 친구들이라고 했어요.
31,1,0.03225806451612903,0.9230769230769231,2.5384615384615383,0,"네, 우리 친구들 받아 올림과 받아 내림만 정확하게 잘 할 수 있다면 덧셈과 뺄셈 문제없거든요. 자/ 문제 그럼 바로 아래에 있는 문제 (41쪽)/(사십 일 쪽) (8번)/(여덟 번) 함께 풀어보도록 할게요. n/","네, 우리 친구들 받아 올림과 받아 내림만 정확하게 잘 할 수 있다면 덧셈과 뺄셈 문제없거든요. 문제 그럼 바로 아래에 있는 문제 일 쪽) 함께 풀어보도록 할게요."
10,1,0.1,1.0,3.111111111111111,0,그럼 이제 사다리꼴의 넓이 구하는 공식에 이 숫자들 한번 넣어볼게요.,그럼 이제 사다리꼴의 넓이 구하는 공식에 숫자들 한번 넣어볼게요.
12,1,0.08333333333333333,1.0,2.7,0,"n/ 조끼 주머니에 든 칼을 꺼내, 녀석의 (1쪽)/(한 쪽) 눈알을 도려내 버렸다.","조끼 주머니에 든 칼을 꺼내, 녀석의 쪽) 눈알을 도려내 버렸다."
3,0,0.0,1.0,4.0,1,(3)/(삼)이 되겠죠. b/,되겠죠.
17,1,0.058823529411764705,1.0,3.5833333333333335,0,자/ (ㄱ)/(기역)은 이라고 했으니까 (ㄱ)/(기역)은 (ㄴ)/(니은)의 몇 배는? 곱하기를 뜻하잖아요. 곱하기 몇일까요? 여기서 이 네모를 구해주면 됩니다.,이라고 했으니까 몇 배는? 곱하기를 뜻하잖아요. 곱하기 몇일까요? 여기서 네모를 구해주면 됩니다.
21,0,0.0,1.0,3.0,1,자/ 어때요 친구들 선생님이 한 것처럼 이렇게 차근차근 식을 쓰면서 (1번)/(한 번) 다시 문제 풀어보세요 그럼 이제 오늘의 핵심개념 정리하러 갈까요?,어때요 친구들 선생님이 한 것처럼 이렇게 차근차근 식을 쓰면서 다시 문제 풀어보세요 그럼 이제 오늘의 핵심개념 정리하러 갈까요?
9,0,0.0,0.875,3.625,1,연꽃이 피어있대요. 자/ 상상해 보세요. 연못에 연꽃이 피어 있습니다.,연꽃이 피어있대요. 상상해 보세요. 연못에 연꽃이 피어 있습니다.
25,2,0.08,1.0,2.909090909090909,0,n/ 아우/ 은은하게 소리 좋네요 바로 트라이 앵글이죠 그런데 이 트라이앵글의 모양은 우리가 첫번째 수학 보물 을 찾았 던 이등변삼각형하고는 조금 다른 모양인 것 같죠.,은은하게 소리 좋네요 바로 트라이 앵글이죠 그런데 트라이앵글의 모양은 우리가 첫번째 수학 보물 을 찾았 던 이등변삼각형하고는 조금 다른 모양인 것 같죠.
19,0,0.0,1.0,3.176470588235294,1,자/ 첫 번째 그림은 뭐예요? 우리가 윷놀이할 때 사용하는 윷이죠. 자/ 그러니까 지금 우리는 기에 대해서 이야기하고 있어요. 아닙니다.,첫 번째 그림은 뭐예요? 우리가 윷놀이할 때 사용하는 윷이죠. 그러니까 지금 우리는 기에 대해서 이야기하고 있어요. 아닙니다.
8,0,0.0,1.0,3.5714285714285716,1,어느 터미널에서 버스가 부산으로 가는 부산행을 (8분)/(팔 분)마다.,어느 터미널에서 버스가 부산으로 가는 부산행을 분)마다.
13,0,0.0,1.0,3.0,1,"친구들 그렇다면 현수가 거위를 꾸미는 데 이용한 네모 세모 동그라미의 수를 정확하게 구하고,","친구들 그렇다면 현수가 거위를 꾸미는 데 이용한 네모 세모 동그라미의 수를 정확하게 구하고,"
13,1,0.07692307692307693,1.0,3.4,0,"자/ 가는요. 예/ 분출할 때 나오는 n/ 물질이고요. 나는요. 피해, 다는 이로운 점이었죠?","가는요. 분출할 때 나오는 물질이고요. 나는요. 피해, 다는 이로운 점이었죠?"
6,0,0.0,0.8333333333333334,3.3333333333333335,1,사인펜으로 하고 싶으면 사인펜으로 해도 돼요.,사인펜으로 하고 싶으면 사인펜으로 해도 돼요.
32,1,0.03125,0.9354838709677419,2.5483870967741935,0,"네, 모든 이들이 공감할 수 있는 그런 이야기를 꾸며 쓸 수가 없겠죠. 따라서 주제에 맞는 인물과 배경을 잘 골라서 이야기의 이 흐름 즉, 처음 가운데 끝이 잘 어우러질 수 있도록 써주셔야 되겠고요.","네, 모든 이들이 공감할 수 있는 그런 이야기를 꾸며 쓸 수가 없겠죠. 따라서 주제에 맞는 인물과 배경을 잘 골라서 이야기의 흐름 즉, 처음 가운데 끝이 잘 어우러질 수 있도록 써주셔야 되겠고요."
5,0,0.0,1.0,5.0,1,(1)/(일) (2)/(이)는 (2)/(이)니까 (1)/(일) 받아올림.,받아올림.
12,1,0.08333333333333333,0.9,2.6,0,n/ 자/ 이것이 바로 힌트가 될 수 있겠는데 어떻게 표현할 수 있을까요?,이것이 바로 힌트가 될 수 있겠는데 어떻게 표현할 수 있을까요?
8,2,0.25,1.0,3.1666666666666665,0,n/ 그리구요. 이런 꿈 말고도요 저는 개인적으로 어/,그리구요. 이런 꿈 말고도요 저는 개인적으로
29,1,0.034482758620689655,0.8,2.48,0,"자/ 비유를 하자면 요기 요렇게 다리가 있잖아요. 다리가 있을 때 요/ 다리를 잘 뒷받침 해줄 수 있는 지지 해줄 수 있는 것이 바로 근거라는 것이고, n/ 요/ 다리가 주장,","비유를 하자면 요기 요렇게 다리가 있잖아요. 다리가 있을 때 다리를 잘 뒷받침 해줄 수 있는 지지 해줄 수 있는 것이 바로 근거라는 것이고, 다리가 주장,"
11,0,0.0,1.0,2.25,1,"(86)/(팔십 육)보다 b/ (1)/(일)만큼 더 큰 수는, 하나, 둘, 셋 다같이","육)보다 더 큰 수는, 하나, 둘, 셋 다같이"
16,0,0.0,0.7692307692307693,2.5384615384615383,1,"요렇게 생긴 거 (1 개)/(한 개) 예요. (그죠)/(그져)? 그런데 만약에 요렇게 작은 거 (1 개)/(한 개)에다가,","요렇게 생긴 거 (1 개) 예요. 그런데 만약에 요렇게 작은 거 (1 개)에다가,"
21,1,0.047619047619047616,1.0,3.0555555555555554,0,"그러니까 이 네모 안에 들어갈 수는 (840)/(팔백 사십)보다는 작은 수가 들어가 줘야 합니다. 그럼 (840)/(팔백 사십)보다 작으면서 가장 큰 자연수라고 했으니,","그러니까 네모 안에 들어갈 수는 사십)보다는 작은 수가 들어가 줘야 합니다. 그럼 사십)보다 작으면서 가장 큰 자연수라고 했으니,"
11,2,0.18181818181818182,1.0,3.111111111111111,0,n/ 이 시는요. 바로 이를 빼는 상황이 너무나 두렵고 무서운 상황이었죠?,시는요. 바로 이를 빼는 상황이 너무나 두렵고 무서운 상황이었죠?
19,0,0.0,1.0,3.5454545454545454,1,(4개)/(네 개) (4개)/(네 개)해서 (0)/(영)이 (8개)/(여덟 개)에요. 생김새를 잘 알아두세요. 알았죠? 얘를 (100000000)/(일억)이라고 쓰고요. (100000000)/(억) 또는 (100000000)/(일억)이라고 읽습니다. 자/,개) 개)해서 개)에요. 생김새를 잘 알아두세요. 알았죠? 얘를 쓰고요. 또는 읽습니다.
12,0,0.0,0.9166666666666666,2.9166666666666665,1,만약에 여기에 들어갈 타일이요 모양이 완전히 다르다면 네 당연히 들어갈 수 없겠죠.,만약에 여기에 들어갈 타일이요 모양이 완전히 다르다면 네 당연히 들어갈 수 없겠죠.
8,1,0.125,1.0,3.8333333333333335,0,다행히도 n/이하고 선생님하고 구한것은 (227)/(이백 이십 칠)이 나오네요.,다행히도 선생님하고 구한것은 이십 칠)이 나오네요.
23,4,0.17391304347826086,1.0,3.5,0,n/ 어/ 그런데 오늘은 선생님과 여러분이 좋아하는 과자들이 하나 가득 모여있는데요 과연 이 과자나라에서 어떻게 공평하게 과자들을 (2편)/(두 편)으로 나눌 수가 있을까요 음/.,그런데 오늘은 선생님과 여러분이 좋아하는 과자들이 하나 가득 모여있는데요 과연 과자나라에서 어떻게 공평하게 과자들을 편)으로 나눌 수가 있을까요
4,1,0.25,1.0,2.0,0,n/ o/ l/ 네.,네.
15,3,0.2,1.0,3.4545454545454546,0,"n/ 그리고 이 방향으로 벌어진 것이니 꼭지점은 이 곳이 되겠죠. 꼭지점 표시를 (하고요)/(하구요). 각도기를 이용해서,","그리고 방향으로 벌어진 것이니 꼭지점은 곳이 되겠죠. 꼭지점 표시를 각도기를 이용해서,"
4,0,0.0,1.0,2.75,1,결국 여러분 보면 뭐예요?,결국 여러분 보면 뭐예요?
27,2,0.07407407407407407,0.9523809523809523,2.9523809523809526,0,하/ 어제 기억 하고 있죠? 그렇다면 의견을 만화로 표현하기와 관련된 문제 풀어보도록 하겠습니다. n/ 첫 번째 문제 이리 오너라. 아/ 교재 (97쪽)/(구십 칠 쪽) (7번)/(칠 번) 문제입니다.,어제 기억 하고 있죠? 그렇다면 의견을 만화로 표현하기와 관련된 문제 풀어보도록 하겠습니다. 첫 번째 문제 이리 오너라. 교재 칠 쪽) 문제입니다.
5,1,0.2,1.0,3.5,0,안됩니다 그 토끼고기는 내 거예요.,안됩니다 토끼고기는 내 거예요.
10,1,0.1,1.0,2.7777777777777777,0,n/ 앞에서 중심 내용과 세부 내용에 대해 정리했던 거 기억하지?,앞에서 중심 내용과 세부 내용에 대해 정리했던 거 기억하지?
4,0,0.0,1.0,3.3333333333333335,1,자/ 맞는지 수를 써볼까요?,맞는지 수를 써볼까요?
3,1,0.3333333333333333,1.0,3.0,0,n/ 네. 웨이터.,네. 웨이터.
3,1,0.3333333333333333,1.0,2.5,0,n/ 세계의 탑.,세계의 탑.
11,1,0.09090909090909091,1.0,2.9,0,그렇다면 이런 경우는 이 방영 시간들을 몽땅 더해주는 문제가 되는 거죠.,그렇다면 이런 경우는 방영 시간들을 몽땅 더해주는 문제가 되는 거죠.
15,1,0.06666666666666667,1.0,3.5454545454545454,0,n/ 자/ 나누려는 숫자가 (3자리)/(세 자리)니까 역시 나눠지는 숫자 (3자리)/(세 자리)부터 계산을 해보도록 할게요 나누기.,나누려는 숫자가 자리)니까 역시 나눠지는 숫자 자리)부터 계산을 해보도록 할게요 나누기.
10,0,0.0,1.0,2.7,1,"넓고 넓+ 멋진 바다에서 수영도 하고, 모래성도 쌓을 수 있어요.","넓고 넓+ 멋진 바다에서 수영도 하고, 모래성도 쌓을 수 있어요."
4,0,0.0,1.0,4.5,1,그래서 이렇게 예시답안을 써보았습니다.,그래서 이렇게 예시답안을 써보았습니다.
17,1,0.058823529411764705,0.6428571428571429,3.642857142857143,0,"음/ 잘하는 것을 적어도 (되고요)/(되구요). 좋아하는 것을 적어도 되며, 잘하면서 좋아하는 것을 적어도 됩니다. 자/ 생각해보세요. 고민해보세요.","잘하는 것을 적어도 좋아하는 것을 적어도 되며, 잘하면서 좋아하는 것을 적어도 됩니다. 생각해보세요. 고민해보세요."
16,0,0.0,1.0,2.6923076923076925,1,교재 (41쪽)/(사십 일 쪽)에 (13)/(십 삼) 다시 (1번)/(일 번)입니다. 신문을 만들 때 주의할 점입니다 어느 것이냐?,교재 일 쪽)에 삼) 다시 번)입니다. 신문을 만들 때 주의할 점입니다 어느 것이냐?
5,0,0.0,1.0,3.0,1,여기 위에 평평한 부분도 보이네요.,여기 위에 평평한 부분도 보이네요.
9,0,0.0,1.0,3.857142857142857,1,(이렇게)/(이로케) (이만큼)/(요만큼) 이동하면 이제 연수의 시계가 나타내는 시각이랑 똑같아졌어요.,이동하면 이제 연수의 시계가 나타내는 시각이랑 똑같아졌어요.
15,1,0.06666666666666667,1.0,2.3846153846153846,0,n/ (a plus b)/(에이 플러스 비) 몽땅의 제곱 이런 거 나오면 뭐가 막 하고 싶어요?,(a plus 플러스 비) 몽땅의 제곱 이런 거 나오면 뭐가 막 하고 싶어요?
11,0,0.0,1.0,3.3,1,(가분수가)/(가분수로가) 나오면 가분수는 대분수로 고쳐주고요 약분이 된다면 약분하는 거 잊지 마세요.,나오면 가분수는 대분수로 고쳐주고요 약분이 된다면 약분하는 거 잊지 마세요.
5,1,0.2,1.0,3.5,0,n/ 알지요? 자/ (1점)/(일 점).,알지요? 점).
29,0,0.0,1.0,2.4347826086956523,1,자/ 그래서 (4자리)/(네 자리) 씩 끊어 읽어서 앞에 나온 수들은요 (1234조)/(천 이백 삼십 사조) (5678억)/(오천 육백 칠십 팔억) (9012만)/(구천 십 이만) (3456)/(삼천 사백 오십 육) 과 같이 읽어주면 되겠어요.,그래서 자리) 씩 끊어 읽어서 앞에 나온 수들은요 이백 삼십 사조) 육백 칠십 팔억) 십 이만) 사백 오십 육) 과 같이 읽어주면 되겠어요.
1,0,0.0,0.0,0.0,1,(1)/(하나),
3,1,0.3333333333333333,1.0,2.5,0,n/ 자 그다음.,자 그다음.
14,1,0.07142857142857142,1.0,3.25,0,"(ㄱ)/(기역)에+ 들어갈+ 날말+ 아/ (ㄱ)/(기역)에 들어갈 낱말로 알맞지 않은 것, (ㄱ)/(기역) 찾아볼까요. 자/ (ㄱ)/(기역)","들어갈+ 날말+ 들어갈 낱말로 알맞지 않은 것, 찾아볼까요."
28,1,0.03571428571428571,0.9444444444444444,3.0,0,"n/ 빼줘야겠죠. (2)/(둘)이 빼면은 어떻게 된다? (6)/(육) 되고 (9)/(구)되고 (5)/(오)가 되고, 그다음에 사라지고 (0)/(영)되고 쭉/ 쭉/ 내려오면은 (6)/(육). 둘이서로 사라져서 (60.56)/(육십 쩜 오 육)이 되고 답을 쓸 때는,","빼줘야겠죠. 빼면은 어떻게 된다? 되고 되고, 그다음에 사라지고 내려오면은 둘이서로 사라져서 쩜 오 육)이 되고 답을 쓸 때는,"
6,0,0.0,1.0,2.8333333333333335,1,마지막 친구의 글도 함께 보도록 할게요.,마지막 친구의 글도 함께 보도록 할게요.
2,1,0.5,1.0,3.0,0,n/ 빼면.,빼면.
10,2,0.2,0.8333333333333334,2.8333333333333335,0,n/ 여기 (10)/(십) 그다음 이 뒤에 있는 (10)/(십)도 뒤에 곱해줍니다.,여기 그다음 뒤에 있는 뒤에 곱해줍니다.
15,0,0.0,1.0,3.3076923076923075,1,"예를 들어서 설명해 볼게요 만약에 (12)/(십 이)와 (18)/(십 팔)의 공약수와 최대공약수를 구해보세요 라고 한다면 일단,","예를 들어서 설명해 볼게요 만약에 이)와 팔)의 공약수와 최대공약수를 구해보세요 라고 한다면 일단,"
4,1,0.25,1.0,3.5,0,n/ 자/ 풀어봐라 왕자.,풀어봐라 왕자.
11,0,0.0,0.875,2.375,1,자/ 또 있나? 말풍선 (말고)/(말구) 또 다른 (걸로)/(걸루) 보이는 친구 있어요?,또 있나? 말풍선 또 다른 보이는 친구 있어요?
14,1,0.07142857142857142,0.9166666666666666,2.75,0,음/ 그다음에 일이 일어날 때를 (1)/(하나)씩 펼치면서 일어날 일이나 하고 싶은 일을 쓰는 거예요.,그다음에 일이 일어날 때를 펼치면서 일어날 일이나 하고 싶은 일을 쓰는 거예요.
10,0,0.0,1.0,2.5555555555555554,1,자/ 그럼 우리 첫 번째 공부한 내용을 정리해 보도록 할게요.,그럼 우리 첫 번째 공부한 내용을 정리해 보도록 할게요.
17,1,0.058823529411764705,0.9333333333333333,3.066666666666667,0,n/ 나의 예에서 나타나는 동물들의 잠의 유형을 요약해라. 지금 선생님이 한 (3가지)/(세 가지)정도로 요약을 한 것 같은데요.,나의 예에서 나타나는 동물들의 잠의 유형을 요약해라. 지금 선생님이 한 가지)정도로 요약을 한 것 같은데요.
3,1,0.3333333333333333,1.0,4.0,0,n/ 으아/ 엄마야.,엄마야.
14,1,0.07142857142857142,1.0,3.0,0,"십자 모양의 받침 주변에 돌계단을 만들고 그 위에 사각, 팔각, 원모양의 돌을 쌓아 올렸습니다.","십자 모양의 받침 주변에 돌계단을 만들고 위에 사각, 팔각, 원모양의 돌을 쌓아 올렸습니다."
6,0,0.0,1.0,3.6,1,그랬더니 이렇게 (8개)/(여덟 개)의 구슬이 되었어요.,그랬더니 이렇게 개)의 구슬이 되었어요.
4,1,0.25,1.0,2.3333333333333335,0,n/ 술 많이 하셨죠?,술 많이 하셨죠?
22,0,0.0,0.9,3.25,1,"자/ 어떤 일을 했습니까? 원주민들을 위해서 훌륭한 병원을 (만들었고요)/(만들었구요), 나병 환자죠? 한센병이라고 하죠? 좋은 병원을 지으려고 계획하려던 참에 또 좋은 소식이 들려와서.",어떤 일을 했습니까? 원주민들을 위해서 훌륭한 병원을 나병 환자죠? 한센병이라고 하죠? 좋은 병원을 지으려고 계획하려던 참에 또 좋은 소식이 들려와서.
2,1,0.5,1.0,3.0,0,n/ 됐죠.,됐죠.
9,0,0.0,1.0,3.7777777777777777,1,선생님은요. 일기예보를 오늘* 날씨와 그리고 일요일 날씨로 나누어서 썼어요.,선생님은요. 일기예보를 오늘* 날씨와 그리고 일요일 날씨로 나누어서 썼어요.
23,0,0.0,0.8888888888888888,3.2222222222222223,1,정육면체이니까 길이가 모두 같습니다. (6)/(육) 곱하기 (6)/(육) 곱하기 (6)/(육) 은 계산을 하면 되죠. 계산이라면 (216)/(이백 십 육)이 나와요. (216)/(이백 십 육) 단위 조심하셔야겠죠.,정육면체이니까 길이가 모두 같습니다. 곱하기 곱하기 은 계산을 하면 되죠. 계산이라면 십 육)이 나와요. 십 육) 단위 조심하셔야겠죠.
6,0,0.0,1.0,3.4,1,동화책은 (1종류)/(한 종류)밖에 없죠. 그리고 또?,동화책은 종류)밖에 없죠. 그리고 또?
9,0,0.0,1.0,2.4,1,자/ (53쪽)/(오십 삼 쪽) (11번)/(십 일 번) 문제 풀어볼까요?,삼 쪽) 일 문제 풀어볼까요?
6,1,0.16666666666666666,1.0,3.2,0,어떤 아이가 이렇게 생각했다는데 이 중에,어떤 아이가 이렇게 생각했다는데 중에
21,0,0.0,0.9411764705882353,2.823529411764706,1,자/ 그런데요 우리가 하려고 하는 건 (137)/(백 삼십 칠) 곱하기 (4)/(사)에 (10배)/(열 배)의 값을 알아보려고 하는 거예요. 왜 이렇게 구분을 했을까요?,그런데요 우리가 하려고 하는 건 삼십 칠) 곱하기 배)의 값을 알아보려고 하는 거예요. 왜 이렇게 구분을 했을까요?
27,2,0.07407407407407407,1.0,3.0476190476190474,0,n/ 그럼 다음 문제 (2번)/(두 번)으로 넘어가 볼게요. 음/ 주어진 가로가 (8CM)/(팔 센티) 세로가 (3센티)/(삼 센티)인 직사각형 모양 조각을 덮으려면 색종이는 모두 (12장)/(열 두 장)이 필요하게 됩니다.,그럼 다음 문제 번)으로 넘어가 볼게요. 주어진 가로가 센티) 세로가 센티)인 직사각형 모양 조각을 덮으려면 색종이는 모두 두 장)이 필요하게 됩니다.
25,1,0.04,1.0,3.3076923076923075,0,n/ (6)/(육) (7)/(칠)은 (42)/(사십 이) (6)/(육) (4)/(사) (24)/(이십 사)해서 (74)/(일흔 네대)가 되는 것입니다. 자/ 여러분 우리 (6월)/(유 월)부터 (11월)/(십 일 월)까지의 판매량이 (74)/(일흔 네 대)입니다.,이) 사)해서 네대)가 되는 것입니다. 여러분 우리 월)부터 일 월)까지의 판매량이 네 대)입니다.
8,1,0.125,1.0,2.5714285714285716,0,n/ 미스 마더는 그를 위해 뭔가 하고 싶었어요.,미스 마더는 그를 위해 뭔가 하고 싶었어요.
6,1,0.16666666666666666,1.0,2.4,0,n/ 그래 야호가 제일 잘하는 거.,그래 야호가 제일 잘하는 거.
21,1,0.047619047619047616,1.0,2.888888888888889,0,n/ 자/ 오른쪽에 있는 요 부분을요 세로의 눈금의 크기를 좀더 자세히 나누어서 (이렇게)/(이르케) 확대해서 그린 것이 바로 왼쪽 그래프가 되는 것이에요.,오른쪽에 있는 요 부분을요 세로의 눈금의 크기를 좀더 자세히 나누어서 확대해서 그린 것이 바로 왼쪽 그래프가 되는 것이에요.
21,0,0.0,1.0,3.0,1,둘레가 (96)/(구십 육) (cm)/(센티미터) 인 직사각형 모양의 입자가 있습니다. 둘레 이렇게 주어졌습니다. 자/ 액자에 가로와 세로의 비가 (7:5)/(칠 대 오) 입니다.,둘레가 육) 인 직사각형 모양의 입자가 있습니다. 둘레 이렇게 주어졌습니다. 액자에 가로와 세로의 비가 대 오) 입니다.
25,1,0.04,0.9565217391304348,3.4782608695652173,0,그렇죠. 비공식적인 말하기상황에서 사용된다고 했습니다. 이 어느 상황에서 사용되는지. 또 어떤 효과. 즉 어떤 좋은 점이 있는지가 자주 출제되니까요. 여러분들 꼭 기억해 두시기 바랍니다. b/,그렇죠. 비공식적인 말하기상황에서 사용된다고 했습니다. 어느 상황에서 사용되는지. 또 어떤 효과. 즉 어떤 좋은 점이 있는지가 자주 출제되니까요. 여러분들 꼭 기억해 두시기 바랍니다.
17,2,0.11764705882352941,0.875,1.875,0,(100)/(백)이 (4개)/(네 개). (10)/(십) 이 (3개)/(세 개) (1)/(일)이 (6개)/(여섯 개) 면 그 수는 어떻게 쓸 수 있다(고요)/(구요)?,개). 개) 개) 면 수는 어떻게 쓸 수
4,1,0.25,1.0,3.3333333333333335,0,n/ 여기는 만점 레스토랑.,여기는 만점 레스토랑.
10,0,0.0,0.75,3.375,1,(A)/(에이) 자동차는 여기에서 (B)/(비) 자동차는 여기에서 똑같이 출발을 할 거예요.,자동차는 여기에서 자동차는 여기에서 똑같이 출발을 할 거예요.
15,0,0.0,1.0,3.1333333333333333,1,그러면 이제 우리 친구들 자신의 이야기를 가지고 그림 그래프를 만들어 보도록 해요. 어떤 이야기인지 궁금하죠?,그러면 이제 우리 친구들 자신의 이야기를 가지고 그림 그래프를 만들어 보도록 해요. 어떤 이야기인지 궁금하죠?
30,0,0.0,1.0,2.8461538461538463,1,자/ 글쓴이가 하려고 하는 말이 무엇인지 쓸 수 있겠지요? 자/ 선생님은* 이렇게 써 봤어요. 자/ 나다움을 키워서 참다운 개성을 갖춘 사람이 되자. 자/ 여기서 잠깐 우리 낱말 뜻 살펴보고 갈게요.,글쓴이가 하려고 하는 말이 무엇인지 쓸 수 있겠지요? 선생님은* 이렇게 써 봤어요. 나다움을 키워서 참다운 개성을 갖춘 사람이 되자. 여기서 잠깐 우리 낱말 뜻 살펴보고 갈게요.
19,3,0.15789473684210525,1.0,3.25,0,"어/ 그 하루가 지난 거예요. 그렇죠 ?하루가 지나서 이튿날 저녁까지도 무대에 올려야 돼요. 그러면 희곡상에서 바로 여기서부터 n/ ,","하루가 지난 거예요. 그렇죠 ?하루가 지나서 이튿날 저녁까지도 무대에 올려야 돼요. 그러면 희곡상에서 바로 여기서부터 ,"
25,0,0.0,1.0,3.111111111111111,1,우와/ 보았더니 응/ 도대체 어떤 수를 넣으면 좋을까요? 당황하지 마세요. 자/ 우리 친구들 우선 먼저 (7)/(칠)과 (9)/(구)가 여기 있으니깐요. 첫 번째 (7)/(칠)과 (9)/(구)를 지워보도록 할게요.,보았더니 도대체 어떤 수를 넣으면 좋을까요? 당황하지 마세요. 우리 친구들 우선 먼저 여기 있으니깐요. 첫 번째 지워보도록 할게요.
28,1,0.03571428571428571,0.7647058823529411,2.588235294117647,0,"이 중에서 가장 큰 수 가 (9)/(구), 다음이 (6)/(육) 다음이 (4)/(사), 다음이 (3)/(삼)이니까요. 가장 큰 (4자릿수)/(네 자릿수) 만들려면 (9)/(구)부터 높은 자리에 적어서 (9)/(구) (6)/(육) (4)/(사), (3)/(삼) 이렇게 되겠네요,","중에서 가장 큰 수 가 다음이 다음이 다음이 가장 큰 자릿수) 만들려면 높은 자리에 적어서 이렇게 되겠네요,"
16,1,0.0625,1.0,2.8,0,"n/ 반장은* 처음이라 다른 친구가 진행할 때 의견만 말했지, 제가 직접 학급 회의를 이끈 적은 없거든요.","반장은* 처음이라 다른 친구가 진행할 때 의견만 말했지, 제가 직접 학급 회의를 이끈 적은 없거든요."
5,0,0.0,1.0,3.6666666666666665,1,다시 (62)/(육십 이)의 (3배)/(세 배)입니다.,다시 이)의 배)입니다.
6,0,0.0,1.0,3.6,1,콩자반은 무슨 음식이다? 조림 음식이다. (알겠죠)/(알겠지요)?,콩자반은 무슨 음식이다? 조림 음식이다.
13,1,0.07692307692307693,1.0,3.0,0,n/ 겪은 일과 관련 지으며 시나 이야기를 읽으면 어떤 점이 좋을까요? 우리 알아봐야겠죠.,겪은 일과 관련 지으며 시나 이야기를 읽으면 어떤 점이 좋을까요? 우리 알아봐야겠죠.
12,0,0.0,1.0,2.8,1,"비, 비의 값이 같아야 된다 이걸 (1번)/(한 번) 기억해 보면서 알아보도록 할게요.","비, 비의 값이 같아야 된다 이걸 기억해 보면서 알아보도록 할게요."
10,1,0.1,1.0,3.111111111111111,0,아니 정말 n/ 토끼가 탈출한 후에 별주부가 용왕은 어떻게 되었을까요?,아니 정말 토끼가 탈출한 후에 별주부가 용왕은 어떻게 되었을까요?
4,2,0.5,1.0,3.0,0,n/ 그럼 저 암호는?,그럼 암호는?
10,1,0.1,1.0,2.6666666666666665,0,이/ 이제 파도 사고 막 하는걸로 봐서 심부름을 하고 있나봐요.,이제 파도 사고 막 하는걸로 봐서 심부름을 하고 있나봐요.
6,0,0.0,1.0,2.8333333333333335,1,그림 다는 친구에게 도와 달라고 말할까?,그림 다는 친구에게 도와 달라고 말할까?
7,0,0.0,1.0,3.3333333333333335,1,그러면 (8)/(팔) 이렇게 쓰지 마시고 단위까지 쓰셔야죠.,그러면 이렇게 쓰지 마시고 단위까지 쓰셔야죠.
21,0,0.0,1.0,3.3333333333333335,1,그래요. (100)/(백)이 (3개)/(세 개)인 수이므로 (300)/(삼백)을 나타내는구나. 이것까지 같이 챙겨 가야겠습니다. 우리 친구들 고개 끄덕이고 있죠? 자 다음 문제 가보도록 할게요.,그래요. 개)인 수이므로 나타내는구나. 이것까지 같이 챙겨 가야겠습니다. 우리 친구들 고개 끄덕이고 있죠? 자 다음 문제 가보도록 할게요.
13,1,0.07692307692307693,1.0,2.7,0,그렇다면 (9)/(구) 분의 (1)/(일)입니다. 그 답을 표현해서 기약분수로 써 넣어 줄 수 있겠네요.,그렇다면 분의 답을 표현해서 기약분수로 써 넣어 줄 수 있겠네요.
15,0,0.0,1.0,3.357142857142857,1,"자/ 이렇게 등장인물의 표정 심리 말투 따위를 지시해주는 말을 우리는 지문이라고 한다는 거예요. 그러니까 배우는,","이렇게 등장인물의 표정 심리 말투 따위를 지시해주는 말을 우리는 지문이라고 한다는 거예요. 그러니까 배우는,"
16,0,0.0,0.9333333333333333,2.466666666666667,1,자/ 오늘의 첫 번째 비법 티켓 기억하면서 우리 힘차게 두 번째 놀이 문제를 향해서 달려가 보죠.,오늘의 첫 번째 비법 티켓 기억하면서 우리 힘차게 두 번째 놀이 문제를 향해서 달려가 보죠.
27,0,0.0,0.8421052631578947,2.789473684210526,1,"육 분의 오의 분모 분자에 각각 (2)/(이)를 곱했더니 어떻게 됐나요? (6)/(육) 곱하기 (2)/(이) 하여 (12)/(십 이), (5)/(오) 곱하기 (2)/(이) 하여 (10)/(십). 십이 분에 십이 되었습니다. 자/ 이번에는,","육 분의 오의 분모 분자에 각각 곱했더니 어떻게 됐나요? 곱하기 하여 이), 곱하기 하여 십이 분에 십이 되었습니다. 이번에는,"
4,0,0.0,1.0,4.666666666666667,1,(20cm)/(이십 센티미터)와 똑같다는 거예요.,센티미터)와 똑같다는 거예요.
6,0,0.0,1.0,3.0,1,계수 나무 계단으로 올라가 옥토끼를 만나면,계수 나무 계단으로 올라가 옥토끼를 만나면
11,0,0.0,1.0,2.6666666666666665,1,자/ 이런 문장들의 끝맺음은 문장 부호와 관계가 있다는 것을 꼭 (알아두고요)/(알아두구요).,이런 문장들의 끝맺음은 문장 부호와 관계가 있다는 것을 꼭
3,0,0.0,1.0,4.5,1,자/ 끼리끼리 어울려서.,끼리끼리 어울려서.
13,1,0.07692307692307693,1.0,3.090909090909091,0,n/ 아까 꼭꼭이가 배고프대서 만두 (12개)/(열 두 개)를 줬는데 친구들과 잘 나눠먹고 있으려나?,아까 꼭꼭이가 배고프대서 만두 두 개)를 줬는데 친구들과 잘 나눠먹고 있으려나?
25,0,0.0,1.0,3.0,1,바로 이와 같이 나머지가 있는 나눗셈을 응용문제를 풀다 보면요. 우리 친구들 대부분이오. 계산은 잘 해 놓고서 나중에 나머지를 어떻게 처리해야 할지 고민에 빠지는 경우가 있어요.,바로 이와 같이 나머지가 있는 나눗셈을 응용문제를 풀다 보면요. 우리 친구들 대부분이오. 계산은 잘 해 놓고서 나중에 나머지를 어떻게 처리해야 할지 고민에 빠지는 경우가 있어요.
24,0,0.0,1.0,3.111111111111111,1,"다음은요. (45)/(사십 오) 나누기 (9)/(구)하면 어떻게 해요. 네, (9)/(구) 곱하기 네모는 (45)/(사십 오). 네모 안에는 (45)/(사십 오)가 되는 수 얼마가 들어갈까요? 그렇죠 (5)/(오)가 들어갑니다.","다음은요. 오) 나누기 어떻게 해요. 네, 곱하기 네모는 오). 네모 안에는 오)가 되는 수 얼마가 들어갈까요? 그렇죠 들어갑니다."
3,1,0.3333333333333333,1.0,2.0,0,n/ 먹는 밤.,먹는 밤.
22,0,0.0,1.0,2.8636363636363638,1,물론 이밖에도 글쓴이가 어떤 모습의 선생님이 되고 싶어하는지 글의 내용을 정리해서 썼다면 정답이 될 수 있을 거예요. 여러분 스스로 정리 잘 해보세요.,물론 이밖에도 글쓴이가 어떤 모습의 선생님이 되고 싶어하는지 글의 내용을 정리해서 썼다면 정답이 될 수 있을 거예요. 여러분 스스로 정리 잘 해보세요.
5,0,0.0,1.0,3.8,1,이어서 선생님과 글 읽어보도록 하겠습니다.,이어서 선생님과 글 읽어보도록 하겠습니다.
12,1,0.08333333333333333,0.9090909090909091,3.5454545454545454,0,n/ 나는 이때처럼 사람을 간절하게 그리워해본 적은 없었고 이때처럼 아쉬워한 적도 없었습니다.,나는 이때처럼 사람을 간절하게 그리워해본 적은 없었고 이때처럼 아쉬워한 적도 없었습니다.
6,1,0.16666666666666666,1.0,3.6,0,n/ 센 보는 으름장을 놓으며 나가버렸습니다.,센 보는 으름장을 놓으며 나가버렸습니다.
15,0,0.0,0.8666666666666667,2.7333333333333334,1,벌 벌이 뭐라고요? 친다 베어낸다 라는 뜻이에요. 즉 나무를 벤다. 산이나 숲에 있는 나무를 벤다.,벌 벌이 뭐라고요? 친다 베어낸다 라는 뜻이에요. 즉 나무를 벤다. 산이나 숲에 있는 나무를 벤다.
20,0,0.0,1.0,2.9411764705882355,1,물론 마주 보는 각의 크기도 (같고요)/(같구요) 이웃한 (2각)/(두 각)의 합이 (180도)/(백 팔십 도)예요. 그렇지만 이문제는 변의 길이에 관련한 문제이기 때문에.,물론 마주 보는 각의 크기도 이웃한 각)의 합이 팔십 도)예요. 그렇지만 이문제는 변의 길이에 관련한 문제이기 때문에.
4,0,0.0,1.0,4.333333333333333,1,(5)/(오)라고 정답을 적어주면 되겠습니다.,정답을 적어주면 되겠습니다.
13,1,0.07692307692307693,1.0,3.1666666666666665,0,그 모양이나 크기가 아주 똑같지 그래야 이런 것들을 보고 우리는 합동이라고 말하는 거예요.1,모양이나 크기가 아주 똑같지 그래야 이런 것들을 보고 우리는 합동이라고 말하는 거예요.1
11,1,0.09090909090909091,1.0,3.6666666666666665,0,그리고 서술형 문제는 (어떻게)/(어터케) 해결하면 좋은지 그 해결의 방법도 살펴보도록 하겠습니다.,그리고 서술형 문제는 해결하면 좋은지 해결의 방법도 살펴보도록 하겠습니다.
14,0,0.0,0.6666666666666666,3.3333333333333335,1,잠깐만 (2A)/(이 에이) (4)/(네)제곱 (A)/(에이) (4)/(네)제곱하면 (3A)/(삼 에이) (4)/(네)제곱이잖아 그러니까(3A)/(삼 에이) (4)/(네)제곱 이렇게 없어지고요,잠깐만 에이) 에이) 에이) 이렇게 없어지고요
6,0,0.0,1.0,4.166666666666667,1,네로의 재능을 알아본 미술대회 심사위원도 찾아오는데요?,네로의 재능을 알아본 미술대회 심사위원도 찾아오는데요?
30,2,0.06666666666666667,0.9230769230769231,2.8846153846153846,0,n/ (2.8)/(이 점 팔) 을 넣어주고 (0.4)/(영 점 사) 를 넣어줍니다. 지금부터 여러분들이 떠올려야 하는 중요한 사실 바로 무엇이냐 바로 n/ 소수점을 옮길 때는 공평하고 평등하게 옮겨 주어야 한다는 것입니다.,점 팔) 을 넣어주고 점 사) 를 넣어줍니다. 지금부터 여러분들이 떠올려야 하는 중요한 사실 바로 무엇이냐 바로 소수점을 옮길 때는 공평하고 평등하게 옮겨 주어야 한다는 것입니다.
33,0,0.0,0.8076923076923077,2.3076923076923075,1,자/ (4)/(사) 와 (7)/(칠)의 크기를 비교해 볼까요? 자/ 어떤 수가 더 큰 수일까요? 더 뒤에 있는 수 누구인가요? 바로 (7)/(칠)이 더 큰 수가 되는 거겠죠. (1)/(일) 번 문제의 답 이렇게 쓸 수 있겠네요.,와 크기를 비교해 볼까요? 어떤 수가 더 큰 수일까요? 더 뒤에 있는 수 누구인가요? 바로 더 큰 수가 되는 거겠죠. 문제의 답 이렇게 쓸 수 있겠네요.
9,2,0.2222222222222222,1.0,4.0,0,"n/ 준비된 배우, 이 글냥이에게 햄릿의 클로디어스 역을 맡겨주신다면,","준비된 배우, 글냥이에게 햄릿의 클로디어스 역을 맡겨주신다면,"
19,0,0.0,1.0,3.3636363636363638,1,또 (9)/(구)빼기 (3)/(삼)이 보이네요. 그렇다면 (9)/(구)는 (3)/(삼)과 (6)/(육)으로 가르기 됩니다라는 걸 이용하여 (9)/(구)빼기 (3)/(삼)은 (6)/(육)과 같습니다라고 나타낼 줄 겁니다.,또 보이네요. 그렇다면 가르기 됩니다라는 걸 이용하여 같습니다라고 나타낼 줄 겁니다.
7,1,0.14285714285714285,1.0,2.8333333333333335,0,n/ 까만 비닐 봉지만 썰렁썰렁 몰고 다닌다.,까만 비닐 봉지만 썰렁썰렁 몰고 다닌다.
15,1,0.06666666666666667,0.8,3.6,0,아니면 떠오르는 영화의 내용에 해당하나요? 네/ 맞죠 네/ n/ (2번)/(이 번) 떠오르는 영화 내용에 해당합니다.,아니면 떠오르는 영화의 내용에 해당하나요? 맞죠 떠오르는 영화 내용에 해당합니다.
10,0,0.0,1.0,3.0,1,"일어날 경우의 수, 이것이 바로 확률이라고 했습니다. 그러면 우리 일단","일어날 경우의 수, 이것이 바로 확률이라고 했습니다. 그러면 우리 일단"
2,1,0.5,1.0,5.0,0,n/ 무서워요.,무서워요.
7,1,0.14285714285714285,1.0,2.8333333333333335,0,한옥을 만들 때 뼈대가 바로 이렇답니다. 어/,한옥을 만들 때 뼈대가 바로 이렇답니다.
2,0,0.0,1.0,4.0,1,그려 보겠습니까.,그려 보겠습니까.
20,1,0.05,0.8823529411764706,3.1176470588235294,0,n/ 마지막으로는 몫이 (1)/(일)보다 작은 그러니까 (0.)/(영 점) 얼마 얼마 이렇게 나오는 결과가 나오는 그러한 나눗셈에 대해 공부해 보도록 하겠습니다.,마지막으로는 몫이 작은 그러니까 점) 얼마 얼마 이렇게 나오는 결과가 나오는 그러한 나눗셈에 대해 공부해 보도록 하겠습니다.
10,0,0.0,1.0,2.7777777777777777,1,자/ 그럼 이러한 큰 수의 덧셈과 뺄셈은 어떤 경우에 필요할까요.,그럼 이러한 큰 수의 덧셈과 뺄셈은 어떤 경우에 필요할까요.
9,1,0.1111111111111111,1.0,2.25,0,작은 세면대에 있는 물은 이 바가지로 퍼 낸 것과,작은 세면대에 있는 물은 바가지로 퍼 낸 것과
12,1,0.08333333333333333,1.0,2.6363636363636362,0,"숨어있다 란 뜻 이에요. 그럼 어디에 이 말이 숨어 있을까요. 네. 바로,","숨어있다 란 뜻 이에요. 그럼 어디에 말이 숨어 있을까요. 네. 바로,"
14,0,0.0,1.0,3.7857142857142856,1,바로 봄에 한랭건조한 시베리아 고기압이 일시적으로 성장함으로써 북서 계절풍이 불어와서 기온이 내려가는 현상을 뜻합니다.,바로 봄에 한랭건조한 시베리아 고기압이 일시적으로 성장함으로써 북서 계절풍이 불어와서 기온이 내려가는 현상을 뜻합니다.
21,1,0.047619047619047616,1.0,3.0526315789473686,0,"그래요 자/ 우리 친구들 앞으로 되어 여러분의 이야기와 함께 수학 게시판에 아하 퍼즐을 풀어라라고 하는 그제목으로 이/퍼즐뒤에 어떤 그림이 숨겨져 있는지,","그래요 우리 친구들 앞으로 되어 여러분의 이야기와 함께 수학 게시판에 아하 퍼즐을 풀어라라고 하는 그제목으로 어떤 그림이 숨겨져 있는지,"
14,0,0.0,1.0,3.0,1,자/ 전체 학생이 네모 명이고 여학생이 세모 명이라면 남학생은 네모에서 세모를 뺀 명수가 되겠죠.,전체 학생이 네모 명이고 여학생이 세모 명이라면 남학생은 네모에서 세모를 뺀 명수가 되겠죠.
12,1,0.08333333333333333,1.0,3.0,0,여기가 바로 (1개)/(한 개) 쌓여서 (1층)/(일 층) 이 되겠죠. 자/ 그렇다면 보세요.,여기가 바로 개) 쌓여서 층) 되겠죠. 그렇다면 보세요.
7,0,0.0,1.0,1.75,1,(14)/(십 사) 에서 (9)/(구) 를 빼면 (5)/(오).,사) 에서 를 빼면
8,2,0.25,1.0,2.25,0,n/ l/ 빨리 그 날이 꼭 왔으면. l/.,빨리 날이 꼭 왔으면.
18,1,0.05555555555555555,1.0,2.6470588235294117,0,맞아요. n/ 친구가 박물관에 가서 내가 몰랐던 물건 즉 새로 알게 된 물건을 친구에게 설명해 주고 있는 상황이죠.,맞아요. 친구가 박물관에 가서 내가 몰랐던 물건 즉 새로 알게 된 물건을 친구에게 설명해 주고 있는 상황이죠.
6,1,0.16666666666666666,1.0,3.8,0,우리는 이 점대칭도형의 둘레 알고 있으니까요.,우리는 점대칭도형의 둘레 알고 있으니까요.
3,0,0.0,1.0,2.3333333333333335,1,라 라라라라 라락,라 라라라라 라락
7,0,0.0,1.0,2.5714285714285716,1,선생님 그럼 빨리 다른 법칙들도 배워 봐요.,선생님 그럼 빨리 다른 법칙들도 배워 봐요.
12,0,0.0,1.0,3.090909090909091,1,"그죠. 자/ 이런 것들 꽃 종류를 써주면 되겠죠. 개나리꽃, 개나리꽃이 많이 나오네.","그죠. 이런 것들 꽃 종류를 써주면 되겠죠. 개나리꽃, 개나리꽃이 많이 나오네."
6,1,0.16666666666666666,1.0,4.2,0,"n/ 바람둥이 제우스가 사랑했던 여자들을 질투해서,","바람둥이 제우스가 사랑했던 여자들을 질투해서,"
14,0,0.0,1.0,3.3846153846153846,1,먼저 우리 이렇게 복잡한 문제의 경우에는 선생님이 (어떻게)/(어뜨케) 풀어야 한다고 했는지 기억하고있는 친구들이 있나요?,먼저 우리 이렇게 복잡한 문제의 경우에는 선생님이 풀어야 한다고 했는지 기억하고있는 친구들이 있나요?
11,1,0.09090909090909091,1.0,2.4285714285714284,0,"n/ (ㄴ)/(니은)이 (ㄹ)/(리을)로 바뀌어서 날로, 이렇게 소리 내는 것이 더 편리(하고요)/(하구요),","바뀌어서 날로, 이렇게 소리 내는 것이 더"
11,0,0.0,1.0,3.090909090909091,1,조금 아쉬운 마음이 드는데 그래도 우리 친구들 할머니 할아버지께 잘 해드리세요.,조금 아쉬운 마음이 드는데 그래도 우리 친구들 할머니 할아버지께 잘 해드리세요.
12,0,0.0,0.9166666666666666,3.1666666666666665,1,우리 친구들 중에 자색고구마 먹어본 친구들 있으면 수강후기 게시판에 소감을 좀 적어주세요,우리 친구들 중에 자색고구마 먹어본 친구들 있으면 수강후기 게시판에 소감을 좀 적어주세요
31,2,0.06451612903225806,0.92,3.16,0,"이 내용은 과연 무엇이 중요할까요? 마찬가지로 (3묶음)/(세 묶음) 중에 (1묶음)/(한 묶음) (3묶음)/(세 묶음)중 (2묶음)/(두 묶음) 여러분들이 이 문제를 보고 이게 무슨 뜻인지 아는 것이 중요해요. 그럼 하나 더 연습해보도록 할게요 이번에는,","내용은 과연 무엇이 중요할까요? 마찬가지로 묶음) 중에 묶음) 묶음)중 묶음) 여러분들이 문제를 보고 이게 무슨 뜻인지 아는 것이 중요해요. 그럼 하나 더 연습해보도록 할게요 이번에는,"
38,2,0.05263157894736842,0.9705882352941176,2.911764705882353,0,이런 상황입니다. 자/ 지금 어떤 상황인지 알겠죠? 여기에 단서는 u/이라는 친구가 바로 이 북한 이탈 주민 학생이라는 걸 알 수 있어요. 그런데 이 친구가 사용한 용어 중에 여러분도 딱 주목되는 어휘가 있죠. 선생질이라는 겁니다. 이거 아까 우리 공부했어요.,이런 상황입니다. 지금 어떤 상황인지 알겠죠? 여기에 단서는 친구가 바로 북한 이탈 주민 학생이라는 걸 알 수 있어요. 그런데 친구가 사용한 용어 중에 여러분도 딱 주목되는 어휘가 있죠. 선생질이라는 겁니다. 이거 아까 우리 공부했어요.
2,0,0.0,1.0,4.0,1,준비운동부터 하자,준비운동부터 하자
5,0,0.0,1.0,2.75,1,자/ 그럼 붙였어요. 두 번째.,그럼 붙였어요. 두 번째.
25,0,0.0,0.7647058823529411,3.2941176470588234,1,자/ 약분에서 나타내도 돼요. (2)/(이)로 약분하면 얼마? (5)/(오) 분의 (3)/(삼). 이렇게 나타내도 되구요. 자/ 소수로 나타내면요. (10)/(십) 분의 (6)/(육)을 소수로 나타내면 얼마? (0.6)/(영 쩜 육).,약분에서 나타내도 돼요. 약분하면 얼마? 분의 이렇게 나타내도 되구요. 소수로 나타내면요. 분의 소수로 나타내면 얼마? 쩜 육).
8,0,0.0,0.8333333333333334,2.3333333333333335,1,(5 분의 1)/(오 분의 일)을 계산해 주면 (되고요)/(되구요).,(5 분의 분의 일)을 계산해 주면
11,0,0.0,1.0,3.3,1,자/ 그러면 이때까지 정말 복잡해 보이지만 다양한 모양들을 함께 만들어 봤는데요.,그러면 이때까지 정말 복잡해 보이지만 다양한 모양들을 함께 만들어 봤는데요.
16,2,0.125,1.0,2.7857142857142856,0,이렇게 이 친구는 이 책을 읽고 지금 우리 사회의 문제점에 대해서도 잘 생각해 보고 글을 써주셨네요.,이렇게 친구는 책을 읽고 지금 우리 사회의 문제점에 대해서도 잘 생각해 보고 글을 써주셨네요.
8,0,0.0,1.0,3.75,1,"내가 누굴까요? 그렇죠, 한지가 되겠죠. 어떻게 만들어지는지 아니?","내가 누굴까요? 그렇죠, 한지가 되겠죠. 어떻게 만들어지는지 아니?"
23,0,0.0,0.8947368421052632,3.6315789473684212,1,"짜자잔/ 종이컵이에요. 선생님은 (2가지)/(두 가지) 색깔의 종이컵을 준비했는데, 우리 친구들은 어떤 색의 종이컵을 준비해 왔을까요? 이렇게 종이컵까지 준비를 했(고요)/(구요) (3가지)/(세 가지) 물건이 모두,","종이컵이에요. 선생님은 가지) 색깔의 종이컵을 준비했는데, 우리 친구들은 어떤 색의 종이컵을 준비해 왔을까요? 이렇게 종이컵까지 준비를 가지) 물건이 모두,"
15,2,0.13333333333333333,0.9166666666666666,2.5833333333333335,0,n/ 그리고 나서 이 점 과 변의 한쪽 끝을 연결을 해주겠습니다 자/이렇게 연결을 해 주었습니다,그리고 나서 점 과 변의 한쪽 끝을 연결을 해주겠습니다 연결을 해 주었습니다
18,0,0.0,1.0,3.125,1,모두가 기다리는 즐거운 방학. 하지만 언젠가는 끝이 나는 방학 이책을 읽으면서 방학의 의미도 (하나)/(한) 번 생각해보는 것이 좋겠죠.,모두가 기다리는 즐거운 방학. 하지만 언젠가는 끝이 나는 방학 이책을 읽으면서 방학의 의미도 생각해보는 것이 좋겠죠.
28,1,0.03571428571428571,1.0,2.652173913043478,0,"어/ 물론, 선생님 저는 b/ 둘 다 준비가 안 됐어요. 하는 친구들도 b/ 그냥 선생님과 함께 같이 수업 참여하면 되는 거예요. b/ 자/ 그리고 두 번째, 중요하다고 했죠?","물론, 선생님 저는 둘 다 준비가 안 됐어요. 하는 친구들도 그냥 선생님과 함께 같이 수업 참여하면 되는 거예요. 그리고 두 번째, 중요하다고 했죠?"
5,0,0.0,1.0,3.25,1,그렇다면 (4)/(사)는 어떻게 쓰는 걸까요?,그렇다면 어떻게 쓰는 걸까요?
17,2,0.11764705882352941,1.0,3.1333333333333333,0,그 다음에 세 번째로는 내가 그 책을 읽을 것인지 판단하는데 도움을 준다는+ 준다라는 사실을 꼭 기억하시길 바랍니다.,다음에 세 번째로는 내가 책을 읽을 것인지 판단하는데 도움을 준다는+ 준다라는 사실을 꼭 기억하시길 바랍니다.
2,0,0.0,1.0,6.0,1,자/ 짝꿍이에요.,짝꿍이에요.
4,1,0.25,1.0,2.3333333333333335,0,"n/ 음, 무슨 소리.","음, 무슨 소리."
8,0,0.0,1.0,2.5714285714285716,1,"자/ 그래서 하고 싶은 말이 뭡니까 라고 했더니,","그래서 하고 싶은 말이 뭡니까 라고 했더니,"
8,0,0.0,1.0,3.5714285714285716,1,그래요. 요기 친구들이 이렇게 구슬 목걸일 만들었는데요. b/,그래요. 요기 친구들이 이렇게 구슬 목걸일 만들었는데요.
3,1,0.3333333333333333,1.0,2.0,0,"네, n/ 이.","네, 이."
36,0,0.0,0.78125,2.40625,1,지금 오전 (10시)/(열 시)부터 오전 다음날 오전 (10시)/(열 시) 까지니까 여러분 이건 잘 생각해 봐야 돼요 여러분들이 집에서 시계를 놔둘 때 오전 (10시)/(열 시)가 있고 다음날 오전 (10시)/(열 시)가 돼요 그럼 총 몇 시간이 지난 거죠.,지금 오전 시)부터 오전 다음날 오전 시) 까지니까 여러분 이건 잘 생각해 봐야 돼요 여러분들이 집에서 시계를 놔둘 때 오전 시)가 있고 다음날 오전 시)가 돼요 그럼 총 몇 시간이 지난 거죠.
3,0,0.0,1.0,3.0,1,"여기 있네요, 야영.","여기 있네요, 야영."
4,1,0.25,1.0,3.3333333333333335,0,"이 문제, 해결해 봅시다.","문제, 해결해 봅시다."
9,1,0.1111111111111111,1.0,5.0,0,"누구께서? n/ 세종대왕님께서, 한글을 만들어주셔서 다행이라고 생각했다. 적어주면 좋겠죠.","누구께서? 세종대왕님께서, 한글을 만들어주셔서 다행이라고 생각했다. 적어주면 좋겠죠."
9,0,0.0,0.8888888888888888,2.4444444444444446,1,붙임 딱지의 수 가 되겠죠 연우 붙임 딱지라고 쓸게요.,붙임 딱지의 수 가 되겠죠 연우 붙임 딱지라고 쓸게요.
11,0,0.0,1.0,2.727272727272727,1,이런 문제들은 여러분이 본문을 잘 읽어보면 답을 쉽게 찾을 수 있습니다.,이런 문제들은 여러분이 본문을 잘 읽어보면 답을 쉽게 찾을 수 있습니다.
10,1,0.1,1.0,2.375,0,저/ 여러분 우리 호랑이 새끼들 다 이제/ 온 것 같으니까.,여러분 우리 호랑이 새끼들 다 온 것 같으니까.
8,0,0.0,1.0,2.857142857142857,1,큰일 났어요. l/ 이제 하필 기동이를 만난 거예요.,큰일 났어요. 이제 하필 기동이를 만난 거예요.
4,0,0.0,1.0,3.3333333333333335,1,자/ 그럼 이어서 읽을까요?,그럼 이어서 읽을까요?
5,1,0.2,1.0,3.0,0,자/ 이번엔 n/ 두 번째는요.,이번엔 두 번째는요.
9,1,0.1111111111111111,1.0,2.5714285714285716,0,n/ 이웃 하지 않은 (2)/(두) 꼭지점을 이은 선분을 대각선,이웃 하지 않은 꼭지점을 이은 선분을 대각선
16,0,0.0,0.9375,3.0,1,잃어버리지 않도록 지우개나 다른 물건들에 자기 이름 꼭 꼭 써놓으세요 그래야 선생님이 여러분에게 찾아줄 수 있거든,잃어버리지 않도록 지우개나 다른 물건들에 자기 이름 꼭 꼭 써놓으세요 그래야 선생님이 여러분에게 찾아줄 수 있거든
5,1,0.2,1.0,2.25,0,n/ 난 교실에 오면 좋아.,난 교실에 오면 좋아.
12,1,0.08333333333333333,1.0,3.4545454545454546,0,이 시를 읽으니까 선생님 떡볶이가 너무 먹고싶어요. 오늘의 점심 메뉴는 떡볶이로 정했어요.,시를 읽으니까 선생님 떡볶이가 너무 먹고싶어요. 오늘의 점심 메뉴는 떡볶이로 정했어요.
22,0,0.0,0.9523809523809523,2.9523809523809526,1,(4번)/(사 번). 저수지를 만드는 데 매우 많은 돈이 필요합니다. 돈이 많이 든다는 것도 부정적인 영향입니다. 역시 찬성 의견에 대한 알맞은 근거가 아닙니다.,번). 저수지를 만드는 데 매우 많은 돈이 필요합니다. 돈이 많이 든다는 것도 부정적인 영향입니다. 역시 찬성 의견에 대한 알맞은 근거가 아닙니다.
24,1,0.041666666666666664,0.9,3.1,0,(그렇담)/(그렇탐) n/ 여기 몫의 소수점 위치를 확인해 볼까요? 또다른 개념도 알려줄게요. 여기서는 (26.8)/(이십 육 쩜 팔) 나누기 (5)/(오)를 어림하여 몫의 소수점 위치 확인하기라고 했습니다.,여기 몫의 소수점 위치를 확인해 볼까요? 또다른 개념도 알려줄게요. 여기서는 육 쩜 팔) 나누기 어림하여 몫의 소수점 위치 확인하기라고 했습니다.
3,0,0.0,1.0,3.0,1,"자/ 이번에 (ㄷ)/(디귿),",이번에
8,0,0.0,1.0,2.5714285714285716,1,오늘은 국어는 하지 (않고요)/(않구요). 국어 활동만 할 겁니다.,오늘은 국어는 하지 국어 활동만 할 겁니다.
4,0,0.0,1.0,3.0,1,그건 어묵이란 말이 있잖냐.,그건 어묵이란 말이 있잖냐.
11,0,0.0,1.0,2.7,1,(5)/(오)와(9)/(구)에 비해서 어떤가요 바깥쪽이 있죠 그래서 우리는 바깥 외 자를 써서.,비해서 어떤가요 바깥쪽이 있죠 그래서 우리는 바깥 외 자를 써서.
6,0,0.0,1.0,4.4,1,자/ 이렇게해서 오늘의 모든 문제까지 풀어보았습니다.,이렇게해서 오늘의 모든 문제까지 풀어보았습니다.
4,0,0.0,1.0,3.75,1,개울가 맞습니다. 네 정답입니다.,개울가 맞습니다. 네 정답입니다.
16,2,0.125,1.0,2.857142857142857,0,이 n/ 님이 이렇게 나와있으니 금방 풀어 본 문제와 관련된 문장의 종류에 대해서 잠깐 짚어주도록 하지.,님이 이렇게 나와있으니 금방 풀어 본 문제와 관련된 문장의 종류에 대해서 잠깐 짚어주도록 하지.
37,2,0.05405405405405406,0.9354838709677419,2.6774193548387095,0,그러면 요기 (4번)/(사 번)을 풀 수 있나 없나 한번 봅시다. 요+ 요거 할수 있겠습니다. 자/ 빨리 해보세요 각도를 더 잘 어림한 사람은 누굽니까 요걸 가지고 n/ 친구는 (100도)/(백 도)로 어림했고요 n/ 친구는 (150도)/(백 오십 도)로 어림 했어요.,그러면 요기 번)을 풀 수 있나 없나 한번 봅시다. 요+ 요거 할수 있겠습니다. 빨리 해보세요 각도를 더 잘 어림한 사람은 누굽니까 요걸 가지고 친구는 도)로 어림했고요 친구는 오십 도)로 어림 했어요.
18,1,0.05555555555555555,1.0,2.909090909090909,0,자/ 우리 여기 (1)/(일)부터 (10)/(십)까지의 수를 b/ 이 수판에 놓여진 구슬을 직접 (2)/(둘)씩 짝을 지으면서 살펴보도록 할게요. b/,우리 여기 수를 수판에 놓여진 구슬을 직접 짝을 지으면서 살펴보도록 할게요.
23,0,0.0,0.95,2.5,1,"자/ 시우 영재 유빈이가 좋아하는 색은요. 빨강 노랑 파랑 중 (1)/(하나)로 각자 좋아하는 색이 모두 다 달라요.(이러한)/(요로한) 조건일 때 표를 드려서 해결을 하는데,","시우 영재 유빈이가 좋아하는 색은요. 빨강 노랑 파랑 중 각자 좋아하는 색이 모두 다 조건일 때 표를 드려서 해결을 하는데,"
10,1,0.1,1.0,2.5555555555555554,0,n/ 그러면 우리는 밝은 얼굴로 다음 시간에 또 만나요 안녕.,그러면 우리는 밝은 얼굴로 다음 시간에 또 만나요 안녕.
6,0,0.0,1.0,3.0,1,날씨도 해가 쨍쨍한 날이었나 봐요. b/,날씨도 해가 쨍쨍한 날이었나 봐요.
30,0,0.0,0.9166666666666666,2.7916666666666665,1,"자/ (원주율은요)/(원주율은여). 소수점 아래 수가 무수히 많은 딱 나누어 떨어지지 않는 수입니다. 그래서 문제에서 원주율이 (3.14)/(삼 쩜 일 사)인지 (3.1)/(삼 쩜 일)인지 (3)/(삼)인지 주어져 있는 경우가 (많아요)/(많아여). 그래서 우리 친구들이,","소수점 아래 수가 무수히 많은 딱 나누어 떨어지지 않는 수입니다. 그래서 문제에서 원주율이 쩜 일 사)인지 쩜 일)인지 주어져 있는 경우가 그래서 우리 친구들이,"
10,3,0.3,0.8571428571428571,2.857142857142857,0,n/ 이 핑계 저 핑계 모두 소용없어. 아프다고 엉엉 울면.,핑계 핑계 모두 소용없어. 아프다고 엉엉 울면.
19,0,0.0,0.9411764705882353,2.823529411764706,1,자/ 잘 들으셨나요? 글을 듣고 글을 읽으면서 글쓴이 주장이 무엇인지 알 수 있나요? 자/ 여기서 잠깐 우리 생각을 해볼게요.,잘 들으셨나요? 글을 듣고 글을 읽으면서 글쓴이 주장이 무엇인지 알 수 있나요? 여기서 잠깐 우리 생각을 해볼게요.
17,0,0.0,0.9375,2.75,1,자/ 이렇게 오늘은 첫 번째 비법 티켓까지 공부해 봤는데요 두 번째 놀이 문제를 향해서 힘차게 달려 나가볼까요.,이렇게 오늘은 첫 번째 비법 티켓까지 공부해 봤는데요 두 번째 놀이 문제를 향해서 힘차게 달려 나가볼까요.
11,0,0.0,1.0,2.5555555555555554,1,자/ 이제 (3등)/(삼 등)이 가져가는 귤의 수 이렇게 적을 수가 있겠죠.,이제 등)이 가져가는 귤의 수 이렇게 적을 수가 있겠죠.
30,0,0.0,0.96,2.88,1,(20분)/(이십 분) 만큼이 더 있는 거예요. 사과 잼을 만드는데(1시간)/(한 시간) (20분)/(이십 분)만큼이 걸렸다는 뜻이겠죠. 그런데 이것을 (1시간)/(한 시간)(20분)/(이십 분) 분이 아니라 그냥 몇 분으로도 나타낼 수 있어요. 어떻게 나타내면 될까요?,분) 만큼이 더 있는 거예요. 사과 잼을 시간) 분)만큼이 걸렸다는 뜻이겠죠. 그런데 이것을 분) 분이 아니라 그냥 몇 분으로도 나타낼 수 있어요. 어떻게 나타내면 될까요?
15,1,0.06666666666666667,1.0,3.3333333333333335,0,자/ 그러+ 그러면 다른 어/ 금속에는 무엇이 있을까? 칼슘이 있네요. 자/ 칼슘은요. 어떤 역할을 할까요?,그러+ 그러면 다른 금속에는 무엇이 있을까? 칼슘이 있네요. 칼슘은요. 어떤 역할을 할까요?
3,1,0.3333333333333333,1.0,6.0,0,n/ 노랑애벌레가 말했습니다.,노랑애벌레가 말했습니다.
25,1,0.04,0.9523809523809523,2.761904761904762,0,o/ 아/ 그렇네요. 그렇다면 우리가 시험이라는 글감으로 글 요리를 하기 전에 어떤 내용을 어떤 순서로 쓸 것인지 (1번)/(한 번) 정리를 해보는 것도 좋을 것 같아요.,그렇네요. 그렇다면 우리가 시험이라는 글감으로 글 요리를 하기 전에 어떤 내용을 어떤 순서로 쓸 것인지 정리를 해보는 것도 좋을 것 같아요.
9,1,0.1111111111111111,1.0,2.5714285714285716,0,"어/ (8.43)/(팔 점 사 삼)이 되겠죠? 그래서 괄호 안에는,","점 사 삼)이 되겠죠? 그래서 괄호 안에는,"
10,0,0.0,1.0,3.1,1,"네, 위쪽을 북쪽, 아래쪽을 남쪽, 오른쪽 동쪽, 왼쪽 서쪽 기억하시면서","네, 위쪽을 북쪽, 아래쪽을 남쪽, 오른쪽 동쪽, 왼쪽 서쪽 기억하시면서"
26,3,0.11538461538461539,0.7857142857142857,2.642857142857143,0,(5)/(오) 곱하기 (5)/(오)는 (25)/(이십 오) n/ 제곱 (m)/(미터)가 (되고요)/(되구요) 다음 n/ 나 직사각형은요 가로 곱하기 세로 그래서 (7)/(칠) 곱하기 (2)/(이)는 (14)/(십 사) n/ 제곱 (m)/(미터)가 됩니다.,곱하기 오) 제곱 다음 나 직사각형은요 가로 곱하기 세로 그래서 곱하기 사) 제곱 됩니다.
3,0,0.0,1.0,3.6666666666666665,1,같이 동그라미 해볼께요.,같이 동그라미 해볼께요.
18,0,0.0,0.9230769230769231,2.8461538461538463,1,"자/ (5870)/(오천 팔백 칠십) 그리고 (5825)/(오천 팔백 이십 오), (1999)/(천 구백 구십 구). (1000)/(천)의 자리 수부터 비교해보니깐요, 예.","팔백 칠십) 그리고 팔백 이십 오), 구백 구십 구). 자리 수부터 비교해보니깐요, 예."
9,1,0.1111111111111111,1.0,3.3333333333333335,0,n/ (O)/(오) (X)/(엑스)중에 선택해서 수강 후기에 많이+ 많이 남겨주세요.,선택해서 수강 후기에 많이+ 많이 남겨주세요.
9,0,0.0,1.0,3.0,1,자/ 어떤가요? 우리글을 쓸 때만의 문제만은 아닌 것 같네요.,어떤가요? 우리글을 쓸 때만의 문제만은 아닌 것 같네요.
1,0,0.0,0.0,0.0,1,(5)/(오)는,
18,1,0.05555555555555555,1.0,3.3076923076923075,0,n/ 제 (2)/(이)강 다음 시간에는요. (1)/(일)단원 마무리를 하고요. (2)/(이) 단원도 원기둥과 원뿔 단원 (1번째)/(첫 번째) 시간 들어가는 시간입니다.,제 다음 시간에는요. 마무리를 하고요. 단원도 원기둥과 원뿔 단원 번째) 시간 들어가는 시간입니다.
23,0,0.0,1.0,2.4285714285714284,1,어떤 수 가에다가 (4)/(사)를 곱한 다음에 (2)/(이)를 더했을 때 (9)/(구)가 되는 수가 뭐가 있어요? 가의 값 (4)/(사) (1)/(일)은 (4)/(사) (4)/(사) (2)/(이) (8)/(팔) 그렇지요.,어떤 수 가에다가 곱한 다음에 더했을 때 되는 수가 뭐가 있어요? 가의 값 그렇지요.
25,1,0.04,0.9411764705882353,3.3529411764705883,0,자/ n/ (1)/(일) (plus 2)/(플러스 이)의 제곱인데. 이렇게 적지 말고. 요/ 모양이 살도록 한번 적어볼게 그럼 어떻게 되냐면? (1)/(일) (plus 2)/(플러스 이)제곱 분의 (1)/(일) 됩니다.,(plus 이)의 제곱인데. 이렇게 적지 말고. 모양이 살도록 한번 적어볼게 그럼 어떻게 되냐면? (plus 이)제곱 분의 됩니다.
7,0,0.0,1.0,3.2857142857142856,1,또 설상가상이다. 이런 말을 사용할 수가 있겠습니다.,또 설상가상이다. 이런 말을 사용할 수가 있겠습니다.
13,1,0.07692307692307693,1.0,2.9166666666666665,0,그리고 이 식이 간단해지면 여러분들 조건에 맞는 자연수 찾아 주기만 하면 되는 거예요.,그리고 식이 간단해지면 여러분들 조건에 맞는 자연수 찾아 주기만 하면 되는 거예요.
16,1,0.0625,1.0,2.9285714285714284,0,자/ 우리 친구들이 생각과 느낌을 쓰는 동안 선생님이 이 이야기를 읽고 들었던 생각을 한번 얘기해 볼게요.,우리 친구들이 생각과 느낌을 쓰는 동안 선생님이 이야기를 읽고 들었던 생각을 한번 얘기해 볼게요.
11,1,0.09090909090909091,1.0,2.0,0,자/ 이 (2수)/(두 수)는 모두 (2)/(이) 로 나누어 볼 수 있죠.,수)는 모두 로 나누어 볼 수 있죠.
7,1,0.14285714285714285,1.0,3.0,0,n/ 지구 친구랑 학교도 (가고)/(가구) 놀이터도 가네.,지구 친구랑 학교도 놀이터도 가네.
6,2,0.3333333333333333,1.0,4.333333333333333,0,n/ 두루루루 루루루루 루루루루루 어 두루루루루루/.,두루루루 루루루루 루루루루루
3,0,0.0,1.0,3.3333333333333335,1,마지막 문장부터 봐라.,마지막 문장부터 봐라.
2,0,0.0,1.0,6.0,1,자/ 그렇다면요.,그렇다면요.
33,1,0.030303030303030304,0.8125,3.28125,0,n/ 접히는 부분은 점선으로 그리고 나머지 부분은 실선으로 그린다고 했죠. 그러니까 전개도를 볼 전개들을 봤을 때 점선으로 표시된 부분은 어떻게 하면 될까요? 네. 점선으로 표시된 부분은 접어주면 되겠죠. 그럼 지금부터 한번 만들어보도록 하겠습니다.,접히는 부분은 점선으로 그리고 나머지 부분은 실선으로 그린다고 했죠. 그러니까 전개도를 볼 전개들을 봤을 때 점선으로 표시된 부분은 어떻게 하면 될까요? 네. 점선으로 표시된 부분은 접어주면 되겠죠. 그럼 지금부터 한번 만들어보도록 하겠습니다.
7,0,0.0,1.0,2.5,1,자/ 나 피자 약속을 (1번)/(한 번) 볼게요.,나 피자 약속을 볼게요.
22,1,0.045454545454545456,0.9523809523809523,3.0952380952380953,0,시에서 받은 생각이나 느낌을 간단하게 그리고 한편의 멋진 시와 그리고 색깔로도 한번 표현해 보세요. 마지막 방법 무엇이었죠? n/ 그래요 노래를 불러 봅니다.,시에서 받은 생각이나 느낌을 간단하게 그리고 한편의 멋진 시와 그리고 색깔로도 한번 표현해 보세요. 마지막 방법 무엇이었죠? 그래요 노래를 불러 봅니다.
4,1,0.25,1.0,4.0,0,n/ 정말? 어떻게 달라졌는데?,정말? 어떻게 달라졌는데?
16,2,0.125,1.0,2.923076923076923,0,"o/ 네, 아마 n/ 성연서 친구가 선생님을 찾아갔을 것 같아요. n/ 좋은 글을 보내 주셔서 고맙습니다.","네, 아마 성연서 친구가 선생님을 찾아갔을 것 같아요. 좋은 글을 보내 주셔서 고맙습니다."
9,2,0.2222222222222222,1.0,3.4285714285714284,0,"그러게 말이야, n/ 나도 노래를 부르다보면 아/ 뭔가 해야겠어.","그러게 말이야, 나도 노래를 부르다보면 뭔가 해야겠어."
9,0,0.0,1.0,3.0,1,자/ 우리 별님의 표정을 찾아봤습니다. 다음 문제로 가 (볼게요)/(볼께요).,우리 별님의 표정을 찾아봤습니다. 다음 문제로 가
6,0,0.0,1.0,3.8,1,더하면 (7개)/(일곱 개) 그래서 칠교판이라고 한답니다.,더하면 개) 그래서 칠교판이라고 한답니다.
16,0,0.0,0.9090909090909091,3.5454545454545454,1,그러니까 자/ (10 모형)/(십 모형) (21개)/(스물 한 개)를(10 모형)/(십 모형) (3개)/(세 개)씩 묶어주세요라고 생각할 수 있습니다.,그러니까 (10 모형) 한 개)를(10 모형) 개)씩 묶어주세요라고 생각할 수 있습니다.
25,4,0.16,0.875,1.8125,0,"n/ 점 바로 (63)/(육 삼) 즉 가는 (36.22)/(삼십 육 점 이 이) 가 (되겠고요)/(되겠구요) n/ 기억해두세요 나는 (0.1)/(영 점 일) 이 (245)/(이백 사십 오) ,","점 바로 삼) 즉 가는 육 점 이) 가 기억해두세요 나는 점 일) 사십 오) ,"
11,1,0.09090909090909091,1.0,3.2222222222222223,0,b/ 주자+ 주장에 알맞은 근거를 마련하는 방법에 대한 문제 알아볼게요. n/,주자+ 주장에 알맞은 근거를 마련하는 방법에 대한 문제 알아볼게요.
6,0,0.0,1.0,3.3333333333333335,1,여기에다가 엿기름을 넣어 달게 조린 과자예요.,여기에다가 엿기름을 넣어 달게 조린 과자예요.
12,1,0.08333333333333333,1.0,3.3636363636363638,0,n/ 봄바람은 아기의 뺨을 부드럽게 쓰다듬다가 아기를 안고 있는 엄마의 손등에 내려앉는다.,봄바람은 아기의 뺨을 부드럽게 쓰다듬다가 아기를 안고 있는 엄마의 손등에 내려앉는다.
22,1,0.045454545454545456,0.8571428571428571,2.7857142857142856,0,"다음 모자의 수를 세어 봅시다. (1)/(하나), (2)/(둘), (3)/(셋), (3)/(셋)은 수로 어떻게 쓰지요? 수로 (3)/(삼) 이라고 쓰는 거에요. 자/ 다음 이 (2)/(두) 모자들을",다음 모자의 수를 세어 봅시다. 수로 어떻게 쓰지요? 수로 이라고 쓰는 거에요. 다음 모자들을
32,1,0.03125,0.9230769230769231,2.8461538461538463,0,코로나 없는 데로 여행 (가고)/(가구) 싶어요. 이런 친구 있네. 와/ 와/ 역시 상상은 재미있어요. 이런 친구 있습니다. 어/ 맞아. (그러니까)/(근까) 우리가 뭔가를 하나를 탁 읽으면 사람마다 (이렇게)/(이르케) 상상하는 게 다 다르단다. 그래서,코로나 없는 데로 여행 싶어요. 이런 친구 있네. 역시 상상은 재미있어요. 이런 친구 있습니다. 맞아. 우리가 뭔가를 하나를 탁 읽으면 사람마다 상상하는 게 다 다르단다. 그래서
10,0,0.0,1.0,3.111111111111111,1,오른쪽은 예/ 꿀을 얻기 위해서 벌을 기르네요. 이게 바로 양봉입니다.,오른쪽은 꿀을 얻기 위해서 벌을 기르네요. 이게 바로 양봉입니다.
10,2,0.2,1.0,2.75,0,n/ 다으 오늘 내가 가장 n/ 맛있게 먹은 어휘는 희귀종이야.,다으 오늘 내가 가장 맛있게 먹은 어휘는 희귀종이야.
10,0,0.0,1.0,2.8,1,내가 다른사람 경험담을 들을 때의 주의할 점이 좀 비슷하지 않나요?,내가 다른사람 경험담을 들을 때의 주의할 점이 좀 비슷하지 않나요?
17,0,0.0,1.0,2.625,1,자/ 그러면 (5)/(오)와 (5)/(오)합해서 (10)/(십) (10)/(십)에다가 (4)/(사)를 더하면 (5)/(오) 더하기 (9)/(구)는 (14)/(십 사)와 같다고 할 수 있어요.,그러면 더하면 더하기 사)와 같다고 할 수 있어요.
10,1,0.1,0.8888888888888888,2.0,0,어/너 휴지 있지 니 개인 휴지 했지 휴지로 여기 닦아,휴지 있지 니 개인 휴지 했지 휴지로 여기 닦아
15,0,0.0,1.0,2.9285714285714284,1,따라서 (4)/(사)번 문제 보겠습니다. 선분을 따라 그릴 수 있는 정사각형은 모두 몇 개입니까? 물었어요. 네.,따라서 문제 보겠습니다. 선분을 따라 그릴 수 있는 정사각형은 모두 몇 개입니까? 물었어요. 네.
30,0,0.0,1.0,2.7777777777777777,1,자/ 사람이 (1가지)/(한 가지) 느낌만 표현할 수 있다면 글쎄요. 아마 많은 오해가 생기고 그로 인해서 엉뚱한 사건들이 많이 일어나지 않을까요. 에이/ 느낌은 제대로 표현을 해야 그게 또 사람 사는 맛이죠.,사람이 가지) 느낌만 표현할 수 있다면 글쎄요. 아마 많은 오해가 생기고 그로 인해서 엉뚱한 사건들이 많이 일어나지 않을까요. 느낌은 제대로 표현을 해야 그게 또 사람 사는 맛이죠.
4,0,0.0,1.0,2.75,1,우리 친구들도 모두 빈칸에,우리 친구들도 모두 빈칸에
7,0,0.0,1.0,2.7142857142857144,1,여러분 요건 조금 어려운데 찾을 수 있겠어요?,여러분 요건 조금 어려운데 찾을 수 있겠어요?
5,0,0.0,1.0,2.8,1,땅에 떨어진 고리는 네모개 예요.,땅에 떨어진 고리는 네모개 예요.
8,0,0.0,1.0,2.625,1,맞아 학교에서 속상하면 이렇게 눈물이 날 때가 있어,맞아 학교에서 속상하면 이렇게 눈물이 날 때가 있어
7,1,0.14285714285714285,1.0,2.25,0,n/ 많네요 (7시)/(일곱 시) (45분)/(사십 오 분).,많네요 시) 오 분).
4,0,0.0,1.0,2.5,1,"(10)/(십) 나누기 (5)/(오) 는,","나누기 는,"
4,0,0.0,1.0,2.25,1,"여기 양쪽 끝 예각을,","여기 양쪽 끝 예각을,"
18,2,0.1111111111111111,1.0,3.4375,0,n/ 이 친구는 사자성어를 많이 사용해서 글을 써주었는데요. 침소봉대 바늘처럼 작은 일을 크게 부풀려서 허풍을 떠는 모습을 말하는데요.,친구는 사자성어를 많이 사용해서 글을 써주었는데요. 침소봉대 바늘처럼 작은 일을 크게 부풀려서 허풍을 떠는 모습을 말하는데요.
8,1,0.125,1.0,3.1666666666666665,0,자/ 이 덧셈식에서 어떻게 뺄셈식을 만들 수 있을까?,덧셈식에서 어떻게 뺄셈식을 만들 수 있을까?
14,0,0.0,1.0,2.2857142857142856,1,"자/ 그다음 (10)/(십)의 자리 수 (1)/(일) 과 (6)/(육)을 곱하면 (6)/(육), 아까 (3)/(삼)을 더해주면 (9)/(구).",그다음 자리 수 과 곱하면 아까 더해주면
19,4,0.21052631578947367,0.9333333333333333,2.3333333333333335,0,"뭔가 의견이 맞지 않을 때 티격태격 할 때 아/ 우리 저 회사에서 불협화음이 쉴 새가 없어 뭐/ 이 말은,","뭔가 의견이 맞지 않을 때 티격태격 할 때 우리 회사에서 불협화음이 쉴 새가 없어 말은,"
2,0,0.0,1.0,3.0,1,그다음 마지막,그다음 마지막
14,1,0.07142857142857142,1.0,2.75,0,자/ 그럼 오늘은 이처럼 자기가 겪었던 일을 글로 써보고 또 그 느낌도 써보도록 할까요?,그럼 오늘은 이처럼 자기가 겪었던 일을 글로 써보고 또 느낌도 써보도록 할까요?
1,0,0.0,0.0,0.0,1,(ㄴ)/(니은)이에요.,
12,1,0.08333333333333333,1.0,3.3333333333333335,0,"n/ u/나는 잊지 못할 뉴스는 무엇인가요, 어우/ 빨리 글을 올려주세요. 잊지못할 뉴스.","잊지 못할 뉴스는 무엇인가요, 빨리 글을 올려주세요. 잊지못할 뉴스."
6,2,0.3333333333333333,1.0,4.666666666666667,0,n/ 으이구/ n/ 꼬비야! 그러다 숨넘어가겠다.,꼬비야! 그러다 숨넘어가겠다.
4,0,0.0,1.0,3.6666666666666665,1,네/ 정말 재미있었을 거예요.,정말 재미있었을 거예요.
4,0,0.0,1.0,2.75,1,다시 시로 돌아가 볼게요.,다시 시로 돌아가 볼게요.
4,1,0.25,1.0,2.6666666666666665,0,n/ 몇 번이나 물을까?,몇 번이나 물을까?
8,0,0.0,1.0,3.25,1,이렇게 문제들 모두 해결했으니 오늘 배운 내용 정리해볼까요?,이렇게 문제들 모두 해결했으니 오늘 배운 내용 정리해볼까요?
7,0,0.0,1.0,2.857142857142857,1,분명히 아가씨는 산 길을 마구 헤매다 왔는데요.,분명히 아가씨는 산 길을 마구 헤매다 왔는데요.
4,0,0.0,1.0,3.3333333333333335,1,자/ 그럼 다시 정리할게요.,그럼 다시 정리할게요.
14,2,0.14285714285714285,0.8888888888888888,3.111111111111111,0,o/ 오/ 저 굉장히 많이 n/ 해봤습니다. 많이 해봤고 끝에서 (1등)/(일 등)도 해 봤습니다.,굉장히 많이 해봤습니다. 많이 해봤고 끝에서 등)도 해 봤습니다.
21,3,0.14285714285714285,0.9444444444444444,2.888888888888889,0,이 생각 씨앗은 우리에게 아주 많은 도움을 주고 있어요. 오늘 이 글을 읽어가며 이 생각 씨앗의 특징과 이용에 대해서 알아보도록 해요.,생각 씨앗은 우리에게 아주 많은 도움을 주고 있어요. 오늘 글을 읽어가며 생각 씨앗의 특징과 이용에 대해서 알아보도록 해요.
7,1,0.14285714285714285,1.0,3.8333333333333335,0,"n/ 무게의 단위에 대해서 알아볼 거예요, 궁금하다고요.","무게의 단위에 대해서 알아볼 거예요, 궁금하다고요."
19,1,0.05263157894736842,1.0,3.235294117647059,0,자/ 이렇게 그림을 그리듯이 자세하게 표현하고 섬세하게 묘사하면은요 그 장면을 보다 쉽게 떠올릴 수 있다는 것도 확인해 주시면 좋겠네요.,이렇게 그림을 그리듯이 자세하게 표현하고 섬세하게 묘사하면은요 장면을 보다 쉽게 떠올릴 수 있다는 것도 확인해 주시면 좋겠네요.
4,1,0.25,1.0,2.6666666666666665,0,n/ 선택 그다음 규칙.,선택 그다음 규칙.
18,0,0.0,0.9375,2.875,1,(ㄱ)/(기역)자 모양이 생긴 낫을 보면서도요. (ㄱ)/(기역)자를 모른다는 뜻으로요. 아주 무식할 때 무식함을 비유할 때 바로 이런 속담 씁니다.,모양이 생긴 낫을 보면서도요. 모른다는 뜻으로요. 아주 무식할 때 무식함을 비유할 때 바로 이런 속담 씁니다.
26,1,0.038461538461538464,0.7142857142857143,3.4285714285714284,0,o/ 아/ 그렇죠. 구름이 끼었습니다. 먹구름입니다. 그다음에 이제 비가 오기 시작합니다. 비가 후드득 떨어지기 시작합니다. 여기서 이렇게 비가 (1)/(한) 방울 비가 (1)/(한) 방울 (2)/(두) 방울 이렇게요?,그렇죠. 구름이 끼었습니다. 먹구름입니다. 그다음에 이제 비가 오기 시작합니다. 비가 후드득 떨어지기 시작합니다. 여기서 이렇게 비가 방울 비가 방울 방울 이렇게요?
31,0,0.0,0.8928571428571429,3.0,1,자/ 어쨌든요. 문제로 돌아가서요. 지금 보기 중에서 알맞지 않은 말을 딱/ 골라내라고 했는데요. 여러분들이 이거는 아주 쉽게 찾아 낼 수 있을 것 같아요. 몇번이 알맞지 않은 내용인가요? 큰소리로 큰소리로 몇 (번이라고요)/(번이라구요)?,어쨌든요. 문제로 돌아가서요. 지금 보기 중에서 알맞지 않은 말을 골라내라고 했는데요. 여러분들이 이거는 아주 쉽게 찾아 낼 수 있을 것 같아요. 몇번이 알맞지 않은 내용인가요? 큰소리로 큰소리로 몇
8,1,0.125,1.0,3.0,0,n/ (1번)/(한 번)씩 수학시험을 썩 나쁜 점수를 받으면.,번)씩 수학시험을 썩 나쁜 점수를 받으면.
28,0,0.0,1.0,2.6923076923076925,1,그리해서 온 겨레가 마음을 합하여 일제히 독립을 외치게 되었어요 (1919년)/(천 구백 십 구 년) (3월 1일)/(삼 월 일 일) 탑골공원에서 시작된 만세 운동이 바로 그것이었어요 다음 부분 볼까요.,그리해서 온 겨레가 마음을 합하여 일제히 독립을 외치게 되었어요 구백 십 구 년) (3월 월 일 일) 탑골공원에서 시작된 만세 운동이 바로 그것이었어요 다음 부분 볼까요.
20,2,0.1,1.0,3.5555555555555554,0,"어/ 그런데 지금 n/ 친구가 나의 능력을 테스트하는 것이다 라고 했잖아요. 선생님과 마음이 좀 통했습니다. 선생님도 시험은요, 설레는 도전이라고 생각해요.","그런데 지금 친구가 나의 능력을 테스트하는 것이다 라고 했잖아요. 선생님과 마음이 좀 통했습니다. 선생님도 시험은요, 설레는 도전이라고 생각해요."
4,1,0.25,1.0,3.0,0,n/ 자/ 네모 곱하기.,네모 곱하기.
24,0,0.0,1.0,3.210526315789474,1,자/ 심호흡 숨도 크게 들이셨다가 내셨다가 해보고 자/ 고개도 (1번)/(한 번) 돌려보고. 자/ 이제 정신이 드나요? 우리 맑은 정신으로 다음 문제 계속 풀어보도록 하겠습니다.,심호흡 숨도 크게 들이셨다가 내셨다가 해보고 고개도 돌려보고. 이제 정신이 드나요? 우리 맑은 정신으로 다음 문제 계속 풀어보도록 하겠습니다.
9,0,0.0,0.875,2.75,1,자/ 이렇게 홀로 있는 것과 연관 있는 낱말이 되겠습니다.,이렇게 홀로 있는 것과 연관 있는 낱말이 되겠습니다.
7,0,0.0,1.0,3.8,1,자/ 어떻게 구할수 있을까요 자/ 무엇과 대응합니까?,어떻게 구할수 있을까요 무엇과 대응합니까?
2,0,0.0,1.0,2.5,1,주어진 조건,주어진 조건
7,0,0.0,1.0,2.6666666666666665,1,자/ 이렇게 쓰고 계속 있으면 어떻게 될까?,이렇게 쓰고 계속 있으면 어떻게 될까?
8,2,0.25,1.0,3.5,0,그 이탈리아의 이 나폴리 지역에서 나온 그런 피자래요.,이탈리아의 나폴리 지역에서 나온 그런 피자래요.
17,1,0.058823529411764705,1.0,3.4,0,그 다음 (7)/(칠)에서 (5)/(오)를 빼면 (2)/(이) 이렇게 되죠. 빼고 (1)/(하나) 내려옵니다. 몇번 들어가는지 볼까요? (9번)/(아홉 번) 들어가요.,다음 빼면 이렇게 되죠. 빼고 내려옵니다. 몇번 들어가는지 볼까요? 들어가요.
8,0,0.0,1.0,3.875,1,주어진 문제를 보면 다음 도형이 이등변삼각형이다라고 말하고 있습니다.,주어진 문제를 보면 다음 도형이 이등변삼각형이다라고 말하고 있습니다.
23,2,0.08695652173913043,0.95,3.05,0,아/ 이 유형 진짜 많이 연습했습니다. 항상 어떤 수 나오고 잘못해요. 그리고 바르게 계산하라고 하죠. 자/ 그럼 우리가 어떻게 했어요? 어떤 수인지 몰라요.,유형 진짜 많이 연습했습니다. 항상 어떤 수 나오고 잘못해요. 그리고 바르게 계산하라고 하죠. 그럼 우리가 어떻게 했어요? 어떤 수인지 몰라요.
15,1,0.06666666666666667,0.9166666666666666,3.0,0,"n/ 자 (45개)/(사십 오 개)를 (9명)/(아홉 명)이 똑같이 나눈다라고 했으니까, 나눗셈식을 쓰면 자 나누어지는 수,","자 오 개)를 명)이 똑같이 나눈다라고 했으니까, 나눗셈식을 쓰면 자 나누어지는 수,"
5,0,0.0,1.0,4.25,1,이번에는요 자연수와 대분수의 곱셈식이 (나왔죠)/(나왔져).,이번에는요 자연수와 대분수의 곱셈식이
40,4,0.1,0.8787878787878788,2.6363636363636362,0,"어/ 내가 응원하는 팀이 이길 수 있을지 지금까지 무엇을 보며 예상해보고 있다라고 했습니다, 우리 팀이 어떤 팀이랑 뭐 이겼어요, 저/ 싸울 때 경기를 할 때 뭐/ (10 번)/(열 번) 이겼으면 몇 번 이겼다 이런 것을 우리 수치로 나타낼 수 있었죠?","내가 응원하는 팀이 이길 수 있을지 지금까지 무엇을 보며 예상해보고 있다라고 했습니다, 우리 팀이 어떤 팀이랑 이겼어요, 싸울 때 경기를 할 때 (10 이겼으면 몇 이겼다 이런 것을 우리 수치로 나타낼 수 있었죠?"
3,0,0.0,1.0,3.0,1,먼저 어린이 수예요.,먼저 어린이 수예요.
13,2,0.15384615384615385,1.0,2.8181818181818183,0,n/ 정말만 지금 빠진 거죠? 이렇게 정리해서 쓸 수 있겠네요. n/ 친구 맞습니다.,정말만 지금 빠진 거죠? 이렇게 정리해서 쓸 수 있겠네요. 친구 맞습니다.
10,0,0.0,1.0,3.3,1,"매일매일 옷이 사라지고 있는, 창남이에게 도대체 무슨 일이 있었던 것일까요?","매일매일 옷이 사라지고 있는, 창남이에게 도대체 무슨 일이 있었던 것일까요?"
5,0,0.0,1.0,3.25,1,자/ 그럼 마지막 물음 답해볼게요.,그럼 마지막 물음 답해볼게요.
12,2,0.16666666666666666,1.0,2.5555555555555554,0,"음/ 지금은 나이가 들어서인지 풀밭을 본 적은, 음/ 별로 없는 것 (같애요)/(같아요).","지금은 나이가 들어서인지 풀밭을 본 적은, 별로 없는 것"
2,0,0.0,1.0,3.5,1,줄이 넘어간다.,줄이 넘어간다.
7,1,0.14285714285714285,1.0,3.3333333333333335,0,어/ 구하려고 하는 것이고요. 주어진 조건은 뭐다?,구하려고 하는 것이고요. 주어진 조건은 뭐다?
5,0,0.0,1.0,2.5,1,(20)/(스물) 이라고 읽을 수 있어요.,이라고 읽을 수 있어요.
21,0,0.0,1.0,3.0555555555555554,1,(1번)/(일 번) 너무 오래전 일이다. 그래요 (1번)/(일 번)에서 정답이 딱 나와 있습니다. 기사문을 작성할 때 기삿거리 최근의 것으로 정해야 된다고 했어요.,너무 오래전 일이다. 그래요 번)에서 정답이 딱 나와 있습니다. 기사문을 작성할 때 기삿거리 최근의 것으로 정해야 된다고 했어요.
5,1,0.2,1.0,3.5,0,방울 n/ 꽃이라고 이야기를 하네요.,방울 꽃이라고 이야기를 하네요.
7,0,0.0,0.8333333333333334,4.333333333333333,1,자/ 오늘의 속담입니다. 오늘의 속담은요 꿩먹고 알먹고거든요.,오늘의 속담입니다. 오늘의 속담은요 꿩먹고 알먹고거든요.
28,1,0.03571428571428571,0.8461538461538461,3.0384615384615383,0,자/ 좋아요. 그러면 우리가 이렇게 다양한 활동을 통해서 시 속 인물의 마음을 상상해 보았는데요. 다시 한번 시 속 인물의 마음을 상상하면서 선생님과 함께 큰소리로 이 시를 읽어보도록 하겠습니다.,좋아요. 그러면 우리가 이렇게 다양한 활동을 통해서 시 속 인물의 마음을 상상해 보았는데요. 다시 한번 시 속 인물의 마음을 상상하면서 선생님과 함께 큰소리로 시를 읽어보도록 하겠습니다.
10,0,0.0,1.0,3.4444444444444446,1,자/ 그렇다면 제비는 제비집을 튼튼하게 짓기 위해서 어떻게 한다고 했던가요?,그렇다면 제비는 제비집을 튼튼하게 짓기 위해서 어떻게 한다고 했던가요?
4,1,0.25,1.0,3.0,0,맞아요. 그 어떤 모양의,맞아요. 어떤 모양의
3,1,0.3333333333333333,1.0,3.0,0,"n/ 으흠 친구들,","으흠 친구들,"
22,0,0.0,1.0,2.2222222222222223,1,그럼 지금 도넛 (12)/(열 두) 개를 여섯 개씩 묶었을 때 몇 묶음이 됩니까. 라고 했기 때문에 (12)/(십 이) 나누기 (6)/(육) 이와 (같더라)/(같드라).,그럼 지금 도넛 두) 개를 여섯 개씩 묶었을 때 몇 묶음이 됩니까. 라고 했기 때문에 이) 나누기 이와
7,0,0.0,1.0,3.142857142857143,1,보이는 경우가 있는데요. 여기 한번 보도록 하지요.,보이는 경우가 있는데요. 여기 한번 보도록 하지요.
6,0,0.0,1.0,3.1666666666666665,1,자 이번 문제 쑥쑥이가 한번 풀어보겠습니다.,자 이번 문제 쑥쑥이가 한번 풀어보겠습니다.
13,3,0.23076923076923078,1.0,3.3333333333333335,0,자/ n/ 이 밑에도 보이지는 않지만 이 부분을 찍는다 해도 동그라미가 나올 것이에요.,밑에도 보이지는 않지만 부분을 찍는다 해도 동그라미가 나올 것이에요.
5,0,0.0,1.0,3.4,1,독해는 종합 예술과 같습니다 종합예술.,독해는 종합 예술과 같습니다 종합예술.
22,0,0.0,0.8333333333333334,2.8333333333333335,1,다음 문제에요. 호영이가 우유를 몇 번 마시지 않았는지 찾아 쓰세요. 자/ 몇 번이에요? 우유가 몇 개 발견됐대요? (셋)/(세) 개 (셋)/(세) 개라는 것은,다음 문제에요. 호영이가 우유를 몇 마시지 않았는지 찾아 쓰세요. 몇 번이에요? 우유가 몇 개 발견됐대요? 개 개라는 것은
11,2,0.18181818181818182,1.0,2.25,0,n/ 내가 오늘 가장 n/ 맛있게 먹은 어휘는 시민 단체 u/.,내가 오늘 가장 맛있게 먹은 어휘는 시민 단체
4,0,0.0,1.0,3.3333333333333335,1,자/ 이번에 준비된 것은요.,이번에 준비된 것은요.
4,0,0.0,1.0,3.75,1,조심하지 않은 글냥이의 잘못이냐?,조심하지 않은 글냥이의 잘못이냐?
6,0,0.0,1.0,4.5,1,곱셈식을 나눗셈식으로 나타내어보세요. 라고 얘기를 했어요.,곱셈식을 나눗셈식으로 나타내어보세요. 라고 얘기를 했어요.
3,0,0.0,1.0,4.0,1,자/ 단위는요 (km)/(킬로미터)네요.,단위는요
26,0,0.0,0.96,3.04,1,자/ 즐겁고 행복한 일만 있다면 재미가 없겠죠 따라서 싸우기도 하고 위기가 생기기도 하는 등의 여러 가지 대립 그리고 갈등이 일어나기도 하는 문학이다라는 사실을 꼭 기억하시면 되겠어요.,즐겁고 행복한 일만 있다면 재미가 없겠죠 따라서 싸우기도 하고 위기가 생기기도 하는 등의 여러 가지 대립 그리고 갈등이 일어나기도 하는 문학이다라는 사실을 꼭 기억하시면 되겠어요.
10,0,0.0,1.0,3.1,1,라고 생각하고 그냥 자연수의 나눗셈으로 생각을 하고 계산을 하면 됩니다.,라고 생각하고 그냥 자연수의 나눗셈으로 생각을 하고 계산을 하면 됩니다.
10,0,0.0,1.0,3.6666666666666665,1,그래요. (76)/(칠십 육)입니다. b/ 선생님도 (76)/(칠십 육)인 줄 알았죠. b/,그래요. 육)입니다. 선생님도 육)인 줄 알았죠.
23,0,0.0,0.9090909090909091,2.772727272727273,1,그렇죠 (3쌍)/(세 쌍)의 면의 모양과 크기가 서로 같습니다 직육면체에서 평행한 면은 모양과 크기가 같으니까요 그리고 접었을때 한 면에 수직인 면 몇 개 있다.,그렇죠 쌍)의 면의 모양과 크기가 서로 같습니다 직육면체에서 평행한 면은 모양과 크기가 같으니까요 그리고 접었을때 한 면에 수직인 면 몇 개 있다.
4,0,0.0,1.0,2.5,1,다음 문제 한번 볼게요.,다음 문제 한번 볼게요.
13,1,0.07692307692307693,1.0,3.1,0,"쥐를 (1마리)/(한 마리)씩 잡아가는 이 고양이를 어떻게 피할 수 있을까 했잖아요. (4번)/(사 번),","쥐를 마리)씩 잡아가는 고양이를 어떻게 피할 수 있을까 했잖아요. 번),"
3,0,0.0,1.0,5.5,1,분모에만 (2)/(이)를 곱했더라고요.,분모에만 곱했더라고요.
3,1,0.3333333333333333,1.0,3.0,0,n/ (4개)/(네 개).,개).
15,0,0.0,0.9230769230769231,2.230769230769231,1,(96)/(구 육) 그리고 단위를 꼭 쓰셔야 돼요. 정답을 쓸 때는요. (200.96)/(이백 점 구 육) 하고,육) 그리고 단위를 꼭 쓰셔야 돼요. 정답을 쓸 때는요. 점 구 육) 하고
4,0,0.0,1.0,3.3333333333333335,1,자/ 있는 친구 준비하고요.,있는 친구 준비하고요.
2,0,0.0,0.0,0.0,1,(3)/(셋) (4)/(넷),
15,0,0.0,0.8181818181818182,3.4545454545454546,1,한자로요. 아침에 (3)/(셋) 저녁에 (4)/(넷) 이란 뜻이에요. 그렇다면 아침에 (3)/(셋) 저녁에 (4)/(넷) 이게 무슨 말이냐구요?,한자로요. 아침에 저녁에 이란 뜻이에요. 그렇다면 아침에 저녁에 이게 무슨 말이냐구요?
24,4,0.16666666666666666,1.0,3.5625,0,어/ 이거 어때요. 어우/ 이건 아니죠. 오히려요 n/ 이어주는 말을 사용하면 문장이 짧고 간단해진답니다. n/ 그래서 바로 (4번)/(사 번)이 정답이고요. (5번)/(오 번) n/ 볼까요.,이거 어때요. 이건 아니죠. 오히려요 이어주는 말을 사용하면 문장이 짧고 간단해진답니다. 그래서 바로 번)이 정답이고요. 볼까요.
2,0,0.0,1.0,4.5,1,막대도 붙였는데요?,막대도 붙였는데요?
5,1,0.2,1.0,3.0,0,n/ 자/ (1번째)/(첫 번째) 문제.,번째) 문제.
14,0,0.0,1.0,2.6923076923076925,1,문제에서 몇시까지(8시)/(여덟 시)까지 라고 했기 때문에 그래서 문제가 조건을 잘 보는 것도 중요 합니다.,문제에서 시)까지 라고 했기 때문에 그래서 문제가 조건을 잘 보는 것도 중요 합니다.
24,2,0.08333333333333333,1.0,3.5,0,자/ 그렇다면은 어쨌든 이 기록물에 대해 공부하니까 이 기록물의 뜻부터 확인하고 시작해야 되겠죠*. 자/ 기록물이란 바로 어떤 일을 사실 그대로 객관적으로 기록한 글을 말합니다.,그렇다면은 어쨌든 기록물에 대해 공부하니까 기록물의 뜻부터 확인하고 시작해야 되겠죠*. 기록물이란 바로 어떤 일을 사실 그대로 객관적으로 기록한 글을 말합니다.
11,0,0.0,0.9,3.4,1,짝꿍을 지어서 덧셈을 하라고 했었거든요. 자/ 어떻게 짝꿍을 짓는지 한번 봐주세요.,짝꿍을 지어서 덧셈을 하라고 했었거든요. 어떻게 짝꿍을 짓는지 한번 봐주세요.
12,1,0.08333333333333333,0.9,2.5,0,(7)/(칠)이 제일 크니까 이 수가 제일 크다는 건 이미 알고 있으니까 말이죠.,제일 크니까 수가 제일 크다는 건 이미 알고 있으니까 말이죠.
21,0,0.0,0.8947368421052632,2.4210526315789473,1,자/ 대분수 (2 와 4 분의 1)/(이 와 사 분의 일)을 가분수로 나타내기 위해서는 뒤에 있는 진분수의 분모를 잘 보라고 했죠.,대분수 (2 와 4 분의 와 사 분의 일)을 가분수로 나타내기 위해서는 뒤에 있는 진분수의 분모를 잘 보라고 했죠.
31,2,0.06451612903225806,1.0,2.6538461538461537,0,아/ 자/ 이렇게 원이 정사각형보다 더 넓은 도형이 될 수 있다는 거죠? 자/ 그러면 우리 여기서 그냥 아/ 다 읽었어. 이러지 마시고 독해력이 있는 친구는 또 (1가지)/(한 가지) 어떤 특징이 있냐면요?,이렇게 원이 정사각형보다 더 넓은 도형이 될 수 있다는 거죠? 그러면 우리 여기서 그냥 다 읽었어. 이러지 마시고 독해력이 있는 친구는 또 가지) 어떤 특징이 있냐면요?
15,0,0.0,1.0,2.7,1,(1)/(일) 모형 가지고 있는 (1)/(일) 모형은 (4개)/(네 개)밖에 없는데 어떻게 (8개)/(여덟 개)를 덜어낼 수 (있다)/)(있담)?,모형 가지고 있는 모형은 개)밖에 없는데 어떻게 개)를 덜어낼 수
2,1,0.5,1.0,4.0,0,n/ 그렇다면,그렇다면
7,0,0.0,1.0,3.142857142857143,1,왜 이것을 물어보냐 우리는 각기둥을 알아보는 거다.,왜 이것을 물어보냐 우리는 각기둥을 알아보는 거다.
11,1,0.09090909090909091,1.0,3.0,0,"어/ 국어여행 떠나야 되는데, 자/ 우리 그럼* 박수 한번 하고 가볼까요?","국어여행 떠나야 되는데, 우리 그럼* 박수 한번 하고 가볼까요?"
36,1,0.027777777777777776,0.96875,3.21875,0,"표현이 더욱 생생하고 재미있어지지요, 그래서 강아지 그러면 굉장히 기분 좋죠. 자/ 이런 식으로 재미있고 생생한 느낌이 들도록 우리는 비유를 많이 사용하는데요. 시에는 비유가 많이 들어가 있습니다. 자/ 그럼 n/ 비유에는 어떤 것이 있는지(3가지)/(세 가지)만 알아 볼게요,","표현이 더욱 생생하고 재미있어지지요, 그래서 강아지 그러면 굉장히 기분 좋죠. 이런 식으로 재미있고 생생한 느낌이 들도록 우리는 비유를 많이 사용하는데요. 시에는 비유가 많이 들어가 있습니다. 그럼 비유에는 어떤 것이 가지)만 알아 볼게요,"
20,0,0.0,0.85,3.0,1,두 번째는요 직육면체에서 평행한 면을 서로 합동이라는 것이고 또 그렇기 때문에 세 번째 직육면체에서 서로 평행한 모서리의 길이는 같은 거예요.,두 번째는요 직육면체에서 평행한 면을 서로 합동이라는 것이고 또 그렇기 때문에 세 번째 직육면체에서 서로 평행한 모서리의 길이는 같은 거예요.
10,0,0.0,1.0,2.8,1,그렇다면 이제 이렇게 점들이 주어져 있을 때 문제를 해결해 봅시다.,그렇다면 이제 이렇게 점들이 주어져 있을 때 문제를 해결해 봅시다.
1,0,0.0,0.0,0.0,1,(80)/(팔십).,
3,0,0.0,1.0,3.3333333333333335,1,냉장고에 오렌지 주스.,냉장고에 오렌지 주스.
11,0,0.0,1.0,2.5454545454545454,1,쓰기 윤리를 어긴 행동도 피해자에게 씻지 못할 상처를 남길 수 있다.,쓰기 윤리를 어긴 행동도 피해자에게 씻지 못할 상처를 남길 수 있다.
6,0,0.0,1.0,2.6,1,"자/ 그다음엔 또 어떤 것들이 기억,","그다음엔 또 어떤 것들이 기억,"
16,0,0.0,1.0,4.0,1,(ㄴ)/(니은)을 볼게요. 나 도시의 넓이에 대한 인구의 비율이라고 했습니다. 그렇다면 분수로는요. 비율을 (5)/(오)분의 (15000)/(만 오천)이라고 표현할거에요.,볼게요. 나 도시의 넓이에 대한 인구의 비율이라고 했습니다. 그렇다면 분수로는요. 비율을 오천)이라고 표현할거에요.
10,0,0.0,1.0,3.0,1,(6문제)/(여섯 문제)니까 b/ (6장)/(여섯 장)의 웃음 카드를 획득할 수 있겠죠?,문제)니까 장)의 웃음 카드를 획득할 수 있겠죠?
11,0,0.0,1.0,2.625,1,(8)/(팔)과 (5)/(오) 분의 (4)/(사) 나누게 일을 해주면 바로 구할 수가 있습니다.,분의 나누게 일을 해주면 바로 구할 수가 있습니다.
20,1,0.05,0.8333333333333334,2.7222222222222223,0,n/ 바로 분석이 되겠습니다. 자/ 그러니까 여기는 크게 크게 보면 크게 보면 정의와 분석의 방법이 쓰였다. 라고 할 수 있구요.,바로 분석이 되겠습니다. 그러니까 여기는 크게 크게 보면 크게 보면 정의와 분석의 방법이 쓰였다. 라고 할 수 있구요.
22,3,0.13636363636363635,1.0,2.5,0,자/ 이거 어떻게 고쳐야 할까요? 뭐 뭐 하는 것 같다라는 말과 어울려 쓸 수 있는 말. n/ 요거는 마치로 고치는 게 좋겠지요?,이거 어떻게 고쳐야 할까요? 하는 것 같다라는 말과 어울려 쓸 수 있는 말. 요거는 마치로 고치는 게 좋겠지요?
8,0,0.0,1.0,3.142857142857143,1,(MINUS)/(마이너스)(3)/(삼)(X)/(엑스)있고요. 여기. 선생님 얘는요? 얘를 일로 집어넣고 싶어요.,여기. 선생님 얘는요? 얘를 일로 집어넣고 싶어요.
1,0,0.0,0.0,0.0,1,(2)/(둘),
25,1,0.04,0.9166666666666666,2.9166666666666665,0,그런데 이 고사리는 땅 위로 잎자루가 이렇게 올라와 있다는 거예요. 그래서 사람들이 줄기로 알 수도 있겠네요. 그렇죠 자 일단 또 또 땅속으로는 뿌리도 이렇게 나있답니다.,그런데 고사리는 땅 위로 잎자루가 이렇게 올라와 있다는 거예요. 그래서 사람들이 줄기로 알 수도 있겠네요. 그렇죠 자 일단 또 또 땅속으로는 뿌리도 이렇게 나있답니다.
26,2,0.07692307692307693,0.7727272727272727,2.4545454545454546,0,"n/ 이 (ㄴ)/(니은) 과 몇 배라는 것을 이용을 해서 간단히 숫자로만 나타내면은 (16 분의 7)/(십 육 분의 칠) 은 그렇죠, (16 분의 3)(십 육 분의 삼),","과 몇 배라는 것을 이용을 해서 간단히 숫자로만 나타내면은 (16 분의 육 분의 칠) 은 그렇죠, (16 분의 3)(십 육 분의 삼),"
27,0,0.0,0.9565217391304348,2.6956521739130435,1,(2)/(두)묶음이므로 몇 장 이었죠? 그렇죠 바로 (10)/(열)장이었잖아요. 그래서 만들 수 있는 종이배는 결국 (10)/(열)개임을 확인할 수가 있습니다. 그래서 정답을 쓸 때는 이렇게 (10)/(열)개 단위까지 붙여주면 되는 것이지요.,몇 장 이었죠? 그렇죠 바로 그래서 만들 수 있는 종이배는 결국 확인할 수가 있습니다. 그래서 정답을 쓸 때는 이렇게 단위까지 붙여주면 되는 것이지요.
4,0,0.0,1.0,4.0,1,(1개)/(한 개) (100명)/(백 명)짜리가.,개) 명)짜리가.
36,1,0.027777777777777776,0.8529411764705882,2.9705882352941178,0,자 우리 친구들 오늘 공부 여기까지입니다. 아 바쁘게 왔는데요. 우리 다음 시간에는요. 제 (12강)/(십이 강) 생각은 깊게 마음은 넓게 라는 주제를 가지고 올 거예요. 우리 친구들 교과서 넷째마당 들어갑니다. 자 다음 시간까지 건강한 모습으로 만나요. 안녕.,자 우리 친구들 오늘 공부 여기까지입니다. 바쁘게 왔는데요. 우리 다음 시간에는요. 제 강) 생각은 깊게 마음은 넓게 라는 주제를 가지고 올 거예요. 우리 친구들 교과서 넷째마당 들어갑니다. 자 다음 시간까지 건강한 모습으로 만나요. 안녕.
2,0,0.0,1.0,4.0,1,(9)/(구)가 됩니다.,됩니다.
5,1,0.2,1.0,4.25,0,바람이 구경하고 n/ 나무들이 깨우는데요.,바람이 구경하고 나무들이 깨우는데요.
3,0,0.0,1.0,3.5,1,(3)/(세) 자료값을 어떻게,자료값을 어떻게
14,0,0.0,1.0,3.0833333333333335,1,"(36)/(삼십 육) 제곱센티미터, 나 마름모의 넓이는 (35)/(삼십 오) 제곱센티미터 어떤 것이 넓이가 더 큽니까?","육) 제곱센티미터, 나 마름모의 넓이는 오) 제곱센티미터 어떤 것이 넓이가 더 큽니까?"
8,0,0.0,1.0,3.125,1,가장 어마어마했던 것은 바로 최 씨 부자의 마음이었답니다.,가장 어마어마했던 것은 바로 최 씨 부자의 마음이었답니다.
2,0,0.0,1.0,2.5,1,어떤 거요?,어떤 거요?
4,1,0.25,1.0,3.5,0,n/ 와/ 정말 근사하죠?,정말 근사하죠?
13,0,0.0,0.9090909090909091,2.6363636363636362,1,(1)/(한) 직(6)/(육)면체에서 마주보고 있는 면 즉 평행한 면 은 서로 합동이라는* 것이 중요합니다.,마주보고 있는 면 즉 평행한 면 은 서로 합동이라는* 것이 중요합니다.
11,1,0.09090909090909091,1.0,3.8,0,"n/ 진심으로 뉘우친다는 것은, 자신의 잘못을 되돌아보고, 선생님, 쟤가 먼저 그랬는데요,","진심으로 뉘우친다는 것은, 자신의 잘못을 되돌아보고, 선생님, 쟤가 먼저 그랬는데요,"
13,0,0.0,1.0,2.9166666666666665,1,그래요. 그런 표현이 있었죠. 그러면 눈물을 살짝 찔끔 흘리는 표정을 나타내도 좋을 것(같아요)/(같애요).,그래요. 그런 표현이 있었죠. 그러면 눈물을 살짝 찔끔 흘리는 표정을 나타내도 좋을
6,1,0.16666666666666666,1.0,4.2,0,그 이유는요. 덧셈은 계산하면 받아올림이 있어요.,이유는요. 덧셈은 계산하면 받아올림이 있어요.
26,1,0.038461538461538464,1.0,3.5714285714285716,0,"그래서 할머니 댁에 도착하였더니 (2시)/(두 시) (30분)/(삼십 분)이었다고 하는데요. 야/ n/ u/ 문제는 너무 길어요. 이것을 간 순서대로 화살표를 표시해 보았습니다. 그렇다면 영훈이가 기차역에 도착한 시각,","그래서 할머니 댁에 도착하였더니 시) 분)이었다고 하는데요. 문제는 너무 길어요. 이것을 간 순서대로 화살표를 표시해 보았습니다. 그렇다면 영훈이가 기차역에 도착한 시각,"
9,2,0.2222222222222222,1.0,2.1666666666666665,0,음/ 바로 이렇게 (1)/(하나)를 짝을 지을 수 없어서 n/,바로 이렇게 짝을 지을 수 없어서
18,0,0.0,0.8666666666666667,2.933333333333333,1,자/ 그럼 요걸 보고 이제 문제 볼게요. 각뿔의 밑면은 (1개)/(한 개)입니다. 맞아요. 모든 각뿔의 밑면 딱 (1개)/(한 개)입니다.,그럼 요걸 보고 이제 문제 볼게요. 각뿔의 밑면은 개)입니다. 맞아요. 모든 각뿔의 밑면 딱 개)입니다.
4,0,0.0,1.0,3.3333333333333335,1,o/ 정말 알고 있으십니까?,정말 알고 있으십니까?
6,0,0.0,1.0,2.0,1,"(8)/(팔)이 오면 (800)/(팔백), 와 많이 왔다.",오면 와 많이 왔다.
6,1,0.16666666666666666,1.0,3.2,0,여러분 어/ 각도 어림하기 해 보겠습니다.,여러분 각도 어림하기 해 보겠습니다.
7,0,0.0,1.0,3.8,1,자/ 이번에는요 화살표로 표시도 (안했고요)/(안했구요) 점도 아니에요.,이번에는요 화살표로 표시도 점도 아니에요.
5,0,0.0,1.0,3.25,1,자 (100)/(백)을 똑같이 이렇게 곱해줍니다.,자 똑같이 이렇게 곱해줍니다.
9,0,0.0,1.0,2.75,1,왠지 과자를 던져 준 것 같은데. 자/ 뒷부분 읽어볼게요.,왠지 과자를 던져 준 것 같은데. 뒷부분 읽어볼게요.
15,0,0.0,0.75,2.625,1,(2)/(이) 곱하기 (5)/(오) (7)/(칠) 곱하기 (2)/(이) 곱하기 (12)/(십 이) 를 계산하면 (1540)/(천 오백 사십) (이고요)/(이구요).,곱하기 곱하기 곱하기 이) 를 계산하면 오백 사십)
34,1,0.029411764705882353,1.0,2.7037037037037037,0,그런데 이 (SA)/(에스에이) 파트가 어찌됐든 (4차식)/(사 차식) 을 적분을 한 거기 때문에 당연히 이게 (A)/(에이) 관한 (5차식)/(오 차식)이 나오고 거기다가 (A)/(에이)를 대입하게 되면 해보면 알겠지만 (5차)/(오 차) 이상 식이 나온 것을 확인할 수 있습니다.,그런데 파트가 어찌됐든 차식) 을 적분을 한 거기 때문에 당연히 이게 관한 차식)이 나오고 거기다가 대입하게 되면 해보면 알겠지만 차) 이상 식이 나온 것을 확인할 수 있습니다.
18,0,0.0,1.0,2.909090909090909,1,주사위 몇 개 있어요? 똑같이 눈이 (2개)/(두 개)씩인데 주사위가 (1)/(하나) (2)/(둘) (3)/(셋) (4)/(넷) (5)/(다섯) (6개)/(여섯 개)가 있는 거예요.,주사위 몇 개 있어요? 똑같이 눈이 개)씩인데 주사위가 개)가 있는 거예요.
20,3,0.15,1.0,2.8,0,자/ 그러면 그 아래에 나온 이 부분. 자/ 이 부분은 글쓴이가 편지에 쓴 가장 중심이 되는 내용. 바로 그것이 되겠지요?,그러면 아래에 나온 부분. 부분은 글쓴이가 편지에 쓴 가장 중심이 되는 내용. 바로 그것이 되겠지요?
10,1,0.1,1.0,3.3333333333333335,0,선생님은 그 뒤에 거 같은데 여러분의 생각은 어떠세요? 문제 읽어볼게요.,선생님은 뒤에 거 같은데 여러분의 생각은 어떠세요? 문제 읽어볼게요.
18,0,0.0,1.0,2.888888888888889,1,이번에는요 글을 읽을 때 글쓴이가 하고자 했던 중심 내용 또는 글쓴이의 생각을 알아보는 것에 대해서 공부를 해보려고 합니다.,이번에는요 글을 읽을 때 글쓴이가 하고자 했던 중심 내용 또는 글쓴이의 생각을 알아보는 것에 대해서 공부를 해보려고 합니다.
4,0,0.0,1.0,2.25,1,아직 시작 안 했어요.,아직 시작 안 했어요.
33,2,0.06060606060606061,0.9032258064516129,2.903225806451613,0,n/ 선생님의 표정 이 인물의 표정을 보니까요. 선생님이 화가 났을것 같아 라고 짐작을 할 수가 있고요. 말풍선은 내용도 그래요. 어디 보고 있었어? 말풍선의 내용을 보니까 또 선생님이 화가 나셨다는 것을 알 수가 있겠네요.,선생님의 표정 인물의 표정을 보니까요. 선생님이 화가 났을것 같아 라고 짐작을 할 수가 있고요. 말풍선은 내용도 그래요. 어디 보고 있었어? 말풍선의 내용을 보니까 또 선생님이 화가 나셨다는 것을 알 수가 있겠네요.
13,1,0.07692307692307693,1.0,2.7,0,n/ 글 잘 읽었죠. 다시 (1번)/(한 번) 차근차근 읽어가며 독해력 키워 보도록 해요.,글 잘 읽었죠. 다시 차근차근 읽어가며 독해력 키워 보도록 해요.
18,1,0.05555555555555555,1.0,2.764705882352941,0,그리고 나서 요 요렇게 만들어진식을 가지고 이 어떤 수를 구하는 겁니다 그러고 나면 충분히 바르게 계산 할수 있겠죠?,그리고 나서 요 요렇게 만들어진식을 가지고 어떤 수를 구하는 겁니다 그러고 나면 충분히 바르게 계산 할수 있겠죠?
14,1,0.07142857142857142,1.0,3.3333333333333335,0,자/ 대응각은 이 직선을 중심으로 접었을 때 완전히 겹쳐지는 각이니까 당연히 대응각의 크기도 같겠죠.,대응각은 직선을 중심으로 접었을 때 완전히 겹쳐지는 각이니까 당연히 대응각의 크기도 같겠죠.
8,2,0.25,1.0,3.0,0,아/ 예/ 저는요 음 굉장히 새로운 걸 좋아해요.,저는요 굉장히 새로운 걸 좋아해요.
26,0,0.0,1.0,2.9545454545454546,1,"반대 의견을 (나오게)/(라오스에)*+ 나오게 할 수 없으므로 알맞은 토론 주제가 아닙니다. (3번)/(삼 번) 교통질서를 잘 지켜야 한다. 역시 이것도 (2번)/(이 번)과 마찬가지로 명확한 문장 형식이긴 하지만,","반대 의견을 나오게 할 수 없으므로 알맞은 토론 주제가 아닙니다. 교통질서를 잘 지켜야 한다. 역시 이것도 번)과 마찬가지로 명확한 문장 형식이긴 하지만,"
20,1,0.05,1.0,2.736842105263158,0,n/ 그래요. 바로 찾을 수 있지요? 상대방의 의견이 좀 더 타당하다면 자신의 의견을 바꿀 수도 있어야 한다 라고 말하고 싶었어요.,그래요. 바로 찾을 수 있지요? 상대방의 의견이 좀 더 타당하다면 자신의 의견을 바꿀 수도 있어야 한다 라고 말하고 싶었어요.
17,0,0.0,1.0,3.4,1,문제는 이렇게 해결이 됐는데요. 여기는 주의해야 될 것들이 몇 가지가 있었어요.(4자리)/(네 자리)수라고 했으니까 (4자리)/(네 자리)를 먼저 표시하세요.,문제는 이렇게 해결이 됐는데요. 여기는 주의해야 될 것들이 몇 가지가 자리)수라고 했으니까 자리)를 먼저 표시하세요.
11,1,0.09090909090909091,1.0,3.6666666666666665,0,n/ 네/ 오늘의 글감 나무를 가지고 이제 본격적이 글요리를 시작해보도록 하겠습니다.,오늘의 글감 나무를 가지고 이제 본격적이 글요리를 시작해보도록 하겠습니다.
14,0,0.0,1.0,2.6363636363636362,1,b/ 이것도 작잖아. 이렇게 먹어야겠다. b/ 더 큰 수를 향해 입을 쩍 벌려요. b/,이것도 작잖아. 이렇게 먹어야겠다. 더 큰 수를 향해 입을 쩍 벌려요.
6,0,0.0,1.0,3.6,1,자/ 그런데 어떤 방법으로 구덩이를 팠을까요?,그런데 어떤 방법으로 구덩이를 팠을까요?
10,2,0.2,1.0,3.375,0,"n/ 친구가 저 늦은 건가요, 선생님. 아니에요, 지금 시작할 겁니다.","친구가 늦은 건가요, 선생님. 아니에요, 지금 시작할 겁니다."
24,0,0.0,0.9583333333333334,2.8333333333333335,1,"오늘 우리 공부할 내용이요, 셋째 마당과 넷째 마당을 다 배우고요. 쭉 정리해 보는 그런 시간을 가질 거예요. 우리 달콤한 아이스크림 그리고 재미있는 물놀이 시원한","오늘 우리 공부할 내용이요, 셋째 마당과 넷째 마당을 다 배우고요. 쭉 정리해 보는 그런 시간을 가질 거예요. 우리 달콤한 아이스크림 그리고 재미있는 물놀이 시원한"
6,0,0.0,1.0,3.5,1,따라서 (1)/(일)에 들어갈 숫자는 (4)/(사)가 되겠네요.,따라서 들어갈 숫자는 되겠네요.
8,1,0.125,1.0,2.4285714285714284,0,n/ 청소는 내가 할 테니까 넌 들어가서 쉬어.,청소는 내가 할 테니까 넌 들어가서 쉬어.
17,3,0.17647058823529413,1.0,3.5,0,이 용왕은 토끼가 용궁에 도착하자마자 간을 꺼내라고 명령합니다. 아/ 우리의 n/ 주인공 토끼는 이대로 목숨을 잃는 것일까요?,용왕은 토끼가 용궁에 도착하자마자 간을 꺼내라고 명령합니다. 우리의 주인공 토끼는 이대로 목숨을 잃는 것일까요?
3,0,0.0,1.0,3.3333333333333335,1,어떤 내용이 있을까요?,어떤 내용이 있을까요?
10,0,0.0,1.0,4.0,1,"우리 친구들은요. 교환에있는 그림에다가 동그라미에 보는 겁니다. 오른쪽은 여기니까 여기,","우리 친구들은요. 교환에있는 그림에다가 동그라미에 보는 겁니다. 오른쪽은 여기니까 여기,"
23,0,0.0,1.0,2.6956521739130435,1,누군가 나 땜에 아팠겠지. 난 시치미를 뗐을 거야. 결국 나도 그렇게 모서리처럼 지나쳤고 중요한 것은 부딪힌 무릎보다 마음 한쪽이 더 아파 온다. 왜?,누군가 나 땜에 아팠겠지. 난 시치미를 뗐을 거야. 결국 나도 그렇게 모서리처럼 지나쳤고 중요한 것은 부딪힌 무릎보다 마음 한쪽이 더 아파 온다. 왜?
9,2,0.2222222222222222,1.0,2.6666666666666665,0,어/ 어떤 모양으로 볼 수 n/ (있다고요)/(있다구요)? 요렇게 꽃병이나.,어떤 모양으로 볼 수 요렇게 꽃병이나.
3,0,0.0,1.0,4.0,1,자/ 어떤 토끼일까요?,어떤 토끼일까요?
7,0,0.0,1.0,2.5714285714285716,1,팔과 다리에 뭔갈 하고 있는 것이 보이지요?,팔과 다리에 뭔갈 하고 있는 것이 보이지요?
9,1,0.1111111111111111,1.0,3.6666666666666665,0,n/ (1번)/(한 번) 쉬어보고 나니 개미는 게으름뱅이 떠나지는 못했어.,쉬어보고 나니 개미는 게으름뱅이 떠나지는 못했어.
5,0,0.0,1.0,2.6,1,어떤 사건이 일어날 경우의 수.,어떤 사건이 일어날 경우의 수.
9,0,0.0,1.0,3.5555555555555554,1,전체 이익금도 나와 있어요. 그러면서 우리에게는 무엇을 구하라고 했나요?,전체 이익금도 나와 있어요. 그러면서 우리에게는 무엇을 구하라고 했나요?
12,1,0.08333333333333333,1.0,3.090909090909091,0,n/ 오늘 저녁에는 저장해두었던 양배추와 고기를 잘게 썰어 끓인 묽은 수프를 먹었어.,오늘 저녁에는 저장해두었던 양배추와 고기를 잘게 썰어 끓인 묽은 수프를 먹었어.
15,2,0.13333333333333333,1.0,3.230769230769231,0,"그/사과를 받는 사람, 바로 듣는 사람을 말하죠. 그러니까 요 부분이 잘못됐네요. 정답은 n/(4번)/(사 번)이 되겠습니다.","받는 사람, 바로 듣는 사람을 말하죠. 그러니까 요 부분이 잘못됐네요. 정답은 번)이 되겠습니다."
5,0,0.0,1.0,4.0,1,"(1번)/(일 번), (6500m)/(육천 오백 미터)입니다.","번), 오백 미터)입니다."
23,8,0.34782608695652173,0.8,2.8666666666666667,0,"이 친구가 이 친구와 이 친구와, 또 이 친구와 이 친구와 팔 씨름을 합니다. 이 친구 모두 끝났죠. 그 다음은 이 친구 해볼게요.","친구가 친구와 친구와, 또 친구와 친구와 팔 씨름을 합니다. 친구 모두 끝났죠. 다음은 친구 해볼게요."
16,1,0.0625,0.9,3.0,0,"n/ 내려와서 (432)/(사백 삼십 이)가 (되고요)/(되구요). 여기 보니까 (6번)/(여섯 번) 들어갑니다. (432)/(사백 삼십 이) 그대로 해서,","내려와서 삼십 이)가 여기 보니까 들어갑니다. 삼십 이) 그대로 해서,"
24,1,0.041666666666666664,0.9375,2.8125,0,"n/ 그리고 반시계 방향으로 (90도)/(구십 도) (1번)/(한번), (90도)/(구십 도) (2번)/(두 번) 해서 요렇게 (180도)/(백 팔십 도)로 돌린 (2가지)/(두 가지), 같은 방향임을 확인할 수 있는데요.","그리고 반시계 방향으로 도) 도) 해서 요렇게 팔십 도)로 돌린 가지), 같은 방향임을 확인할 수 있는데요."
14,0,0.0,0.9285714285714286,3.0714285714285716,1,자료를 많이 사용한다고 좋은 것은 아닙니다. 꼭 필요한 자료를 쉽게 전달하기 위해서 사용하면 됩니다.,자료를 많이 사용한다고 좋은 것은 아닙니다. 꼭 필요한 자료를 쉽게 전달하기 위해서 사용하면 됩니다.
31,1,0.03225806451612903,0.9615384615384616,2.8076923076923075,0,중요한 내용 중의 (1)/(하나)이기 때문에 어떤 특징이 있는지 살펴보도록 하자고요. 우리 먼저 그림 (Graph)/(그래프)란 알려고 하는 수를 그림으로 나타낸 (Graph)/(그래프)인데요. 여러분들 그림(Graph)/(그래프)를 볼 때는 항상 무엇부터 확인해야 되느냐? 바로 이 그림,중요한 내용 중의 때문에 어떤 특징이 있는지 살펴보도록 하자고요. 우리 먼저 그림 알려고 하는 수를 그림으로 나타낸 여러분들 볼 때는 항상 무엇부터 확인해야 되느냐? 바로 그림
9,0,0.0,1.0,3.0,1,"(이어주면)/(이어주믄) 되겠죠. 선생님 왜 이어줘야 되나요? 우선 우리 친구들,","되겠죠. 선생님 왜 이어줘야 되나요? 우선 우리 친구들,"
29,0,0.0,0.75,2.9642857142857144,1,이번에는요. 앞에 있는 (2)/(두) 분수를 먼저 계산하고 뒤에 있는 분수를 계산해보도록 할게요. 앞에 있는 분수를 먼저 계산을 주기 위해 우리가 표시하는 건 뭐죠? 이렇게 괄호 표시하면 먼저 계산한다는 뜻이죠.,이번에는요. 앞에 있는 분수를 먼저 계산하고 뒤에 있는 분수를 계산해보도록 할게요. 앞에 있는 분수를 먼저 계산을 주기 위해 우리가 표시하는 건 뭐죠? 이렇게 괄호 표시하면 먼저 계산한다는 뜻이죠.
12,1,0.08333333333333333,1.0,3.4444444444444446,0,n/ 정혁이의 (3회)/(삼 회)의 기록은 (13초)/(십 삼 초)입니다라고 이렇게 써주면 되는 것입니다.,정혁이의 회)의 기록은 삼 초)입니다라고 이렇게 써주면 되는 것입니다.
9,0,0.0,1.0,3.3333333333333335,1,겨울바람은 겨울과 바람이라는 두 낱말이 서로 합쳐져서 생긴 낱말이죠?,겨울바람은 겨울과 바람이라는 두 낱말이 서로 합쳐져서 생긴 낱말이죠?
3,0,0.0,1.0,2.3333333333333335,1,그런데 왼쪽 방에,그런데 왼쪽 방에
6,0,0.0,1.0,3.6,1,자/ 그리고 이번에는 주황색 사각형을 볼까요.,그리고 이번에는 주황색 사각형을 볼까요.
12,0,0.0,1.0,2.8333333333333335,1,자 그럼 선생님이 여기에서 평균 구하는 방법 알아보기 쉽게 식으로 정리해 줄게요.,자 그럼 선생님이 여기에서 평균 구하는 방법 알아보기 쉽게 식으로 정리해 줄게요.
10,2,0.2,1.0,4.285714285714286,0,자/ 이 글의 종류는요. 안내문이에요. n/ 안내문+ 중에서도 요리 안내문이죠.,글의 종류는요. 안내문이에요. 안내문+ 중에서도 요리 안내문이죠.
13,2,0.15384615384615385,1.0,3.6666666666666665,0,n/ 이/ 좁은 은신처에서 (8명)/(여덟 명)의 사람들이 살아가면서/ 안네는 어떤 음식을 먹으면서 살아갔을까요?,좁은 은신처에서 명)의 사람들이 안네는 어떤 음식을 먹으면서 살아갔을까요?
9,0,0.0,1.0,3.2,1,(3번)/(삼 번) 친구가 다리를 벌리고 앉아 있잖아.어/ (3번)/(삼 번)이요.,친구가 다리를 벌리고 앉아 번)이요.
14,0,0.0,1.0,3.0714285714285716,1,우리 친구들 오늘은요 집에서 주변의 덧셈식을 어떤 것으로 만들 수 있을지 한번 생각해보기 숙제입니다.,우리 친구들 오늘은요 집에서 주변의 덧셈식을 어떤 것으로 만들 수 있을지 한번 생각해보기 숙제입니다.
12,2,0.16666666666666666,0.8571428571428571,3.7142857142857144,0,"자/ 지금부터 채팅방에요. 이 말이 맞으면 (O)/(오), 이 말이 틀리면 (X)/(엑스)라고 적어주세요.",지금부터 채팅방에요. 말이 맞으면 말이 틀리면 적어주세요.
4,0,0.0,1.0,3.5,1,단정하는 표현 조심해야 됩니다.,단정하는 표현 조심해야 됩니다.
9,0,0.0,1.0,3.5,1,아파트에서 개를 기르는 것이 좋을까요? 아니면 그렇지 않을까요? 자/,아파트에서 개를 기르는 것이 좋을까요? 아니면 그렇지 않을까요?
3,0,0.0,1.0,3.6666666666666665,1,받아내림을 해준 거예요.,받아내림을 해준 거예요.
19,2,0.10526315789473684,0.8823529411764706,3.235294117647059,0,저기요 저기요 저 궁금한 거 있는데 저 좀 도와주세요 이렇게 얘기한 거예요. 그랬더니 청년이 무슨 일이죠? 라푼젤은 이렇게 얘기했어요.,저기요 저기요 궁금한 거 있는데 좀 도와주세요 이렇게 얘기한 거예요. 그랬더니 청년이 무슨 일이죠? 라푼젤은 이렇게 얘기했어요.
11,1,0.09090909090909091,1.0,3.0,0,o/ 좋았구요 특히 또 기억나는 구절이 그 편지 내용 중간중간에 보면요.,좋았구요 특히 또 기억나는 구절이 편지 내용 중간중간에 보면요.
3,0,0.0,1.0,3.3333333333333335,1,"옛날 아테네란 도시에,","옛날 아테네란 도시에,"
9,0,0.0,1.0,3.0,1,"어디에서 하자. 자/ 그다음에 우리 그때 사진기도 갖고 오고,","어디에서 하자. 그다음에 우리 그때 사진기도 갖고 오고,"
6,0,0.0,1.0,4.0,1,자/ (78)/(칠십 팔) 더하기 (5)/(오) 계산해볼까요?,팔) 더하기 계산해볼까요?
2,1,0.5,1.0,4.0,0,n/ 기차에는,기차에는
23,0,0.0,0.85,3.1,1,"자/ 이게 바로 (100)/(백)의 자리 아래 수를 올려서 나타낸 것입니다. 자/ 이번에는요, 버림을 보도록 하죠. 버림은 구하려는 자리 아래 수를 버려서 나타내는 방법입니다.","이게 바로 자리 아래 수를 올려서 나타낸 것입니다. 이번에는요, 버림을 보도록 하죠. 버림은 구하려는 자리 아래 수를 버려서 나타내는 방법입니다."
9,0,0.0,1.0,2.875,1,자/ 찾아 쓰세요 라고 했어요. 내 마음대로 쓰라. 아니죠.,찾아 쓰세요 라고 했어요. 내 마음대로 쓰라. 아니죠.
7,1,0.14285714285714285,1.0,2.5,0,n/ 나는 너보다 옆반은 은후가 더 좋은데,나는 너보다 옆반은 은후가 더 좋은데
14,0,0.0,1.0,3.0,1,자/ 이번에는 한 어린이가 (16)/(십 육)을 먼저 여기서부터 왼쪽부터 차례대로 계산을 해 준 거예요.,이번에는 한 어린이가 육)을 먼저 여기서부터 왼쪽부터 차례대로 계산을 해 준 거예요.
2,1,0.5,1.0,7.0,0,n/ 선생님입니다.,선생님입니다.
17,0,0.0,1.0,2.625,1,(10)/(열) 개씩 묶어 빈 칸에 알맞은 수를 써 넣으세요 라고 했네요. 이번에는 하트가 아니라 맛있는 빵이 있어요.,개씩 묶어 빈 칸에 알맞은 수를 써 넣으세요 라고 했네요. 이번에는 하트가 아니라 맛있는 빵이 있어요.
5,0,0.0,1.0,3.4,1,잠긴다! 알겠어? 이게 바로 출몰이야.,잠긴다! 알겠어? 이게 바로 출몰이야.
19,1,0.05263157894736842,1.0,2.8,0,(7)/(칠) (6)/(육) (8)/(팔) (5)/(오) 중에서는 (8)/(팔)이 제일 크고 그 다음은 (7)/(칠) 그리고 (6)/(육) (5)/(오)의 순서로 적어 나타낼 수 있습니다.,중에서는 제일 크고 다음은 그리고 순서로 적어 나타낼 수 있습니다.
11,1,0.09090909090909091,0.8,3.0,0,n/ 정답을 아는 친구들은 수강 후기 게시판에 정답을 많이 많이 올려주세요.,정답을 아는 친구들은 수강 후기 게시판에 정답을 많이 많이 올려주세요.
6,0,0.0,1.0,4.333333333333333,1,꾸미루미 가 여러분에게 알려준다고 합니다. 알려주세요..,꾸미루미 가 여러분에게 알려준다고 합니다. 알려주세요..
4,1,0.25,1.0,3.0,0,"n/ 고구마, 당근, 우엉","고구마, 당근, 우엉"
21,2,0.09523809523809523,0.8571428571428571,2.7857142857142856,0,n/ 요 변 아/ 선분 (ㅁ)/(미음)(ㅇ)/(이응)의 길이를 구하기 위해서는 (21)/(이십 일) 빼기 그다음에 (5)/(오) 빼기 그다음에 얼마 (7)/(칠)을 해주시면 (9)/(구)가 나옵니다.,요 변 선분 길이를 구하기 위해서는 일) 빼기 그다음에 빼기 그다음에 얼마 해주시면 나옵니다.
5,1,0.2,1.0,3.5,0,"맞습니다. 네 좋아요. 아/ 선생님,","맞습니다. 네 좋아요. 선생님,"
2,0,0.0,1.0,2.0,1,먼저 자/.,먼저
9,1,0.1111111111111111,1.0,2.75,0,n/ 가나다랑 마 바 사랑 국어가 재미있어지는 국어 마법.,가나다랑 마 바 사랑 국어가 재미있어지는 국어 마법.
32,2,0.0625,0.9259259259259259,3.037037037037037,0,n/ 첫 번째 공약수와 최대공약수의 관계를 알아봅시다. 공약수는 (2)/(두) 수의 공통인 약수 공약수라 하고 공약수 중 가장 큰 u/는 최대 공약수라고 합니다. 이 (2)/(둘)은 공약수는 최대 공약수의 약수와 같은 특별한 관계가 있어요.,첫 번째 공약수와 최대공약수의 관계를 알아봅시다. 공약수는 수의 공통인 약수 공약수라 하고 공약수 중 가장 큰 최대 공약수라고 합니다. 공약수는 최대 공약수의 약수와 같은 특별한 관계가 있어요.
5,1,0.2,1.0,2.6666666666666665,0,n/ 자/ 낸 돈 얼마였나요.,낸 돈 얼마였나요.
5,1,0.2,1.0,3.5,0,n/ 아니야 불가사리 모양 행성같아.,아니야 불가사리 모양 행성같아.
12,0,0.0,1.0,3.1818181818181817,1,대칭축은 대응점끼리 이은 선분을 (2)/(둘)로 나눈다는 성질을 이용했죠 자 다음 넘어가 볼게요.,대칭축은 대응점끼리 이은 선분을 나눈다는 성질을 이용했죠 자 다음 넘어가 볼게요.
11,0,0.0,1.0,3.7,1,지금까지 초등학생들의 우리말 사용 실태에 대해서 발표했습니다. 이렇게 내용을 정리해 (주고요)/(주구요).,지금까지 초등학생들의 우리말 사용 실태에 대해서 발표했습니다. 이렇게 내용을 정리해
2,0,0.0,1.0,4.0,1,축구장 좁습니다.,축구장 좁습니다.
16,0,0.0,0.7333333333333333,3.2666666666666666,1,물컹한 껍질이 터지며 열매에서 구린 냄새가 났습니다. 물컹한 껍질이 터졌더니요. 구린 냄새 어우/ 지독한 냄새가 났대요.,물컹한 껍질이 터지며 열매에서 구린 냄새가 났습니다. 물컹한 껍질이 터졌더니요. 구린 냄새 지독한 냄새가 났대요.
5,0,0.0,1.0,3.2,1,느낀 적이 있느냐 라고 물어봤습니다.,느낀 적이 있느냐 라고 물어봤습니다.
15,0,0.0,1.0,2.8461538461538463,1,(200)/(이백) 만큼이 더 필요한 것이죠. 그래서 빈칸에 (200)/(이백) 이라고 써주면 돼요. 다시 한번 확인해 볼까요?,만큼이 더 필요한 것이죠. 그래서 빈칸에 이라고 써주면 돼요. 다시 한번 확인해 볼까요?
8,0,0.0,1.0,2.3333333333333335,1,(14번)/(십 사 번) 중요 표시 있는 문제를 볼게요.,사 중요 표시 있는 문제를 볼게요.
19,1,0.05263157894736842,0.9375,3.125,0,자/ 그럼 다음 문제* 보겠습니다. 이 글과 같은 편지의 형식의 어울리는 내용을 모두 찾아 색칠하세요. 자/ 그럼 보기부터 볼게요.,그럼 다음 문제* 보겠습니다. 글과 같은 편지의 형식의 어울리는 내용을 모두 찾아 색칠하세요. 그럼 보기부터 볼게요.
13,0,0.0,1.0,2.8333333333333335,1,"내가 이해한 것을 이렇게 나의 언어로 적어두면요, 기억도 (더)/(저) 잘나고 나중에 봤을 때,","내가 이해한 것을 이렇게 나의 언어로 적어두면요, 기억도 잘나고 나중에 봤을 때,"
12,1,0.08333333333333333,1.0,2.8,0,그리고 우리 이 공부했던 내용이 (6학년)/(육 학년) 때 가면 또 그대로 배우거든요.,그리고 우리 공부했던 내용이 학년) 때 가면 또 그대로 배우거든요.
17,2,0.11764705882352941,0.7142857142857143,2.5,0,"n/ 현주 키의 현주 키가(145)/(백 사십 오) 였죠. 이 현주 키의 의 의 의는 수학에서 곱하기였죠. 곱하기,","현주 키의 현주 사십 오) 였죠. 현주 키의 의 의 의는 수학에서 곱하기였죠. 곱하기,"
9,2,0.2222222222222222,1.0,2.8333333333333335,0,n/ 이 부분을 읽는데 선생님은 아무 대답을 하지 (못하겠더라고요)/(못하겠더라구요).,부분을 읽는데 선생님은 아무 대답을 하지
2,0,0.0,1.0,2.5,1,중간 점검.,중간 점검.
6,0,0.0,1.0,2.8,1,자/ 우리 친구들 도 한번 풀어보세요.,우리 친구들 도 한번 풀어보세요.
24,1,0.041666666666666664,0.9411764705882353,3.0,0,"(8)/(팔) 의 n/ 값을 구해주면 되겠네요. 모르니까. 네모로 (두고요)/(두구요). 사실 나눗셈 식을 곱셈 식으로 (1번)/(한 번) 고쳐보죠. 자/ 나눗셈 식에서 나누는 수 (8)/(팔) 곱하기,","의 값을 구해주면 되겠네요. 모르니까. 네모로 사실 나눗셈 식을 곱셈 식으로 고쳐보죠. 나눗셈 식에서 나누는 수 곱하기,"
5,0,0.0,1.0,3.4,1,친구들은 호준이와 같은 경험이 있어요?,친구들은 호준이와 같은 경험이 있어요?
5,1,0.2,1.0,3.3333333333333335,0,어/ (120개)/(백 이십 개)보다 많아요.,이십 개)보다 많아요.
34,1,0.029411764705882353,0.9375,2.9375,0,"여기에 있는 포와 여기 있는 포는 똑같은 말 이에요. 거품이라는 뜻입니다, 자/ 그런데 수포 말 그대로 물거품이죠. 물거품 뭐예요. 이만큼 부풀었다가 톡 터지죠 아무 것도 아니게 됩니다. 이 모양을 빗대어서 비유적으로 표현 한 것이,","여기에 있는 포와 여기 있는 포는 똑같은 말 이에요. 거품이라는 뜻입니다, 그런데 수포 말 그대로 물거품이죠. 물거품 뭐예요. 이만큼 부풀었다가 톡 터지죠 아무 것도 아니게 됩니다. 모양을 빗대어서 비유적으로 표현 한 것이,"
2,0,0.0,1.0,4.0,1,자/ 지우고.,지우고.
12,0,0.0,0.9166666666666666,3.0,1,그런 일이 있었군요. 그런데 괜찮아요. 울 수도 있죠. 부끄러운 일이 전혀 아니에요.,그런 일이 있었군요. 그런데 괜찮아요. 울 수도 있죠. 부끄러운 일이 전혀 아니에요.
5,1,0.2,1.0,3.75,0,아/ 안되겠다. 마법의 주문이 필요해.,안되겠다. 마법의 주문이 필요해.
31,0,0.0,1.0,3.1333333333333333,1,"옆줄이 뭐예요? 어디 있어요? 선생님이 이렇게 그림에 그려 봤습니다. 우리 친구들, 오늘 공부하고 나서 쉬는 시간에 꼭/ 물고기 사진을 검색해서 살펴보세요. 그럼 우리가 공부했던 비늘, 아가미, 옆줄 다 살펴볼 수가 있습니다.","옆줄이 뭐예요? 어디 있어요? 선생님이 이렇게 그림에 그려 봤습니다. 우리 친구들, 오늘 공부하고 나서 쉬는 시간에 물고기 사진을 검색해서 살펴보세요. 그럼 우리가 공부했던 비늘, 아가미, 옆줄 다 살펴볼 수가 있습니다."
17,1,0.058823529411764705,0.8666666666666667,3.1333333333333333,0,자/ 그래서 우리가 세 번째 방법을 보려고 해요. n/ 세 번째 방법은요. 분수의 곱셈으로 고쳐서 계산한다고 되있습니다.,그래서 우리가 세 번째 방법을 보려고 해요. 세 번째 방법은요. 분수의 곱셈으로 고쳐서 계산한다고 되있습니다.
3,0,0.0,1.0,3.6666666666666665,1,잡은 숫자는 무엇인가요?,잡은 숫자는 무엇인가요?
2,1,0.5,1.0,5.0,0,n/ 호랑이는.,호랑이는.
19,0,0.0,0.9411764705882353,2.588235294117647,1,방금 전 화면에서 본 내용을 그림 그래프로 옮기기 전에 준비된 표를 통해서 다시 (1번)/(한 번) 내용을 확인해 보도록 해요.,방금 전 화면에서 본 내용을 그림 그래프로 옮기기 전에 준비된 표를 통해서 다시 내용을 확인해 보도록 해요.
9,2,0.2222222222222222,1.0,4.142857142857143,0,그/ 이 여자에게 판도라라고 이름을 붙여주고 호기심이라는 선물을 줍니다.,여자에게 판도라라고 이름을 붙여주고 호기심이라는 선물을 줍니다.
4,0,0.0,1.0,3.3333333333333335,1,자/ 지금 모양이 어떤가요.,지금 모양이 어떤가요.
2,1,0.5,1.0,3.0,0,"n/ 대칭,","대칭,"
4,0,0.0,1.0,3.0,1,우리 친구들 생각은 어때요?,우리 친구들 생각은 어때요?
30,1,0.03333333333333333,0.8846153846153846,2.6153846153846154,0,"n/ 두 개나 들었습니다. 예. (1)/(하나)만 들지 않고 두 개나 들었죠. 굉장히 좋은 겁니다. 자/ 첫 번째 근거가 무엇이었나요? 계약서 상 증서 상 그대로 잘 이행한, 그런 판결이었다 라는 (거고요)/(거구요).","두 개나 들었습니다. 예. 들지 않고 두 개나 들었죠. 굉장히 좋은 겁니다. 첫 번째 근거가 무엇이었나요? 계약서 상 증서 상 그대로 잘 이행한, 그런 판결이었다 라는"
24,3,0.125,0.9523809523809523,3.1904761904761907,0,n/ 지금 여러분들이 읽을 것과 관련해서 그 사람이 예전에 경험했던 것 또 그리고 예전에 독서를 통해서 알고있는 지식을 이야기해요. 그래서 이 배경지식이 풍부한 학생들은,지금 여러분들이 읽을 것과 관련해서 사람이 예전에 경험했던 것 또 그리고 예전에 독서를 통해서 알고있는 지식을 이야기해요. 그래서 배경지식이 풍부한 학생들은
21,1,0.047619047619047616,1.0,3.8333333333333335,0,"아닙니다, 나쁜 생각+ (생각이 있으면)/(생각이면) 착한 생각이 자라기 어렵다는 것은요, 글쓴이만의 생각을 나타낸 부분입니다. 그러므로 이것은 의견에 해당되구요, (ㄴ)/(니은)을 살펴보면요, n/","아닙니다, 나쁜 생각+ (생각이 착한 생각이 자라기 어렵다는 것은요, 글쓴이만의 생각을 나타낸 부분입니다. 그러므로 이것은 의견에 해당되구요, 살펴보면요,"
28,2,0.07142857142857142,0.9166666666666666,3.3333333333333335,0,n/ 성공해서 유명해지기 위해 열심히 일하는 사람. 자/ 열심히 일한 다고 하니까 헷갈릴 수도 있을지 모르겠는데. 이 사람은 뭐예요? 자기 자신을 위해서 일하는 사람이니까. 정답은 (5번)/(오 번)이 되겠습니다.,성공해서 유명해지기 위해 열심히 일하는 사람. 열심히 일한 다고 하니까 헷갈릴 수도 있을지 모르겠는데. 사람은 뭐예요? 자기 자신을 위해서 일하는 사람이니까. 정답은 번)이 되겠습니다.
5,0,0.0,1.0,3.0,1,또 (5번)/(오 번) 남에게 의지한다.,또 남에게 의지한다.
20,0,0.0,1.0,2.6470588235294117,1,(2점)/(두 점)을 곱게 이은 선 이건 바로 선분이라고 하는거죠. (1번)/(일 번)과 같은 경우에는 일단 (굽은선)/(구분선)이기 때문에 성분이 될 수 없어요.,점)을 곱게 이은 선 이건 바로 선분이라고 하는거죠. 번)과 같은 경우에는 일단 때문에 성분이 될 수 없어요.
6,0,0.0,1.0,3.6666666666666665,1,꿈개가 오늘 학교에서 모둠활동이 잘 안됐나봅니다.,꿈개가 오늘 학교에서 모둠활동이 잘 안됐나봅니다.
30,2,0.06666666666666667,1.0,2.857142857142857,0,이사람이 집에 돌아와보니 능텅 감투가 그 꼴이 돼 있거든. 그런데 이 사람이 미련을 버리지 못하고 옷을 홀랑 벗고는 온몸에 능통 감투의 재를 바르고 또 제사 음식을 훔쳐먹으러 나섰어 라고 되어있는데요,이사람이 집에 돌아와보니 능텅 감투가 꼴이 돼 있거든. 그런데 사람이 미련을 버리지 못하고 옷을 홀랑 벗고는 온몸에 능통 감투의 재를 바르고 또 제사 음식을 훔쳐먹으러 나섰어 라고 되어있는데요
7,0,0.0,1.0,3.4,1,앞으로 (ㄱ)/(기역)자 (1)/(하나)만 적는 일은 절대로 없어야겠어요.,앞으로 적는 일은 절대로 없어야겠어요.
3,0,0.0,1.0,3.0,1,아주 예쁜 모양이죠?,아주 예쁜 모양이죠?
4,0,0.0,1.0,2.25,1,아주 쉽지 진짜 쉽지.,아주 쉽지 진짜 쉽지.
13,0,0.0,1.0,3.0833333333333335,1,"자/ 숫자로 대답해야 되나요, 아니면 몇 가지라고 대답을 해야 되나요. 딱 정답은 이거예요.","숫자로 대답해야 되나요, 아니면 몇 가지라고 대답을 해야 되나요. 딱 정답은 이거예요."
13,0,0.0,1.0,3.75,1,"(60개)/(육십 개)씩 (2상자)/(두 상자)니까 따라서 이것을 곱셈식으로 쓰면 (60)/(육십)의 (2배)/(두 배)이므로 (60)/(육십) 곱하기,","개)씩 상자)니까 따라서 이것을 곱셈식으로 쓰면 배)이므로 곱하기,"
6,1,0.16666666666666666,1.0,3.0,0,n/ (74)/(칠십 사) 나누기 (8)/(팔) 입니다.,사) 나누기 입니다.
16,3,0.1875,1.0,3.0,0,n/ 내가 저 사람을 좋아하나? 사랑하나? 아이/ 뭐/ 나 너 사랑하냐? 이렇게 물어볼 수도 없고 말이죠.,내가 사람을 좋아하나? 사랑하나? 나 너 사랑하냐? 이렇게 물어볼 수도 없고 말이죠.
3,0,0.0,1.0,4.0,1,자/ 그럼 여기에서부터,그럼 여기에서부터
10,0,0.0,1.0,2.9,1,"그런 행동 보면 여러분도 우아, 해지지 않죠. 에이, 이렇게 되시죠.","그런 행동 보면 여러분도 우아, 해지지 않죠. 에이, 이렇게 되시죠."
10,0,0.0,1.0,3.0,1,요거 얼씬거리다 라는 것은 기웃기웃 거린다와 비슷한 뜻일 대+ 텐데요.,요거 얼씬거리다 라는 것은 기웃기웃 거린다와 비슷한 뜻일 대+ 텐데요.
5,0,0.0,1.0,3.0,1,오늘의 마지막 문제 나와라. 뿅/.,오늘의 마지막 문제 나와라.
10,0,0.0,1.0,3.111111111111111,1,받은 적이 있는가? 한번 생각을 해보세요. 굉장히 중요한 겁니다. 예/,받은 적이 있는가? 한번 생각을 해보세요. 굉장히 중요한 겁니다.
7,0,0.0,1.0,3.6,1,자/ 이런 것들이 있다라는 내용이죠. 자/ 그다음.,이런 것들이 있다라는 내용이죠. 그다음.
20,0,0.0,1.0,2.8,1,네. 우리 친구들 대부분 요 문제는. 예. 잘 해결해 줬네요. 다른 친구들도 실수하는 부분만 줄인다면 어렵지 않은 문제인 것 같습니다.,네. 우리 친구들 대부분 요 문제는. 예. 잘 해결해 줬네요. 다른 친구들도 실수하는 부분만 줄인다면 어렵지 않은 문제인 것 같습니다.
5,0,0.0,1.0,3.4,1,생생하게 살아나게 하는 비법 이라고요?,생생하게 살아나게 하는 비법 이라고요?
9,1,0.1111111111111111,1.0,2.0,0,막 그냥 내 맘대로 짠/ 짠/ 하다가 아/ 호/,막 그냥 내 맘대로 하다가
11,0,0.0,1.0,2.8181818181818183,1,여기까지 아직 다 쓰지 못한 친구들을 위해서 선생님이 시간을 좀더 줄게요.,여기까지 아직 다 쓰지 못한 친구들을 위해서 선생님이 시간을 좀더 줄게요.
14,2,0.14285714285714285,1.0,3.111111111111111,0,"자/ 이 (1)/(일), 나누기 (7)/(칠), 이요. 그림으로 일단 나타내야 돼요. 이 의미 뭐라고 했어요.",나누기 이요. 그림으로 일단 나타내야 돼요. 의미 뭐라고 했어요.
8,0,0.0,1.0,3.5714285714285716,1,자/ 그럼 준비 됐나요? 이번 항해의 시작해보도록 하겠습니다.,그럼 준비 됐나요? 이번 항해의 시작해보도록 하겠습니다.
10,1,0.1,1.0,3.75,0,n/ 단위 잊지 말아야겠죠? (7일)/(칠 일)까지 정확하게 적을 수가 있어야겠습니다.,단위 잊지 말아야겠죠? 일)까지 정확하게 적을 수가 있어야겠습니다.
4,0,0.0,1.0,2.5,1,그래 내가 너를 알잖아.,그래 내가 너를 알잖아.
3,1,0.3333333333333333,1.0,4.0,0,o/ 그렇죠. n/,그렇죠.
7,1,0.14285714285714285,1.0,3.6,0,어/ 아주아주 문장이 부드럽게 연결이 되지요. (그리고요)/(그리구요).,아주아주 문장이 부드럽게 연결이 되지요.
12,1,0.08333333333333333,1.0,2.7,0,n/ (6)/(육)학년 여러분 모두 안녕하세요. 수학을 쉽고 재밌게 함께 할 수학 마스터,여러분 모두 안녕하세요. 수학을 쉽고 재밌게 함께 할 수학 마스터
4,2,0.5,0.5,3.0,0,n/ 어 얘들아 얘들아,얘들아 얘들아
4,0,0.0,1.0,3.3333333333333335,1,자/ 다음을 계산해 보시오.,다음을 계산해 보시오.
10,0,0.0,1.0,3.1,1,요 문단을 꼭 기억해두시고요. 문단의 정석하면 요걸 한번 기억해 주세요.,요 문단을 꼭 기억해두시고요. 문단의 정석하면 요걸 한번 기억해 주세요.
15,1,0.06666666666666667,0.8461538461538461,2.8461538461538463,0,중간 크기 스마일 (5명)/(다섯 명)을 표현하는 중간 크기 스마일로 표현할 수가 있다. 그 말은 무엇이다?,중간 크기 스마일 명)을 표현하는 중간 크기 스마일로 표현할 수가 있다. 말은 무엇이다?
2,0,0.0,1.0,5.5,1,들고양이가 훌쩍였어요.,들고양이가 훌쩍였어요.
6,0,0.0,0.8333333333333334,3.0,1,우리도 안전하지 않아 왜 안전하지 않대요?,우리도 안전하지 않아 왜 안전하지 않대요?
9,0,0.0,1.0,2.25,1,(3개)/(세 개)다 라고 정리를 해 줄 수 있는 것입니다.,개)다 라고 정리를 해 줄 수 있는 것입니다.
4,1,0.25,1.0,3.0,0,"n/ 으응/ 옛날 옛날에,","옛날 옛날에,"
11,0,0.0,0.8,2.8,1,자/ 변 (ㄴ)/(니은) (ㅁ)/(미음) 어딨나요. 자/ 변 (ㄴ)/(니은) (ㅁ)/(미음) 여기 있습니다.,변 어딨나요. 변 여기 있습니다.
19,1,0.05263157894736842,1.0,3.2857142857142856,0,그러면 선생님 여기 지금 커다란 (3각자)/(삼 각자)를 준비했습니다. 지금부터 이 (3각자)/(삼 각자)에 있는 각을 (1번)/(한 번) 본을 떠보도록 할게요.,그러면 선생님 여기 지금 커다란 각자)를 준비했습니다. 지금부터 각자)에 있는 각을 본을 떠보도록 할게요.
20,2,0.1,1.0,2.588235294117647,0,어/ 향기가 나는 동시라 어/ 이거 잘만 만들면 꽤나 멋질 것 같죠. 냄새 지독한 그런 동시 말고 말이에요. 자/ 이번에는요,향기가 나는 동시라 이거 잘만 만들면 꽤나 멋질 것 같죠. 냄새 지독한 그런 동시 말고 말이에요. 이번에는요
16,0,0.0,1.0,3.6875,1,여러분 이렇게 오늘 개념을 살펴보았습니다 이제는 어떤순서인가요 개념 다지기 통해서요 오늘의 문제에 더욱더 많이 풀어보도록 하겠습니다.,여러분 이렇게 오늘 개념을 살펴보았습니다 이제는 어떤순서인가요 개념 다지기 통해서요 오늘의 문제에 더욱더 많이 풀어보도록 하겠습니다.
24,2,0.08333333333333333,0.95,2.65,0,"자/ 허브는 전 세계적으로 음식, 약, 향료 등으로 사용하고 있답니다. 자/ 그럼 여기 여러 가지 어/ 그/ 허브는 어떤 것들이 있는지 더 보고 싶죠?","허브는 전 세계적으로 음식, 약, 향료 등으로 사용하고 있답니다. 그럼 여기 여러 가지 허브는 어떤 것들이 있는지 더 보고 싶죠?"
8,0,0.0,1.0,2.857142857142857,1,해서. 자/ 못했기 때문에 라고 적으면 더 좋은데요.,해서. 못했기 때문에 라고 적으면 더 좋은데요.
10,1,0.1,1.0,3.4444444444444446,0,그렇죠. 글씨와 같은 것을 종이에 쓴다는 의미였습니다. 관련이 n/ 없고요.,그렇죠. 글씨와 같은 것을 종이에 쓴다는 의미였습니다. 관련이 없고요.
14,0,0.0,1.0,2.7857142857142856,1,주어진 문장의 밑줄 친 낱말과 같은 뜻으로 쓰인 말을 찾아서 동그라미 표하세요 라고 했습니다.,주어진 문장의 밑줄 친 낱말과 같은 뜻으로 쓰인 말을 찾아서 동그라미 표하세요 라고 했습니다.
10,0,0.0,1.0,2.625,1,자/ 그랬더니 이게 얼마가 되는 거지요? (5432)/(오천 사백 삼십 이),그랬더니 이게 얼마가 되는 거지요? 사백 삼십 이)
21,3,0.14285714285714285,0.9411764705882353,3.176470588235294,0,"아주 쉬운 문제죠? 그래도 이 문제는 아주 핵심적인 문제로서 선생 선생님이 준비했습니다. 정답은 n/ 모서리가 될 거에요. (그죠)/(그쵸)? 이 시 속에서,","아주 쉬운 문제죠? 그래도 문제는 아주 핵심적인 문제로서 선생 선생님이 준비했습니다. 정답은 모서리가 될 거에요. 시 속에서,"
4,1,0.25,1.0,4.0,0,n/ 연결을 한번 해보겠습니다.,연결을 한번 해보겠습니다.
3,1,0.3333333333333333,1.0,4.0,0,n/ 오/ 그래요.,그래요.
12,0,0.0,1.0,2.4,1,(2)/(두) 수의 합이 (596)/(오백 구십 육) 이구나 따라서 다음 수를 구해 보세요.,수의 합이 구십 육) 이구나 따라서 다음 수를 구해 보세요.
16,3,0.1875,0.9166666666666666,2.5,0,"n/ 비율로 쓰면은 요렇게 이십 오 분의 이십 일 이 됩니다 자/ 그렇다면 두번째 n/ 문제,","비율로 쓰면은 요렇게 이십 오 분의 이십 일 됩니다 그렇다면 두번째 문제,"
24,3,0.125,0.85,2.5,0,"바로 비율은 어떻게 구해야 하냐면은요 기준량 분의 비교하는 양 이 바로 비율 n/ 이었었죠 그래서 십 이 분의 십 팔 요렇게 쓰면 (되고요)/(되구요) 또한,","바로 비율은 어떻게 구해야 하냐면은요 기준량 분의 비교하는 양 바로 비율 이었었죠 그래서 십 분의 십 팔 요렇게 쓰면 또한,"
14,0,0.0,0.6428571428571429,2.7142857142857144,1,여기 여기 여기 괄호 속에는 어떤 낱말이 들어가야 될까요? 또는 어떤 말이 들어가야 될까요?,여기 여기 여기 괄호 속에는 어떤 낱말이 들어가야 될까요? 또는 어떤 말이 들어가야 될까요?
5,0,0.0,1.0,2.0,1,(3)/(삼). (3)/(삼)이라고 쓸 수 있겠죠?,쓸 수 있겠죠?
9,1,0.1111111111111111,0.875,2.5,0,아/ 또 책 하면요 저는 책 속 주인공도 떠오르는데요.,또 책 하면요 저는 책 속 주인공도 떠오르는데요.
5,0,0.0,1.0,2.75,1,자/ 바로 이것은 금방 나오죠?,바로 이것은 금방 나오죠?
6,0,0.0,1.0,3.8333333333333335,1,성민이의 몸무게에서 효진이 몸무게를 빼주면 되겠죠?,성민이의 몸무게에서 효진이 몸무게를 빼주면 되겠죠?
9,0,0.0,1.0,2.625,1,또 (1학년)/(일 학년) 때 선생님께 감사하다고 썼을 수도 있고.,또 학년) 때 선생님께 감사하다고 썼을 수도 있고.
23,1,0.043478260869565216,0.9473684210526315,3.263157894736842,0,그 다음으로는 (1)/(일) 이라는 숫자카드가 있어요. 선생님이 잠깐 여기 이렇게 밑으로 다시 예쁘게 정렬해보도록 할게요 자/ 이렇게 해서 큰 수를 만들어 보았는데요. u/,다음으로는 이라는 숫자카드가 있어요. 선생님이 잠깐 여기 이렇게 밑으로 다시 예쁘게 정렬해보도록 할게요 이렇게 해서 큰 수를 만들어 보았는데요.
4,1,0.25,1.0,3.5,0,"n/ 삼각형 (ㄷ)/(디귿)의 각도를,","삼각형 각도를,"
6,1,0.16666666666666666,1.0,2.4,0,"n/ 납세. 납세는 말 그대로 납,","납세. 납세는 말 그대로 납,"
2,0,0.0,1.0,4.0,1,생각을 해보세요.,생각을 해보세요.
16,1,0.0625,1.0,2.7333333333333334,0,"쪼금 덧셈 속도가 느리더라도, 우리 친구들이 이 값을 다음 시간에는 빨리빨리 얘기 할 수 있을 거예요.","쪼금 덧셈 속도가 느리더라도, 우리 친구들이 값을 다음 시간에는 빨리빨리 얘기 할 수 있을 거예요."
22,1,0.045454545454545456,0.9166666666666666,4.083333333333333,0,"자/ 우리 (10000)/(만) 단위까지 배웠어요. (5자릿수)/(다섯 자릿수)라고 했었죠? n/ (1)/(일), (10)/(십), (100)/(백), (1000)/(천), (10000)/(만) 단위까지 배우다가 그다음에 (10000000)/(천만) 단위 까지도 배웠습니다. 기억나요?",우리 단위까지 배웠어요. 자릿수)라고 했었죠? 단위까지 배우다가 그다음에 단위 까지도 배웠습니다. 기억나요?
26,2,0.07692307692307693,0.9523809523809523,2.857142857142857,0,"n/ 여기가 참 밝지요. (이거)/(요거) 잘 모르는 친구들이 있더라구요. (여기는)/(요기는) 밝은데 정작, (이)/(요) 밑은 참 어둡단 말이죠. 그렇죠? 이 때 쓰는 말이 등잔 밑이 어둡단데 그러니까.","여기가 참 밝지요. 잘 모르는 친구들이 있더라구요. 밝은데 정작, 밑은 참 어둡단 말이죠. 그렇죠? 때 쓰는 말이 등잔 밑이 어둡단데 그러니까."
7,0,0.0,0.8571428571428571,2.5714285714285716,1,일단 마지막 문단은 일단 좀 생략이 됐는데요,일단 마지막 문단은 일단 좀 생략이 됐는데요
5,1,0.2,1.0,2.25,0,n/ 하고 싶은 말은 많으나,하고 싶은 말은 많으나
11,0,0.0,1.0,2.9,1,b/ 책이나 영상에서 본 것을 떠올리면 더욱 실감나게 읽을 수가 있습니다.,책이나 영상에서 본 것을 떠올리면 더욱 실감나게 읽을 수가 있습니다.
17,0,0.0,1.0,2.9375,1,"자/ 이렇게 글에서 직접 서운한 마음이 들었어요. 라는 부분을 찾으니까, 인물의 마음을 더욱더 잘 이해할 수 있겠죠?","이렇게 글에서 직접 서운한 마음이 들었어요. 라는 부분을 찾으니까, 인물의 마음을 더욱더 잘 이해할 수 있겠죠?"
16,1,0.0625,0.8461538461538461,3.0,0,"오른쪽 도형의 넓이가 (72 제곱 센티미터)/(칠십 이 제곱 센치미터)일 때, 도형의 둘레의 길이는 몇 (cm)/(센치미터)입니까? 물었어요.","오른쪽 도형의 넓이가 (72 제곱 제곱 센치미터)일 때, 도형의 둘레의 길이는 몇 물었어요."
3,0,0.0,1.0,5.0,1,"자/ (2등)/(이 등)은요,","등)은요,"
7,0,0.0,0.75,2.25,1,자/ 박수 (2번)/(두 번) 시작. 짝* 짝*,박수 시작. 짝* 짝*
10,2,0.2,1.0,3.7142857142857144,0,o/ 여기서 그 나의 웬수덩어리고 n/ 웬수는 컴퓨터가 아닌가 싶습니다.,여기서 나의 웬수덩어리고 웬수는 컴퓨터가 아닌가 싶습니다.
15,1,0.06666666666666667,0.6923076923076923,2.5384615384615383,0,"n/ 아르/ 어휘 하나 주면 안 잡아 먹지. 어흥. 어흥. 개굴, 개굴, 개굴, 개굴, 개굴.","어휘 하나 주면 안 잡아 먹지. 어흥. 어흥. 개굴, 개굴, 개굴, 개굴, 개굴."
15,0,0.0,1.0,3.142857142857143,1,자/ 선생님이랑 이렇게 행복할 때를 한번 쭉 찾아봤는데요. 사람마다 행복한 순간들은 조금씩 다른 것 같아요.,선생님이랑 이렇게 행복할 때를 한번 쭉 찾아봤는데요. 사람마다 행복한 순간들은 조금씩 다른 것 같아요.
11,0,0.0,1.0,3.2,1,밑면의 모양이 가로 세로 (10cm)/(십 센치)인 직사각형 모양의 수조에 넣어보도록 하죠.,밑면의 모양이 가로 세로 센치)인 직사각형 모양의 수조에 넣어보도록 하죠.
7,0,0.0,1.0,2.8333333333333335,1,(100)/(백)을 이렇게 써줘요. 여기까지 할 수 있죠.?,이렇게 써줘요. 여기까지 할 수 있죠.?
11,0,0.0,1.0,2.9,1,"자/ 첫 번째 힌트 봅시다. 옛날 이야기, 다른 나라의 이야기라고 하네요.","첫 번째 힌트 봅시다. 옛날 이야기, 다른 나라의 이야기라고 하네요."
13,0,0.0,1.0,3.1,1,자/ 어떤가요? 나는 속담박사? 자/ 우리 친구들의 속담실력이 좀 더 쑥쑥 자랐으면 (좋겠네요)/(좋겠네여).,어떤가요? 나는 속담박사? 우리 친구들의 속담실력이 좀 더 쑥쑥 자랐으면
4,0,0.0,1.0,2.75,1,내가 색을 한번 칠해볼까?,내가 색을 한번 칠해볼까?
2,0,0.0,1.0,2.5,1,수박의 수는,수박의 수는
9,0,0.0,1.0,3.2222222222222223,1,여기는 뭐가 되겠습니까. 시간 일까요 시일까요 그래요 시가 되겠죠?,여기는 뭐가 되겠습니까. 시간 일까요 시일까요 그래요 시가 되겠죠?
6,0,0.0,1.0,3.6666666666666665,1,하지만 세번째 힌트 바로 꼴찌의 반댓말이었습니다.,하지만 세번째 힌트 바로 꼴찌의 반댓말이었습니다.
4,1,0.25,1.0,4.0,0,n/ 이렇게 연결하면 되겠어요.,이렇게 연결하면 되겠어요.
7,0,0.0,1.0,2.3333333333333335,1,"자/ 그러면 여기 기역 니은 디귿 중에,","그러면 여기 기역 니은 디귿 중에,"
4,0,0.0,1.0,2.6666666666666665,1,(2008년)/(이천 팔 년)에 창의성.,팔 년)에 창의성.
7,0,0.0,1.0,2.2,1,자/ 이제 우리 배운 것을 떠올려 (봐야할텐데요)/(보야할텐데요).,이제 우리 배운 것을 떠올려
11,1,0.09090909090909091,1.0,2.8,0,"n/ 네 우리 친구들, 이렇게 간단한 숫자 가지고 정리하니까 더 쉽지요?","네 우리 친구들, 이렇게 간단한 숫자 가지고 정리하니까 더 쉽지요?"
7,0,0.0,1.0,3.4285714285714284,1,자연수 부분과 진분수 부분을 나누어서 생각하는 겁니다.,자연수 부분과 진분수 부분을 나누어서 생각하는 겁니다.
6,0,0.0,1.0,2.8,1,자/ 이제 맛을 본 사람이 얘기하네요.,이제 맛을 본 사람이 얘기하네요.
22,1,0.045454545454545456,0.9523809523809523,3.0,0,"이렇게 인물을 설명할 때에는요. 그 사람의 특징적인 모습, 성격, 일화, 업적 그리고 일대기에 대해서 설명할 수 있다는 거 잘 기억해 주길 바라겠습니다.","이렇게 인물을 설명할 때에는요. 사람의 특징적인 모습, 성격, 일화, 업적 그리고 일대기에 대해서 설명할 수 있다는 거 잘 기억해 주길 바라겠습니다."
10,0,0.0,1.0,3.0,1,(ㄱ)/(기역)과 바꿔 쓸 수 있는 낱말이요. (ㄱ)/(기역)이 무엇입니까? 겨루다. 예/,바꿔 쓸 수 있는 낱말이요. 무엇입니까? 겨루다.
15,0,0.0,0.375,2.75,1,아니 (60마리)/(예순 마리) b/ 아니 (70마리)/(일흔 마리) 아니 (80마리)/(여든 마리) l/ (9마리)/(아흔 마리) (100마리)/(백 마리).,아니 마리) 아니 마리) 아니 마리) 마리) 마리).
15,0,0.0,0.8666666666666667,2.8666666666666667,1,어제 먹은 귤 수와 오늘 먹은 귤 수를 어떻게 해줄까? 먹었으니까 지워줘야겠죠. 차례로 빼줘야 됩니다.,어제 먹은 귤 수와 오늘 먹은 귤 수를 어떻게 해줄까? 먹었으니까 지워줘야겠죠. 차례로 빼줘야 됩니다.
10,1,0.1,1.0,3.125,0,o/ 그 얼려버린 느낌을 더욱 더 실감나게 나타내기 위해서 과장법.,얼려버린 느낌을 더욱 더 실감나게 나타내기 위해서 과장법.
30,1,0.03333333333333333,0.9285714285714286,2.7857142857142856,0,"자/ 군역 그러니까 군대에 가서 일을 하는 거죠. 군역과 세금이 면제되었다 했으니까. 어/ 군대에 가지 않아도 되고 세금을 내지 않아도 되는 혜택 즉, 특권을 누렸다. 그렇게 정리를 할 수 있습니다.","군역 그러니까 군대에 가서 일을 하는 거죠. 군역과 세금이 면제되었다 했으니까. 군대에 가지 않아도 되고 세금을 내지 않아도 되는 혜택 즉, 특권을 누렸다. 그렇게 정리를 할 수 있습니다."
14,0,0.0,1.0,3.272727272727273,1,자/ 요약을 하고요. 그중에서 가장 비슷한 경우. 자신의 경험을 (1번)/(한 번) 써봐라라고 하고 있네요.,요약을 하고요. 그중에서 가장 비슷한 경우. 자신의 경험을 써봐라라고 하고 있네요.
18,0,0.0,1.0,2.9411764705882355,1,b/ 그러니까 우리 친구들 좀 더 쉽게 찾을 수가 있겠죠? 오늘도 어김없이 여러분을 찾아갑니다. 수업 보물 열쇠죠? 나와라.,그러니까 우리 친구들 좀 더 쉽게 찾을 수가 있겠죠? 오늘도 어김없이 여러분을 찾아갑니다. 수업 보물 열쇠죠? 나와라.
10,2,0.2,1.0,3.5,0,그렇다면 n/ 이등변삼각형은 어떤 성질이 있는지 그 성질을 알아 볼까요.,그렇다면 이등변삼각형은 어떤 성질이 있는지 성질을 알아 볼까요.
20,0,0.0,1.0,2.8333333333333335,1,자/ 그림일기를 (1)/(한)번 읽어 볼게요. 나는 오늘 아침에 일어나 밥을 먹고 학교에 가서 공부를 했다. 그리고 집에와서 숙제를 하고 잤다.,그림일기를 읽어 볼게요. 나는 오늘 아침에 일어나 밥을 먹고 학교에 가서 공부를 했다. 그리고 집에와서 숙제를 하고 잤다.
14,1,0.07142857142857142,1.0,2.5384615384615383,0,음/ 어떤 학교는 신발장 대신에 이렇게 신발주머니를 걸 수 있게 해 놓은 학교도 있어.,어떤 학교는 신발장 대신에 이렇게 신발주머니를 걸 수 있게 해 놓은 학교도 있어.
28,1,0.03571428571428571,0.92,2.36,0,"우리 칠 분의 십 일은 어떻게 표현할수 있다? 대분수 (1)/(일)과 칠 분의 사 로 표현할 수가 있는 것이죠. 그래서 이 셋을 비교했을 때 지금 자연수분이 (1)/(일)로 모두 같고,","우리 칠 분의 십 일은 어떻게 표현할수 있다? 대분수 칠 분의 사 로 표현할 수가 있는 것이죠. 그래서 셋을 비교했을 때 지금 자연수분이 모두 같고,"
13,1,0.07692307692307693,1.0,2.909090909090909,0,여기에서는 이 글의 (ㄹ)/(리을) 안에 들어갈 소녀의 말을 한 문장으로 쓰라고 하고 있는데요.,여기에서는 글의 안에 들어갈 소녀의 말을 한 문장으로 쓰라고 하고 있는데요.
4,1,0.25,1.0,2.6666666666666665,0,보름달은 밝아. n/ .,보름달은 밝아. .
12,1,0.08333333333333333,1.0,3.0,0,자/ 이 단원에서 배웠던 핵심 개념들 총 정리하러 (1번)/(한 번) 출발해 볼까요?,단원에서 배웠던 핵심 개념들 총 정리하러 출발해 볼까요?
6,0,0.0,1.0,3.6666666666666665,1,뽀얀 속살이라고 이야기했는데 뽀얀이 무슨 말일까요,뽀얀 속살이라고 이야기했는데 뽀얀이 무슨 말일까요
10,0,0.0,1.0,2.75,1,따라서 (2384)/(이천 삼백 팔십 사)는 바로 (2400)/(이천 사백)이 되는 것이죠.,따라서 삼백 팔십 사)는 바로 사백)이 되는 것이죠.
16,0,0.0,0.875,2.5,1,분모 분자를 약분 할 때는요 분모 분자의 공약수로 약분 한다는 거 이것 꼭 중요한 거죠 기억하세요.,분모 분자를 약분 할 때는요 분모 분자의 공약수로 약분 한다는 거 이것 꼭 중요한 거죠 기억하세요.
19,0,0.0,0.9473684210526315,2.3684210526315788,1,지금 여기 보시면 도 별. 소의 마릿 수라고 되있죠. 각 도에 소가 몇 마리 인가를 그림으로 지금 나타낸 거예요.,지금 여기 보시면 도 별. 소의 마릿 수라고 되있죠. 각 도에 소가 몇 마리 인가를 그림으로 지금 나타낸 거예요.
16,1,0.0625,0.9333333333333333,2.533333333333333,0,큰 수 가 나왔을 때 그 각각의 큰 수를 분석하고 틀렸냐 맞았냐 이런 것들을 가려내기 위해서는요.,큰 수 가 나왔을 때 각각의 큰 수를 분석하고 틀렸냐 맞았냐 이런 것들을 가려내기 위해서는요.
4,0,0.0,1.0,3.75,1,무엇일까요? 낱말을 한번 볼까요?,무엇일까요? 낱말을 한번 볼까요?
20,0,0.0,0.9375,3.125,1,(0)/(영)마리의 동물이 내린 건가요? 기차+ 기차에는 몇 마리의 동물이 남아있지요? 뺄셈식으로 이렇게 쓸 수 있어요. (3)/(삼) 빼기 (0)/(영)은 (3)/(삼)과 같습니다.,동물이 내린 건가요? 기차+ 기차에는 몇 마리의 동물이 남아있지요? 뺄셈식으로 이렇게 쓸 수 있어요. 빼기 같습니다.
26,1,0.038461538461538464,1.0,3.125,0,"n/ 지금부터 우리는, 우리 수학 (6학년)/(육 학년) 학기 마지막 단원. 원기둥 원뿔 구와 관련된 여러가지 유형의 문제들을 풀어 볼 건데요. 오늘도 열심히 선생님과 함께 공부해보도록 하겠습니다.","지금부터 우리는, 우리 수학 학년) 학기 마지막 단원. 원기둥 원뿔 구와 관련된 여러가지 유형의 문제들을 풀어 볼 건데요. 오늘도 열심히 선생님과 함께 공부해보도록 하겠습니다."
13,0,0.0,1.0,3.076923076923077,1,이런 것을 걱정하지 않으셔도 됩니다. 대강 재보면 어느정도 필요한 지나올 수 있기 때문인데요.,이런 것을 걱정하지 않으셔도 됩니다. 대강 재보면 어느정도 필요한 지나올 수 있기 때문인데요.
27,0,0.0,0.7916666666666666,2.4583333333333335,1,이번엔 몇 개씩 똑같이 나누어 주기 예를 들어 귤은 똑같이 (8개)/(여덟 개)가 있어요 그런데 (1명)/(한 명)에게 (2개)/(두 개)씩 나누어 줄 것이다 몇 명에게 나누어 줄 수 있을까?,이번엔 몇 개씩 똑같이 나누어 주기 예를 들어 귤은 똑같이 개)가 있어요 그런데 명)에게 개)씩 나누어 줄 것이다 몇 명에게 나누어 줄 수 있을까?
24,0,0.0,0.9545454545454546,2.6818181818181817,1,자/ 그림도 안되고 표도 안되겠죠? 자/ 그럼 한번 식을 한번 만들어보겠습니다. 먼저 어떤 수는 우리가 모르고 할 수 있죠? 네모로 일단 정해 놓을 게요.,그림도 안되고 표도 안되겠죠? 그럼 한번 식을 한번 만들어보겠습니다. 먼저 어떤 수는 우리가 모르고 할 수 있죠? 네모로 일단 정해 놓을 게요.
14,2,0.14285714285714285,1.0,3.0,0,자/ (36)/(삼십 육)과 (6)/(육)을 먼저 나눠주면요 몫은 n/ 얼마가 될까요 n/ 그렇죠 (6)/(육)이 되죠.,육)과 먼저 나눠주면요 몫은 얼마가 될까요 그렇죠 되죠.
22,0,0.0,0.7058823529411765,2.8823529411764706,1,자/ 물 (1l)/(일 리터)는 병 (3개)/(세 개)에 물 (3l)/(삼 리터)는 병 (5개)/(다섯 개)에 남김없이 똑같이 나누어 담으려고 해요. 이렇게 그림처럼 나누어 담네요.,물 리터)는 병 개)에 물 리터)는 병 개)에 남김없이 똑같이 나누어 담으려고 해요. 이렇게 그림처럼 나누어 담네요.
5,0,0.0,1.0,3.5,1,그러니까 숫자 (5)/(오)를 적어주면 됩니다.,그러니까 숫자 적어주면 됩니다.
6,0,0.0,1.0,4.0,1,(2번)/(이 번) 동물마을에 살지 않아서. 아니네요.,동물마을에 살지 않아서. 아니네요.
12,0,0.0,1.0,3.4166666666666665,1,밑동에서도 산대요. 밑동이라는 것은 나무 줄기 중에서. 뿌리와 가까운 부분을 밑동이라고 해요.,밑동에서도 산대요. 밑동이라는 것은 나무 줄기 중에서. 뿌리와 가까운 부분을 밑동이라고 해요.
3,0,0.0,1.0,2.6666666666666665,1,사람답게 살기 위해,사람답게 살기 위해
24,2,0.08333333333333333,0.9411764705882353,3.176470588235294,0,"자/ 그 다음 세은이, 귓가에 둥/둥/둥/ 북소리가 울리는 느낌이 들었어. 그렇죠. 그렇죠. 이 시에는 둥/둥/둥/ 두둥/ 두둥/ 처럼 북 소리를 흉내내는 말이 들어가 있잖아요.","다음 세은이, 귓가에 북소리가 울리는 느낌이 들었어. 그렇죠. 그렇죠. 시에는 처럼 북 소리를 흉내내는 말이 들어가 있잖아요."
7,0,0.0,1.0,3.6,1,직선 (ㄱ)/(기역) (ㄴ)/(니은)을 대칭축으로 하는 선대칭 도형이래요.,직선 대칭축으로 하는 선대칭 도형이래요.
4,0,0.0,1.0,3.75,1,훌쩍여. 들고양이는 왜 훌쩍일까?,훌쩍여. 들고양이는 왜 훌쩍일까?
11,0,0.0,1.0,3.2,1,그렇다면 길이가 같은 것끼리 이어보자. 자/ 이런 문제는 어떻게 하라고 했나요?,그렇다면 길이가 같은 것끼리 이어보자. 이런 문제는 어떻게 하라고 했나요?
22,1,0.045454545454545456,0.95,3.0,0,그런데 이 말놀이를 더욱더 재미있게 할 수 있는 방법이 있는데요. 선생님과 함께 해볼게요. 자/ 바로 반복되는 표현에 알맞은 동작을 함께 해볼 건데요.,그런데 말놀이를 더욱더 재미있게 할 수 있는 방법이 있는데요. 선생님과 함께 해볼게요. 바로 반복되는 표현에 알맞은 동작을 함께 해볼 건데요.
6,2,0.3333333333333333,1.0,4.25,0,어/ 이 마음은 기쁨이에요. 기쁨 읽어봅시다.,마음은 기쁨이에요. 기쁨 읽어봅시다.
11,0,0.0,1.0,2.727272727272727,1,이렇게 재미있게 수학 공부할 수 있는 방법 오늘부터 당장 실천해 보세요.,이렇게 재미있게 수학 공부할 수 있는 방법 오늘부터 당장 실천해 보세요.
8,1,0.125,1.0,2.6666666666666665,0,음/ 오/ 황제 제비가 보은의 박씨를 주게 되죠.,황제 제비가 보은의 박씨를 주게 되죠.
25,0,0.0,0.9166666666666666,3.1666666666666665,1,"그럼 나라를 빼앗기고 왜놈들, 자/ 여기서 왜놈들은 일본 사람을 말하는 거죠? 일본 사람을 낮잡아께, 얕잡아서 얘기하는 겁니다. 왜놈들 종으로 살자는 것입니까 라고 다시 얘기를 해요.","그럼 나라를 빼앗기고 왜놈들, 여기서 왜놈들은 일본 사람을 말하는 거죠? 일본 사람을 낮잡아께, 얕잡아서 얘기하는 겁니다. 왜놈들 종으로 살자는 것입니까 라고 다시 얘기를 해요."
6,0,0.0,1.0,3.0,1,두 대상을 직접 견주어 표현하는 방법이다.,두 대상을 직접 견주어 표현하는 방법이다.
6,1,0.16666666666666666,1.0,3.2,0,많은 재판관들에게 이 소식을 전한 토끼는,많은 재판관들에게 소식을 전한 토끼는
4,0,0.0,1.0,4.0,1,반올림 무엇인지 꼬비누미 알려줘요.,반올림 무엇인지 꼬비누미 알려줘요.
9,1,0.1111111111111111,1.0,1.8,0,"(그럼)/(검) 이번에는 (0.01)/(영 점 영 일) 이 (40)/(사십) ,","이번에는 점 영 일) ,"
14,0,0.0,0.9230769230769231,2.3076923076923075,1,(그런데)/(근데) 아직 확 즐거운 건 아니라서 입까지 웃고 있는 건 아니고 여기 살짝 이정도?,아직 확 즐거운 건 아니라서 입까지 웃고 있는 건 아니고 여기 살짝 이정도?
12,0,0.0,1.0,3.090909090909091,1,"(1개)/(한 개)의 무게부터 구해내서 차근차근 계산 실수 없이 풀어낼 수 있어야 하겠습니다,","개)의 무게부터 구해내서 차근차근 계산 실수 없이 풀어낼 수 있어야 하겠습니다,"
14,0,0.0,1.0,3.25,1,더욱이 감자는 반 이상이 썩어버려서 양동이로 (2)/(두) 개를 가져와도 (1개)/(한 개)분은 버려야 하는 상황이야.,더욱이 감자는 반 이상이 썩어버려서 양동이로 개를 가져와도 개)분은 버려야 하는 상황이야.
2,0,0.0,0.0,0.0,1,"b/ (6)/(여섯),",
2,1,0.5,1.0,4.0,0,n/ 그러고는,그러고는
13,0,0.0,1.0,3.5384615384615383,1,공정무역이란 생산자의 노동의 정당한 대가를 지불해 생산자가 경제적 자립과 발전을 하도록 돕는 무역이래요.,공정무역이란 생산자의 노동의 정당한 대가를 지불해 생산자가 경제적 자립과 발전을 하도록 돕는 무역이래요.
18,0,0.0,1.0,3.3529411764705883,1,"두 가지 방법으로 모두 계산할 수 있는지를 물어보는 문제였어요. 첫번째 방법은 그렇죠, 자연수는 자연수끼리 분수는 분수끼리 계산하는 (방법이였고요)/(방법이였구요).","두 가지 방법으로 모두 계산할 수 있는지를 물어보는 문제였어요. 첫번째 방법은 그렇죠, 자연수는 자연수끼리 분수는 분수끼리 계산하는"
11,0,0.0,1.0,3.0,1,그래요. 숲 한가운데 넓은 찻길이 생겨서 마을 밖으로 나가는 길이 끊겨버렸죠.,그래요. 숲 한가운데 넓은 찻길이 생겨서 마을 밖으로 나가는 길이 끊겨버렸죠.
18,0,0.0,0.8823529411764706,3.0,1,선생님이 계속 강조했던 것처럼 정말 정말 중요한 문제입니다 선생님이 아까 얘기했던 (2단계)/(이 단계)를 꼭 잘 기억해 놓도록 합니다.,선생님이 계속 강조했던 것처럼 정말 정말 중요한 문제입니다 선생님이 아까 얘기했던 단계)를 꼭 잘 기억해 놓도록 합니다.
8,1,0.125,1.0,3.4285714285714284,0,"네, 이것은요 바로 그/ 뜨거운 여름의 하얀 모래사장이에요.","네, 이것은요 바로 뜨거운 여름의 하얀 모래사장이에요."
10,1,0.1,1.0,3.875,0,"n/ (OK)/(오케이) 셰프님께서 눈이 동그래지는, 음식은 복불복만한 게 없다고 하셨습니다.","셰프님께서 눈이 동그래지는, 음식은 복불복만한 게 없다고 하셨습니다."
7,0,0.0,1.0,3.6,1,포도에 (ㅍ)/(피읍)과 (ㄷ)/(디귿)이 숨어있었네. 어디 숨어있나 보자.,포도에 숨어있었네. 어디 숨어있나 보자.
10,0,0.0,0.8888888888888888,2.3333333333333335,1,학교에 아니 갔다를 학교에 안 갔다 이렇게 표현을 한 (거예요)/(거에요).,학교에 아니 갔다를 학교에 안 갔다 이렇게 표현을 한
7,0,0.0,1.0,3.8,1,다음 문제 풀어보도록 할게요.* (10번)/(십 번) 문제예요.,다음 문제 풀어보도록 할게요.* 문제예요.
2,0,0.0,1.0,4.5,1,그러면 뺄셈이니깐.,그러면 뺄셈이니깐.
6,1,0.16666666666666666,1.0,2.6666666666666665,0,"n/ 직선 (ㄷ)/(디귿) (ㄹ)/(리을) 대한 수선는,","직선 대한 수선는,"
26,0,0.0,0.9090909090909091,3.0,1,자/ 성공률 각각 구했죠? 자/ 이렇게 비율 곱하기 (100)/(백)으로 각각 구한 것이 보입니다. 그다음 우리가 했던 것처럼 여기 이렇게 비교했죠? 비교했더니 (76%)/(칠십 육 퍼센트)가 가장 높으니까,성공률 각각 구했죠? 이렇게 비율 곱하기 각각 구한 것이 보입니다. 그다음 우리가 했던 것처럼 여기 이렇게 비교했죠? 비교했더니 육 퍼센트)가 가장 높으니까
10,1,0.1,1.0,3.0,0,n/ 그럼 오늘도 우리 글쓰기 솜씨를 (1번)/(한 번) 팍팍 늘려볼까요?,그럼 오늘도 우리 글쓰기 솜씨를 팍팍 늘려볼까요?
14,0,0.0,1.0,2.8333333333333335,1,b/ 자/ 이제 우리 단원 확인 평가에서 시계보기와 관련 있는 문제를 다시 한번 풀어볼까요?,이제 우리 단원 확인 평가에서 시계보기와 관련 있는 문제를 다시 한번 풀어볼까요?
18,0,0.0,1.0,3.909090909090909,1,그래서 머/ 서울말로 어머님 석봉이가 왔습니다 그러면은 머/ 강릉지역에서 (어머님)/(어마이) (석봉이가)/(석보이) (왔어요)/(왔으요). 머/ 이렇게 얘기하고 충청도 지방에서는 머/.,그래서 서울말로 어머님 석봉이가 왔습니다 그러면은 강릉지역에서 이렇게 얘기하고 충청도 지방에서는
31,0,0.0,0.7916666666666666,3.25,1,"(1)/(한) 모서리의 길이 곱하기 (1)/(한) 모서리의 길이 곱하기 (1)/(한) 모서리 길이라고도 할 수 있습니다. 어떠세요? 정육면체 부피 구하는 식은요 (이)/(요) (1가지)/(한 가지)만 있는 것이 아닙니다. (여기)/(요기)까지면 직육면체, (여기)/(요기)까지면 정육면체 구하는 공식이","모서리의 길이 곱하기 모서리의 길이 곱하기 모서리 길이라고도 할 수 있습니다. 어떠세요? 정육면체 부피 구하는 식은요 가지)만 있는 것이 아닙니다. 직육면체, 정육면체 구하는 공식이"
6,0,0.0,1.0,1.75,1,"다시 또 (1번)/(한 번) 을 접고,","다시 또 을 접고,"
7,1,0.14285714285714285,1.0,3.6666666666666665,0,n/ 그리고 재미있는 말이나 흉내내는 말을 찾아봅니다.,그리고 재미있는 말이나 흉내내는 말을 찾아봅니다.
19,0,0.0,1.0,3.3529411764705883,1,자/ 어떻게 말할 거예요 친구들? 그래요. 책을 빌려줘서 고마워. 너는 참 친절한 아이구나. 이렇게 얘기하면 좋겠어요. 자/ 함께 적어볼까요?,어떻게 말할 거예요 친구들? 그래요. 책을 빌려줘서 고마워. 너는 참 친절한 아이구나. 이렇게 얘기하면 좋겠어요. 함께 적어볼까요?
31,0,0.0,0.9285714285714286,3.2142857142857144,1,자/ 신발 가게에 구두 운동화 실내화가 진열되어 있는데요. 구두는 운동화의 (4분의1)(사 분의 일) 만큼 실내화는 구두와 운동화를 더한 것에 (5분의2)/(오 분의 이)만큼 있다면 구두는 몇 켤레입니까. 모두 (77)/(칠십 칠) 켤레라면 말이죠.,신발 가게에 구두 운동화 실내화가 진열되어 있는데요. 구두는 운동화의 (4분의1)(사 분의 일) 만큼 실내화는 구두와 운동화를 더한 것에 분의 이)만큼 있다면 구두는 몇 켤레입니까. 모두 칠) 켤레라면 말이죠.
16,1,0.0625,1.0,3.2,0,사실은 우리가 이거 했으면 곧바로 글쓰기 자나라고 생각하지만 그렇지 않아요. 바로 이 계획 단계가 필요 필요합니다.,사실은 우리가 이거 했으면 곧바로 글쓰기 자나라고 생각하지만 그렇지 않아요. 바로 계획 단계가 필요 필요합니다.
2,0,0.0,1.0,3.0,1,이렇게 쓰고.,이렇게 쓰고.
3,0,0.0,1.0,3.6666666666666665,1,세번째 방법은 무엇일까?,세번째 방법은 무엇일까?
2,0,0.0,1.0,4.0,1,처음부터 끝까지.,처음부터 끝까지.
12,2,0.16666666666666666,1.0,3.375,0,"n/ 길이 모르니까 우선 이것도 (Y)/(와이) 센티미터, (Y)/(와이) 센티미터 이렇게 둘게요. n/","길이 모르니까 우선 이것도 센티미터, 센티미터 이렇게 둘게요."
5,0,0.0,1.0,2.5,1,(314)/(삼백 십 사)에서 뭘 빼준다?,십 사)에서 뭘 빼준다?
17,2,0.11764705882352941,1.0,3.1538461538461537,0,o/ 자/ 일기 n/ 형식에 대한 비법 소개 n/ 들어갑니다. 첫 번째는요. 날짜 날씨를 꼭 써주세요라는 비법입니다.,일기 형식에 대한 비법 소개 들어갑니다. 첫 번째는요. 날짜 날씨를 꼭 써주세요라는 비법입니다.
15,1,0.06666666666666667,1.0,2.8333333333333335,0,"n/ 뭐야, 오늘도 굉장히 맛있는 어휘가 한 상 차려져 있군. 그럼 하나씩 (1번)/(한 번) 먹어볼까나?","뭐야, 오늘도 굉장히 맛있는 어휘가 한 상 차려져 있군. 그럼 하나씩 먹어볼까나?"
6,0,0.0,1.0,3.3333333333333335,1,아휴 이걸 어떻게 엄마에게 보여드리지 착잡해.,아휴 이걸 어떻게 엄마에게 보여드리지 착잡해.
22,0,0.0,1.0,2.8636363636363638,1,아니죠 뭔가 이상해서 문제를 다시 봤더니 지금 우리가 구한 값은 그램 단위인데 정답을 써야 하는 건 킬로그램 단위잖아요 그럼 우리 단위를 바꿔줘야겠죠.,아니죠 뭔가 이상해서 문제를 다시 봤더니 지금 우리가 구한 값은 그램 단위인데 정답을 써야 하는 건 킬로그램 단위잖아요 그럼 우리 단위를 바꿔줘야겠죠.
32,1,0.03125,1.0,2.5,0,자/ (3)/(삼) 과 그 다음 (6)/(육) 을 더하면 얼마가 될까? 이네요. 자/ (3)/(삼) 더하기 (6)/(육) 은 얼마 (9)/(구) 따라서 (100의 자리)/(백의 자리) 에 네모는 (9)/(구) 가 되므로 이렇게 적어 볼 수가 있겠네요.,과 다음 을 더하면 얼마가 될까? 이네요. 더하기 은 얼마 따라서 (100의 자리) 에 네모는 가 되므로 이렇게 적어 볼 수가 있겠네요.
28,0,0.0,0.8823529411764706,2.7058823529411766,1,"그러니까 (2)/(이), (4)/(사), (6)/(육), (7)/(칠), (9)/(구)를 (1)/(하나)씩만 놓을 수 있는 거지 (5)/(다섯) 자리수를 만들려고 합니다. (5)/(다섯) 자릿수 면 뭐야. (20000)/(이만) 얼마 (40000)/(사만) 얼마 (60000)/(육만) 얼마 이런 식으로 나오겠죠?",그러니까 놓을 수 있는 거지 자리수를 만들려고 합니다. 자릿수 면 뭐야. 얼마 얼마 얼마 이런 식으로 나오겠죠?
10,0,0.0,1.0,3.0,1,자/ 여러분 여기 문제 너무너무 길죠. 뭔가 복잡해 보이긴 하는데요.,여러분 여기 문제 너무너무 길죠. 뭔가 복잡해 보이긴 하는데요.
23,2,0.08695652173913043,1.0,2.2777777777777777,0,"그 결과는 모두 (0)/(영)이 된다 라고 말할 수 (있고요)/(있구요). 또 이렇게 (1)/(일)에다가 어떤 수를 쭉 다 곱해보세요. 그럼 이런 경우는 그 결과가 모두,","결과는 모두 된다 라고 말할 수 또 이렇게 어떤 수를 쭉 다 곱해보세요. 그럼 이런 경우는 결과가 모두,"
2,0,0.0,1.0,2.5,1,잘 보세요.,잘 보세요.
23,0,0.0,0.8947368421052632,2.8947368421052633,1,(515)/(오백 십 오) 빼기 (212)/(이백 십 이)는 (303)/(삼백 삼)입니다 라고 답할수 있는 겁니다 풀이 과정을 적어주고 문제의 답에다가 (303)/(삼백 삼)이에요 라고 나타내주면 되죠.,십 오) 빼기 십 이)는 삼)입니다 라고 답할수 있는 겁니다 풀이 과정을 적어주고 문제의 답에다가 삼)이에요 라고 나타내주면 되죠.
7,0,0.0,0.8,2.4,1,"가로가 (5)/(오)와 (6 분의 5)/(육 분의 오),","가로가 (6 분의 분의 오),"
27,0,0.0,0.9565217391304348,2.869565217391304,1,지금 준수가 (2km)/(이 킬로미터) (1km)/(일 킬로미터) (230m)/(이백 삼십 미터) 로 돌아갔어요 자 그럼 좀더 가까운 길을 준수에게 알려줘야 되겠죠 바로 아래에 있습니다 문제 (4번)/(사번) 같이 보도록 할게요,지금 준수가 킬로미터) 킬로미터) 삼십 미터) 로 돌아갔어요 자 그럼 좀더 가까운 길을 준수에게 알려줘야 되겠죠 바로 아래에 있습니다 문제 같이 보도록 할게요
8,1,0.125,1.0,2.5714285714285716,0,이 친구를 엄마 아빠 몰래 데려가려고 온 거야.,친구를 엄마 아빠 몰래 데려가려고 온 거야.
17,0,0.0,0.9090909090909091,3.090909090909091,1,자/ 이걸 기준량을 (100)/(백)으로 하면 나누기 (2)/(이). 나누기 (2)/(이)니까 얼마? (24)/(이십 사) 그래서 가는요. (24%)/(이십 사 퍼센트)에요.,이걸 기준량을 하면 나누기 나누기 얼마? 사) 그래서 가는요. 사 퍼센트)에요.
3,1,0.3333333333333333,0.0,0.0,0,n/ (90000)/(구만) (10000)/(만),
9,0,0.0,0.875,2.125,1,그렇죠. (60)/(육십)이니까 어떤 수가 될 수 있는 수 중에서.,그렇죠. 어떤 수가 될 수 있는 수 중에서.
3,2,0.6666666666666666,1.0,5.0,0,"음/ 이 친구는요,","친구는요,"
15,1,0.06666666666666667,1.0,3.0,0,바로 평평한 부분이 많이 있기 때문에 옆으로 쓰러지지않고 차곡차곡 쌓을 수 있네요. 굴려도 볼까요? 어/,바로 평평한 부분이 많이 있기 때문에 옆으로 쓰러지지않고 차곡차곡 쌓을 수 있네요. 굴려도 볼까요?
9,0,0.0,0.875,2.125,1,나 (X 분의 1)/(엑스 분의 일) 한번 생각해 볼게.,나 (X 분의 분의 일) 한번 생각해 볼게.
35,2,0.05714285714285714,0.8461538461538461,2.8461538461538463,0,바로 n/ (180도)/(백 팔십 도) 곱하기 (2)/(둘) 삼각형이 (2개)/(두 개)가있으니깐요 하면 n/ (360도)/(삼백 육십 도) 가 되네요. 역시 두번째도 우리가 (4각)/(네 각)의 크기의 합이 사각형의 (4각)/(네 각)의 그게 합의 (360도)/(삼백 육십 도) 라는 걸로 알았습니다.,바로 팔십 도) 곱하기 삼각형이 개)가있으니깐요 하면 육십 도) 가 되네요. 역시 두번째도 우리가 각)의 크기의 합이 사각형의 각)의 그게 합의 육십 도) 라는 걸로 알았습니다.
7,0,0.0,1.0,3.0,1,그렇죠. 그게 바로 연비로 비례 배분하는 거예요.,그렇죠. 그게 바로 연비로 비례 배분하는 거예요.
5,0,0.0,1.0,2.8,1,그럼 셋째에 있는 친구는 누구죠?,그럼 셋째에 있는 친구는 누구죠?
4,1,0.25,1.0,3.3333333333333335,0,두 번째 n/ 방법으로는요.,두 번째 방법으로는요.
11,1,0.09090909090909091,0.875,2.5,0,n/ 기본 잡고 응용 잡고 (one)/(원) 쁠 (one)/(원) 수학 플러스 시간입니다.,기본 잡고 응용 잡고 쁠 수학 플러스 시간입니다.
11,0,0.0,1.0,3.2,1,자/ 그렇다면 이러한 털실에서 공통적으로 찾을 수 있는 모양은 어떤 모양일까요?,그렇다면 이러한 털실에서 공통적으로 찾을 수 있는 모양은 어떤 모양일까요?
14,0,0.0,1.0,2.7777777777777777,1,그다음에 (42750000)/(사천 이백 칠십 오만) 이죠? 그럼 얘는 (4000)/(사천)이야. (40000000)/(사천만) (40000000)/(사천만). (10000000)/(천만)자리에 있어요. 지금.,그다음에 이백 칠십 오만) 이죠? 그럼 얘는 있어요. 지금.
37,1,0.02702702702702703,0.9705882352941176,2.676470588235294,0,인물됨을 알아보는 장인 될 사람을 만난다 양육자를 만나게 (되고요)/(되구요). 한때 잠을 많이 자는 모습을 보인다. 뭐/ 이것이 특별한 능력이라고 할 순 없지만 다른 사람보다 잠을 훨씬 많아져요. 그래서 뭔가 특이한 점 비범한 모습이다 라고 볼 수가 (있고요)/(있구요).,인물됨을 알아보는 장인 될 사람을 만난다 양육자를 만나게 한때 잠을 많이 자는 모습을 보인다. 이것이 특별한 능력이라고 할 순 없지만 다른 사람보다 잠을 훨씬 많아져요. 그래서 뭔가 특이한 점 비범한 모습이다 라고 볼 수가
22,0,0.0,1.0,3.176470588235294,1,자/ 그럼 마지막으로 문장제 문제 (1)/(하나) 더 볼게요 이번에도 여러분 핵심낱말 (1)/(하나) 만 찾아주면 됩니다 아까 배웠던 내용을 떠올리면서 (1번)/(한 번) 찾아보세요.,그럼 마지막으로 문장제 문제 더 볼게요 이번에도 여러분 핵심낱말 만 찾아주면 됩니다 아까 배웠던 내용을 떠올리면서 찾아보세요.
10,1,0.1,1.0,3.4444444444444446,0,n/ 호랑이는 아가씨와 사이좋게 치즈와 보리 차를 나눠먹으면서 친구가 됐대.,호랑이는 아가씨와 사이좋게 치즈와 보리 차를 나눠먹으면서 친구가 됐대.
19,2,0.10526315789473684,0.9411764705882353,3.2941176470588234,0,여러분은* 어떤 세상이 아름답고 좋은 세상이라고 생각하나요? 이 친구는 이 책에서 바라는 아름답고* 좋은 세상을 잘 찾아준 것 같은데요.,여러분은* 어떤 세상이 아름답고 좋은 세상이라고 생각하나요? 친구는 책에서 바라는 아름답고* 좋은 세상을 잘 찾아준 것 같은데요.
14,0,0.0,1.0,2.625,1,"또 (ㄴ)/(니은)의 경우는 (700)/(칠백)과 (50)/(오십)을 곱하는 거니까, 몇과 몇을 곱해서 (7)/(칠), (5)/(오), (35)/(삼십 오).","또 경우는 곱하는 거니까, 몇과 몇을 곱해서 오)."
32,2,0.0625,0.9310344827586207,2.6551724137931036,0,o/ 물론 그건 알죠. 하지만 정보와 n/ 느낌이 다양하게 담겼다고 해서 좋은 글이 되는 건 아니거든요. 필요없는 군더더기 내용이 있다 라면 그 부분을 빼버리는 것이 훨씬 더 좋은 글이 될 수 있습니다.,물론 그건 알죠. 하지만 정보와 느낌이 다양하게 담겼다고 해서 좋은 글이 되는 건 아니거든요. 필요없는 군더더기 내용이 있다 라면 부분을 빼버리는 것이 훨씬 더 좋은 글이 될 수 있습니다.
2,0,0.0,1.0,4.0,1,"(5)/(오) 더하기,","더하기,"
27,2,0.07407407407407407,0.9166666666666666,2.75,0,자/ 결국 이 문제가 묻고 있는 것은 같은 자릿수끼리 뺄 수 없을 때 받아내림을 할 수 있느냐 없느냐를 묻고 있습니다. 여러분들이 그 개념을 확실하게 챙겨 가시기 바랍니다.,결국 문제가 묻고 있는 것은 같은 자릿수끼리 뺄 수 없을 때 받아내림을 할 수 있느냐 없느냐를 묻고 있습니다. 여러분들이 개념을 확실하게 챙겨 가시기 바랍니다.
13,1,0.07692307692307693,1.0,3.111111111111111,0,그러니까 현재 이 엘리베이터의 (165)/(백 육십 오)(KILOGRAM)/(킬로그램)만큼 사람들이 더 타면 (600)/(육백)이 된다는 거에요.,그러니까 현재 엘리베이터의 육십 사람들이 더 타면 된다는 거에요.
14,0,0.0,0.9285714285714286,3.142857142857143,1,우리 친구들 평소에 문제를 풀 때에도 헷갈리지않게 주인공이 누구인지 잘 찾아보면서 문제를 푸는 거예요.,우리 친구들 평소에 문제를 풀 때에도 헷갈리지않게 주인공이 누구인지 잘 찾아보면서 문제를 푸는 거예요.
9,0,0.0,1.0,2.6666666666666665,1,(60)/(육십) 앞에 있는 수는 얼마? 바로 (59)/(오십 구)예요. b/,앞에 있는 수는 얼마? 바로 구)예요.
28,0,0.0,0.9615384615384616,2.730769230769231,1,"가 쌓기나무가 더 많이 사용된 모양은 어느 것입니까. 가냐 나냐 (2개)/(두 개) 중에 (1)/(하나) 를 선택을 해야 되는데 그러기 위해서는 가의 쌓기나무 개수, 나의 쌓기나무 개수를 구해야 되겠죠.","가 쌓기나무가 더 많이 사용된 모양은 어느 것입니까. 가냐 나냐 개) 중에 를 선택을 해야 되는데 그러기 위해서는 가의 쌓기나무 개수, 나의 쌓기나무 개수를 구해야 되겠죠."
14,0,0.0,1.0,3.0833333333333335,1,자/ 선생님이 보여주는 그림을 (보고요)/(보구요). 어떤 매체 자료를 활용하고 있는지 한번 생각해 보도록 하세요.,선생님이 보여주는 그림을 어떤 매체 자료를 활용하고 있는지 한번 생각해 보도록 하세요.
8,0,0.0,1.0,2.75,1,신맛이 나는 과일을 이용해서도 전지를 만들 수 있다.,신맛이 나는 과일을 이용해서도 전지를 만들 수 있다.
4,1,0.25,1.0,3.0,0,자/ 그 모서리가 왜?,모서리가 왜?
9,0,0.0,1.0,2.375,1,자/ 그래서 정답은 가 나 다 이렇게 써주시면 돼요.,그래서 정답은 가 나 다 이렇게 써주시면 돼요.
10,0,0.0,1.0,2.7,1,사람은 그러니까 명진 이구나 이렇게 표현을 해 주면 되는 거예요.,사람은 그러니까 명진 이구나 이렇게 표현을 해 주면 되는 거예요.
5,1,0.2,1.0,3.0,0,n/ 왕자와 거지 행복 역지사지.,왕자와 거지 행복 역지사지.
30,0,0.0,1.0,2.64,1,와/ 이렇게 계산했더니 우리가 잘 아는 모양이 나왔네요 분자가 같은 분수는 분모가 작을수록 큰 분수죠 한번 볼게요 (20)/(이십) (27)/(이십 칠) (26)/(이십 육) 중에서 (20)/(이십)이 가장 작으니까 이십 분에 십 이가.,이렇게 계산했더니 우리가 잘 아는 모양이 나왔네요 분자가 같은 분수는 분모가 작을수록 큰 분수죠 한번 볼게요 칠) 육) 중에서 가장 작으니까 이십 분에 십 이가.
13,1,0.07692307692307693,1.0,2.75,0,"n/ 네, 바로 전쟁에 관한 그리고 통일에 대한 이야기가 잘 담긴 좋은 글이었는데요.","네, 바로 전쟁에 관한 그리고 통일에 대한 이야기가 잘 담긴 좋은 글이었는데요."
29,0,0.0,1.0,3.12,1,자/ 친구들 우리 문제 풀어보도록* 하겠습니다. 몇 번 볼까요? (158쪽)/(백 오십 팔 쪽) (1번)/(일 번)을 보면요. 명규가 성욱이에게 편지를 쓴 까닭에 대해서 묻고 있네요. 그러면 명규의 편지 먼저 살펴보겠습니다.,친구들 우리 문제 풀어보도록* 하겠습니다. 몇 볼까요? 오십 팔 쪽) 번)을 보면요. 명규가 성욱이에게 편지를 쓴 까닭에 대해서 묻고 있네요. 그러면 명규의 편지 먼저 살펴보겠습니다.
9,0,0.0,1.0,2.8,1,자/ 파란색 숫자 (6)/(육)을 (1번)/(한 번) 자세히 보도록 하자.,파란색 숫자 자세히 보도록 하자.
19,1,0.05263157894736842,1.0,2.8823529411764706,0,"n/ 민우 볼게요. 시 전체의 내용과 어울리지 않아. 그렇습니다. 닭에서 소로만 (바뀌었지)/(바꼈지) 다른 시의 연과 행은 바뀌지 않아서 약간,","민우 볼게요. 시 전체의 내용과 어울리지 않아. 그렇습니다. 닭에서 소로만 다른 시의 연과 행은 바뀌지 않아서 약간,"
20,3,0.15,1.0,3.176470588235294,0,네. 우리 끼끼가 알려준 이 수학 비법이요. 회전축과 평면도형이 떨어져 있을 경우에 그 회전체는 중간에 구멍이 뻥 뚫린다. 이 사실이요.,네. 우리 끼끼가 알려준 수학 비법이요. 회전축과 평면도형이 떨어져 있을 경우에 회전체는 중간에 구멍이 뻥 뚫린다. 사실이요.
10,0,0.0,0.8,2.4,1,바이킹도 탈 수 있고 범퍼카 봅슬레이까지 모두 탈 수 있다.,바이킹도 탈 수 있고 범퍼카 봅슬레이까지 모두 탈 수 있다.
14,0,0.0,1.0,3.2142857142857144,1,곱셈 구구 단원에서 앞으로 우리가 어떤 내용을 공부해 나갈지 단원을 전체적으로 살펴보는 시간을 가졌어요.,곱셈 구구 단원에서 앞으로 우리가 어떤 내용을 공부해 나갈지 단원을 전체적으로 살펴보는 시간을 가졌어요.
2,0,0.0,1.0,3.0,1,밥을 먹었다.,밥을 먹었다.
17,0,0.0,1.0,2.909090909090909,1,자/ 방법 (2)/(이) 역시 똑같이 (5)/(오)를 준비했어요. 근데 (5)/(오)라고 하는 건요. (1)/(일)이 (5개)/(다섯 개)만큼 모인 거란 말이죠.,방법 역시 똑같이 준비했어요. 근데 하는 건요. 개)만큼 모인 거란 말이죠.
7,0,0.0,1.0,2.8333333333333335,1,그런데 그거보다(1000만)/(천만) 다시 거꾸로 띄어 세기를 하면요.,그런데 다시 거꾸로 띄어 세기를 하면요.
16,1,0.0625,1.0,3.3636363636363638,0,만년을 입으면 그냥 다녀요. 아/ 창피해!+아/ 창피해! 어우/ 얘기하고 나니까 챙피해 죽겠다. 엉/ 너희도 챙피해? l/,만년을 입으면 그냥 다녀요. 창피해! 얘기하고 나니까 챙피해 죽겠다. 너희도 챙피해?
11,1,0.09090909090909091,0.7777777777777778,2.3333333333333335,0,n/ (밤중에)/(밤쭝에) 와도 즉시 갈 것이니 부디 즉시 즉시 사람을 보내소.,와도 즉시 갈 것이니 부디 즉시 즉시 사람을 보내소.
9,0,0.0,0.8571428571428571,2.4285714285714284,1,"(10명)/(열 명) 일때 (5명)/(다섯 명) 씩 자동차를 타고 가려면,","명) 일때 명) 씩 자동차를 타고 가려면,"
21,0,0.0,0.7647058823529411,3.1176470588235294,1,"자/ 여러분 우리 오늘 날짜에서 (7)/(칠)을 더해도 오늘 날짜지만, 같은 요일이지만 오늘 날짜에서 (7)/(칠)을 빼도 같은 요일이에요. (1주일)/(일 주일) 전 이니까요.","여러분 우리 오늘 날짜에서 더해도 오늘 날짜지만, 같은 요일이지만 오늘 날짜에서 빼도 같은 요일이에요. 주일) 전 이니까요."
22,0,0.0,0.9444444444444444,3.2222222222222223,1,자/ 선생님과 함께 색종이를 가지고 (2)/(둘)로 나누는 방법 알아봤거든요. 자 이번에는 (1)/(한) 단계 더 나가 볼까요 똑같이 (4)/(넷)으로 나눠보도록 하겠습니다. 함께 보시죠.,선생님과 함께 색종이를 가지고 나누는 방법 알아봤거든요. 자 이번에는 단계 더 나가 볼까요 똑같이 나눠보도록 하겠습니다. 함께 보시죠.
5,0,0.0,1.0,3.0,1,"야, 네가 왜 울어? 그때였습니다.","야, 네가 왜 울어? 그때였습니다."
19,0,0.0,0.9375,3.875,1,곡면입니다. 그리고 (1개)/(한 개)에요. 곡면이고 (1개)/(한 개)입니다. 곡면이고 연결돼 있으니까 (1개)/(한 개)죠. 맞습니다. 그런데 각뿔의 옆면 볼까요. 곡면 아니죠.,곡면입니다. 그리고 개)에요. 곡면이고 개)입니다. 곡면이고 연결돼 있으니까 개)죠. 맞습니다. 그런데 각뿔의 옆면 볼까요. 곡면 아니죠.
21,1,0.047619047619047616,1.0,2.357142857142857,0,n/ (8)/(팔)이 내려오고 그다음에 (4)/(사)가 내려와서(48초)/(사십 팔 초)가 되고 분은 (59분)/(오십 구 분) 에서 (5분)/(오 분)을 뺴면 (54분)/(오십 사 분)이 되고.,내려오고 그다음에 팔 초)가 되고 분은 구 분) 에서 분)을 뺴면 사 분)이 되고.
12,1,0.08333333333333333,1.0,2.5,0,n/ 자/ 정답 몇 번일 것 같아요 여러분? 쭉 눈으로 한번 읽어보세요.,정답 몇 번일 것 같아요 여러분? 쭉 눈으로 한번 읽어보세요.
42,1,0.023809523809523808,0.8947368421052632,2.973684210526316,0,(6600원)/(육천 육백 원)을 냈어요. 그리고 입장권을 (6)/(여섯) 장 샀습니다. 그렇다면 어른과 어린이 각각 몇 명인지 몰라요. 그럴 때 어떡합니까. 표를 만들어보는 거예요. 어른의 수가 이렇게 늘어날 때 어린이의 수가 이렇게 되는데 그 가격이 얼마인지 보는 거죠. 그런데 합해서 (6)/(여섯) 장 이래요. 그러면.,육백 원)을 냈어요. 그리고 입장권을 장 샀습니다. 그렇다면 어른과 어린이 각각 몇 명인지 몰라요. 그럴 때 어떡합니까. 표를 만들어보는 거예요. 어른의 수가 이렇게 늘어날 때 어린이의 수가 이렇게 되는데 가격이 얼마인지 보는 거죠. 그런데 합해서 장 이래요. 그러면.
8,0,0.0,1.0,3.5,1,내가 조개탄을 양동이에 받아 오는 당번이었는데 친구들 당번은요.,내가 조개탄을 양동이에 받아 오는 당번이었는데 친구들 당번은요.
3,0,0.0,1.0,5.0,1,자/ 이때는 올려줘야겠죠?,이때는 올려줘야겠죠?
4,1,0.25,1.0,3.3333333333333335,0,그런데 이것 n/ 말고도요.,그런데 이것 말고도요.
2,0,0.0,1.0,5.0,1,(7)/(칠)씩 커진대요.,커진대요.
8,0,0.0,1.0,3.25,1,그렇죠 여기 있는 합동의 도형을 뒤집으면 완전히 겹쳐지겠죠.,그렇죠 여기 있는 합동의 도형을 뒤집으면 완전히 겹쳐지겠죠.
4,1,0.25,1.0,3.3333333333333335,0,n/ 낱말의 기본형 만들기.,낱말의 기본형 만들기.
22,1,0.045454545454545456,0.9523809523809523,3.761904761904762,0,마을신문이라면은 어떠한 소식이 어울리겠어요? 마을에서 일어나는 어떤 새로운 소식. 학교 신문이라면 학교에서 일어나는 중요한 행사를 기사문에 알맞은 어/ 기삿거리로 싣으면 되는 것이죠.,마을신문이라면은 어떠한 소식이 어울리겠어요? 마을에서 일어나는 어떤 새로운 소식. 학교 신문이라면 학교에서 일어나는 중요한 행사를 기사문에 알맞은 기삿거리로 싣으면 되는 것이죠.
16,0,0.0,1.0,2.5714285714285716,1,우와 (무서워라)/(무셔워라). 어휴/ 정말 이런 폭발하는 화산이 내 옆에 있다면 얼른 도망가고 싶을 것 같아요. 그렇죠?,우와 정말 이런 폭발하는 화산이 내 옆에 있다면 얼른 도망가고 싶을 것 같아요. 그렇죠?
10,1,0.1,1.0,3.125,0,직육면체에는 (3가지)/(세 가지) 구성 요소가 있는데요 첫 번째는 n/ 바로.,직육면체에는 가지) 구성 요소가 있는데요 첫 번째는 바로.
8,0,0.0,1.0,3.0,1,어떤 직선을 중심으로 접었을때 완전히 겹쳐질 수 있나요?,어떤 직선을 중심으로 접었을때 완전히 겹쳐질 수 있나요?
15,0,0.0,1.0,2.2142857142857144,1,자/ 그럼 이렇게 글을 읽고 내용을 좀 더 자세하게 알 수 있는 자료 뭐가 있을까요?,그럼 이렇게 글을 읽고 내용을 좀 더 자세하게 알 수 있는 자료 뭐가 있을까요?
4,0,0.0,1.0,2.5,1,정답 그래서 몇 번이죠?,정답 그래서 몇 번이죠?
13,0,0.0,1.0,3.111111111111111,1,중괄호의 (622)/(육백 이십 이)가 남았으니까 (80)/(팔십)에서 (12)/(십 이) 를 빼주면 (68)/(육십 팔)이 되겠지요.,중괄호의 이십 이)가 남았으니까 이) 를 빼주면 팔)이 되겠지요.
14,0,0.0,0.9166666666666666,2.6666666666666665,1,그런데 여기 대분수 (2 개인데요)/(두 갠데요) 분수 부분이 똑같죠 (3 분의 2)/(삼 분의 이)로.,그런데 여기 대분수 (2 갠데요) 분수 부분이 똑같죠 (3 분의 분의 이)로.
26,3,0.11538461538461539,0.8947368421052632,2.526315789473684,0,"(k)/(케이) (PLUS)/(플러스) (8)/(팔)이 n/ 가장 큰 값, 최대가 되는 거고요. 가장 작은 값은 뭐가 될까? 하나도 더하지 않은 n/ (K)/(케이)가 되겠죠. 이 값이 최소가 되는 거예요.","가장 큰 값, 최대가 되는 거고요. 가장 작은 값은 뭐가 될까? 하나도 더하지 않은 되겠죠. 값이 최소가 되는 거예요."
10,0,0.0,1.0,2.7,1,자 알맞은 단위를 선택해 주는 거예요 지금 주어진 문장을 보세요.,자 알맞은 단위를 선택해 주는 거예요 지금 주어진 문장을 보세요.
8,1,0.125,1.0,3.7142857142857144,0,"아/ 지금 맞춘 친구, 정답은요. 구사일생입니다. 잘 맞혔어요.","지금 맞춘 친구, 정답은요. 구사일생입니다. 잘 맞혔어요."
18,2,0.1111111111111111,0.9333333333333333,2.8,0,시계에 바늘이 있네. 어/ 바늘을 잘 보니까 (ㅅ)/(시옷)이 숨어 있어. 이렇게 이렇게 써주면 돼. 그 다음엔 무엇이 나올까?,시계에 바늘이 있네. 바늘을 잘 보니까 숨어 있어. 이렇게 이렇게 써주면 돼. 다음엔 무엇이 나올까?
18,2,0.1111111111111111,1.0,3.125,0,"방글쌤이 이렇게 주제를 주면 대부분은 네, 맞아요 생각의 힘은 놀라워요라고 쓰기 마련인데 이 n/ 친구는 그것보다 더 나아가서","방글쌤이 이렇게 주제를 주면 대부분은 네, 맞아요 생각의 힘은 놀라워요라고 쓰기 마련인데 친구는 그것보다 더 나아가서"
16,1,0.0625,1.0,2.8181818181818183,0,이 (2를요)/(이 를여) (5등분)/(다섯 등분) 하니깐 (1칸)/(한 칸)이 얼마가 되더라? (5개)/(다섯 개)로 나눈 것 중의 하나가.,를여) 등분) 하니깐 칸)이 얼마가 되더라? 개)로 나눈 것 중의 하나가.
8,0,0.0,1.0,3.25,1,너무 피곤해서 코고는 소리가 크게 이렇게 표현하면 되겠어요.,너무 피곤해서 코고는 소리가 크게 이렇게 표현하면 되겠어요.
5,0,0.0,1.0,3.0,1,"우리, 오늘의 두 번째 서술형문제,","우리, 오늘의 두 번째 서술형문제,"
9,0,0.0,1.0,2.6666666666666665,1,그림을 보고 네모 안에 알맞은 수를 써 넣으시오라는 문제*,그림을 보고 네모 안에 알맞은 수를 써 넣으시오라는 문제*
12,1,0.08333333333333333,1.0,3.1818181818181817,0,바로 맨 마지막에 있었습니다. 그 광고의 마지막 부분 음식물 쓰레기에 낭비를 줄이자.,바로 맨 마지막에 있었습니다. 광고의 마지막 부분 음식물 쓰레기에 낭비를 줄이자.
15,2,0.13333333333333333,1.0,3.1818181818181817,0,세로줄에 나타나는 그 눈금 (1)/(한) 칸의 크기를 정해주고요. (그리고)/(그리구) 어/ 최고 눈금을 정해 주도록 하세요.,세로줄에 나타나는 눈금 칸의 크기를 정해주고요. 최고 눈금을 정해 주도록 하세요.
25,1,0.04,0.9545454545454546,2.6363636363636362,0,n/ 자/ 그럼 문제. 다음 네모 안에 들어갈 알맞은 말을 순서대로 쓰시오 했습니다. 자/ 뭔가 보니까 이와 같은 글 어떤 글이죠? 사건을 기록한 글 입니다.,그럼 문제. 다음 네모 안에 들어갈 알맞은 말을 순서대로 쓰시오 했습니다. 뭔가 보니까 이와 같은 글 어떤 글이죠? 사건을 기록한 글 입니다.
37,4,0.10810810810810811,0.7857142857142857,2.392857142857143,0,"n/ 일단 나는 말이야. 너, 넌 n/ 지. n/ 가 갖고 있는 네가 갖고 있는 이 (4000원)/(사천 원)보다 얼마를 더 갖고 있대요? (1000원)/(천 원)이 더 많대요. 그럼 이렇게 쓰는 거 맞나요? 네/ 자/ (1000원)/(천 원)이 더 많습니다.","일단 나는 말이야. 너, 넌 지. 가 갖고 있는 네가 갖고 있는 원)보다 얼마를 더 갖고 있대요? 원)이 더 많대요. 그럼 이렇게 쓰는 거 맞나요? 원)이 더 많습니다."
6,0,0.0,1.0,2.5,1,(1)/(일)과 (8)/(팔) 중에서 누가 더 크지요?,중에서 누가 더 크지요?
4,0,0.0,1.0,3.6666666666666665,1,색칠하지 않은 동그라미는 (1)/(하나),색칠하지 않은 동그라미는
10,1,0.1,1.0,2.888888888888889,0,글 n/ 나의 고려의 어느 마을에서 태어났다 라고 나오고 있잖아요.,글 나의 고려의 어느 마을에서 태어났다 라고 나오고 있잖아요.
7,0,0.0,1.0,3.0,1,자/ 우리가 (4학년)/(사 학년) (1학기)/(일 학기) 때요.,우리가 학년) 학기) 때요.
20,1,0.05,1.0,3.1578947368421053,0,이해 됐죠? 문장으로 있을 때는 항상 무엇을 구하려고 하는지 주어진 조건은 무엇인지를 파악해서 식을 세워 그 답까지 표현해 주어야 하는거랍니다.,이해 됐죠? 문장으로 있을 때는 항상 무엇을 구하려고 하는지 주어진 조건은 무엇인지를 파악해서 식을 세워 답까지 표현해 주어야 하는거랍니다.
3,0,0.0,1.0,4.333333333333333,1,중요하다는 거잖아요. 왜요?,중요하다는 거잖아요. 왜요?
5,1,0.2,1.0,2.75,0,"n/ 그때 춥고 아팠던 기억에,","그때 춥고 아팠던 기억에,"
2,0,0.0,1.0,3.5,1,어느 안전이라고,어느 안전이라고
26,1,0.038461538461538464,0.875,3.2916666666666665,0,"농부들이 잡초를 열심히 뽑는 이유가 바로 이것 때문입니다. 그러므로 잡초를 그대로 두면 밭 전체를 차지한다는 것은 실제로 일어나는 있는 그대로 사실입니다. 그러므로 (ㄴ)/(니은)은 n/ 사실에 해당되구요,","농부들이 잡초를 열심히 뽑는 이유가 바로 이것 때문입니다. 그러므로 잡초를 그대로 두면 밭 전체를 차지한다는 것은 실제로 일어나는 있는 그대로 사실입니다. 그러므로 사실에 해당되구요,"
5,0,0.0,1.0,4.5,1,자/ 그렇다면 여러분들 이거 기억하셨는지요?,그렇다면 여러분들 이거 기억하셨는지요?
2,0,0.0,0.0,0.0,1,아이구/ b/,
14,0,0.0,1.0,3.1,1,자/ 이렇게 (1)/(일)을 중심으로 했을 때 (23회)/(이십 삼 회)라고 했으니까 (1칸)/(한 칸)이라면 여기가 되겠죠.,이렇게 중심으로 했을 때 삼 회)라고 했으니까 칸)이라면 여기가 되겠죠.
7,1,0.14285714285714285,1.0,3.6666666666666665,0,n/ 가나다라마바샤랑 국어가 재미있어 지는 국어 마법.,가나다라마바샤랑 국어가 재미있어 지는 국어 마법.
4,0,0.0,1.0,4.0,1,아빠를 넣어서 어떻게 바뀌었냐면요?,아빠를 넣어서 어떻게 바뀌었냐면요?
22,0,0.0,1.0,3.1333333333333333,1,"우와/ 구개음화는 정말 쉽네요. 딱 (1가지)/(한 가지)만 기억하면 되겠네요. 받침 (ㄷ)/(디귿)과 (ㅌ)/(티읕)이 뒤에 오는 모음 (ㅣ)/(이)를 만나면 (ㅈ)/(지읒)과 (ㅊ)/(치읓) 소리로 발음된다는 사실,","구개음화는 정말 쉽네요. 딱 가지)만 기억하면 되겠네요. 받침 뒤에 오는 모음 만나면 소리로 발음된다는 사실,"
6,0,0.0,1.0,4.0,1,자/ (EBS)/(이비에스) 초등 내공냠냠수학 교재 준비되셨죠?,초등 내공냠냠수학 교재 준비되셨죠?
33,0,0.0,0.8148148148148148,3.185185185185185,1,관계식을 한번 나타내보세요 라고 되어 있습니다. 자/ 어떻게 될까요? (1시간)/(한 시간)을 간다면 얼마를 갈 수 있을까요? 그렇죠 (240)/(이백 사십)을 반으로 나누어서 (120)/(백 이십)을 갈 거예요. (2시간)/(두 시간)을 간다면 바로 (240)/(이백 사십)을 갈 거구요.,관계식을 한번 나타내보세요 라고 되어 있습니다. 어떻게 될까요? 시간)을 간다면 얼마를 갈 수 있을까요? 그렇죠 사십)을 반으로 나누어서 이십)을 갈 거예요. 시간)을 간다면 바로 사십)을 갈 거구요.
24,0,0.0,0.9523809523809523,2.761904761904762,1,아이고/ 새로 산+ 상낭* 장난감을 동생이 그냥 똑/ 부러뜨려 가지고 꿀밤 (1대)/(한 대) 준 것뿐인데 동생이 큰소리로 울고 엄마는 내 마음도 모르고 벌을 주셨네요.,새로 산+ 상낭* 장난감을 동생이 그냥 부러뜨려 가지고 꿀밤 대) 준 것뿐인데 동생이 큰소리로 울고 엄마는 내 마음도 모르고 벌을 주셨네요.
2,0,0.0,1.0,4.0,1,(2)/(이) 곱하기.,곱하기.
4,0,0.0,1.0,3.0,1,자/ 우리 친구들 이만큼이,우리 친구들 이만큼이
13,1,0.07692307692307693,1.0,3.0,0,이런 이야기를 한 것으로 보아서 상민이는 n/ 사회자 라는거를 우리는 짐작할 수 있습니다.,이런 이야기를 한 것으로 보아서 상민이는 사회자 라는거를 우리는 짐작할 수 있습니다.
7,0,0.0,1.0,2.4,1,그런데 (18)/(십 팔) 은 (6)/(육)의 몇 배입니까?,그런데 팔) 은 몇 배입니까?
8,0,0.0,1.0,2.5,1,다음 (8)/(팔)과 (7분의3)/(칠 분의 삼)도 만들 수 있습니다.,다음 분의 삼)도 만들 수 있습니다.
1,0,0.0,0.0,0.0,1,"(10)/(십)과,",
19,0,0.0,0.9,3.2,1,"(2)/(이) 곱하기 (5)/(오)가 (10)/(십)이라는 것을 알았잖아요. 그런데 (2)/(이) 곱하기 (6)/(육) 오/ 고+ (5)/(오)에서 (6)/(육)으로 곱하는 수가 (1)/(일)만큼 커졌어요. 그때,","곱하기 것을 알았잖아요. 그런데 곱하기 고+ 곱하는 수가 커졌어요. 그때,"
14,2,0.14285714285714285,1.0,3.1666666666666665,0,n/ 사회적인 문제는 많은 사람들이 관심을 갖고 그 문제를 인식하도록 하는 것이 가장 중요한데요.,사회적인 문제는 많은 사람들이 관심을 갖고 문제를 인식하도록 하는 것이 가장 중요한데요.
2,0,0.0,1.0,4.5,1,어에요 벌어졌어요.,어에요 벌어졌어요.
11,1,0.09090909090909091,1.0,2.9,0,이번 시간의 n/ 핵심 개념은요. 매체 자료 읽기 그리고 내용 정리입니다.,이번 시간의 핵심 개념은요. 매체 자료 읽기 그리고 내용 정리입니다.
24,1,0.041666666666666664,0.9565217391304348,3.1739130434782608,0,지금도 문득문득 그때 어머니께 들었던 이야기가 생각이 나는데 그중에서요 해와 달이 된 오누이 라는 이야기가 굉장히 선생님은 좋았었어요. 그 이야기 우리 친구들도 다 읽어봤죠?,지금도 문득문득 그때 어머니께 들었던 이야기가 생각이 나는데 그중에서요 해와 달이 된 오누이 라는 이야기가 굉장히 선생님은 좋았었어요. 이야기 우리 친구들도 다 읽어봤죠?
19,0,0.0,0.9473684210526315,2.8947368421052633,1,"자, 점 점 무슨 점? 두 곧은 선이 만나서 생기는 점. 꼭지점이라고 한다고 배웠잖아요. 따라서 두번째 메모에는 이렇게 적어주세요.","자, 점 점 무슨 점? 두 곧은 선이 만나서 생기는 점. 꼭지점이라고 한다고 배웠잖아요. 따라서 두번째 메모에는 이렇게 적어주세요."
5,0,0.0,1.0,1.6666666666666667,1,자/ (1)/(일)만큼 더 큰 수는?,더 큰 수는?
3,0,0.0,1.0,3.6666666666666665,1,이렇게 가리킬 거거든요?,이렇게 가리킬 거거든요?
10,0,0.0,1.0,3.0,1,다음 글을 읽고 물음에 답하시오 라고 했습니다 교제 (80쪽)/(팔십 쪽)입니다.,다음 글을 읽고 물음에 답하시오 라고 했습니다 교제 쪽)입니다.
3,1,0.3333333333333333,1.0,3.0,0,어/ 쭉 이어져서.,쭉 이어져서.
34,1,0.029411764705882353,0.88,2.52,0,자/ 분모는 그대로 두고 자연수와 분자를 곱하면 (3분의2)/(삼 분의 이) 곱하기 (4)/(사) 즉 (3분의8)/(삼 분의 팔)이 되고 (3분의8)/(삼 분의 팔)을 다시 대분수로 고쳐주면 아/ 하/ (2)/(이)와 (3분의2)/(삼 분의 이)가 됨을 알 수 있는 것이죠.,분모는 그대로 두고 자연수와 분자를 곱하면 분의 이) 곱하기 즉 분의 팔)이 되고 분의 팔)을 다시 대분수로 고쳐주면 분의 이)가 됨을 알 수 있는 것이죠.
29,1,0.034482758620689655,1.0,2.962962962962963,0,n/ 자/ 여러분 나라가 안정을 되찾자 세종은 무엇부터 했죠? 바로 새로운 문자를 만드는 일에 온힘을 기울게 됩니다. 명나라로 가는 사신들에게 말소리 원고에 대한 책을 구해 오도록 도록 하면서 말이죠.,여러분 나라가 안정을 되찾자 세종은 무엇부터 했죠? 바로 새로운 문자를 만드는 일에 온힘을 기울게 됩니다. 명나라로 가는 사신들에게 말소리 원고에 대한 책을 구해 오도록 도록 하면서 말이죠.
6,0,0.0,1.0,2.0,1,자/ 선생님 이제 뭘 하면 돼요,선생님 이제 뭘 하면 돼요
2,0,0.0,1.0,3.5,1,"선생님이 만든,","선생님이 만든,"
17,0,0.0,0.9285714285714286,3.0,1,소수 나누기 자연수 이번 시간에는 어떤 계산식이 등장할까요? 자/ 첫 번째는 (6.2)/(육 점 이) 나누기 (5)/(오)의 계산입니다.,소수 나누기 자연수 이번 시간에는 어떤 계산식이 등장할까요? 첫 번째는 점 이) 나누기 계산입니다.
10,0,0.0,1.0,3.6666666666666665,1,채연이가 내놓은 자료를 보던 지은이가 고개를 갸우뚱하며 말끝을 흐렸습니다. 자/.,채연이가 내놓은 자료를 보던 지은이가 고개를 갸우뚱하며 말끝을 흐렸습니다.
30,0,0.0,0.896551724137931,3.1379310344827585,1,"전체 길이가 (60cm)/(육십 센치미터)인 물고기가 있습니다. 머리의 길이는 전체 길이에서 머리 부분을 뺀 나머지의 삼 분의 일과 같고, 꼬리는 머리의 길이와 같습니다. 머리, 몸통, 꼬리의 길이는 각각 얼마입니까? 라는 문제네요?","전체 길이가 센치미터)인 물고기가 있습니다. 머리의 길이는 전체 길이에서 머리 부분을 뺀 나머지의 삼 분의 일과 같고, 꼬리는 머리의 길이와 같습니다. 머리, 몸통, 꼬리의 길이는 각각 얼마입니까? 라는 문제네요?"
3,0,0.0,1.0,3.5,1,자/ 칭찬할 때는요.,칭찬할 때는요.
30,0,0.0,1.0,2.739130434782609,1,이거 어떻게 해야 할까요? 일단은요 수를 비교해 보는 거예요. 자/ 선생님이 조금 더 간단한 카드 (2장/두 장)을 가지고 연습을 해볼게요. (3/삼) 과 (5/오)가 있어요. 자/ 구럼 (5/오) 가 (3/삼)보다 크죠?,이거 어떻게 해야 할까요? 일단은요 수를 비교해 보는 거예요. 선생님이 조금 더 간단한 카드 장)을 가지고 연습을 해볼게요. 과 있어요. 구럼 가 크죠?
15,0,0.0,0.9166666666666666,3.0833333333333335,1,네 우리 (쥐돌이)/(지도리)는 어디로 가야 할까요? 우리 꽁꽁 국어문법 친구들이 홈페이지로 찾아와서 정답(을)/(에) 알려(주도록)/(지도록) 하세요.,네 우리 어디로 가야 할까요? 우리 꽁꽁 국어문법 친구들이 홈페이지로 찾아와서 하세요.
8,1,0.125,1.0,3.0,0,n/ 선생님이 (2개)/(두 개)의 각을 여기 그려 왔는데요.,선생님이 개)의 각을 여기 그려 왔는데요.
28,2,0.07142857142857142,0.8333333333333334,3.125,0,"자/ 바하고 다들 이렇게 바다를 딱 쪼개면 이게 바다인가요? 이게 바다예요? 아니죠. 하늘을 쫄딱+ 쪼개면 이게 하늘인가요? 아니죠. 전혀 우리 그 뜻을 어/ 찾아볼 수가 없습니다. 자/ 이렇게,","바하고 다들 이렇게 바다를 딱 쪼개면 이게 바다인가요? 이게 바다예요? 아니죠. 하늘을 쫄딱+ 쪼개면 이게 하늘인가요? 아니죠. 전혀 우리 뜻을 찾아볼 수가 없습니다. 이렇게,"
6,0,0.0,1.0,3.0,1,다른 사람과 나의 의견을 비교하며 말한다.,다른 사람과 나의 의견을 비교하며 말한다.
9,0,0.0,1.0,2.888888888888889,1,빈칸을 채우기 위해서 마지막으로 그림을 다시 한 번만 볼게요.,빈칸을 채우기 위해서 마지막으로 그림을 다시 한 번만 볼게요.
5,0,0.0,1.0,3.4,1,"강좌 해드리고 싶습니다. 자 그러면요,","강좌 해드리고 싶습니다. 자 그러면요,"
18,1,0.05555555555555555,1.0,3.0,0,"어/ 선생님이 잘 이해가 안되는 친구를 위해서 예를 한번 들어볼게요. 여러분, 콩쥐 팥쥐라는 이야기 알죠 거기 누가 나오나요?","선생님이 잘 이해가 안되는 친구를 위해서 예를 한번 들어볼게요. 여러분, 콩쥐 팥쥐라는 이야기 알죠 거기 누가 나오나요?"
4,1,0.25,1.0,3.3333333333333335,0,"n/ 얘들아, 잊지 말아라.","얘들아, 잊지 말아라."
32,2,0.0625,0.7037037037037037,2.740740740740741,0,자/ 그럼 우리 이 물건들에서 찾을 수 있는 모양을 (하나)/(한) 번 생각해봅시다. 첫 번째 거울에서는 어떤 모양을 찾을 수 있죠? 그래요 이렇게 네모 모양을 찾을 수 있으므로 n/ 네모 모양을 그려주면 되겠죠.,그럼 우리 물건들에서 찾을 수 있는 모양을 생각해봅시다. 첫 번째 거울에서는 어떤 모양을 찾을 수 있죠? 그래요 이렇게 네모 모양을 찾을 수 있으므로 네모 모양을 그려주면 되겠죠.
6,0,0.0,1.0,3.2,1,다에 (3명)/(세 명)의 학생이 있다고 해봅시다.,다에 명)의 학생이 있다고 해봅시다.
8,1,0.125,1.0,4.0,0,n/ 그렇지요. 바로 (2번)/(이 번) 망설이고 있다가 되겠습니다.,그렇지요. 바로 망설이고 있다가 되겠습니다.
6,0,0.0,1.0,4.0,1,자/ 오늘 공부한 삼각형 어땠습니까? 재미있었죠.,오늘 공부한 삼각형 어땠습니까? 재미있었죠.
3,0,0.0,1.0,3.5,1,네/ 밤과 낮인데요.,밤과 낮인데요.
2,0,0.0,1.0,5.5,1,책으로 읽어보겠습니다.,책으로 읽어보겠습니다.
13,0,0.0,0.8333333333333334,2.9166666666666665,1,색칠을 예쁘게 합니다. 색칠을 예쁘게 하는 것도 중요 하죠. (2)/(이)번 인물을 크게 그립니다.,색칠을 예쁘게 합니다. 색칠을 예쁘게 하는 것도 중요 하죠. 인물을 크게 그립니다.
24,1,0.041666666666666664,0.9047619047619048,3.3333333333333335,0,자/ 높이가 문제인데요. 높이는 이 선분의 길이입니다. 하지만 구할 수 있어요. 선대칭도형의 성질 대응점을 이은 선분의 길이를 누가 정확히 똑같이 (2)/(둘)로 나눈다? 대칭축이 똑같이,높이가 문제인데요. 높이는 선분의 길이입니다. 하지만 구할 수 있어요. 선대칭도형의 성질 대응점을 이은 선분의 길이를 누가 정확히 똑같이 나눈다? 대칭축이 똑같이
7,0,0.0,1.0,3.5,1,b/ 자/ 그럼 선생님이랑 한번 해볼까요? b/,그럼 선생님이랑 한번 해볼까요?
15,1,0.06666666666666667,0.9230769230769231,3.1538461538461537,0,허/ 좋습니다. 그러면 공감이 되면 어떨가? 이 후보에게 표를? 줄 수도 있겠죠. 내가 공감이 되었으면.,좋습니다. 그러면 공감이 되면 어떨가? 후보에게 표를? 줄 수도 있겠죠. 내가 공감이 되었으면.
6,0,0.0,1.0,3.2,1,자/ 어떤 말이 인상이 깊었냐면 별빛처럼.,어떤 말이 인상이 깊었냐면 별빛처럼.
9,0,0.0,1.0,2.5,1,자/ 일단 우리 여기서 가장 눈에 띄는 단어 있습니까?,일단 우리 여기서 가장 눈에 띄는 단어 있습니까?
13,0,0.0,1.0,2.8181818181818183,1,따라서 니은은 맞는 설명 (ㄷ)/(디듣)도 봅시다 각각의 대응각의 크기는 서로 같습니다 라고 (했어여)/(했어요).,따라서 니은은 맞는 설명 봅시다 각각의 대응각의 크기는 서로 같습니다 라고
3,0,0.0,1.0,2.5,1,"자/ 이게 바로,","이게 바로,"
11,0,0.0,1.0,3.4,1,자/ 그다음에 네 번째로는 시에 담겨있는 뜻을 중심으로 이야기해볼 수도 있겠는데요.,그다음에 네 번째로는 시에 담겨있는 뜻을 중심으로 이야기해볼 수도 있겠는데요.
2,0,0.0,1.0,3.0,1,의자가 (5)/(다섯).,의자가
31,2,0.06451612903225806,1.0,3.3448275862068964,0,"우유를 발효 시켜서 치즈를 만들거나 요구르트를 만들죠? 또 포도를 발효시켜서 와인을 만듭니다, 아/ 그런 거 그러니까 아/ 요런 것이 바로 효모나 미생물에 의해서 어떤 물질이 변화되는 작용이구나? 이렇게 어렴풋하게라도 생각하시면 돼요.","우유를 발효 시켜서 치즈를 만들거나 요구르트를 만들죠? 또 포도를 발효시켜서 와인을 만듭니다, 그런 거 그러니까 요런 것이 바로 효모나 미생물에 의해서 어떤 물질이 변화되는 작용이구나? 이렇게 어렴풋하게라도 생각하시면 돼요."
25,1,0.04,1.0,2.727272727272727,0,n/ 크기를 비교하여 자/ 동그라미 안에 알맞은 부등호를 써 넣으시오 라고 했습니다 그렇다면 첫번째는요 야/ 뺄셈 에 대한 것이네요 요걸 빼서 이십 분의 오 와.,크기를 비교하여 동그라미 안에 알맞은 부등호를 써 넣으시오 라고 했습니다 그렇다면 첫번째는요 뺄셈 에 대한 것이네요 요걸 빼서 이십 분의 오 와.
4,0,0.0,1.0,1.6666666666666667,1,몇 장 (4장)/(네 장).,몇 장 장).
6,0,0.0,1.0,2.6,1,자/ 그럼 다음 문제 보도록 할게요.,그럼 다음 문제 보도록 할게요.
13,0,0.0,0.8571428571428571,3.0,1,(3)/(삼) 곱하기 (2)/(이십)이 (60)/(육십)이니까 (2)/(이십)과 (3 분의 2)/(삼 분의 이) (cm)/(센티미터)가 전체길이가 되겠네요.,곱하기 (3 분의 분의 이) 전체길이가 되겠네요.
13,1,0.07692307692307693,1.0,2.4545454545454546,0,n/ 자/ 첫 번째 속담 일하기 싫어하는 사람이 일은 하지 않고 계산만 한다.,첫 번째 속담 일하기 싫어하는 사람이 일은 하지 않고 계산만 한다.
8,2,0.25,1.0,2.25,0,자/ 요렇게 결과 저/ 그/ 내용이 쭉 (나오고요)/(나오구요).,요렇게 결과 내용이 쭉
8,1,0.125,1.0,3.5714285714285716,0,n/ 호랑이가 마차에 탔어요. 그런데 거인이 금방 쫓아왔어요.,호랑이가 마차에 탔어요. 그런데 거인이 금방 쫓아왔어요.
4,1,0.25,1.0,2.0,0,이 신발 굽 높이.,신발 굽 높이.
7,0,0.0,1.0,3.7142857142857144,1,다음과 같은 특징이 있는 운동종목은 무엇일까요 보여주세요.,다음과 같은 특징이 있는 운동종목은 무엇일까요 보여주세요.
12,0,0.0,0.8333333333333334,3.8333333333333335,1,(5)/(오)가 되었죠. (20)/(이십)에 얼마를 나누어주면 (5)/(오)가 되죠? 그렇죠 (4)/(사)를 나누어주면 (5)/(오)가 (되고요)/(되구요).,되었죠. 얼마를 나누어주면 되죠? 그렇죠 나누어주면
7,0,0.0,1.0,4.2,1,"기호명 가,나,다,라 (이런)/(요런) 게 기호거든요. 자/ 봅시다.","기호명 가,나,다,라 게 기호거든요. 봅시다."
8,0,0.0,1.0,3.375,1,선생님 같은 경우에는요 언제가 가장 즐겁냐면 토요일 오후에요.,선생님 같은 경우에는요 언제가 가장 즐겁냐면 토요일 오후에요.
2,0,0.0,1.0,2.5,1,오오오 잠깐,오오오 잠깐
8,1,0.125,1.0,3.6666666666666665,0,아/ (322)/(삼백 이십 이)라는걸 세로식으로도 확인할 수 있습니다.,이십 이)라는걸 세로식으로도 확인할 수 있습니다.
12,0,0.0,1.0,2.5714285714285716,1,"그랬더니 (28)/(이십 팔) 곱하기 (4)/(사) 는 (8)/(팔) (4)/(사) (32)/(삽십 이). 올림 했고,","그랬더니 팔) 곱하기 는 이). 올림 했고,"
6,1,0.16666666666666666,1.0,2.4,0,n/ 재보 지도 않고 어떻게 알아?,재보 지도 않고 어떻게 알아?
1,0,0.0,0.0,0.0,1,"(ㄴ)/(니은)은요,",
26,1,0.038461538461538464,0.9583333333333334,2.7916666666666665,0,어머나/ 친구에 대한 그리움이 가득 담긴 그런 동시지요? 어/ 선생님의 동시 듣고 갑자기 눈물이 찔끔 날려고 했는데요 지금 동시 속 주인공은요 전학을 온 거지요? 그래서요 지난,친구에 대한 그리움이 가득 담긴 그런 동시지요? 선생님의 동시 듣고 갑자기 눈물이 찔끔 날려고 했는데요 지금 동시 속 주인공은요 전학을 온 거지요? 그래서요 지난
2,0,0.0,1.0,4.0,1,똑같이 그려야지.,똑같이 그려야지.
15,1,0.06666666666666667,0.8888888888888888,3.111111111111111,0,"각도기를 통해서 나머지 각도 재어보니까 (1쪽)/(한 쪽)은요. (바로)/(바루) n/ 응, (50도)/(오십 도) (40도)/(사십 도) b/,","각도기를 통해서 나머지 각도 재어보니까 쪽)은요. 응, 도) 도)"
18,1,0.05555555555555555,0.9411764705882353,2.8823529411764706,0,나누는 수가 자연수가 될 때까지 그 때까지 계속 소수점을 옮겨야 한다는 것을 우리 친구들이 기억해두면 좋을 것 같습니다.,나누는 수가 자연수가 될 때까지 때까지 계속 소수점을 옮겨야 한다는 것을 우리 친구들이 기억해두면 좋을 것 같습니다.
6,0,0.0,1.0,3.6666666666666665,1,자연수는 자연수끼리 빼고 분수는 분수끼리 뺐어요.,자연수는 자연수끼리 빼고 분수는 분수끼리 뺐어요.
17,1,0.058823529411764705,0.9166666666666666,2.5,0,자/ 그리고 난 다음에 이 (1)/(일)에서 (6)/(육)에 들어갈 수에 알맞은 계 이름을 찾아주는 거예요 계 이름이 (뭐냐고요)/(뭐냐구요).,그리고 난 다음에 들어갈 수에 알맞은 계 이름을 찾아주는 거예요 계 이름이
4,0,0.0,1.0,3.5,1,세 번째 문단 정리해보겠습니다.,세 번째 문단 정리해보겠습니다.
11,3,0.2727272727272727,1.0,2.625,0,"n/ 어/ 이번엔 또 누가 탔어? n/ 돼지, 돼지는 어떻게 울어?","이번엔 또 누가 탔어? 돼지, 돼지는 어떻게 울어?"
10,2,0.2,1.0,4.0,0,n/ 어/ 안녕하세요. 맛있는 수학 요리사에 u/ 입니다. 빈이도 인사해야지.,안녕하세요. 맛있는 수학 요리사에 입니다. 빈이도 인사해야지.
13,0,0.0,1.0,3.3076923076923075,1,"여기서 어떤 비유를 사용해야 될까요? 사과는 무엇이다. 자기 자신에 되돌+ 되돌아보고 반성하는 것,","여기서 어떤 비유를 사용해야 될까요? 사과는 무엇이다. 자기 자신에 되돌+ 되돌아보고 반성하는 것,"
16,2,0.125,0.9230769230769231,3.4615384615384617,0,자/ 똑바로 n/ 접어야돼요 두번째는요 다음에는 반으로 접은 상태에서 선을 긋습니다 어/ 물론 자로 똑바로 그어야겠죠.,똑바로 접어야돼요 두번째는요 다음에는 반으로 접은 상태에서 선을 긋습니다 물론 자로 똑바로 그어야겠죠.
16,1,0.0625,0.9333333333333333,2.8666666666666667,0,n/ 그리고 웃 어른께는 언제 어디에서나 큰절을 하며 좋습니다 이것은 일의 순서 그렇죠 아까 일의 순서와는.,그리고 웃 어른께는 언제 어디에서나 큰절을 하며 좋습니다 이것은 일의 순서 그렇죠 아까 일의 순서와는.
15,1,0.06666666666666667,1.0,2.6666666666666665,0,자/ 여러분이 지금 이 문장을 잘 읽고 (1번)/(한 번) 나눗셈 식을 (1번)/(한 번) 떠올려 볼까요?,여러분이 지금 문장을 잘 읽고 나눗셈 식을 떠올려 볼까요?
6,0,0.0,1.0,4.5,1,(2)/(이) 분의 (9)/(구) (3)/(삼) (27)/(이십 칠)이겠구나.,분의 칠)이겠구나.
10,1,0.1,1.0,3.857142857142857,0,(이거)/(요거) 만들면서 읽는 거예요. 이 (2가지)/(두 가지) 하면서 읽어보도록 하겠습니다.,만들면서 읽는 거예요. 가지) 하면서 읽어보도록 하겠습니다.
11,0,0.0,1.0,3.0,1,네모 안에 들어갈 속담으로 알맞은 것은 어느 것입니까? 라는 그런 문제입니다.,네모 안에 들어갈 속담으로 알맞은 것은 어느 것입니까? 라는 그런 문제입니다.
15,2,0.13333333333333333,1.0,3.6923076923076925,0,추리소설이 아니더라도요 아/ 읽다보면 음/ 이런 속마음이 숨어있구나 짐작하는 방법 오늘 두번째 핵심이 바로 그것입니다.,추리소설이 아니더라도요 읽다보면 이런 속마음이 숨어있구나 짐작하는 방법 오늘 두번째 핵심이 바로 그것입니다.
25,0,0.0,1.0,3.04,1,"실외 활동은 오랫동안 하지 말고, 외출하고 돌아오면 코와 손을 깨끗이 씻습니다. 미세먼지를 몸 밖으로 내보내기 위해 물을 많이 마시고, 과일이나 채소 등은 충분히 씻어서 먹습니다.","실외 활동은 오랫동안 하지 말고, 외출하고 돌아오면 코와 손을 깨끗이 씻습니다. 미세먼지를 몸 밖으로 내보내기 위해 물을 많이 마시고, 과일이나 채소 등은 충분히 씻어서 먹습니다."
16,2,0.125,1.0,2.8333333333333335,0,"n/ 자/ 다음 문제 입니다. (19번)/(십구 번), 친구 중에서 한 명을 떠올려보고 그 친구의 이름을 쓰세요.","다음 문제 입니다. 번), 친구 중에서 한 명을 떠올려보고 친구의 이름을 쓰세요."
2,0,0.0,1.0,3.0,1,랑 친구할래?,랑 친구할래?
14,1,0.07142857142857142,1.0,2.8,0,자/ 그 다음에 해야 될 것은 합계가 맞는지 다시 (1번)/(한 번) 꼼꼼히 확인해 보아야겠죠.,다음에 해야 될 것은 합계가 맞는지 다시 꼼꼼히 확인해 보아야겠죠.
10,0,0.0,0.8,2.9,1,따라서 이때는 바로 세모 개. 세모 각기둥에서는 세모 개가 되는구나.,따라서 이때는 바로 세모 개. 세모 각기둥에서는 세모 개가 되는구나.
18,4,0.2222222222222222,1.0,3.5,0,"o/ 칭찬해준다구요. n/ (잘하셨다고요)/(잘하셨다구요). n/ 네, 잘하셨습니다 그 부분. n/ 그리고 좋은 글을 위한 오늘의 마지막 조언이 있는데요.","칭찬해준다구요. 네, 잘하셨습니다 부분. 그리고 좋은 글을 위한 오늘의 마지막 조언이 있는데요."
11,2,0.18181818181818182,1.0,3.625,0,o/ 아/ 그렇군요. 그렇다면 지루해지기 전에 이 문장들을 없애는 게 어떨까요?,그렇군요. 그렇다면 지루해지기 전에 문장들을 없애는 게 어떨까요?
16,1,0.0625,1.0,3.1333333333333333,0,n/ 조금 더 실감나게 표현된 부분들을 찾아 주시면 되겠고요. 사건이나 마음의 변화가 잘 나타나는 부분들이 있어요.,조금 더 실감나게 표현된 부분들을 찾아 주시면 되겠고요. 사건이나 마음의 변화가 잘 나타나는 부분들이 있어요.
5,1,0.2,1.0,2.75,0,어/ 문제를 자세히 보는 시간.,문제를 자세히 보는 시간.
27,2,0.07407407407407407,0.9565217391304348,2.4347826086956523,0,"자/ 우리가 (이렇게)/(이케) 설명문을 읽을 때 항상 무엇을 염두해 두면서 읽어라? 이미 내가 n/ 알고 있는 내용. 그리고 읽으면서 알게 된 내용, 어/ 더 알고 싶은 내용","우리가 설명문을 읽을 때 항상 무엇을 염두해 두면서 읽어라? 이미 내가 알고 있는 내용. 그리고 읽으면서 알게 된 내용, 더 알고 싶은 내용"
13,1,0.07692307692307693,1.0,2.8,0,무엇이 들어가면 좋을까? 그런데 이 (ㄷ)/(디귿) 의 방법 한번 볼게요 (ㄷ)/(디귿) 은 무엇이냐.,무엇이 들어가면 좋을까? 그런데 의 방법 한번 볼게요 은 무엇이냐.
2,0,0.0,1.0,3.5,1,줄이 넘어간다.,줄이 넘어간다.
7,1,0.14285714285714285,1.0,4.166666666666667,0,이렇게 끝났습니다. 어쩐다 그 뒷이야기 볼게요. 그때였다.,이렇게 끝났습니다. 어쩐다 뒷이야기 볼게요. 그때였다.
23,2,0.08695652173913043,0.95,2.7,0,"n/ 음/ 낱말들을 여러 가지를 알 수가 있고, 우리 주변의 낱말에 관심을 가질 수도 (있고요)/(있구요). 또 친구랑 가족들이랑 재미있는 시간을 보낼 수도 있어요.","낱말들을 여러 가지를 알 수가 있고, 우리 주변의 낱말에 관심을 가질 수도 또 친구랑 가족들이랑 재미있는 시간을 보낼 수도 있어요."
11,2,0.18181818181818182,0.8571428571428571,3.142857142857143,0,"자/ 수직인 선분. n/ 그다음에는 사선을 (그려봤고요)/(그려봤구여). 다시 n/ 수직인 선분,","수직인 선분. 그다음에는 사선을 다시 수직인 선분,"
12,2,0.16666666666666666,1.0,2.4285714285714284,0,뒤에 있는 수. 아/ (39)/(삼십 구)보다 b/ (1)/(일)만큼 더 큰 수입니다. n/,뒤에 있는 수. 구)보다 더 큰 수입니다.
9,0,0.0,1.0,2.888888888888889,1,학교에 가서 빨리 친구들도 만나고 선생님도 뵙고 싶을 텐데요.,학교에 가서 빨리 친구들도 만나고 선생님도 뵙고 싶을 텐데요.
16,0,0.0,1.0,2.7857142857142856,1,그렇죠 (1시간)/(한 시간) 동안 달린 거리에 (1km)/(일 킬로미터) 달리는 데 필요한 휘발유 곱해서 구해줄 수 있었죠.,그렇죠 시간) 동안 달린 거리에 킬로미터) 달리는 데 필요한 휘발유 곱해서 구해줄 수 있었죠.
23,1,0.043478260869565216,1.0,3.1,0,두 반직선으로 이루어진 도형을 (얘기하고요)/(얘기하구여). 이때 반직선은 이렇게 구불구불 굽은 선이 아니라 곧은 선이라는 것도 꼭 챙겨가기 바랍니다. 자/ n/ 다음 문제로 넘어갈게요.,두 반직선으로 이루어진 도형을 이때 반직선은 이렇게 구불구불 굽은 선이 아니라 곧은 선이라는 것도 꼭 챙겨가기 바랍니다. 다음 문제로 넘어갈게요.
4,0,0.0,1.0,3.25,1,여러분 혹시 칭찬 좋아하나요?,여러분 혹시 칭찬 좋아하나요?
54,1,0.018518518518518517,0.74,2.54,0,"그 다음에 가장 중요한 두 번째 포인트가 무엇인가? 그렇죠 대분수는 자연수 부분과, 진분수 부분으로 이루어져 있는데, (3 과 5 분의 5)/(삼 과 오 분의 오)를 썼을 때는, (5 분의 5)/(오 분의 오)가 가분수기 때문에, 진분수라고 할 수가 없죠. 그렇기 때문에 (3 과 5 분의 5)/(삼 과 오 분의 오) 는 대분수라고 할 수가 없습니다.","다음에 가장 중요한 두 번째 포인트가 무엇인가? 그렇죠 대분수는 자연수 부분과, 진분수 부분으로 이루어져 있는데, (3 과 5 분의 과 오 분의 오)를 썼을 때는, (5 분의 분의 오)가 가분수기 때문에, 진분수라고 할 수가 없죠. 그렇기 때문에 (3 과 5 분의 과 오 분의 오) 는 대분수라고 할 수가 없습니다."
7,1,0.14285714285714285,1.0,3.0,0,n/ 풍덩이라는 흉내 내는 말을 사용하면 돼요.,풍덩이라는 흉내 내는 말을 사용하면 돼요.
3,1,0.3333333333333333,1.0,3.0,0,그 다음에 춥다.,다음에 춥다.
10,0,0.0,1.0,3.111111111111111,1,자/전염병 예방에 가장 효과적이면서도 쉬운 것은요 여러분 이거 많이 하세요.,예방에 가장 효과적이면서도 쉬운 것은요 여러분 이거 많이 하세요.
22,1,0.045454545454545456,1.0,2.5,0,n/ 자/ 그럼 우리 친구들 시험 대비 교재 (41쪽)/(사십 일 쪽)을 얼른 펴세요. 자/ (7번)/(일곱 번) 문제 (1번)/(한 번) 해결해 보도록 할까요?,그럼 우리 친구들 시험 대비 교재 일 쪽)을 얼른 펴세요. 문제 해결해 보도록 할까요?
17,0,0.0,0.9230769230769231,3.076923076923077,1,(21)/(이십 일) 그다음에 여기 계산을 선생님이 할게요 (21)/(이십 일) 더하기 (6)/(육) 해서 (27)/(이십 칠)이 나오면서 괄호가 풀리네요.,일) 그다음에 여기 계산을 선생님이 할게요 일) 더하기 해서 칠)이 나오면서 괄호가 풀리네요.
21,0,0.0,1.0,3.1904761904761907,1,"딱지를 잃어서 슬펐다 막 이런 얘기가 있어서 선생님이 밑의 댓글에 괜찮아 하면서 위로하는 댓글을 많이 적었던 경험이 있는데요, 윤서도 딱지치기를 좋아하군요.","딱지를 잃어서 슬펐다 막 이런 얘기가 있어서 선생님이 밑의 댓글에 괜찮아 하면서 위로하는 댓글을 많이 적었던 경험이 있는데요, 윤서도 딱지치기를 좋아하군요."
3,0,0.0,1.0,3.0,1,구할 수가 있습니다.,구할 수가 있습니다.
15,1,0.06666666666666667,0.7692307692307693,3.3846153846153846,0,이 회전축을 품을려면 세로 방향일 거에요. 어떤 방향이든 괜찮지만 자/ 어떤 방향이든 괜찮지만 일단은 세로방향,회전축을 품을려면 세로 방향일 거에요. 어떤 방향이든 괜찮지만 어떤 방향이든 괜찮지만 일단은 세로방향
5,1,0.2,1.0,2.75,0,n/ 성 안엔 거인이 있었어요.,성 안엔 거인이 있었어요.
6,0,0.0,1.0,3.3333333333333335,1,중요하다는 것을 잘 기억해 주길 바라겠습니다.,중요하다는 것을 잘 기억해 주길 바라겠습니다.
6,0,0.0,1.0,2.6,1,(9)/(아홉)은 어떤 수로 나타낼 수 있을까요?,어떤 수로 나타낼 수 있을까요?
3,1,0.3333333333333333,1.0,2.0,0,n/ 먼저 열.,먼저 열.
12,0,0.0,0.6666666666666666,2.6666666666666665,1,매우 잘 했으면 (3개)/(세 개) 잘 했으면 (2개)/(두 개) 보통이면 (1)/(하나) 붙여주세요.,매우 잘 했으면 개) 잘 했으면 개) 보통이면 붙여주세요.
9,1,0.1111111111111111,1.0,3.125,0,아/ 좀 어렵다구요? 그러면 조금 더 쉽게 이렇게 생각해볼까요?,좀 어렵다구요? 그러면 조금 더 쉽게 이렇게 생각해볼까요?
14,2,0.14285714285714285,1.0,3.5454545454545454,0,n/ 이 미션을 통과한 친구들은 오늘의 주인공으로 꼽힐 수 있는 자격이 주어집니다. (많이많이)/(마니마니) 도전해주세요.,미션을 통과한 친구들은 오늘의 주인공으로 꼽힐 수 있는 자격이 주어집니다. 도전해주세요.
2,0,0.0,1.0,5.0,1,아유/ 기특해라.,기특해라.
9,1,0.1111111111111111,1.0,3.375,0,n/ 그래서 갑작스럽게 별주부를 따라오다가 간을 놓고 온 곳입니다.,그래서 갑작스럽게 별주부를 따라오다가 간을 놓고 온 곳입니다.
13,1,0.07692307692307693,1.0,2.8181818181818183,0,자/ 그럼 선생님이 어/ 거꾸로 세는거 우리 친구들이 잘할 수 있는지 함께 해볼게요.,그럼 선생님이 거꾸로 세는거 우리 친구들이 잘할 수 있는지 함께 해볼게요.
3,0,0.0,1.0,4.333333333333333,1,비빔국수를 먹었다고 하네요.,비빔국수를 먹었다고 하네요.
6,0,0.0,1.0,2.75,1,b/ 교과서를 한 장 넘겨서요. b/,교과서를 한 장 넘겨서요.
6,0,0.0,1.0,2.5,1,o/ 와/ 이렇게 바꿀 수 있군요.,이렇게 바꿀 수 있군요.
14,0,0.0,1.0,3.3333333333333335,1,우아/ 정말. 처음부터 끝까지 똑같이 읽는것보다 이렇게 때에 따라 어울리게 읽으니까 분위기가 있다. l/,정말. 처음부터 끝까지 똑같이 읽는것보다 이렇게 때에 따라 어울리게 읽으니까 분위기가 있다.
25,3,0.12,0.9523809523809523,2.761904761904762,0,자/ 이 새끼 제비 다시 강남으로 갔습니다. 그리고 황제 제비 가요. 화가 이렇게 나겠죠. n/ 지하 창고에서 벌을 주려고 남겨둔 이 박 씨를 꺼내서 줍니다.,새끼 제비 다시 강남으로 갔습니다. 그리고 황제 제비 가요. 화가 이렇게 나겠죠. 지하 창고에서 벌을 주려고 남겨둔 박 씨를 꺼내서 줍니다.
11,1,0.09090909090909091,1.0,2.0,0,"n/ 가, 갸, 거, 겨, 고, 교, 구, 규, 그, 기.","가, 갸, 거, 겨, 고, 교, 구, 규, 그, 기."
6,0,0.0,1.0,2.6,1,자/ 그럼 다음 문제 보도록 할게요.,그럼 다음 문제 보도록 할게요.
1,0,0.0,0.0,0.0,1,"(8)/(팔),",
23,0,0.0,1.0,3.15,1,네모만 남게 됩니다. 따라서 이것을 계산하기 위해서는 먼저 할 일 분모 (12)/(십 이)와 (6)/(육)을 공통분모로 통분해 주어야 합니다. 공통분모 (12)/(십 이)로 통분 해보겠습니다.,네모만 남게 됩니다. 따라서 이것을 계산하기 위해서는 먼저 할 일 분모 이)와 공통분모로 통분해 주어야 합니다. 공통분모 이)로 통분 해보겠습니다.
4,0,0.0,1.0,3.5,1,선생님은 조금 반성하게 됐어요.,선생님은 조금 반성하게 됐어요.
3,0,0.0,1.0,4.666666666666667,1,거기까지는 생각을 안했는데요.,거기까지는 생각을 안했는데요.
20,1,0.05,0.8888888888888888,2.888888888888889,0,n/ 그다음에 재료 준비가 끝나면 떡볶이를 만든다고 했는데 자/ 어떻게 어떻게 만드세요 하고 나중에는 재료가 잘 익을 때 익을 때까지.,그다음에 재료 준비가 끝나면 떡볶이를 만든다고 했는데 어떻게 어떻게 만드세요 하고 나중에는 재료가 잘 익을 때 익을 때까지.
15,0,0.0,0.9166666666666666,3.5833333333333335,1,(25)/(이십오) 번 문제부터 풀어볼게요. 모으기를 해보세요. (2)/(두) 수를 모으기 해서 빈칸에 알맞은 수를 넣어주는 문제예요.,문제부터 풀어볼게요. 모으기를 해보세요. 수를 모으기 해서 빈칸에 알맞은 수를 넣어주는 문제예요.
3,0,0.0,1.0,4.666666666666667,1,이렇게 정리하시면 되겠습니다.,이렇게 정리하시면 되겠습니다.
3,0,0.0,1.0,3.0,1,이건 무슨 모양이죠?,이건 무슨 모양이죠?
5,1,0.2,1.0,3.0,0,"이 연필보다 길이가 더 길다면,","연필보다 길이가 더 길다면,"
6,2,0.3333333333333333,1.0,3.25,0,그 영화에 쓰인 여러가지 장치들도 음/.,영화에 쓰인 여러가지 장치들도
9,0,0.0,1.0,3.625,1,자/ 그러면 여러분들이 능동적으로 잘 따라오고 있을 거라고 생각합니다.,그러면 여러분들이 능동적으로 잘 따라오고 있을 거라고 생각합니다.
14,0,0.0,1.0,3.5,1,자/ 그러면 여러분들이 선생님하고 지금까지 지적한 내용들을 써주면 되는 거예요*. 자/ 예시 답안 볼까요?,그러면 여러분들이 선생님하고 지금까지 지적한 내용들을 써주면 되는 거예요*. 예시 답안 볼까요?
2,1,0.5,1.0,3.0,0,n/ 안녕!,안녕!
8,0,0.0,1.0,3.8,1,b/ 이제는 선생님이 도와줄게요. 함께 (1)/(하나)씩 해봐요. b/,이제는 선생님이 도와줄게요. 함께 해봐요.
18,1,0.05555555555555555,0.8823529411764706,3.0588235294117645,0,"n/ 자연수 나누기 자연수를 분수로 나타낼 때는, 나누어지는 수 즉, 세모는 분자에, 나누는 수 즉, 동그라미는 분모에 써준다.","자연수 나누기 자연수를 분수로 나타낼 때는, 나누어지는 수 즉, 세모는 분자에, 나누는 수 즉, 동그라미는 분모에 써준다."
14,0,0.0,1.0,3.769230769230769,1,형제자매 누구든 좋습니다. 주변에서 칭찬하고 싶은 인물을 하나씩 머릿속으로 떠올려 보세요. (어떻게)/(어뜨케) 칭찬했는지 볼게요.,형제자매 누구든 좋습니다. 주변에서 칭찬하고 싶은 인물을 하나씩 머릿속으로 떠올려 보세요. 칭찬했는지 볼게요.
3,1,0.3333333333333333,1.0,7.0,0,o/ 생일선물이오. n/,생일선물이오.
18,0,0.0,0.9,2.4,1,다음 자/ (1)/(일)과 (10)/(십)의 자리 (2)/(이)를 서로 곱해주면 (20)/(이십) 곱하기 (12)/(십 이) 인 셈이니 (10)/(십) 인 셈이니까 (200)/(이백).,다음 자리 서로 곱해주면 곱하기 이) 인 셈이니 인 셈이니까
13,0,0.0,1.0,3.8333333333333335,1,자/ 저+ 지난번에는요. 우리가 중심 문장을 찾아서 연결해서 내용을 간추리는 방법을 알아봤는데요. 기억나죠?,저+ 지난번에는요. 우리가 중심 문장을 찾아서 연결해서 내용을 간추리는 방법을 알아봤는데요. 기억나죠?
12,0,0.0,0.75,3.0833333333333335,1,적절한 위치에 기사문의 알맞은 사진이나 도표를 넣는 거예요. 사진이나 도표를 넣는 이유,적절한 위치에 기사문의 알맞은 사진이나 도표를 넣는 거예요. 사진이나 도표를 넣는 이유
5,0,0.0,1.0,2.75,1,자/ 그럼 여기 있다가는 뭘까?,그럼 여기 있다가는 뭘까?
6,0,0.0,1.0,3.1666666666666665,1,센티미터다. 라는 것 확인할 수가 있습니다.,센티미터다. 라는 것 확인할 수가 있습니다.
3,0,0.0,1.0,3.5,1,잘했으면 (2개)/(두 개).,잘했으면 개).
7,1,0.14285714285714285,1.0,3.6666666666666665,0,그리고 이 안토니오의 배는요. 침몰한 게 아니었어요.,그리고 안토니오의 배는요. 침몰한 게 아니었어요.
11,1,0.09090909090909091,1.0,3.0,0,n/ 나는 (10년)/(십 년)이 지난 지금도 별이 초롱초롱한 밤에 일기를 쓰는구나.,나는 년)이 지난 지금도 별이 초롱초롱한 밤에 일기를 쓰는구나.
30,1,0.03333333333333333,0.8823529411764706,3.411764705882353,0,"자/ 이 (176cm)/(백 칠십 육 센치미터), 제곱 (cm)/(센치미터)는 누구의 넓이냐면 삼각형 (ㄱ)/(기역) (ㄷ)/(디귿) (ㄹ)/(리을)의 넓이였죠? 따라서 삼각형 (ㄱ)/(기역) (ㄷ)/(디귿) (ㄹ)/(리을)과 그다음에 처음에 나왔던 삼각형 (ㄱ)/(기역) (ㄴ)/(니은) (ㄷ)/(디귿)의 넓이를 더해주면 되겠습니다.","칠십 육 센치미터), 제곱 누구의 넓이냐면 삼각형 넓이였죠? 따라서 삼각형 그다음에 처음에 나왔던 삼각형 넓이를 더해주면 되겠습니다."
28,1,0.03571428571428571,1.0,2.8636363636363638,0,"o/ 우리 친구들도 아마 책을 통해서도 많은 나무들을 만나봤을 텐데요 (그리고)/(그리구) 사실 지금이 봄이잖아요, 그러니까 봄에 n/ 만날 수 있는 (나무)/(나 무)를 (1번)/(한 번) 생각해 보는 건 어떨까요?","우리 친구들도 아마 책을 통해서도 많은 나무들을 만나봤을 텐데요 사실 지금이 봄이잖아요, 그러니까 봄에 만날 수 있는 무)를 생각해 보는 건 어떨까요?"
13,0,0.0,0.8461538461538461,3.769230769230769,1,"부산을 정벌하라. 예. 부산을 정벌하라, 부산을 함락시켜라! 무기로 무력으로 함락시켜라 이런 뜻이 되겠습니다.","부산을 정벌하라. 예. 부산을 정벌하라, 부산을 함락시켜라! 무기로 무력으로 함락시켜라 이런 뜻이 되겠습니다."
2,0,0.0,1.0,4.0,1,넣으면 들어갔죠.,넣으면 들어갔죠.
29,0,0.0,0.72,2.84,1,(3)/(삼)은 괜찮지. (5)/(오) 괜찮지. 마찬가지로 뭐가 필요해? 이거 필요해. 그런데 이게 마지막 거 알겠어? (Fx 분의 1)/(에프 엑스 분의 일) 나 이거 어디로 움직일까?(Fx 분의 1)/(에프 엑스 분의 일),괜찮지. 괜찮지. 마찬가지로 뭐가 필요해? 이거 필요해. 그런데 이게 마지막 거 알겠어? (Fx 분의 엑스 분의 일) 나 이거 어디로 움직일까?(Fx 분의 엑스 분의 일)
20,2,0.1,1.0,2.7777777777777777,0,이걸 이용해서 어느 것이 얼마나 더 큰지를 확인해 주면 되는 거예요 그럼 이제 이 내용을 n/ 정리하여 나타내 보도록 하겠습니다.,이걸 이용해서 어느 것이 얼마나 더 큰지를 확인해 주면 되는 거예요 그럼 이제 내용을 정리하여 나타내 보도록 하겠습니다.
4,1,0.25,1.0,3.3333333333333335,0,n/ 마지막 힌트는요 바로.,마지막 힌트는요 바로.
14,0,0.0,0.9166666666666666,2.5,1,아직도 여러분 많이 남았죠? 이게 배울 게 (1)/(한) 단계 (1)/(한) 단계 지금 올라가고 있는데,아직도 여러분 많이 남았죠? 이게 배울 게 단계 단계 지금 올라가고 있는데
7,0,0.0,1.0,2.5714285714285716,1,따라서 문제의 답은 무엇이라 할 수 있나요?,따라서 문제의 답은 무엇이라 할 수 있나요?
14,0,0.0,0.9285714285714286,3.142857142857143,1,이렇게 붙는 말과 홀로 쓰이는 낱말이 서로 합쳐져서도 새로운 낱말이 만들어진다는 것 기억하기 바랍니다.,이렇게 붙는 말과 홀로 쓰이는 낱말이 서로 합쳐져서도 새로운 낱말이 만들어진다는 것 기억하기 바랍니다.
18,0,0.0,1.0,3.357142857142857,1,잘도 기억하네요. 자/ 여기 (1번)/(한 번) 보도록 하죠. 선생님이 정리를 했는데 달린 거리들은 모두 합하니까 (2000m)/(이천 미터)가 되었어요.,잘도 기억하네요. 여기 보도록 하죠. 선생님이 정리를 했는데 달린 거리들은 모두 합하니까 미터)가 되었어요.
17,0,0.0,0.9375,2.8125,1,아아 그렇게 악속을 중요시 하시는 분이 친구를 그렇게 (10분)/(십 분)이나 기다리게 하세요 으 이러는 거예요 이게 뭐죠?,아아 그렇게 악속을 중요시 하시는 분이 친구를 그렇게 분)이나 기다리게 하세요 으 이러는 거예요 이게 뭐죠?
11,0,0.0,0.9090909090909091,2.3636363636363638,1,아기 손 씻던 세숫대야 바닥은 도당 도당 도당당 작은 북이 된다.,아기 손 씻던 세숫대야 바닥은 도당 도당 도당당 작은 북이 된다.
8,0,0.0,1.0,2.3333333333333335,1,그래요. (2)/(둘)은 수로 (2)/(이) 라고 쓸 수 있어요.,그래요. 수로 라고 쓸 수 있어요.
8,1,0.125,1.0,3.4285714285714284,0,음/ 작은 가시고기에게는 구덩이 파는 일이 쉽지는 않겠어요.,작은 가시고기에게는 구덩이 파는 일이 쉽지는 않겠어요.
6,0,0.0,1.0,2.5,1,약간 뭔가 생각을 하게 했어요. 음.,약간 뭔가 생각을 하게 했어요. 음.
16,0,0.0,0.9,4.2,1,그러니까 (4)/(사) 분의 (7)/(칠) 나누기 (7)/(칠)을 계산해야겠죠? 자/ 이렇게 계산하면 얼마인가요? (4)/(사) 분의 (1)/(일)씩 먹는다라는 이야기예요.,그러니까 분의 나누기 계산해야겠죠? 이렇게 계산하면 얼마인가요? 분의 먹는다라는 이야기예요.
21,0,0.0,1.0,3.0,1,그럼 밖에 있는 거를 계산을 천천히 차례대로 (43)/(사십 삼) 빼기 (17)/(십 칠) 더하기 (15)/(십 오)를 해주면 정답이 나오겠죠. (41)/(사십 일)이* 나왔습니다.,그럼 밖에 있는 거를 계산을 천천히 차례대로 삼) 빼기 칠) 더하기 오)를 해주면 정답이 나오겠죠. 일)이* 나왔습니다.
17,2,0.11764705882352941,1.0,3.142857142857143,0,자/ 그런데요. 이 친구는 어떻게 이렇게 자신 있게 발표할 수 있었을까요? 그 비법을 우리가 한번 다시 찾아봅시다.,그런데요. 친구는 어떻게 이렇게 자신 있게 발표할 수 있었을까요? 비법을 우리가 한번 다시 찾아봅시다.
8,0,0.0,1.0,3.5,1,(5번)/(오 번) 바지 고무줄은 잘 늘어나고 줄어드는 성질이겠죠.,바지 고무줄은 잘 늘어나고 줄어드는 성질이겠죠.
14,0,0.0,0.9166666666666666,3.25,1,자/ 선생님이 정답만 이렇게 그려주도록 하겠습니다. 자/ 이렇게 한 다음에 쭉 색을 칠해주면 되겠죠.,선생님이 정답만 이렇게 그려주도록 하겠습니다. 이렇게 한 다음에 쭉 색을 칠해주면 되겠죠.
12,0,0.0,1.0,2.1818181818181817,1,o/ 정훈이가 저의 고마운 마음을 더 잘 느낄 수 있을 것 같네요.,정훈이가 저의 고마운 마음을 더 잘 느낄 수 있을 것 같네요.
26,0,0.0,1.0,3.1904761904761907,1,네. 오늘 (13강)/(십 삼 강) 마지막 강 문제해결 방법 찾기 인데요. 자/ 어떤 내용들이 여러분들이 기다리고 있을까요. 오늘은요. (MISSION)/(미션)의* 형식으로 여러분께 (1번)/(한 번) 제시를 하려고 하는데요.,네. 오늘 삼 강) 마지막 강 문제해결 방법 찾기 인데요. 어떤 내용들이 여러분들이 기다리고 있을까요. 오늘은요. 형식으로 여러분께 제시를 하려고 하는데요.
27,0,0.0,0.84,3.28,1,강아지의 지난달 몸무게가 (3.7kg)/(삼 쩜 칠 킬로그램)이었습니다 이번 달강아지의 몸무게가 지난달 몸무게 (0.1배)/(영 점 일 배)만큼 더 늘었다면 이번 달에 강아지의 몸무게는 몇 킬로그램인지 구해보세요 라고 했습니다.,강아지의 지난달 몸무게가 쩜 칠 킬로그램)이었습니다 이번 달강아지의 몸무게가 지난달 몸무게 점 일 배)만큼 더 늘었다면 이번 달에 강아지의 몸무게는 몇 킬로그램인지 구해보세요 라고 했습니다.
8,0,0.0,1.0,3.25,1,그래서 집에서 이런 것들을 계속해서 연습을 했으면 좋겠어요.,그래서 집에서 이런 것들을 계속해서 연습을 했으면 좋겠어요.
13,0,0.0,1.0,3.3333333333333335,1,불가사리 행성을 화나게 하면 안 돼요! 돌이 떨어지니까! 자/ 그럼 집중해서 문제 풀어보겠습니다.,불가사리 행성을 화나게 하면 안 돼요! 돌이 떨어지니까! 그럼 집중해서 문제 풀어보겠습니다.
7,0,0.0,1.0,3.857142857142857,1,마른잎입니다. 그리고 물풀에 뿌리를 깔아서 둥지를 꾸몄어요.,마른잎입니다. 그리고 물풀에 뿌리를 깔아서 둥지를 꾸몄어요.
8,1,0.125,1.0,2.4285714285714284,0,n/ 훨씬 더 흥미있는 표현이 될 수 있습니다.,훨씬 더 흥미있는 표현이 될 수 있습니다.
8,0,0.0,1.0,3.4285714285714284,1,가도 이렇게 (2개)/(두 개)라고 적어둘게요 그다음에 다를 볼게요.,가도 이렇게 개)라고 적어둘게요 그다음에 다를 볼게요.
29,0,0.0,0.9583333333333334,2.7916666666666665,1,"(1학기)/(일 학기) 때 공부하는 것보다 훨씬 더 긴 길이라서 대체 (120cm)/(백 이십 센티미터)가 어느 정도 되는 길인지 감이 오지 않는 거예요. 그럼 알아보자(고요)/(구요). 리본 (1m)/(일 미터)짜리와 (120cm)/(백 이십 센티미터)를,","학기) 때 공부하는 것보다 훨씬 더 긴 길이라서 대체 이십 센티미터)가 어느 정도 되는 길인지 감이 오지 않는 거예요. 그럼 리본 미터)짜리와 이십 센티미터)를,"
2,1,0.5,1.0,4.0,0,n/ 만점왕!,만점왕!
7,0,0.0,1.0,2.8333333333333335,1,그럼 교과서 (85쪽)/(팔십 오 쪽)으로 넘어가 볼까요?,그럼 교과서 오 쪽)으로 넘어가 볼까요?
17,1,0.058823529411764705,0.8461538461538461,2.5384615384615383,0,"자/ 그 다음, 면의 수는 몇 개냐면? 면의 수는 밑면이 (1)/(하나) 있지요. 밑면에 자기 이름 수만큼 (1)/(하나)에다가,","다음, 면의 수는 몇 개냐면? 면의 수는 밑면이 있지요. 밑면에 자기 이름 수만큼"
21,0,0.0,0.7692307692307693,3.0,1,여기가 직각 여기는 그렇죠 (60도)/(육십 도) 여기는 (30도)/(삼십 도)니까 아하/ 직각에서 (30도)/(삼십 도)를 (90도)/(구십 도)에서 (30도)/(삼십 도)를 빼주면 (60도)/(육십 도) 아하/.,여기가 직각 여기는 그렇죠 도) 여기는 도)니까 직각에서 도)를 도)에서 도)를 빼주면 도)
8,0,0.0,1.0,3.8333333333333335,1,복도 창틀에 우유를 올려두어서 이것도 마찬가지고요. (5)/(오) 번,복도 창틀에 우유를 올려두어서 이것도 마찬가지고요.
9,1,0.1111111111111111,1.0,2.75,0,또 이 직선의 기준으로 접어도 완전히 겹쳐질 수 있겠죠.,또 직선의 기준으로 접어도 완전히 겹쳐질 수 있겠죠.
7,0,0.0,1.0,3.8333333333333335,1,자/ 대분수는 자연수와 진분수의 합으로 이루어진 분수니까,대분수는 자연수와 진분수의 합으로 이루어진 분수니까
5,1,0.2,1.0,2.5,0,n/ 맞아 꼭꼭이 잘 했어요.,맞아 꼭꼭이 잘 했어요.
14,1,0.07142857142857142,1.0,2.9,0,이 앞의 (2수)/(두 수)를 더하였더니 (10)/(십)이 되고 여기에 오리의 수를 더해서 (16)/(십 육)이 되도록,앞의 수)를 더하였더니 되고 여기에 오리의 수를 더해서 육)이 되도록
16,1,0.0625,1.0,3.25,0,n/ 그렇다면 (28)/(이십 팔) 빼기 (24)/(이십 사) 더하기 (16)/(십 육)을 계산해볼 건데요. 앞에서부터 차례로 계산을 합니다.,그렇다면 팔) 빼기 사) 더하기 육)을 계산해볼 건데요. 앞에서부터 차례로 계산을 합니다.
27,0,0.0,0.9629629629629629,3.1481481481481484,1,"그런데 완전히 겹쳐지기 때문에 선대칭 도형에서는 당연히 대응변의 길이가 같을 테고 대응각의 크기가 같겠죠. 그래서 첫 번째 성질은 사실 외우려고 하지 않아도 너무 너무 자연스럽게 이해되는 부분이에요,","그런데 완전히 겹쳐지기 때문에 선대칭 도형에서는 당연히 대응변의 길이가 같을 테고 대응각의 크기가 같겠죠. 그래서 첫 번째 성질은 사실 외우려고 하지 않아도 너무 너무 자연스럽게 이해되는 부분이에요,"
29,0,0.0,0.9230769230769231,2.923076923076923,1,(21)/(이십 일)이 되었어요. 이것은 대분수로 고치면 (10)/(십)과 (2 분의 1)/(이 분의 일)이 되겠습니다. 그런데 분수의 크기를 비교하려고 봤더니 통분을 하지 않아도 우리는 벌써 어느 것이 큰지 알 수가 있어요.,일)이 되었어요. 이것은 대분수로 고치면 (2 분의 분의 일)이 되겠습니다. 그런데 분수의 크기를 비교하려고 봤더니 통분을 하지 않아도 우리는 벌써 어느 것이 큰지 알 수가 있어요.
13,5,0.38461538461538464,1.0,2.375,0,n/ 잠깐만요. 아/ 아/ 음/ 아/ 오늘 소개팅이 좀 잘 돼야 될 텐데.,잠깐만요. 오늘 소개팅이 좀 잘 돼야 될 텐데.
17,3,0.17647058823529413,0.8,2.5,0,자/ (4)/(사)와 이 분의 일 자/ 그래서 정답은 n/ (4)/(사) 와 이 분의 일 알이다 하시면 되겠습니다.,분의 일 그래서 정답은 와 분의 일 알이다 하시면 되겠습니다.
3,0,0.0,1.0,2.0,1,(22)/(스물 두) 명.,두) 명.
26,1,0.038461538461538464,0.96,3.12,0,n/ 글쓰기 비법 아삭 뉴스입니다. 좋은 글은 깔끔하게 군더더기 없이 읽히는 글입니다. 그런데 간혹 들을 넣어 무조건 복수로 붙여 쓰다보면 좋은 글이라도 군더더기처럼 느껴질 때가 있습니다.,글쓰기 비법 아삭 뉴스입니다. 좋은 글은 깔끔하게 군더더기 없이 읽히는 글입니다. 그런데 간혹 들을 넣어 무조건 복수로 붙여 쓰다보면 좋은 글이라도 군더더기처럼 느껴질 때가 있습니다.
24,0,0.0,0.8636363636363636,2.6818181818181817,1,"자/ (요렇게)/(요로케) 돼 있습니다. 여러분, 글을 쓸 때 선생님이 아까 그랬죠. 아까 보봉 마을에 관한 글을 읽었어요. 그리고 요걸 어떤 인터넷 게시판에 쓸 거예요.","돼 있습니다. 여러분, 글을 쓸 때 선생님이 아까 그랬죠. 아까 보봉 마을에 관한 글을 읽었어요. 그리고 요걸 어떤 인터넷 게시판에 쓸 거예요."
4,0,0.0,1.0,3.25,1,내용이 풍부해질 수 있습니다.,내용이 풍부해질 수 있습니다.
8,1,0.125,1.0,2.7142857142857144,0,이 게시판의 특성을 잘 알고 글을 올려야 됩니다.,게시판의 특성을 잘 알고 글을 올려야 됩니다.
31,0,0.0,0.9130434782608695,3.260869565217391,1,그다음에 (1000gram)/(천 그램) 올라가면 (1kilogram)/(일 킬로그램)이 되니까 (14)/(십 사) (27)/(이십 칠)이 되네요. 그래서 (27kilogram)/(이십 칠 킬로그램)(400gram)/(사백 그램)이 되는 것이지요. 그렇다면 지금 이것을 계산 했더니 (27kilogram)/(이십 칠 킬로그램) 얼마? (400gram)/(사백 그램)이 되었네요,그다음에 그램) 올라가면 킬로그램)이 되니까 사) 칠)이 되네요. 그래서 칠 그램)이 되는 것이지요. 그렇다면 지금 이것을 계산 했더니 칠 킬로그램) 얼마? 그램)이 되었네요
33,1,0.030303030303030304,0.8,3.2333333333333334,0,고구마의 겉모습을 보고 있습니다. 맞아요. 고구마의 겉모습을 자세히 n/ 보고 이렇게 고구마의 겉을 만졌을 때의 느낌과 바깥에는 가느다란 실 그리고 고구마의 모양에 대해서 이렇게 시를 쓴 거잖아요. 멋지게 자/ 그래서 정답은 (5번)/(오 번)입니다.,고구마의 겉모습을 보고 있습니다. 맞아요. 고구마의 겉모습을 자세히 보고 이렇게 고구마의 겉을 만졌을 때의 느낌과 바깥에는 가느다란 실 그리고 고구마의 모양에 대해서 이렇게 시를 쓴 거잖아요. 멋지게 그래서 정답은 번)입니다.
4,0,0.0,1.0,3.25,1,정부가 어떤 방침을 만들었냐.,정부가 어떤 방침을 만들었냐.
14,1,0.07142857142857142,0.9,3.1,0,"쉽지요. 경험을 떠올려도 되구요, 그 속에 담긴 뜻을 (해도)/(해두) 되구요, 중심주제를 (해도)/(해두) (되고요)/(되구요), 또","쉽지요. 경험을 떠올려도 되구요, 속에 담긴 뜻을 되구요, 중심주제를 또"
17,0,0.0,1.0,3.090909090909091,1,"o/ 제가 수학에서요, 이렇게 맞은 적이 있어요 (5점)/(오 점)은 (아니고요)/(아니구요) (50점)/(오십 점), (50점)/(오십 점). (100점)/(백 점) 만점에요.","제가 수학에서요, 이렇게 맞은 적이 있어요 점)은 점), 점). 점) 만점에요."
24,1,0.041666666666666664,1.0,2.5,0,n/ 자/ (91)/(구십 일) 과 (104)/(백 사) 중에서 누가 더 (100)/(백)에 가장 가깝냐 를 구하기 위해서는 일단 (100)/(백)에서 (91)/(구십 일)을 빼볼게요 그럼 (9)/(구)죠 그리고요.,일) 과 사) 중에서 누가 더 가장 가깝냐 를 구하기 위해서는 일단 일)을 빼볼게요 그럼 그리고요.
7,0,0.0,1.0,3.2857142857142856,1,"글쓰기의 과정 세 번째, 내용을 조직하는 단계입니다.","글쓰기의 과정 세 번째, 내용을 조직하는 단계입니다."
12,3,0.25,1.0,3.875,0,아/ 그렇지 않지요? 요건 아니네요. 자/ 다음으로요 n/ 음/ 최근에 만들어진 놀이이다.,그렇지 않지요? 요건 아니네요. 다음으로요 최근에 만들어진 놀이이다.
6,1,0.16666666666666666,1.0,3.0,0,특징이 말이죠 그+ 그래 어/ 그렇지요.,특징이 말이죠 그+ 그래 그렇지요.
3,0,0.0,0.0,0.0,1,b/ (8)/(여덟). b/,
12,1,0.08333333333333333,1.0,3.4545454545454546,0,전기문과 관련된 문제를 풀어 봐야 되겠죠. 그래서 준비했습니다. 함께해 보도록 n/ 할게요.,전기문과 관련된 문제를 풀어 봐야 되겠죠. 그래서 준비했습니다. 함께해 보도록 할게요.
11,1,0.09090909090909091,1.0,3.5,0,n/ 여러분에게 인터넷 게임에 대한 생각은 자유롭게 (1번)/(한 번) 알아보면 좋겠네.,여러분에게 인터넷 게임에 대한 생각은 자유롭게 알아보면 좋겠네.
5,0,0.0,1.0,3.0,1,자/ 그럼 가는 어떤 상황이에요?,그럼 가는 어떤 상황이에요?
10,1,0.1,1.0,3.375,0,n/ 이제 (20초)/(이십 초)를 나타낼 차례예요. 오늘 배운 초바늘을 그려볼까요?,이제 초)를 나타낼 차례예요. 오늘 배운 초바늘을 그려볼까요?
6,1,0.16666666666666666,1.0,3.0,0,n/ 맞다 지금은 (4학년)/(사 학년) 수학시간,맞다 지금은 학년) 수학시간
4,1,0.25,1.0,2.0,0,n/ (크림빵)/(크 림 빵).,림 빵).
8,0,0.0,1.0,2.75,1,미나 북의 크기와 모양이 다양하다는 것을 알게 되었어,미나 북의 크기와 모양이 다양하다는 것을 알게 되었어
10,0,0.0,0.8,3.8,1,(10개)/(열 개)씩 (10묶음)/(열 묶음)인 수입니다. 아하/ (10개)/(열 개)씩 (10묶음)/(열 묶음).,개)씩 묶음)인 수입니다. 개)씩 묶음).
19,0,0.0,1.0,2.8823529411764706,1,네. (요렇게)/(요로케) 써도 맞는 답으로 인정이 되겠죠. 그리고 본문에도 그렇게 되어 있으니까. 자/ 둘 중에 하나만 쓰셔도 정답으로 인정.,네. 써도 맞는 답으로 인정이 되겠죠. 그리고 본문에도 그렇게 되어 있으니까. 둘 중에 하나만 쓰셔도 정답으로 인정.
13,1,0.07692307692307693,1.0,3.3333333333333335,0,여기서는 지금 우리가 소수의 나눗셈을 학습하다보니까 그 몫을 소수로 표현을 해야 한단 말입니다.,여기서는 지금 우리가 소수의 나눗셈을 학습하다보니까 몫을 소수로 표현을 해야 한단 말입니다.
16,0,0.0,0.9230769230769231,3.076923076923077,1,다음 중 평면도형에 대해 바르게 설명한 것은 어느것일까요라는 (문제고요)/(문제구요) 보기 (1)/(일)번부터 보기 (5)/(오)번까지 이렇게 나와 있습니다.,다음 중 평면도형에 대해 바르게 설명한 것은 어느것일까요라는 보기 보기 이렇게 나와 있습니다.
11,1,0.09090909090909091,1.0,3.7,0,선생님 오늘도 우리 친구들 생각하면서 문제 준비했는데요 함께 n/ 살펴보도록 하겠습니다.,선생님 오늘도 우리 친구들 생각하면서 문제 준비했는데요 함께 살펴보도록 하겠습니다.
5,0,0.0,1.0,3.25,1,(2발)/(두 발) 로는 글씨를 연습하지요.,발) 로는 글씨를 연습하지요.
8,0,0.0,1.0,3.1666666666666665,1,(4번)/(사 번) 정형외과. 뼈가 부러졌을 때 가는 곳이에요.,정형외과. 뼈가 부러졌을 때 가는 곳이에요.
6,0,0.0,1.0,2.6666666666666665,1,어떤 수가 어떻게 변하는지 잘 보세요.,어떤 수가 어떻게 변하는지 잘 보세요.
9,0,0.0,0.8571428571428571,2.5714285714285716,1,(1800원)/(천 팔백 원)을 뺀 (600원)/(육백 원)을 할인해 주고 있습니다,팔백 원)을 뺀 원)을 할인해 주고 있습니다
8,1,0.125,1.0,2.7142857142857144,0,"그럼 이제 변화는 부분 한번 찾아볼까 아/ 봤더니,","그럼 이제 변화는 부분 한번 찾아볼까 봤더니,"
28,0,0.0,0.8846153846153846,2.3846153846153846,1,총 (11개)/(열 한 개) 가 있는 것이죠. 그러면 우리 분모와 분자가 같을 때 자연수 (1)/(일)이 된다라는 성질을 이용한다면은 칠 분의 칠 더하기 칠 분의 사로 표현할 수가 있겠죠.,총 한 개) 가 있는 것이죠. 그러면 우리 분모와 분자가 같을 때 자연수 된다라는 성질을 이용한다면은 칠 분의 칠 더하기 칠 분의 사로 표현할 수가 있겠죠.
25,4,0.16,1.0,3.1875,0,n/ 자/ 선택지 보겠습니다/ n/ 자/ (1번)/(일 번). 운율을 생각하며 읽는다. 자/ 운율 생각하는 거 뭐였나요? 그래요. 이거는 어/ n/ 시를 읽을 때 해당되는 방법이지요.,선택지 번). 운율을 생각하며 읽는다. 운율 생각하는 거 뭐였나요? 그래요. 이거는 시를 읽을 때 해당되는 방법이지요.
5,0,0.0,1.0,2.8,1,누구누구보다 얼마 만큼 더 많다.,누구누구보다 얼마 만큼 더 많다.
14,1,0.07142857142857142,1.0,3.0,0,그렇죠. 자/ 그러면 오늘은 이 공식적인 말하기 상황에서 한 예를 하나 살펴보도록 할 거예요.,그렇죠. 그러면 오늘은 공식적인 말하기 상황에서 한 예를 하나 살펴보도록 할 거예요.
11,2,0.18181818181818182,1.0,3.6666666666666665,0,우리 이/ 문제는 여러분들이 왜 어려워했을까 선생님의 생각을 했는데 아/ 여러분들이.,우리 문제는 여러분들이 왜 어려워했을까 선생님의 생각을 했는데 여러분들이.
28,0,0.0,0.9259259259259259,2.962962962962963,1,자/ 이렇게 우리가 꾸며주는 말을 사용해서 문장을 만들어 보았는데요. 내 생각을 더 정확하고 생생하게 그리고 실감나게 표현할 수 있는 꾸며주는 말을 좀더 생활속에서 자주 사용해 보는 건 어떨까요?,이렇게 우리가 꾸며주는 말을 사용해서 문장을 만들어 보았는데요. 내 생각을 더 정확하고 생생하게 그리고 실감나게 표현할 수 있는 꾸며주는 말을 좀더 생활속에서 자주 사용해 보는 건 어떨까요?
1,0,0.0,0.0,0.0,1,(20)/(이십),
1,0,0.0,0.0,0.0,1,적어주(고요)/(구여).,
30,2,0.06666666666666667,0.9642857142857143,3.25,0,"n/ 별처럼 아름다운 친구들이 있는 별입니다. 알퐁스 도데가 지은 소설 이름이죠. 여기에는 말이죠, 깨끗함, 낭만, 뭐/ 아름다움, 순수함, 이런 것들을 느낄 수 있는 문장들이 많습니다. 그래서 여러분 오늘은 특별히, 예.","별처럼 아름다운 친구들이 있는 별입니다. 알퐁스 도데가 지은 소설 이름이죠. 여기에는 말이죠, 깨끗함, 낭만, 아름다움, 순수함, 이런 것들을 느낄 수 있는 문장들이 많습니다. 그래서 여러분 오늘은 특별히, 예."
6,1,0.16666666666666666,1.0,3.2,0,n/ 농부 부부는 땅을 치며 후회했습니다.,농부 부부는 땅을 치며 후회했습니다.
8,0,0.0,1.0,2.5,1,b/ (10개)/(열 개)씩 묶음 모형 몇 개 필요할까요?,개)씩 묶음 모형 몇 개 필요할까요?
25,2,0.08,0.9090909090909091,2.909090909090909,0,n/ 그러니까 내가 편지 보냈을 때 애들이 그런 얘기 되게 많이 써준다? 선생님 저 편지 독서실에 붙여놨어요. 막/ 이렇게 보면서 공부해요. 이런 얘기를 많이 해주거든,그러니까 내가 편지 보냈을 때 애들이 그런 얘기 되게 많이 써준다? 선생님 편지 독서실에 붙여놨어요. 이렇게 보면서 공부해요. 이런 얘기를 많이 해주거든
4,1,0.25,1.0,3.3333333333333335,0,자. 이 음식이라는 거요.,자. 음식이라는 거요.
30,0,0.0,0.7777777777777778,2.5555555555555554,1,"(4)/(사) 와 구 분의 삼 더하기 (4)/(사) 와 구 분의 삼, 이건 분수의 합을 이용하는 것이지요. 합과 차를 이용하는 것입니다. 그렇다면 (10)/(십)과 구 분의 팔 빼기 자연수끼리 우리 친구들이 더해주면,","와 구 분의 삼 더하기 와 구 분의 삼, 이건 분수의 합을 이용하는 것이지요. 합과 차를 이용하는 것입니다. 그렇다면 구 분의 팔 빼기 자연수끼리 우리 친구들이 더해주면,"
18,1,0.05555555555555555,0.9166666666666666,2.4166666666666665,0,그러니까 이 방법은 (12)/(십 이)를 (10)/(십) 과 (2)/(이)로 가르기를 하여서 (10)/(십)을 먼저 더 한 다음에 (2)/(이)를 더 하거나,그러니까 방법은 이)를 과 가르기를 하여서 먼저 더 한 다음에 더 하거나
21,0,0.0,0.9,3.3,1,보폭이 짧고 빠른 걸음을 우리 무슨 걸음이라고 했죠? 잰걸음이라고 했습니다. 보폭이라는 건요 우리가 이렇게 걸어다닐 때 이렇게 걸어다니죠? 이렇게 앞발이 (있고요)/(있구요).,보폭이 짧고 빠른 걸음을 우리 무슨 걸음이라고 했죠? 잰걸음이라고 했습니다. 보폭이라는 건요 우리가 이렇게 걸어다닐 때 이렇게 걸어다니죠? 이렇게 앞발이
4,0,0.0,1.0,3.3333333333333335,1,자/ 누군가가 말을 합니다.,누군가가 말을 합니다.
5,0,0.0,1.0,3.5,1,"자/ 세번째 문제점이 먼저 나오거나,","세번째 문제점이 먼저 나오거나,"
19,0,0.0,1.0,3.5625,1,"자/ 포도 적어주고요. 마지막으로 바나나를 순서대로 적어줄 수가 있겠습니다. 따라서 (3번)/(삼 번) 문제 정답은 사과, 귤, 포도, 바나나가 되겠네요.","포도 적어주고요. 마지막으로 바나나를 순서대로 적어줄 수가 있겠습니다. 따라서 문제 정답은 사과, 귤, 포도, 바나나가 되겠네요."
25,1,0.04,0.8947368421052632,2.6842105263157894,0,"n/ 그렇죠. (ㄹ)/(리을)(ㅁ)/(미음)(ㅇ)/(이응) 요/ 삼각형의 둘레의 길이가 (21cm)/(이십 일 센티미터) 일 때에 구하고자 하는 것은 선분 (ㄴ)/(니은)(ㅁ)/(미음)의 길이, 선분 (ㄴ)/(니은)(ㅁ)/(미음)의 길이 요기를 알고 싶은 거예요.","그렇죠. 삼각형의 둘레의 길이가 일 센티미터) 일 때에 구하고자 하는 것은 선분 길이, 선분 길이 요기를 알고 싶은 거예요."
16,1,0.0625,1.0,2.8666666666666667,0,n/ 정말로 삼각형을 여러 가지 잘라서 눈을 감고 어떤 삼각형인지 한번 맞춰보는 것도 재미있을 것 같은데요.,정말로 삼각형을 여러 가지 잘라서 눈을 감고 어떤 삼각형인지 한번 맞춰보는 것도 재미있을 것 같은데요.
6,1,0.16666666666666666,1.0,5.2,0,n/ 수다쟁이 아주머니는 부지런히 할아버지에게 달려갔습니다.,수다쟁이 아주머니는 부지런히 할아버지에게 달려갔습니다.
2,0,0.0,1.0,4.5,1,분수의 계산처럼요.,분수의 계산처럼요.
5,0,0.0,1.0,2.8,1,일흔 셋 이라고 읽으면 되겠어요.,일흔 셋 이라고 읽으면 되겠어요.
11,0,0.0,1.0,2.7,1,여기에서. (Fx)/(에프 엑스)는 없으면 안 돼. 왜냐면 나 이거 써야 되거든.,여기에서. 엑스)는 없으면 안 돼. 왜냐면 나 이거 써야 되거든.
14,1,0.07142857142857142,1.0,3.7,0,아/n/(20분)/(이십 분)이구나 (1시간)/(한 시간)에 (3분의 1)/(삼분의 일)이 (20분)/(이십 분)이다라는 것을 그림을 통해서 알수 있겠네요.,분)이구나 시간)에 (3분의 일)이 분)이다라는 것을 그림을 통해서 알수 있겠네요.
6,1,0.16666666666666666,1.0,3.2,0,n/ 우리 친구들은 저기 앞에부터 쓰세요.,우리 친구들은 저기 앞에부터 쓰세요.
21,1,0.047619047619047616,0.8333333333333334,2.4444444444444446,0,n/ 이렇게 보았더니 아하/ 어누+ 어느 모둠이 국어를 더 잘하는구나 미희네 모둠이 국어를 더 잘 한다 라고 얘기할 수 (있고요)/(있구요) .,이렇게 보았더니 어누+ 어느 모둠이 국어를 더 잘하는구나 미희네 모둠이 국어를 더 잘 한다 라고 얘기할 수 .
8,0,0.0,1.0,3.6666666666666665,1,이야기 속 등장 인물들에게 (1번)/(한 번) 물어보도록 해야겠어요.,이야기 속 등장 인물들에게 물어보도록 해야겠어요.
5,0,0.0,1.0,4.0,1,"(40)/(사십)에 (3)/(삼)을 곱해 (120)/(백 이십)이고,","곱해 이십)이고,"
5,0,0.0,1.0,3.25,1,틀려요. 하면 (x)/(엑스)를 해줘. 알았지?,틀려요. 하면 해줘. 알았지?
15,0,0.0,0.9333333333333333,3.7333333333333334,1,우리 글을 가르쳐줬다. 그만큼 우리 글이 중요하다는 뜻이겠죠. 이화학당은 유관순이 공부를 하던 장소입니다. 좋은 질문이었어요.,우리 글을 가르쳐줬다. 그만큼 우리 글이 중요하다는 뜻이겠죠. 이화학당은 유관순이 공부를 하던 장소입니다. 좋은 질문이었어요.
13,0,0.0,0.9166666666666666,3.0833333333333335,1,그리고 자신의 생각이 많이 들어가지 않게 최대한 객관적으로 객관성 그리고 공정하게 써야 (되겠고요)/(되겠구여).,그리고 자신의 생각이 많이 들어가지 않게 최대한 객관적으로 객관성 그리고 공정하게 써야
17,0,0.0,0.7058823529411765,2.5294117647058822,1,어떤 날은 코고는 소리가 심하지 않은 날도 있고요. 또 어떤 날은 코고는 소리가 굉장히 심한 날도 있어요.,어떤 날은 코고는 소리가 심하지 않은 날도 있고요. 또 어떤 날은 코고는 소리가 굉장히 심한 날도 있어요.
8,0,0.0,1.0,2.8333333333333335,1,자/ 그럼 부끄럽다라는 마음 사전을 한번 읽어 (볼게요)/(볼께요).,그럼 부끄럽다라는 마음 사전을 한번 읽어
41,3,0.07317073170731707,0.9473684210526315,3.0526315789473686,0,n/ 그렇다면 스토리텔링의 두 번째 단계는요. 이 구성을 어떤 형식에 담을 것인가를 생각을 해 보아야 합니다. 예를 들어서 장독대랑 관련된 위인이 갑자기 등장한다던지 아니면 뭔가 설명하는 글이 된다든지 뭔가 형식이 필요할 것 같은데요. 리아는 어떤 글의 형식에다가 이 글을 담고 싶어요?,그렇다면 스토리텔링의 두 번째 단계는요. 구성을 어떤 형식에 담을 것인가를 생각을 해 보아야 합니다. 예를 들어서 장독대랑 관련된 위인이 갑자기 등장한다던지 아니면 뭔가 설명하는 글이 된다든지 뭔가 형식이 필요할 것 같은데요. 리아는 어떤 글의 형식에다가 글을 담고 싶어요?
6,1,0.16666666666666666,1.0,3.6,0,n/ 우리나라 사정은 그다지 편안하지 않다네.,우리나라 사정은 그다지 편안하지 않다네.
8,0,0.0,1.0,3.142857142857143,1,이렇게 (1)/(일) 빼기 진분수 계산 원리도 확인해 보았습니다.,이렇게 빼기 진분수 계산 원리도 확인해 보았습니다.
23,2,0.08695652173913043,1.0,3.0952380952380953,0,여러분과 함께 선생님이 이 문제 맞히고 나서 그 말 신문의 기사문을 쓰기에 알맞은거 살펴 볼텐데요 일단 정답부터 알아볼게요*. 정답은 무엇인가요? 가 와 라죠.,여러분과 함께 선생님이 문제 맞히고 나서 말 신문의 기사문을 쓰기에 알맞은거 살펴 볼텐데요 일단 정답부터 알아볼게요*. 정답은 무엇인가요? 가 와 라죠.
16,1,0.0625,0.9166666666666666,3.25,0,(그렇담)/(그렇탐) n/ 이번엔 세로로 계산을 해봅시다. (350)/(삼백 오십) 나누기 (2)/(이). 자연수 나누기 자연수라면 우리 이렇게 하죠.,이번엔 세로로 계산을 해봅시다. 오십) 나누기 자연수 나누기 자연수라면 우리 이렇게 하죠.
17,2,0.11764705882352941,0.9333333333333333,2.933333333333333,0,"또 그리고 하얀 뻥튀기가 막 내려서, 막 이렇게 소복하게 내려요. 그 모습이 n/ 함박눈이 내리는 것과 비슷하다.","또 그리고 하얀 뻥튀기가 막 내려서, 막 이렇게 소복하게 내려요. 모습이 함박눈이 내리는 것과 비슷하다."
4,0,0.0,1.0,3.3333333333333335,1,자/ 친구 한번 불러볼게요.,친구 한번 불러볼게요.
5,0,0.0,1.0,2.5,1,그럼 모두 몇 개인가요? b/,그럼 모두 몇 개인가요?
9,0,0.0,1.0,4.0,1,자/ 이것은 사실일까요 의견일까요? 모든 사람들이 이렇게 생각하고 말할까요?,이것은 사실일까요 의견일까요? 모든 사람들이 이렇게 생각하고 말할까요?
12,0,0.0,1.0,2.909090909090909,1,걷는 건데 손뼉 치니까 이상해요. 그래요. 그럼 우리 다시 해봐요. 자/ 새롭게.,걷는 건데 손뼉 치니까 이상해요. 그래요. 그럼 우리 다시 해봐요. 새롭게.
12,1,0.08333333333333333,1.0,3.3636363636363638,0,n/ 그래서 제가 왕자님의 고민을 해결해 드리기 위해 어떻게 해야할지 방법을 생각해봤어요.,그래서 제가 왕자님의 고민을 해결해 드리기 위해 어떻게 해야할지 방법을 생각해봤어요.
4,0,0.0,1.0,4.0,1,올렸어요. 조항이 뭐예요? 예/,올렸어요. 조항이 뭐예요?
16,0,0.0,1.0,3.0,1,자/ 그럼 여기서 네모를 구하려면 어떻게 해야 하나요? 바로 (3)/(삼)과 (5)/(오) 분의 (1)/(일) 나누기 (4)/(사)를 해야겠죠?,그럼 여기서 네모를 구하려면 어떻게 해야 하나요? 바로 분의 나누기 해야겠죠?
30,0,0.0,0.8846153846153846,2.423076923076923,1,"곱하기 (51)/(오십 일)을 만들 수 있고 두 번째로 만들 수 있는 게 뭐? 번갈아서 (71)/(칠십 일) 곱하기 (53)/(오십 삼)을 넣어줄 수가 있겠죠. 둘을 한번 계산해 볼게요. 먼저 (73)/(칠십 삼) 곱하기,","곱하기 일)을 만들 수 있고 두 번째로 만들 수 있는 게 뭐? 번갈아서 일) 곱하기 삼)을 넣어줄 수가 있겠죠. 둘을 한번 계산해 볼게요. 먼저 삼) 곱하기,"
7,1,0.14285714285714285,1.0,3.4,0,n/ (6)/(여섯) 가능하면 완결된 문장으로 말하고 쓴다.,가능하면 완결된 문장으로 말하고 쓴다.
10,0,0.0,1.0,3.2222222222222223,1,이런 순서에 맞게 말을 잘하고 있잖아요. 정답은 (2번)/(이 번)이 되겠습니다.,이런 순서에 맞게 말을 잘하고 있잖아요. 정답은 번)이 되겠습니다.
12,1,0.08333333333333333,1.0,3.1666666666666665,0,자/ (1번)/(일 번)부터 한번 볼까요? 자/ (1번)/(일 번) 이 물+ 물건은 뭔가요?,번)부터 한번 볼까요? 물+ 물건은 뭔가요?
13,2,0.15384615384615385,1.0,3.3,0,어/ 그다음에 음/ 각도기가 필요합니다. (45도)/(사십 오 도)를 딱 재서 여기다 점을 찍어줘야겠죠?,그다음에 각도기가 필요합니다. 오 도)를 딱 재서 여기다 점을 찍어줘야겠죠?
9,0,0.0,1.0,2.75,1,정말 기대가 되죠? 자/ 그럼 오늘 학습할 내용은 뭔가요?,정말 기대가 되죠? 그럼 오늘 학습할 내용은 뭔가요?
18,2,0.1111111111111111,1.0,3.5833333333333335,0,예/ (ㄱ)/(기역)에 들어갈 말로 알맞은 것은 무엇입니까. 자/ 여기 이로운 또는 유익한이 좋겠습니다. 어/ (2번)/(이 번)으로 n/ 선택하세요.,들어갈 말로 알맞은 것은 무엇입니까. 여기 이로운 또는 유익한이 좋겠습니다. 번)으로 선택하세요.
23,1,0.043478260869565216,0.95,3.05,0,동수야! 너는 오늘 축구경기의 응응응응 이야. (4글자)/(네 글자)로 되는 말인데 그중에서 첫 번째 힌트와 공통적으로 들어가는 그 두 글자를 맞추면 되는 b/ 겁니다.,동수야! 너는 오늘 축구경기의 응응응응 이야. 글자)로 되는 말인데 그중에서 첫 번째 힌트와 공통적으로 들어가는 두 글자를 맞추면 되는 겁니다.
5,1,0.2,1.0,3.5,0,한번 이 대화를 보도록 하겠습니다.,한번 대화를 보도록 하겠습니다.
13,2,0.15384615384615385,1.0,2.5454545454545454,0,n/ 연예인 되고 싶어요. 어/ 아이돌 될래요 그럴 수도 있고 또 선생님 저요.,연예인 되고 싶어요. 아이돌 될래요 그럴 수도 있고 또 선생님 저요.
23,2,0.08695652173913043,1.0,3.3333333333333335,0,우리 주변에서 무심코 지나가는게 아니라요. 어/ 저건 왜그럴까 의문점을 갖고 보다 편리하게 나타낼 수 있는 방법은 없을까라고 생각하는 그 자체가 바로 수학적인 생각입니다.,우리 주변에서 무심코 지나가는게 아니라요. 저건 왜그럴까 의문점을 갖고 보다 편리하게 나타낼 수 있는 방법은 없을까라고 생각하는 자체가 바로 수학적인 생각입니다.
20,2,0.1,0.8571428571428571,2.642857142857143,0,n/ 한 각이 (40도)/(사십 도) 또 (1)/(한) 각이 (60도)/(육십 도)로 (2)/(두) 각의 크기가 주어져 있어요. 그런데 이 각의 크기는 모르거든요.,한 각이 도) 또 각이 도)로 각의 크기가 주어져 있어요. 그런데 각의 크기는 모르거든요.
23,0,0.0,1.0,3.0952380952380953,1,끝까지 그어줍니다. 요렇게 하고 자도 빼줍니다. 선생님 제가 한 거 딱 맞습니다. (40도)/(사십 도) 맞아요. 의심하지 마세요. 그리고 여기다가 (40)/(사십)이라고 또 써줍니다. 됐어요?,끝까지 그어줍니다. 요렇게 하고 자도 빼줍니다. 선생님 제가 한 거 딱 맞습니다. 도) 맞아요. 의심하지 마세요. 그리고 여기다가 또 써줍니다. 됐어요?
20,1,0.05,0.8421052631578947,3.4210526315789473,0,공식적인 말하기 사용+상황에서 자료를 활용해 발표하면 어떤 점이 좋을까요? 자료를 활용하면 어떤 점이 좋을지 바로 나오겠네요 서술형 아/우리는 문제가 없습니다.,공식적인 말하기 사용+상황에서 자료를 활용해 발표하면 어떤 점이 좋을까요? 자료를 활용하면 어떤 점이 좋을지 바로 나오겠네요 서술형 문제가 없습니다.
4,0,0.0,1.0,3.5,1,(42)/(사십 이) 번 문제예요.,이) 문제예요.
4,0,0.0,1.0,3.25,1,국어 활동책을 준비해 주세요.,국어 활동책을 준비해 주세요.
5,0,0.0,1.0,2.0,1,(1)/(일) 의 자리에 수는 (6)/(육).,의 자리에 수는
5,0,0.0,1.0,4.0,1,"라는 사실까지 알았습니다 여기에서요 똑같이,","라는 사실까지 알았습니다 여기에서요 똑같이,"
8,1,0.125,1.0,3.0,0,"n/ 짜자잔/, 연기자의 방에서 찾은 단서를 함께 볼까요?",연기자의 방에서 찾은 단서를 함께 볼까요?
8,1,0.125,1.0,4.571428571428571,0,"n/ 친구들에게 방울토마토 자랑을 하려고 했는데, 친구들이 무관심했었어요.","친구들에게 방울토마토 자랑을 하려고 했는데, 친구들이 무관심했었어요."
2,0,0.0,1.0,4.0,1,이때 서술어는요.,이때 서술어는요.
12,0,0.0,1.0,3.0,1,자/ 그러면 그리스 로마 신화의 내용이 어떤 건지 책 여행을 떠나보도록 하겠습니다.,그러면 그리스 로마 신화의 내용이 어떤 건지 책 여행을 떠나보도록 하겠습니다.
9,0,0.0,0.8888888888888888,2.888888888888889,1,뭐와 뭐가 만나는 선이냐? 그렇죠. 면과 면이 만나는 선이다.,뭐와 뭐가 만나는 선이냐? 그렇죠. 면과 면이 만나는 선이다.
10,0,0.0,1.0,2.5555555555555554,1,자/ 전체적인 정리를 하자면 지금까지 별 걸 배운 게 아니야.,전체적인 정리를 하자면 지금까지 별 걸 배운 게 아니야.
31,0,0.0,0.95,3.5,1,공책 (1권)/(한 권)은 (600원)/(육백 원)이니까 (600원)/(육백 원) 곱하기* (5)/(오) 더하기 연필 (1자루)/(한 자루)에 (500원)/(오백 원)이에요. (500원)/(오백 원) 곱하기 (5자루)/(다섯 자루)니까 (5)/(오) 이렇게 찍었어요. (5권)/(다섯 권)(5자루)/(다섯 자루)라고 찍어 예상해 그래서 계산을 해봅니다.,공책 권)은 원)이니까 원) 곱하기* 더하기 연필 자루)에 원)이에요. 원) 곱하기 자루)니까 이렇게 찍었어요. 자루)라고 찍어 예상해 그래서 계산을 해봅니다.
4,0,0.0,1.0,3.25,1,하고 생각하다가 깜짝 놀랐다.,하고 생각하다가 깜짝 놀랐다.
9,2,0.2222222222222222,1.0,2.5714285714285716,0,n/ 그렇죠 이 분의 구라는 것을 알 수가 있습니다.,그렇죠 분의 구라는 것을 알 수가 있습니다.
9,0,0.0,1.0,2.888888888888889,1,잡혀가고 난 후에도 움츠러들지 않고 당당할 수 있었던 것이죠.,잡혀가고 난 후에도 움츠러들지 않고 당당할 수 있었던 것이죠.
29,0,0.0,0.9130434782608695,2.9130434782608696,1,"그렇죠. 잘했습니다. 여러분 여기 바깥에 있는 큰 삼각형 (ㄱ)/(기역), (ㄴ)/( 니은), (ㅁ)/( 미음)에서 여기 안쪽에 색칠 되어 있지 않은 부분 삼각형 (ㄱ)/(기역), (ㄷ)/( 디귿), (ㄹ)/( 리을) 빼주면 되는 것이죠.","그렇죠. 잘했습니다. 여러분 여기 바깥에 있는 큰 삼각형 니은), 미음)에서 여기 안쪽에 색칠 되어 있지 않은 부분 삼각형 디귿), 리을) 빼주면 되는 것이죠."
1,0,0.0,1.0,6.0,1,물방울열매.,물방울열매.
23,0,0.0,1.0,2.9047619047619047,1,"자/ 하나씩 살펴 볼까요? 일단 고무장갑. 친구들, 고무장갑을 끼고 설거지를 하면 손에 물이 묻지 않죠. 왜? 고무는 물에 젖지 않아서. 자/ 그리고 해녀.","하나씩 살펴 볼까요? 일단 고무장갑. 친구들, 고무장갑을 끼고 설거지를 하면 손에 물이 묻지 않죠. 왜? 고무는 물에 젖지 않아서. 그리고 해녀."
19,1,0.05263157894736842,0.7647058823529411,3.411764705882353,0,자/ 요렇게 품새에는 어쩌고저쩌고 어/ 종알 종알종알 겨루기는 종알 어쩌고저쩌고 쫑알쫑알 쫑알쫑알 요렇게 세부 내용이 들어가 있는 있다는 거죠.,요렇게 품새에는 어쩌고저쩌고 종알 종알종알 겨루기는 종알 어쩌고저쩌고 쫑알쫑알 쫑알쫑알 요렇게 세부 내용이 들어가 있는 있다는 거죠.
22,0,0.0,0.8571428571428571,3.0952380952380953,1,"그러면 이렇게 이렇게 이렇게 서술해야겠지? 하는 정말 서술형 문제 푸는 기분으로 풀면은 되겠습니다. 문제 부터 볼게요. 주어진 (3장)/(세 장)의 숫자 카드 중에서,","그러면 이렇게 이렇게 이렇게 서술해야겠지? 하는 정말 서술형 문제 푸는 기분으로 풀면은 되겠습니다. 문제 부터 볼게요. 주어진 장)의 숫자 카드 중에서,"
4,1,0.25,1.0,2.3333333333333335,0,어/뭐라고 두개 다 좋다고?,두개 다 좋다고?
28,0,0.0,0.9166666666666666,2.6666666666666665,1,자/ (이렇게)/(요롷게) 했을 때 여기다가 (10000)/(만) (10000)/(일만)을 쓰면은 좋은데 의외로 이렇게 쉬운 걸 틀리는 사람들이 있어. 그럴 때는 수학도 약간 외우는 게 필요해. 알았지? 수학도 약간 일단 외우자.,했을 때 여기다가 쓰면은 좋은데 의외로 이렇게 쉬운 걸 틀리는 사람들이 있어. 그럴 때는 수학도 약간 외우는 게 필요해. 알았지? 수학도 약간 일단 외우자.
9,3,0.3333333333333333,1.0,2.6666666666666665,0,"이때 그 깊다는 이 깊다를 쓸까, 이 깁다 쓸까?","이때 깊다는 깊다를 쓸까, 깁다 쓸까?"
3,0,0.0,1.0,3.3333333333333335,1,"라고 얘기하고 있는데,","라고 얘기하고 있는데,"
13,0,0.0,1.0,3.5,1,네/(이렇게)/(요르케)오늘은요. 전기문에 대해서 알고 있는데요. 어떤 시간인가요? 톡톡 오늘의 질문 시간이죠? 오늘은 선생님이.,전기문에 대해서 알고 있는데요. 어떤 시간인가요? 톡톡 오늘의 질문 시간이죠? 오늘은 선생님이.
12,1,0.08333333333333333,0.8333333333333334,2.6666666666666665,0,n/ 즉 모두 (0)/(영)으로 만들어주면 되겠죠. (그러니까)/(그까) 즉 (1번)/(일 번)은 (2000)/(이천)이 (되겠고요)/(되겠구요).,즉 모두 만들어주면 되겠죠. 즉 번)은
4,0,0.0,1.0,2.3333333333333335,1,이렇게 쓰면 얘는 (7)/(칠),이렇게 쓰면 얘는
29,4,0.13793103448275862,0.9583333333333334,2.7083333333333335,0,자/ 그런데 이 앞부분은 글자를 더 크게 해서 강조했죠? 그만큼 이 달+ 이 달려라 운동화가 신으면 더 빨리 달릴 수 있다는 것을 내세우고 있네요. 그리고 이 밑부분에 보니깐 달,그런데 앞부분은 글자를 더 크게 해서 강조했죠? 그만큼 달+ 달려라 운동화가 신으면 더 빨리 달릴 수 있다는 것을 내세우고 있네요. 그리고 밑부분에 보니깐 달
6,0,0.0,1.0,2.5,1,자장가 노랫말을 읽어 줄 때 아닐까?,자장가 노랫말을 읽어 줄 때 아닐까?
5,1,0.2,1.0,3.0,0,음/ 누군가의 다리 같다. 맞지?,누군가의 다리 같다. 맞지?
9,1,0.1111111111111111,1.0,3.0,0,꼭짓점의 n/ 수는 (1)/(한) 밑면의 변의 수에 (2)/(이)를 곱하는거고,꼭짓점의 수는 밑면의 변의 수에 곱하는거고
6,0,0.0,1.0,2.25,1,그러면 첫 번째 (1번)/(일 번) 문제.,그러면 첫 번째 문제.
27,1,0.037037037037037035,0.8695652173913043,3.130434782608696,0,단위라고 얘기를 할 수가 있어요. 기본 단위라고 얘기를 할게요. 이 문제에서는 기본 단위가 한 모서리의 길이가 (20cm)/(이십 센티미터)인 쌓기 나무가 되는 거죠. (1번)/(한 번) 그림으로 확인해 볼게요.,단위라고 얘기를 할 수가 있어요. 기본 단위라고 얘기를 할게요. 문제에서는 기본 단위가 한 모서리의 길이가 센티미터)인 쌓기 나무가 되는 거죠. 그림으로 확인해 볼게요.
28,3,0.10714285714285714,0.9090909090909091,3.0,0,"어/ (44쪽)/(사십 사 쪽)에는 이런 그림이 (없다고요)/(없다구요)? 그래요. (44쪽)/(사십 사 쪽)에는 없지만, 이 단원 처음 시작할 때 봤었던 수학공원의 모습이죠? 이 수학 공원의 모습들 중에서 어디를 보려고 하냐면요.","사 쪽)에는 이런 그림이 그래요. 사 쪽)에는 없지만, 단원 처음 시작할 때 봤었던 수학공원의 모습이죠? 수학 공원의 모습들 중에서 어디를 보려고 하냐면요."
29,1,0.034482758620689655,1.0,2.5925925925925926,0,n/ 신하 된 도리로 용왕의 병을 낫게 하기 위해서 최선을 다한 충신 별주부. 하지만/ 밤낮으로 술을 마시며 병에 걸린 용왕에게 아무 말도 하지 못한 별주부도 충신이라고 할 수 있을까요?,신하 된 도리로 용왕의 병을 낫게 하기 위해서 최선을 다한 충신 별주부. 밤낮으로 술을 마시며 병에 걸린 용왕에게 아무 말도 하지 못한 별주부도 충신이라고 할 수 있을까요?
7,0,0.0,1.0,2.5714285714285716,1,도무지 뭐라고 써있는지 알 수가 없단 말이야,도무지 뭐라고 써있는지 알 수가 없단 말이야
4,0,0.0,1.0,4.333333333333333,1,자/ 정답은 바로 민석이었습니다.,정답은 바로 민석이었습니다.
5,1,0.2,1.0,3.75,0,n/ 미터라고 이렇게 읽어 나타냅니다.,미터라고 이렇게 읽어 나타냅니다.
12,0,0.0,1.0,2.9166666666666665,1,쓸모 없는 집게인 줄 알았는데 족집게도 자신이 하는 일을 찾아서 눈빛이 달라졌겠죠.,쓸모 없는 집게인 줄 알았는데 족집게도 자신이 하는 일을 찾아서 눈빛이 달라졌겠죠.
23,0,0.0,0.9545454545454546,3.272727272727273,1,"여러 가지 상황으로 볼 때 아테네 해군이 분명히 패배할 것으로 생각되었다. 아테네 그리스지요? 옛날, 자/ 그러나 아테네의 장군 밀티아데스는 뛰어난 전술로 페르시아의 군대,","여러 가지 상황으로 볼 때 아테네 해군이 분명히 패배할 것으로 생각되었다. 아테네 그리스지요? 옛날, 그러나 아테네의 장군 밀티아데스는 뛰어난 전술로 페르시아의 군대,"
30,1,0.03333333333333333,0.8,3.4,0,자/ 봤더니 괄호가 없을 때는 그래요. 순서대로 해주면 되죠. 그러니까는 (1번)/(일 번) (2번)/(이 번) 순서대로 맞겠네요. (2번)/(이 번)도 역시 곱하기 나누기 괄호가 없으니까 순서대로 (1번)/(일 번) (2번)/(이 번)이 맞겠네요. n/,봤더니 괄호가 없을 때는 그래요. 순서대로 해주면 되죠. 그러니까는 순서대로 맞겠네요. 번)도 역시 곱하기 나누기 괄호가 없으니까 순서대로 번)이 맞겠네요.
7,2,0.2857142857142857,1.0,2.75,0,어/ 또/ 그/ 여기 교안에는 없지만 한번,여기 교안에는 없지만 한번
7,0,0.0,1.0,3.0,1,자/ 이제 오늘의 마지막 문제 만나보러 갈까요?,이제 오늘의 마지막 문제 만나보러 갈까요?
3,1,0.3333333333333333,1.0,3.0,0,n/ 한글 쿠키래.,한글 쿠키래.
6,1,0.16666666666666666,1.0,3.6,0,n/어떤 사람이 시묘살이를 하고 이제야 돌아왔다.,사람이 시묘살이를 하고 이제야 돌아왔다.
13,1,0.07692307692307693,0.9166666666666666,3.25,0,그런데 시를 공부했을때 우리 항상 어떤 예쁜 목소리를 가진 성우분께서 그 시를 읽어주셨잖아요?,그런데 시를 공부했을때 우리 항상 어떤 예쁜 목소리를 가진 성우분께서 시를 읽어주셨잖아요?
27,0,0.0,0.9230769230769231,3.0,1,단원별 총정리 (17쪽)/(십 칠 쪽)을 보면 고추장 항아리의 성격으로 알맞은 것을 고르라고 하고 있는데요. 우리 한 번만 더 이야기의 내용 쭉 살펴보면서 고추장 항아리의 성격도 파악해보도록 하자고요.,단원별 총정리 칠 쪽)을 보면 고추장 항아리의 성격으로 알맞은 것을 고르라고 하고 있는데요. 우리 한 번만 더 이야기의 내용 쭉 살펴보면서 고추장 항아리의 성격도 파악해보도록 하자고요.
24,1,0.041666666666666664,0.9565217391304348,2.5652173913043477,0,선생님과는 다음 시간에 다시 만나야 될텐데 다음 시간에도 역시 이번 시간과 쭉 이어서 높이 날고 넓게 보고 그 두 번째 시간 가져보도록 하겠 습니다.,선생님과는 다음 시간에 다시 만나야 될텐데 다음 시간에도 역시 이번 시간과 쭉 이어서 높이 날고 넓게 보고 두 번째 시간 가져보도록 하겠 습니다.
20,0,0.0,1.0,2.588235294117647,1,시+ (121쪽)/(백 십 일 쪽)에 있는 (3번)/(삼 번) 문제예요. 네모 안에 알맞은 수를 써 넣으시오 했어요 우리 다시 한번 연습해볼까요.,시+ 십 일 쪽)에 있는 문제예요. 네모 안에 알맞은 수를 써 넣으시오 했어요 우리 다시 한번 연습해볼까요.
13,1,0.07692307692307693,0.9166666666666666,2.5,0,n/ 나는 숲이 좋다. 정말 좋다. 숲에 가면 나무들을 만날 수 있기 때문이다.,나는 숲이 좋다. 정말 좋다. 숲에 가면 나무들을 만날 수 있기 때문이다.
8,0,0.0,1.0,3.25,1,"(50)/(오십)과 (60)/(육십). (10개)/(열 개)씩 묶음의 수부터 비교하면 (5)/(오),",개)씩 묶음의 수부터 비교하면
25,1,0.04,0.75,2.625,0,자/ (10의 자리)/(십의 자리) (5)/(오) 에서 (9)/(구) 를 뺄 수 없으니까 (100의 자리)/(백의 자리) 에서 받아내림하면 (15)/(십 오) 에서 (9)/(구) 를 빼면 (6)/(육) 이 되죠.,(10의 자리) 에서 를 뺄 수 없으니까 (100의 자리) 에서 받아내림하면 오) 에서 를 빼면 되죠.
12,0,0.0,1.0,2.5555555555555554,1,"뛰어세기 해서 (100씩)/(백 씩) 커지는 수를 찾아야 하니까 (8)/(팔)에서 (1)/(일)만큼 큰 수인,","뛰어세기 해서 씩) 커지는 수를 찾아야 하니까 큰 수인,"
41,2,0.04878048780487805,0.8928571428571429,2.9642857142857144,0,"자/ 그 다음 볼게요. (3:4)/(삼 대 사), (0.75)/(영 점 칠 오) 비가 여기에 (1)/(하나)가 있죠, 그러니까 (2비)/(두 비)가 있어야 되는데 (1)/(하나)니까 (X)/(엑스) 치구요, (2대6)/(이 대 육), (11)/(십 일)에 (36)/(삼십 육). 어/ 일단은요, 비가 (2개)/(두 개)가 있습니다. 그러니까 후보자, 정답 후보자가 되겠어요.","다음 볼게요. 대 사), 점 칠 오) 비가 여기에 있죠, 그러니까 비)가 있어야 되는데 치구요, 대 육), 일)에 육). 일단은요, 비가 개)가 있습니다. 그러니까 후보자, 정답 후보자가 되겠어요."
1,0,0.0,0.0,0.0,1,(4)/(사).,
13,1,0.07692307692307693,0.9166666666666666,2.5,0,우리 오늘은 이 내용을 잘 기억해야지 오늘 배울 내용 잘 해결할 수 있습니다.,우리 오늘은 내용을 잘 기억해야지 오늘 배울 내용 잘 해결할 수 있습니다.
16,1,0.0625,0.8666666666666667,2.6,0,어/ 선생님의 문제 하나 푸니까 또 몸이 이렇게 또 베베베베 이렇게 자꾸 꼬인 다는 친구들이 있어요.,선생님의 문제 하나 푸니까 또 몸이 이렇게 또 베베베베 이렇게 자꾸 꼬인 다는 친구들이 있어요.
6,0,0.0,1.0,2.8,1,어우/ 내가 그만 깜빡 잠이 들었나보네.,내가 그만 깜빡 잠이 들었나보네.
7,1,0.14285714285714285,1.0,2.6,0,자/ 이 표정을 우리 따라 하는 거예요.,표정을 우리 따라 하는 거예요.
13,1,0.07692307692307693,1.0,2.8333333333333335,0,n/ 글 잘 읽었죠? 그럼 선생님이랑 다시 차근차근 읽어가며 독해력 키워 보도록 해요.,글 잘 읽었죠? 그럼 선생님이랑 다시 차근차근 읽어가며 독해력 키워 보도록 해요.
11,0,0.0,0.8888888888888888,3.0,1,(1발짝)/(한 발짝) (2발짝)/(두 발짝) 가다가 또 돌아보고 이게 빨간색 네모 부분이에요.,발짝) 발짝) 가다가 또 돌아보고 이게 빨간색 네모 부분이에요.
10,0,0.0,1.0,2.5,1,(5)/(오)를 빼서 (8분의3)/(팔 분의 삼)이 되었다. 이렇게 쓸 수 있겠죠.,빼서 분의 삼)이 되었다. 이렇게 쓸 수 있겠죠.
7,1,0.14285714285714285,1.0,3.5,0,잘 바꿔썼습니다. 이제 (5번)/(오 번) 볼게요. n/,잘 바꿔썼습니다. 이제 볼게요.
12,1,0.08333333333333333,1.0,3.2222222222222223,0,자/ 그럼 어떻게 행동해볼까요? 자/ 아아! 이 부분에서 우리 입을 크게 벌려요.,그럼 어떻게 행동해볼까요? 아아! 부분에서 우리 입을 크게 벌려요.
25,0,0.0,0.96,2.96,1,바르지 못한 태도로 의견을 나누다 보니까 괜히 서로 감정만 상하게 되고 기분이 나빠지다 보니까 올바른 방향으로 회의가 이끌어가지 못해서 결론을 내지 못하는 경우 많이 봤거든요.,바르지 못한 태도로 의견을 나누다 보니까 괜히 서로 감정만 상하게 되고 기분이 나빠지다 보니까 올바른 방향으로 회의가 이끌어가지 못해서 결론을 내지 못하는 경우 많이 봤거든요.
10,0,0.0,1.0,3.0,1,자/ 이렇게 (둘)/(두) 수의 크기를 비교하는 문제 어떻게 풀어야 할까요?,이렇게 수의 크기를 비교하는 문제 어떻게 풀어야 할까요?
18,1,0.05555555555555555,1.0,2.9375,0,자/ 일단은 이 괴물 때문에 왕과 신하들의 걱정이 아주아주 높아진 거예요. 그때 왕 앞에 한 용감한 젊은이가 나타납니다.,일단은 괴물 때문에 왕과 신하들의 걱정이 아주아주 높아진 거예요. 그때 왕 앞에 한 용감한 젊은이가 나타납니다.
10,2,0.2,1.0,3.125,0,n/ 원식이 어머니는 원식이를 n/ 잘 보살펴 줄 것을 부탁했습니다.,원식이 어머니는 원식이를 잘 보살펴 줄 것을 부탁했습니다.
29,1,0.034482758620689655,0.8,3.2,0,n/ 뒷 부분도 살펴보면 (3번)/(삼 번). 말하고자 하는 내용을 쉽게 전달할 수 있습니다. 표준어의 특징이구요. (4번)/(사 번). 지역에 관계없이 말을 바르게 허용할 수 있습니다. 역시 표준어의 특징입니다. (5번)/(오 번).,뒷 부분도 살펴보면 번). 말하고자 하는 내용을 쉽게 전달할 수 있습니다. 표준어의 특징이구요. 번). 지역에 관계없이 말을 바르게 허용할 수 있습니다. 역시 표준어의 특징입니다. 번).
9,1,0.1111111111111111,1.0,3.0,0,o/ 어느 부분이 이상한 지 (1번)/(한 번)만 찾아보세요. n/,어느 부분이 이상한 지 번)만 찾아보세요.
5,1,0.2,1.0,4.0,0,자/ n/ 삼각형의 밑변의 길이는요.,삼각형의 밑변의 길이는요.
14,0,0.0,1.0,3.0,1,역시 어린이들을 위한 동화에서는 또 그러한 부분까지 세심하게 배려를 한다는 것도 알 수 있었습니다.,역시 어린이들을 위한 동화에서는 또 그러한 부분까지 세심하게 배려를 한다는 것도 알 수 있었습니다.
6,0,0.0,1.0,2.75,1,그럼 (7)/(일곱) 개에서 (5)/(다섯) 개를 빼면요?,그럼 개에서 개를 빼면요?
13,0,0.0,1.0,2.5,1,우체국과 (200m)/(이백 미터)가 더 멀다 라는 것을 동시에 나타내 줄 수 있어야 합니다.,우체국과 미터)가 더 멀다 라는 것을 동시에 나타내 줄 수 있어야 합니다.
4,1,0.25,1.0,4.0,0,n/ 주문하신 음식 나왔습니다.,주문하신 음식 나왔습니다.
13,0,0.0,1.0,2.5384615384615383,1,여러 가지 샘이 섞인 계산에 있어서 순서는 어떻게 되는지를 잘 모르고 있나 봐요.,여러 가지 샘이 섞인 계산에 있어서 순서는 어떻게 되는지를 잘 모르고 있나 봐요.
7,0,0.0,1.0,2.4285714285714284,1,그럼 말이야 여 곳은 움직이지 않고 요것만,그럼 말이야 여 곳은 움직이지 않고 요것만
6,0,0.0,1.0,2.8333333333333335,1,"어떤 수를 구하는 문제였기 때문에 답은,","어떤 수를 구하는 문제였기 때문에 답은,"
14,0,0.0,0.8333333333333334,2.5,1,"자/(이렇게)/(요롯케) 표현을 해 주었더니, 나눗셈식 어떤 걸 찾을 수 있나요. (ㄱ)/(기역) 찾을 수 있고요.","표현을 해 주었더니, 나눗셈식 어떤 걸 찾을 수 있나요. 찾을 수 있고요."
17,3,0.17647058823529413,1.0,3.4285714285714284,0,n/ 오늘 학습개념을 통해 이 시간에 배울 내용 공부해보겠습니다. 먼저 첫번째로 사건을 기록한 글의 특징 확인해보고요. n/,오늘 학습개념을 통해 시간에 배울 내용 공부해보겠습니다. 먼저 첫번째로 사건을 기록한 글의 특징 확인해보고요.
10,0,0.0,1.0,3.3,1,이어 붙인 막대 전체의 길이는 몇 센티미터인지 구해보세요. 라는 문제입니다.,이어 붙인 막대 전체의 길이는 몇 센티미터인지 구해보세요. 라는 문제입니다.
3,0,0.0,1.0,4.5,1,(940)/(구백 사십)이 되는구나.,사십)이 되는구나.
6,0,0.0,1.0,3.0,1,찾아내는 연습도 충분히 해 보기 바랍니다.,찾아내는 연습도 충분히 해 보기 바랍니다.
20,0,0.0,0.95,3.45,1,"명절을 이렇게 잘라서 추향, 추향은 가을볕이에요. 가을 햇볕에 마전하고 그랬는데 여기 보면 마전하고를 표백하고라고 되어 있어요. 그러니까 햇볕에 말리는 거죠.","명절을 이렇게 잘라서 추향, 추향은 가을볕이에요. 가을 햇볕에 마전하고 그랬는데 여기 보면 마전하고를 표백하고라고 되어 있어요. 그러니까 햇볕에 말리는 거죠."
8,2,0.25,1.0,3.1666666666666665,0,이 선분의 길이 혹은 이 선분을 모선이라고 합니다.,선분의 길이 혹은 선분을 모선이라고 합니다.
11,0,0.0,1.0,3.4,1,여기는 더워. 자/ 우리 두근두근 탐험대가요. 굉장히 낯선 세계에 도착하게 됩니다.,여기는 더워. 우리 두근두근 탐험대가요. 굉장히 낯선 세계에 도착하게 됩니다.
9,1,0.1111111111111111,1.0,3.625,0,n/ 처음에는 말이 움직이는 게 무서웠지만 시간이 지나니 재미있었대요.,처음에는 말이 움직이는 게 무서웠지만 시간이 지나니 재미있었대요.
21,1,0.047619047619047616,0.9285714285714286,2.857142857142857,0,n/ 자/ (6 분의 5)/(육 분의 오)는 역시 (18 분)/(십 팔 분)에 분모에 (3)/(삼)을 곱했으니까 분자에도 (3)/(삼)을 곱하면 (15)/(십 오)가 됩니다.,(6 분의 분의 오)는 역시 (18 팔 분)에 분모에 곱했으니까 분자에도 곱하면 오)가 됩니다.
13,1,0.07692307692307693,1.0,3.4444444444444446,0,자/ 일단 그 수의 범위를 나타내는 말을 찾아서 동그라미를 해볼까요. 자/ (600)/(육백)(KILOGRAM)/(킬로그램)이상이라고 했습니다.,일단 수의 범위를 나타내는 말을 찾아서 동그라미를 해볼까요. 했습니다.
15,2,0.13333333333333333,1.0,3.25,0,(22번)/(이십 이 번)문제입니다. 이 자료를 좀 더 알기 쉽게 표현하는 방법으로 알맞은 것을 찾으라고 했습니다.,번)문제입니다. 자료를 좀 더 알기 쉽게 표현하는 방법으로 알맞은 것을 찾으라고 했습니다.
13,1,0.07692307692307693,1.0,3.1818181818181817,0,n/ 자/ 우리 친구들 이렇게 같은 이야기를 읽고도 사람마다 생각과 느낌이 서로 다르답니다.,우리 친구들 이렇게 같은 이야기를 읽고도 사람마다 생각과 느낌이 서로 다르답니다.
7,0,0.0,1.0,3.857142857142857,1,있었습니다. 여러분들 그런데 이게 무슨 문제였나요? 그렇죠.,있었습니다. 여러분들 그런데 이게 무슨 문제였나요? 그렇죠.
10,0,0.0,0.8888888888888888,3.3333333333333335,1,자/ 오늘 여러분과 함께 도형의 넓이 구하기에 대해서 함께 공부해봤는데요.,오늘 여러분과 함께 도형의 넓이 구하기에 대해서 함께 공부해봤는데요.
20,0,0.0,0.8421052631578947,2.8947368421052633,1,동물들이 안전하게 길을 건너는 방법을 생각하면 되는 거예요. (그렇죠)/(그죠). 안전하게 건널 수 있는 방법을 생각해 주면 동물들을 도와줄 수 있어요.,동물들이 안전하게 길을 건너는 방법을 생각하면 되는 거예요. 안전하게 건널 수 있는 방법을 생각해 주면 동물들을 도와줄 수 있어요.
4,1,0.25,1.0,2.3333333333333335,0,n/ 다시 노나 봐라.,다시 노나 봐라.
16,1,0.0625,0.9333333333333333,2.8,0,글을 쓰는 것과 달리 우리 매체를 활용해서 글을 썼을 때에는 고쳐쓰기가 좀더 쉽다고 했는데요 그렇죠? n/,글을 쓰는 것과 달리 우리 매체를 활용해서 글을 썼을 때에는 고쳐쓰기가 좀더 쉽다고 했는데요 그렇죠?
5,0,0.0,1.0,2.6,1,어떤 점이 가장 기억에 남았니?,어떤 점이 가장 기억에 남았니?
12,1,0.08333333333333333,1.0,2.5714285714285716,0,자/ 밑줄 친 (ㄱ)/(기역)부분 선생님과 함께 다시 (1번)/(한 번) 확인해 볼까요? n/,밑줄 친 선생님과 함께 다시 확인해 볼까요?
15,0,0.0,1.0,2.857142857142857,1,(3)/(삼)을 나눠주면 되겠죠 그럼 (3)/(삼) (4)/(사) (12)/(십 이) 다음은 (3)/(삼) (0)/(영)은 (0)/(영)이기 때문에 (40개)/(사십 개).,나눠주면 되겠죠 그럼 이) 다음은 때문에 개).
25,1,0.04,1.0,3.888888888888889,0,(5)/(오) (6)/(육)에 (30)/(삼십) 아/ (5)/(오) 뭐죠? (4)/(사)가 되겠네요. 자/ (5)/(오) (4)/(사) (20)/(이십) 자/ 빼니까 (4)/(사). 숨어있던 (0)/(영)을 내려주고 (5)/(오)(8)/(팔)의 (40)/(사십). 이렇게 되겠죠? 자/ 소수점 찍어줍니다.,뭐죠? 되겠네요. 빼니까 숨어있던 내려주고 이렇게 되겠죠? 소수점 찍어줍니다.
19,1,0.05263157894736842,1.0,3.2,0,자/ 그런데/ 선생님과 함께 이 글을 읽으면서 주의할 점 (1가지)/(한 가지) 생각해볼까요? 바로 글자와 소리가 다르게 나는 낱말들이 있었어요.,선생님과 함께 글을 읽으면서 주의할 점 가지) 생각해볼까요? 바로 글자와 소리가 다르게 나는 낱말들이 있었어요.
6,1,0.16666666666666666,1.0,4.0,0,어떻게 만드느냐 이 훈장님이 보여주도록 할게요.,어떻게 만드느냐 훈장님이 보여주도록 할게요.
5,0,0.0,1.0,4.666666666666667,1,자/ 우리 (1교시)/(일 교시)는 국어시간인데요.,우리 교시)는 국어시간인데요.
12,0,0.0,1.0,2.9166666666666665,1,자신을 지킬 힘을 갖게 된 장미는 다채로운 아름다움을 더욱 뽐내며 살게 되었답니다.,자신을 지킬 힘을 갖게 된 장미는 다채로운 아름다움을 더욱 뽐내며 살게 되었답니다.
8,0,0.0,1.0,3.0,1,"제목을요, 아주 무서운 날 이라고 한 까닭은 무엇일까요?","제목을요, 아주 무서운 날 이라고 한 까닭은 무엇일까요?"
5,0,0.0,1.0,2.6,1,펭수 기분 좋은 일이 있나봐요.,펭수 기분 좋은 일이 있나봐요.
17,2,0.11764705882352941,0.9333333333333333,2.933333333333333,0,n/ 그렇죠 아까 뭐/ 선생님이 설명했다시피 예쁜 꽃+ 봄에 예쁜 꽃이 피는데 그것을 샘내는 거예요 겨울의 추위가.,그렇죠 아까 선생님이 설명했다시피 예쁜 꽃+ 봄에 예쁜 꽃이 피는데 그것을 샘내는 거예요 겨울의 추위가.
13,1,0.07692307692307693,1.0,3.0833333333333335,0,n/ 그래서 제가 왕자님의 고민을 해결해 드리기 위해 어떻게 해야할지 방법을 생각해 봤어요.,그래서 제가 왕자님의 고민을 해결해 드리기 위해 어떻게 해야할지 방법을 생각해 봤어요.
18,0,0.0,1.0,3.0,1,자/ 바로 여기에서 얘기 했어요.토마토를 정말 싫어 한다. 왜냐하면 토마토 주스를 먹다가 목에 걸려 토함 당한 경험이 있어서.,바로 여기에서 얘기 했어요.토마토를 정말 싫어 한다. 왜냐하면 토마토 주스를 먹다가 목에 걸려 토함 당한 경험이 있어서.
25,0,0.0,0.9473684210526315,3.0526315789473686,1,여기도 또 (3)/(삼)이 있지만요 이렇게 어느 위치에 자리값의 위치하냐에 따라서 앞에 있는 산은+ (3)/(삼)은 (300조)/(삼백 조)가 (되고요)/(되구요) 뒤에 있는 (3)/(삼)은 (300만)/(삼백 만)이라고 하는 수를 나타낸답니다.,여기도 또 있지만요 이렇게 어느 위치에 자리값의 위치하냐에 따라서 앞에 있는 산은+ 조)가 뒤에 있는 만)이라고 하는 수를 나타낸답니다.
6,1,0.16666666666666666,1.0,2.6,0,"n/ 알송이가 한 말 중에는 콘서트,","알송이가 한 말 중에는 콘서트,"
21,1,0.047619047619047616,1.0,3.05,0,"이제 이게 우리에게 닥친 문제인데, 이 문제를 어떻게 해결하려고 하고 있어요? 우리가 집안에서 살림만 할 것이 아니라, 우리도 사내들처럼 다 함께,","이제 이게 우리에게 닥친 문제인데, 문제를 어떻게 해결하려고 하고 있어요? 우리가 집안에서 살림만 할 것이 아니라, 우리도 사내들처럼 다 함께,"
3,0,0.0,1.0,3.0,1,자/ 함께 해볼까?,함께 해볼까?
13,1,0.07692307692307693,1.0,3.6,0,n/ (1번째)/(첫 번째) 문제입니다. 아라크네가 가진 제주에 동그라미표 하세요. 자/ 재주 앞에 나왔죠.,번째) 문제입니다. 아라크네가 가진 제주에 동그라미표 하세요. 재주 앞에 나왔죠.
12,2,0.16666666666666666,1.0,3.3,0,n/ 음철 그러죠. 끝난 것이 아니다. 이 말이죠 완결성이 없습니다 계속 읽어볼게요.,음철 그러죠. 끝난 것이 아니다. 말이죠 완결성이 없습니다 계속 읽어볼게요.
13,2,0.15384615384615385,1.0,2.6,0,이 시의 그런 계절을 느끼게 할 만한 말이 쭉/ 나와있는지 한번 볼까요? n/,시의 그런 계절을 느끼게 할 만한 말이 나와있는지 한번 볼까요?
40,3,0.075,0.7878787878787878,3.121212121212121,0,와아. 이렇게 뭐 매력적인 문장으로 점점 n/ 다듬어 가고 있는데요. 좋은 문장을 만들기 위해서는 여러 번 다듬는 과정을 거쳐야 합니다. 운이 좋으면 (1번)/(한 번)에 뭐 l/ 매력적인 문장을 만들수도 있지만 이렇게 여러 번 다듬는 과정을 거쳐야 한다라는 것 잘 기억해두시고요.,와아. 이렇게 매력적인 문장으로 점점 다듬어 가고 있는데요. 좋은 문장을 만들기 위해서는 여러 다듬는 과정을 거쳐야 합니다. 운이 좋으면 번)에 매력적인 문장을 만들수도 있지만 이렇게 여러 다듬는 과정을 거쳐야 한다라는 것 잘 기억해두시고요.
5,0,0.0,1.0,3.2,1,그러면 여덟 째는 어떻게 색칠하더라?,그러면 여덟 째는 어떻게 색칠하더라?
5,0,0.0,1.0,2.3333333333333335,1,(16)/(십 육) 또는 (16)/(열 여섯),육) 또는 여섯)
2,0,0.0,1.0,4.0,1,어떻게? 그렇죠.,어떻게? 그렇죠.
16,0,0.0,0.9375,2.9375,1,그렇다면 이렇게 해서 산접기를 했어요. 종이접기를 하는 친구들을 산 잡기가 뭔지 알 거예요. 산 모양이 나왔죠.,그렇다면 이렇게 해서 산접기를 했어요. 종이접기를 하는 친구들을 산 잡기가 뭔지 알 거예요. 산 모양이 나왔죠.
7,0,0.0,1.0,4.166666666666667,1,(2변)/(두 변)의 길이가 같은 삼각형을 이등변삼각형이라고 그래요.,변)의 길이가 같은 삼각형을 이등변삼각형이라고 그래요.
13,0,0.0,1.0,2.75,1,맹식이가 그렇다고 b/ 우리 알찬 국어 친구들이야 낱말의 관계를 다 알고 있는데 어?,맹식이가 그렇다고 우리 알찬 국어 친구들이야 낱말의 관계를 다 알고 있는데 어?
24,3,0.125,1.0,3.5714285714285716,0,네. n/ 준식의 글을 보겠습니다. n/ 준식이는요. 신사임당이 한복에 그린 그림을 사진으로 보여주자. 신사임당의 재치를 엿볼 수 있어. 라고 이야기했는데요. 지금 n/ 준식이의 말은요.,네. 준식의 글을 보겠습니다. 준식이는요. 신사임당이 한복에 그린 그림을 사진으로 보여주자. 신사임당의 재치를 엿볼 수 있어. 라고 이야기했는데요. 지금 준식이의 말은요.
10,0,0.0,1.0,3.111111111111111,1,"여기는요 , (7cm)/(칠 센티미터)라는 것을 여러분이 알 수가 있죠. 따라서.","여기는요 , 센티미터)라는 것을 여러분이 알 수가 있죠. 따라서."
32,2,0.0625,0.9333333333333333,3.433333333333333,0,n/ 돼지고기를 사세요 보다는요. 짧은 이야기이지만 이야기를 붙이니 사람들이 더 관심을 많이 가지게되고 실제로 뭐/ 많이 더 팔렸다고 하는데요. 이렇게 상대방에게 알리고자 하는 바를 생생한 이야기로 설득력 있게 전달하는 것을 스토리텔링이라고 해요.,돼지고기를 사세요 보다는요. 짧은 이야기이지만 이야기를 붙이니 사람들이 더 관심을 많이 가지게되고 실제로 많이 더 팔렸다고 하는데요. 이렇게 상대방에게 알리고자 하는 바를 생생한 이야기로 설득력 있게 전달하는 것을 스토리텔링이라고 해요.
20,0,0.0,1.0,2.3684210526315788,1,남는 것을 모아주면 된다 라는 거예요 그랬더니 (3)/(삼) 과 팔 분의 오가 되는구나 따라서 네모 안에 알맞은 수를 써 넣어.,남는 것을 모아주면 된다 라는 거예요 그랬더니 과 팔 분의 오가 되는구나 따라서 네모 안에 알맞은 수를 써 넣어.
13,0,0.0,0.7272727272727273,2.5454545454545454,1,(2.75)/(이 점 칠 오). 그래서 정답 (2.75)/(이 점 칠 오). 이렇게 나타내주면 되겠네요.,점 칠 오). 그래서 정답 점 칠 오). 이렇게 나타내주면 되겠네요.
22,0,0.0,0.8333333333333334,2.7777777777777777,1,각의 꼭지점은 몇 개? (1 개)/(한 개). 각의 변은 몇 개? (2 개)/(두 개) (이거)/(요거) 살펴둬야합니다. (이게)/(요게) 굉장히 중요한 각에 대한 특징이거든요.,각의 꼭지점은 몇 개? (1 개). 각의 변은 몇 개? (2 개) 살펴둬야합니다. 굉장히 중요한 각에 대한 특징이거든요.
5,0,0.0,1.0,3.25,1,오별현 친구 풀었대. 자/ 풀었다+,오별현 친구 풀었대. 풀었다+
9,1,0.1111111111111111,1.0,3.857142857142857,0,"n/ 자/ 이것은 무엇이라고 했어요? 지금 주어가 바다가예요, 바다가.","이것은 무엇이라고 했어요? 지금 주어가 바다가예요, 바다가."
2,1,0.5,1.0,5.0,0,n/ 길쭉하게.,길쭉하게.
2,0,0.0,1.0,4.0,1,그렇지. (4)/(넷),그렇지.
5,0,0.0,1.0,2.5,1,(130)/(백 삼십) 요렇게 쓰고 나는,삼십) 요렇게 쓰고 나는
4,0,0.0,1.0,3.5,1,"이글 전체의 짜임이 무엇입니까,","이글 전체의 짜임이 무엇입니까,"
9,1,0.1111111111111111,1.0,3.6666666666666665,0,"n/ 눈길에 미끄러져 넘어진 것이 (1)/(한), (2번)/(두 번)이 아니었습니다.",눈길에 미끄러져 넘어진 것이 번)이 아니었습니다.
7,1,0.14285714285714285,1.0,2.1666666666666665,0,음 또 하나 준비를 한 것이 있어요.,또 하나 준비를 한 것이 있어요.
19,1,0.05263157894736842,0.9333333333333333,2.533333333333333,0,(5)/(오) 더하기 (1)/(일)과 십 일 분의 팔. 이렇게 해서 자연수 부분끼리 더해주면 n/ 정답은 (6)/(육)과 십 일분의 팔이 됩니다.,더하기 십 일 분의 팔. 이렇게 해서 자연수 부분끼리 더해주면 정답은 십 일분의 팔이 됩니다.
8,0,0.0,1.0,2.2857142857142856,1,그래서 (80)/(팔십)을 찾아 이렇게 색칠을 해 준 거죠.,그래서 찾아 이렇게 색칠을 해 준 거죠.
16,1,0.0625,1.0,3.466666666666667,0,포도주는 폴리페놀. 이렇게 글속에서 찾아가면서 어/ 문제를 푸셔야지. 이거 내가 외웠을+ 외웠는데 하시면 실수할 수 있어요.,포도주는 폴리페놀. 이렇게 글속에서 찾아가면서 문제를 푸셔야지. 이거 내가 외웠을+ 외웠는데 하시면 실수할 수 있어요.
22,1,0.045454545454545456,0.9047619047619048,2.238095238095238,0,n/ 돼 라는 말은요 되어를 넣어 보았을 때 말이 자연스럽게 되면은요 돼를 쓸 수 있는 거예요. 오 애를 쓸 수 있다는 거죠.,돼 라는 말은요 되어를 넣어 보았을 때 말이 자연스럽게 되면은요 돼를 쓸 수 있는 거예요. 오 애를 쓸 수 있다는 거죠.
33,3,0.09090909090909091,0.9130434782608695,2.6956521739130435,0,그렇죠 (6묶음)/(여섯 묶음)으로 n/ 중에서 (2묶음)/(두 묶음)이 바로 별 (6개)/(여섯 개)니깐 자/ 육 분의 이 라고 말을 할수가 있겠죠 그럼 이번에는 n/ (12)/(십 이)는 전제 (18)/(십 팔)의 몇 분의 몇 즉. (6묶음)/(여섯 묶음)중에서.,그렇죠 묶음)으로 중에서 묶음)이 바로 별 개)니깐 육 분의 라고 말을 할수가 있겠죠 그럼 이번에는 이)는 전제 팔)의 몇 분의 몇 즉. 묶음)중에서.
5,1,0.2,1.0,3.0,0,n/어/ 예쁜 구두를 만들고 싶어요.,예쁜 구두를 만들고 싶어요.
7,0,0.0,1.0,2.8,1,교재 (128쪽)/(백 이십 팔 쪽)에 (3번)/(삼 번)입니다.,교재 이십 팔 쪽)에 번)입니다.
18,0,0.0,1.0,3.2142857142857144,1,지호의 경우 그럼 지호는 (671)(육백 칠십 일)빼기 (195)/(백 구십 오) (이렇게)/(요롷게) 자/ 이거 (5)(오)에서 (1)/(일) 빼는 친구 없죠?,지호의 경우 그럼 지호는 (671)(육백 칠십 일)빼기 구십 오) 이거 (5)(오)에서 빼는 친구 없죠?
9,0,0.0,0.8888888888888888,3.6666666666666665,1,풀숲에서 귀여운 강아지를 만났다. 귀여운 강아지 정말 강아지는 아니었어요.,풀숲에서 귀여운 강아지를 만났다. 귀여운 강아지 정말 강아지는 아니었어요.
12,0,0.0,1.0,3.090909090909091,1,자/ 남김없이 똑같이 나누어 가질 수 있는 경우를 말한 친구도 찾아보도록 하겠습니다.,남김없이 똑같이 나누어 가질 수 있는 경우를 말한 친구도 찾아보도록 하겠습니다.
13,1,0.07692307692307693,1.0,2.8333333333333335,0,n/ 글을 읽어 보면 동생이 먼저 잘못한 건데 나만 꾸중을 들어서 억울하다고 했잖아요.,글을 읽어 보면 동생이 먼저 잘못한 건데 나만 꾸중을 들어서 억울하다고 했잖아요.
9,0,0.0,1.0,2.857142857142857,1,자/ 그러면 세 번째 (3연)/(삼 연)으로 넘어가 보도록 할게요.,그러면 세 번째 연)으로 넘어가 보도록 할게요.
23,0,0.0,0.75,2.1666666666666665,1,다음 도형에서 각 (ㄱ)/(기역) (ㄴ)/(니은) (ㄷ)/(디귿) 과 각(ㄱ)/(기역) (ㄹ)/(리을) (ㄷ)/(디귿)의 크기가 같고 각 니은 (ㄱ)/(기역) (ㄴ)/(니은)과 각 (ㄴ)/(니은) (ㄷ)/(디귿) (ㄹ)/(리을) 의 크기가 같습니다.,다음 도형에서 각 과 크기가 같고 각 니은 각 의 크기가 같습니다.
3,0,0.0,1.0,3.5,1,u/ 공부지마. 어?,공부지마. 어?
3,0,0.0,1.0,3.3333333333333335,1,둥근 기둥 모양이네요.,둥근 기둥 모양이네요.
26,0,0.0,0.9166666666666666,2.1666666666666665,1,자/ 요/ 소수와 분수가요 분수와 분수의 크기 비교 문제로 바뀌었네요 백 분의 사십 일 백 분의 삼십 사 니까 알 수 있습 니다 어디가 더 크다?,소수와 분수가요 분수와 분수의 크기 비교 문제로 바뀌었네요 백 분의 사십 일 백 분의 삼십 사 니까 알 수 있습 니다 어디가 더 크다?
21,1,0.047619047619047616,0.95,2.65,0,일기를 읽어보면 기억에 남는 일을 쓰라고 했는데 이 일기는 하루 종일 있었던 일을 그냥 다 쓰고 있어. 그리고 생각이나 느낌도 없고.,일기를 읽어보면 기억에 남는 일을 쓰라고 했는데 일기는 하루 종일 있었던 일을 그냥 다 쓰고 있어. 그리고 생각이나 느낌도 없고.
14,1,0.07142857142857142,1.0,3.25,0,어/ 뒷이야기가 궁금해지죠? 바위나리 풀 (1포기)/(한 포기)가 바로 바위나리인데요. 예쁜 꽃이 펴서 오색 꽃,뒷이야기가 궁금해지죠? 바위나리 풀 포기)가 바로 바위나리인데요. 예쁜 꽃이 펴서 오색 꽃
8,0,0.0,1.0,3.2,1,다음 문제죠. (24쪽)/(이십 사 쪽)에 (10번)/(십 번) 문제입니다.,다음 문제죠. 사 쪽)에 문제입니다.
10,1,0.1,1.0,3.142857142857143,0,n/ 그러니까 또 (0)/(영)을 (4개)/(네 개)만큼 써서 나타내주면 되는 거예요.,그러니까 또 개)만큼 써서 나타내주면 되는 거예요.
5,0,0.0,0.0,0.0,1,"(1)/(하나), (2)/(둘), (3)/(셋), (4)/(넷). b/",
19,3,0.15789473684210525,0.875,3.1875,0,n/ 문제를 해결하기 위해서는 가장 먼저 구하려고 하는 것이 무엇인지를 알아야 되겠고요. 그리고 그 다음에는 그 구하려고 하는 것을,문제를 해결하기 위해서는 가장 먼저 구하려고 하는 것이 무엇인지를 알아야 되겠고요. 그리고 다음에는 구하려고 하는 것을
37,0,0.0,0.8275862068965517,2.8620689655172415,1,"그렇죠/ (29)/(이십 구), (30)/(삼십), (31)/( 삼십 일) 까지가 되는 것이죠. 그래서 (29)/(이십 구), (30)/(삼십), (31)/( 삼십 일)정답이 되는 것입니다. 그래서 각각의 수직선을 (읽어주고요)/(읽어주구요) 공통된 부분 찾기만 하면 되는 아주 간단한 문제였어요. 그럼 쌍둥이 문제 하나 더 볼게요.","구), 삼십 일) 까지가 되는 것이죠. 그래서 구), 삼십 일)정답이 되는 것입니다. 그래서 각각의 수직선을 공통된 부분 찾기만 하면 되는 아주 간단한 문제였어요. 그럼 쌍둥이 문제 하나 더 볼게요."
11,0,0.0,1.0,2.909090909090909,1,이렇게 도형 돌리기는 맨 처음에 우리 친구들 모눈종이를 이용해서 할 텐데요?,이렇게 도형 돌리기는 맨 처음에 우리 친구들 모눈종이를 이용해서 할 텐데요?
2,0,0.0,1.0,3.0,1,(3명)/(세 명).,명).
10,0,0.0,1.0,2.3,1,우리 밥 먹는 데만 집중을 해서 숙제를 못 했다고 하네요.,우리 밥 먹는 데만 집중을 해서 숙제를 못 했다고 하네요.
11,0,0.0,1.0,2.9,1,여기 탓이라는 말이 있는데요. 자/ 탓 무슨 뜻인지 함께 뜻을 알아볼게요.,여기 탓이라는 말이 있는데요. 탓 무슨 뜻인지 함께 뜻을 알아볼게요.
17,0,0.0,0.9375,3.1875,1,그렇죠 최소공배수를 구한다 자/ 그런데 시간과 관련된 문제에요 그럼 정답을 쓰기 전에 그렇죠 오전인지 오후인지 잘 확인한다.,그렇죠 최소공배수를 구한다 그런데 시간과 관련된 문제에요 그럼 정답을 쓰기 전에 그렇죠 오전인지 오후인지 잘 확인한다.
13,1,0.07692307692307693,0.8333333333333334,2.5,0,자/ (49쪽)/(사십 구 쪽)에 (21번)/(이십 일 번) 문젭니다. (21번)/(이십 일 번) 보세요. n/,구 쪽)에 일 문젭니다. 일 보세요.
2,0,0.0,1.0,4.0,1,이렇게 써보고요.,이렇게 써보고요.
9,0,0.0,1.0,3.1666666666666665,1,(31)/(삼십 일)이고 여기에다가 이렇게 (5)/(다섯) 개를 더하면 바로 오/,일)이고 여기에다가 이렇게 개를 더하면 바로
2,1,0.5,1.0,5.0,0,"이 문제는요,","문제는요,"
13,1,0.07692307692307693,1.0,3.4,0,그래서 나는 여기저기서 l/ 조금씩 갖고 왔어. 이 말이에요. 에/ 기여+ 귀여운 친구네요.,그래서 나는 여기저기서 조금씩 갖고 왔어. 말이에요. 기여+ 귀여운 친구네요.
11,1,0.09090909090909091,1.0,2.7,0,진짜 별일 아닌 것을 가지고도 아 짜증나. 그러면 짜증이 더 납니다.,진짜 별일 아닌 것을 가지고도 짜증나. 그러면 짜증이 더 납니다.
13,1,0.07692307692307693,1.0,3.6666666666666665,0,설명하려는 대상을 사진이나 그림으로 잘 나타냈는지 살펴봐야 해. 그러니까 정답은 도형이 n/ 되겠습니다.,설명하려는 대상을 사진이나 그림으로 잘 나타냈는지 살펴봐야 해. 그러니까 정답은 도형이 되겠습니다.
16,0,0.0,1.0,3.4545454545454546,1,(2)/(두) 분수를 통분 해주는 거예요 자/ 무엇으로요 공통분모 (24)/(이십 사)로요 (8)/(팔)이 (24)/(이십 사)가 되려면 얼마를 곱합니까.,분수를 통분 해주는 거예요 무엇으로요 공통분모 사)로요 사)가 되려면 얼마를 곱합니까.
8,0,0.0,0.8333333333333334,2.5,1,(10)/(열) 개씩 묶음은 (10)/(열) 개씩 묶음끼리 더 하죠?,개씩 묶음은 개씩 묶음끼리 더 하죠?
9,0,0.0,1.0,2.7777777777777777,1,"우리 친구들, 이제는 분수 계산도 쉽게 해결할 수가 있겠죠?","우리 친구들, 이제는 분수 계산도 쉽게 해결할 수가 있겠죠?"
3,0,0.0,1.0,3.0,1,했더니 (2)/(이)(4)/(사)는 (8)/(팔).,했더니
9,0,0.0,1.0,2.625,1,자/ 우리 친구들 병원에 가서 의사선생님 본 적 있나요?,우리 친구들 병원에 가서 의사선생님 본 적 있나요?
10,1,0.1,0.8571428571428571,2.7142857142857144,0,n/ 반짝거리는 부분을 다시 (1번)/(한 번) 써볼게. 다시 잘 봐.,반짝거리는 부분을 다시 써볼게. 다시 잘 봐.
6,0,0.0,1.0,3.8333333333333335,1,우리 친구들의 재밌고 다양한 해결방안을 들어볼까요?,우리 친구들의 재밌고 다양한 해결방안을 들어볼까요?
5,0,0.0,1.0,4.0,1,"그럼, 이런 경우도 나눗셈식을 만들어볼까요?","그럼, 이런 경우도 나눗셈식을 만들어볼까요?"
8,0,0.0,1.0,3.5714285714285716,1,하늘입니다. 요것을 한자로 하면 천 이렇게 얘기하잖아요. 자/.,하늘입니다. 요것을 한자로 하면 천 이렇게 얘기하잖아요.
4,0,0.0,1.0,4.0,1,자/ (7번)/(칠 번) 입니다.,입니다.
17,0,0.0,1.0,2.8823529411764706,1,그래요. 오늘도요. 설명하는 글 몇 편 살펴보고요. 오늘은 문단에 대해서 아주 자세하게 공부를 해 보도록 할 텐데요.,그래요. 오늘도요. 설명하는 글 몇 편 살펴보고요. 오늘은 문단에 대해서 아주 자세하게 공부를 해 보도록 할 텐데요.
9,0,0.0,1.0,3.2222222222222223,1,그럼 다음 문제로 넘어가 보도록 하겠습니다. 문제 화면 보여주세요.,그럼 다음 문제로 넘어가 보도록 하겠습니다. 문제 화면 보여주세요.
5,1,0.2,1.0,4.666666666666667,0,n/ 이번에도 (o)/(이응) 받침이 필요하겠는데.,이번에도 받침이 필요하겠는데.
17,0,0.0,1.0,2.875,1,자/ 이렇게 일이 일어난 차례에 따라서 요약하는 방법 시간 순서 장소 변화 만나는 인물에 따라 요약하기 알아두세요.,이렇게 일이 일어난 차례에 따라서 요약하는 방법 시간 순서 장소 변화 만나는 인물에 따라 요약하기 알아두세요.
24,2,0.08333333333333333,0.8181818181818182,3.0,0,오늘 우리는 참 고마운 갯벌이라는 글을 읽었어요. n/ 글을 읽으니 갯벌에게 고마운 마음이 들죠. 그렇다면 그 고마운 마음을 가득 담아 갯벌에게 편지를 적어 수강후기,오늘 우리는 참 고마운 갯벌이라는 글을 읽었어요. 글을 읽으니 갯벌에게 고마운 마음이 들죠. 그렇다면 고마운 마음을 가득 담아 갯벌에게 편지를 적어 수강후기
16,1,0.0625,1.0,2.5714285714285716,0,"n/ 즉 어림을 활용하기라고 하는 것은요. 자/ 올림 반올림 버림 중 어떤 것을 사용을 할 것인가,","즉 어림을 활용하기라고 하는 것은요. 올림 반올림 버림 중 어떤 것을 사용을 할 것인가,"
12,1,0.08333333333333333,1.0,3.4444444444444446,0,자/ 직사각형의 세 특징까지 함께 기억하면서 이번엔 자/ n/ 이런 사각형으로 볼게요.,직사각형의 세 특징까지 함께 기억하면서 이번엔 이런 사각형으로 볼게요.
12,0,0.0,1.0,3.272727272727273,1,평면도형을 밀었을 때 모양을 알아보도록 할 건데요 여기에 평면도형 (1)/(하나)가 주어져 있습니다.,평면도형을 밀었을 때 모양을 알아보도록 할 건데요 여기에 평면도형 주어져 있습니다.
19,0,0.0,0.8666666666666667,2.6,1,우리 전체 묶음수 (5묶음)/(다섯 묶음)을 분모에 (그리고)/(그리구) 부분에 묶음수 (1묶음)/(한 묶음)을 분자에 써서 오 분의 일로 나타낼 수가 (있고요)/(있구요).,우리 전체 묶음수 묶음)을 분모에 부분에 묶음수 묶음)을 분자에 써서 오 분의 일로 나타낼 수가
12,0,0.0,0.9090909090909091,3.1818181818181817,1,그래 이야/ 드디어 드디어 가는구나 인사도 나누고 서로 어떻게 사는지에 대해서도 얘기하고,그래 드디어 드디어 가는구나 인사도 나누고 서로 어떻게 사는지에 대해서도 얘기하고
6,1,0.16666666666666666,1.0,3.0,0,이 말은 누구의 말인 걸까요? 여러분?,말은 누구의 말인 걸까요? 여러분?
8,0,0.0,1.0,2.7142857142857144,1,자/ 첫 번째 친구가 뭐라고 말하고 있는지 볼까요?,첫 번째 친구가 뭐라고 말하고 있는지 볼까요?
24,1,0.041666666666666664,0.8235294117647058,3.411764705882353,0,n/ (7)/(칠) (5)/(오) (6)/(육) 이렇게 계산을 하고요. 그러면 (210)/(이백 십)이 나와요. 단위 똑같이 (3)/(세)제곱 (m)/(미터) 이렇게 나왔습니다. 그러면 우리는요 가와 나의 부피를 이렇게 구했으니까요.,이렇게 계산을 하고요. 그러면 십)이 나와요. 단위 똑같이 이렇게 나왔습니다. 그러면 우리는요 가와 나의 부피를 이렇게 구했으니까요.
5,2,0.4,1.0,2.3333333333333335,0,n/ 이 분의 구 입니다.,분의 구 입니다.
10,1,0.1,1.0,2.4444444444444446,0,n/ 이렇게 책을 읽고 변화된 자신의 생각을 잘 써 주었죠?,이렇게 책을 읽고 변화된 자신의 생각을 잘 써 주었죠?
6,0,0.0,1.0,3.1666666666666665,1,아이는 밤이면 엄마와 달나라 얘기를 했어요.,아이는 밤이면 엄마와 달나라 얘기를 했어요.
4,0,0.0,1.0,3.25,1,라고 마음가짐을 가지기 보다는,라고 마음가짐을 가지기 보다는
13,0,0.0,0.875,2.75,1,"(그렇죠)/(그쵸)? 지금 답이 후보가 지금 (3번)/(삼 번), (4번)/(사 번) (2개)/(두 개) 나오고 있습니다.","지금 답이 후보가 지금 번), 개) 나오고 있습니다."
19,1,0.05263157894736842,0.8888888888888888,2.7777777777777777,0,n/ 한옥 속에는요. 정말 수직 관계가 많이 숨어 있습니다. 기회가 된다면 꼭 한번 가서 수직 관계를 많이 찾아보길 바랄게요.,한옥 속에는요. 정말 수직 관계가 많이 숨어 있습니다. 기회가 된다면 꼭 한번 가서 수직 관계를 많이 찾아보길 바랄게요.
8,0,0.0,1.0,1.8,1,(900)/(구백) 보다 (100)/(백) 더 큰 수가 (1000)/(천) 이죠?,보다 더 큰 수가 이죠?
17,5,0.29411764705882354,0.9166666666666666,2.6666666666666665,0,n/ 그리고 이 세로의 길이라고 하는 이것은 바로 이 부분 넓어 하 아/ 이 부분 길이하고 똑같죠?,그리고 세로의 길이라고 하는 이것은 바로 부분 넓어 하 부분 길이하고 똑같죠?
8,0,0.0,1.0,2.625,1,나가 겪은 일과 비슷한 일이 아닌 것은 무엇입니까.,나가 겪은 일과 비슷한 일이 아닌 것은 무엇입니까.
6,0,0.0,1.0,3.0,1,"자/ 그럼 어떤 일이 일어났을지, 짠/","그럼 어떤 일이 일어났을지,"
35,2,0.05714285714285714,1.0,3.25,0,어/ 선생님이 이렇게 얘기했더니 어? 이상하다. 그거 시 아닌 거 같은데 이야기 거린데라고 생각하는 친구들이 있을 텐데요. 지금 교재에 제시되어 있는 그런 시는 우리가 보통 산문시라고 부르는데요. 자/ 그렇다면 산문이 무엇이지? 음/ 그것도 잘 모르겠다고요?,선생님이 이렇게 얘기했더니 어? 이상하다. 그거 시 아닌 거 같은데 이야기 거린데라고 생각하는 친구들이 있을 텐데요. 지금 교재에 제시되어 있는 그런 시는 우리가 보통 산문시라고 부르는데요. 그렇다면 산문이 무엇이지? 그것도 잘 모르겠다고요?
3,0,0.0,1.0,3.6666666666666665,1,무엇에 관한 글이었어요?,무엇에 관한 글이었어요?
21,3,0.14285714285714285,1.0,3.6875,0,"상당히 멋진 조상들은 아닙니까. l/ 이 흥부전이요, 판소리계 소설이라고 했지요. n/ 자/ 우리가 판소리를 할 수는 없고, 그럼 n/ 노래라도 불러야겠지요.","상당히 멋진 조상들은 아닙니까. 흥부전이요, 판소리계 소설이라고 했지요. 우리가 판소리를 할 수는 없고, 그럼 노래라도 불러야겠지요."
16,1,0.0625,1.0,3.2142857142857144,0,"다음 활동을 한번 살펴볼게요. 이 친구들이요, 알림판을 꾸미는 데 필요한 리본의 길이를 (알아보자고요)/(알아보자구요), 앞에서 이야기 했죠?","다음 활동을 한번 살펴볼게요. 친구들이요, 알림판을 꾸미는 데 필요한 리본의 길이를 앞에서 이야기 했죠?"
2,1,0.5,1.0,3.0,0,n/ 만점왕,만점왕
9,1,0.1111111111111111,1.0,3.0,0,(12분의1)/(십 이 분의 일)이라는 기약분수 바로 구할 수 있었네요.,분의 일)이라는 기약분수 바로 구할 수 있었네요.
6,1,0.16666666666666666,1.0,4.0,0,n/ 들어왔으면 인사 한번 해볼까요? 안녕하세요.,들어왔으면 인사 한번 해볼까요? 안녕하세요.
7,1,0.14285714285714285,1.0,3.4,0,어/ 으/ 친구들이 의자에 반듯이 앉아 있었대요.,친구들이 의자에 반듯이 앉아 있었대요.
17,0,0.0,1.0,2.909090909090909,1,"오른쪽과 왼쪽이 모양이 (똑같아요)/(똑같애요). 그래서 한번 세어볼게요. 몇 개나 있는지. 이런 것이 (1)/(하나), (2)/(둘), (3)/(셋), (4)/(넷). (5)/(다섯),",오른쪽과 왼쪽이 모양이 그래서 한번 세어볼게요. 몇 개나 있는지. 이런 것이
20,1,0.05,1.0,3.0,0,음/ 냄새 음미해 볼까 조금씩 먹는 게 바로 음미하다지 배고파서 어구어구* 먹으면 이건 음미하다가 아니야 그래서 요기에서 더 확장이 되어서.,냄새 음미해 볼까 조금씩 먹는 게 바로 음미하다지 배고파서 어구어구* 먹으면 이건 음미하다가 아니야 그래서 요기에서 더 확장이 되어서.
18,3,0.16666666666666666,1.0,3.0,0,이렇게 교과서를 막 n/ 넘기다가 n/ 여기 맛있는 초콜릿이 나온다 그러면 멈춰. 바로 거기를 공부할 n/ 건데요. b/,이렇게 교과서를 막 넘기다가 여기 맛있는 초콜릿이 나온다 그러면 멈춰. 바로 거기를 공부할 건데요.
15,1,0.06666666666666667,0.9285714285714286,2.857142857142857,0,자 이렇게 생긴 모양 이렇게 뾰족 뾰족하고 그리고 평평한 부분들로 쌓여있는 이 모양을 뭐라 그랬죠?,자 이렇게 생긴 모양 이렇게 뾰족 뾰족하고 그리고 평평한 부분들로 쌓여있는 모양을 뭐라 그랬죠?
12,0,0.0,1.0,2.9166666666666665,1,누름못에서부터 구멍의 거리가 멀면 멀수록 더 큰 원이 그려짐을 확인할 수 있습니다.,누름못에서부터 구멍의 거리가 멀면 멀수록 더 큰 원이 그려짐을 확인할 수 있습니다.
6,0,0.0,1.0,3.0,1,"또 통계자료도 같이 갖고 옵니다. 그래서,","또 통계자료도 같이 갖고 옵니다. 그래서,"
27,2,0.07407407407407407,0.85,2.75,0,아/ (1분)/(일 분) 동안에 (2)/(두) 자동차가 간 거리를 더해서 구한 다음에 여기에 이 (4분)/(사 분) (40초)/(사십 초)를 곱하면 (2)/(두) 자동차가 처음에 있었던 거리를 구할 수가 있는 것이죠.,분) 동안에 자동차가 간 거리를 더해서 구한 다음에 여기에 분) 초)를 곱하면 자동차가 처음에 있었던 거리를 구할 수가 있는 것이죠.
6,0,0.0,1.0,3.5,1,어떤 문제가 있었는지 여러분. 기억하고 있나요?,어떤 문제가 있었는지 여러분. 기억하고 있나요?
8,0,0.0,1.0,2.8333333333333335,1,그렇죠 그럼 우리 이런 문제 (1번)/(한 번) 풀어볼까요.,그렇죠 그럼 우리 이런 문제 풀어볼까요.
15,1,0.06666666666666667,1.0,3.0,0,어/ 동생의 문제를 풀어지지 못해서 창피를 당했다고 그래요 우리 어떤 문제인지 한번 같이 보도록 할까요.,동생의 문제를 풀어지지 못해서 창피를 당했다고 그래요 우리 어떤 문제인지 한번 같이 보도록 할까요.
11,3,0.2727272727272727,1.0,3.375,0,n/ 이 글에 나온 낱말과 그 뜻을 알맞게 선으로 이으랍니다. 보여주세요.,글에 나온 낱말과 뜻을 알맞게 선으로 이으랍니다. 보여주세요.
8,1,0.125,1.0,4.0,0,어/ 태어난 곳은 어디였나요. 예/ 이황은요 어디에서 태어났다.,태어난 곳은 어디였나요. 이황은요 어디에서 태어났다.
4,0,0.0,1.0,3.3333333333333335,1,몫은 (1자릿수)/(한 자릿수) 입니다.,몫은 자릿수) 입니다.
8,0,0.0,1.0,2.8333333333333335,1,(9)/(구) 곱하기 (3)/(삼)보다 얼마가 더 큰지를 알아볼 거예요.,곱하기 얼마가 더 큰지를 알아볼 거예요.
12,1,0.08333333333333333,1.0,3.5,0,n/ 자/ 그러면 건강하게 (1주)/(한 주) 보내시고요. 다음 주에 뵙겠습니다. 자/ 안녕.,그러면 건강하게 주) 보내시고요. 다음 주에 뵙겠습니다. 안녕.
2,0,0.0,1.0,4.0,1,그렇죠. 바나나.,그렇죠. 바나나.
11,0,0.0,1.0,2.7777777777777777,1,"(6)/(육), 즉 변이 (6 개)/(여섯 개)인 도형의 이름을 묻고 있습니다. 뭘까요?",즉 변이 (6 개)인 도형의 이름을 묻고 있습니다. 뭘까요?
3,0,0.0,1.0,3.3333333333333335,1,다음 문제 풀어볼까요.,다음 문제 풀어볼까요.
31,2,0.06451612903225806,0.9230769230769231,2.5,0,잘 했어요. 자/ 그럼 이번에는 선생님이 어떤 수 카드를 짠/ 하고 보여줄 거예요. 그러면 그 수 카드를 보고 그것보다 (1)/(일)만큼 더 큰 수에 아까 그 친구가 했던 것처럼 표시를 하면 돼요.,잘 했어요. 그럼 이번에는 선생님이 어떤 수 카드를 하고 보여줄 거예요. 그러면 수 카드를 보고 그것보다 더 큰 수에 아까 친구가 했던 것처럼 표시를 하면 돼요.
19,0,0.0,1.0,2.75,1,오늘 정말 많은 요리를 했습니다 막바지 힘 한 번 더 내보실까요 ?단원마무리문제 (169쪽)/(백 육십 구 쪽) 문제 (8번)/(팔 번)입니다,오늘 정말 많은 요리를 했습니다 막바지 힘 한 더 내보실까요 ?단원마무리문제 육십 구 쪽) 문제 번)입니다
3,1,0.3333333333333333,1.0,3.0,0,n/ 오/ 추리.,추리.
7,0,0.0,1.0,2.857142857142857,1,어떤 수들의 합으로 표현을 하고 있단 말입니다.,어떤 수들의 합으로 표현을 하고 있단 말입니다.
15,0,0.0,1.0,3.3076923076923075,1,겨울에 할아버지는 아주 특별한 양떼를 갖게 되었어요. 자/ 가을이 지나서 무엇이 왔죠? 네/ 겨울이 왔습니다.,겨울에 할아버지는 아주 특별한 양떼를 갖게 되었어요. 가을이 지나서 무엇이 왔죠? 겨울이 왔습니다.
21,0,0.0,0.8947368421052632,3.263157894736842,1,해결의 짜임이 있습니다. 어우/ 여기 쓰레기가 너무 많아졌어요. 어떻게 해결할까요? 자/ 이런 글 많이 보셨죠? 이게 바로 문제와 해결의 짜임이 되겠습니다.,해결의 짜임이 있습니다. 여기 쓰레기가 너무 많아졌어요. 어떻게 해결할까요? 이런 글 많이 보셨죠? 이게 바로 문제와 해결의 짜임이 되겠습니다.
19,1,0.05263157894736842,1.0,3.642857142857143,0,"바로 이 평행사변형의 밑변과 높이라는 것인데요. 이게 뭘까. (1번)/(한 번) 살펴 볼게요. 평행사변형에서 평행한 (2)/(두) 변을요, 밑변이라고 할 (거고요)/(거구요).","바로 평행사변형의 밑변과 높이라는 것인데요. 이게 뭘까. 살펴 볼게요. 평행사변형에서 평행한 변을요, 밑변이라고 할"
23,0,0.0,0.6666666666666666,3.8333333333333335,1,자/ 지금 (5분)/(오 분)의 (3)/(삼)을 무엇으로 만들었어요? (10분)/(십 분)의 (6)/(육)으로 만들었잖아요. 그러니까 (5분)/(오 분)의 (3)/(삼) 나누기 (2)/(이)는 (10분)/(십 분)의 (6)/(육) 나누기 (2)/(이)와 같습니다.,지금 분)의 무엇으로 만들었어요? 분)의 만들었잖아요. 그러니까 분)의 나누기 분)의 나누기 같습니다.
10,1,0.1,1.0,3.3333333333333335,0,"n/ 유머 감각이 뛰어난 오케이 쉐프님은 재미있는 음식이 뭔지 아실껍니다,","유머 감각이 뛰어난 오케이 쉐프님은 재미있는 음식이 뭔지 아실껍니다,"
16,0,0.0,1.0,2.7333333333333334,1,그렇죠 여러분 (2개)/(두 개)씩 있는 것이죠 따라서 완성한 선대칭 도형의 둘레 어떻게 간단하게 구할 수 있죠?,그렇죠 여러분 개)씩 있는 것이죠 따라서 완성한 선대칭 도형의 둘레 어떻게 간단하게 구할 수 있죠?
5,0,0.0,1.0,4.0,1,자/ 선생님이 부사라는 낱말을 썼는데요.,선생님이 부사라는 낱말을 썼는데요.
1,0,0.0,0.0,0.0,1,"(4)/(넷),",
9,1,0.1111111111111111,1.0,3.142857142857143,0,자/ 그런데 친구들 우리가 이 편지글을 읽은 이유가 뭐예요?,그런데 친구들 우리가 편지글을 읽은 이유가 뭐예요?
3,0,0.0,1.0,4.0,1,"네, 자음동화 현상에는요.","네, 자음동화 현상에는요."
2,0,0.0,1.0,3.5,1,선생님은 참새.,선생님은 참새.
30,0,0.0,0.9259259259259259,2.962962962962963,1,우리 친구들 문제+ 서술형 문제는요. 문장 속에 우리 친구들 힌트가 있으니깐요. 무엇을 먼저 계산해야 될지 잘 생각해보도록 하세요. 자/ 이번에는 교재 (127쪽)/(백 이십 칠 쪽) 문제 (4번)/(사 번)으로 넘어가 볼게요.,우리 친구들 문제+ 서술형 문제는요. 문장 속에 우리 친구들 힌트가 있으니깐요. 무엇을 먼저 계산해야 될지 잘 생각해보도록 하세요. 이번에는 교재 이십 칠 쪽) 문제 번)으로 넘어가 볼게요.
4,0,0.0,1.0,4.25,1,큽니다. 이렇게 표시해주면 되겠어요.,큽니다. 이렇게 표시해주면 되겠어요.
32,0,0.0,0.9090909090909091,2.9545454545454546,1,"자/ (1학기)/(일 학기) 때 수업 (보물)/(보뭇*) 기억나죠? 자/ 분자 (26)/(이십 육)을 분모로 나누면 우리 친구들, 몫은? 그렇죠. (3)/(삼)이 (되고요)/(되구요). 나머지는 (5)/(오)가 되죠? 그러니깐 자/ (7 분의 26)/(칠 분의 이십 육)을 대분수로 고치면,","학기) 때 수업 기억나죠? 분자 육)을 분모로 나누면 우리 친구들, 몫은? 그렇죠. 나머지는 되죠? 그러니깐 (7 분의 분의 이십 육)을 대분수로 고치면,"
4,0,0.0,1.0,2.0,1,짠 어때 달걀 눈사람,짠 어때 달걀 눈사람
8,0,0.0,1.0,2.8333333333333335,1,"자/ 그렇다면 올해 수확한 사과는 (356)/(삼백 오십 육),","그렇다면 올해 수확한 사과는 오십 육),"
23,0,0.0,0.8888888888888888,2.611111111111111,1,(1)/(하나) (2)/(둘) (3개)/(세 개) 예요. 근데 얘는 (1)/(하나) (2개)/(두 개) 예요. 쌓기나무 개수 다르고 모양도 나올 수 없습니다. 따라서 정답은 몇 번이 될까요?,개) 예요. 근데 얘는 개) 예요. 쌓기나무 개수 다르고 모양도 나올 수 없습니다. 따라서 정답은 몇 번이 될까요?
6,0,0.0,1.0,2.75,1,보기에는 (10)/(십)과 (5)/(오)의 곱 이라고 했죠.,보기에는 곱 이라고 했죠.
15,0,0.0,0.9333333333333333,2.933333333333333,1,이것도 학용품이 아니야. 하지만 가끔 가다가 요건 학용품이 아니지만 우리가 만들기 할 때 사용하기도 해.,이것도 학용품이 아니야. 하지만 가끔 가다가 요건 학용품이 아니지만 우리가 만들기 할 때 사용하기도 해.
8,0,0.0,1.0,4.0,1,자/ 텔레비전과 라디오가 서서히 들어오기 시작해요. 개화기 지나서.,텔레비전과 라디오가 서서히 들어오기 시작해요. 개화기 지나서.
9,0,0.0,1.0,3.2222222222222223,1,앞으로 인공지능은 우리의 삶 곳곳에 영향을 미칠 것입니다. 맞아요.,앞으로 인공지능은 우리의 삶 곳곳에 영향을 미칠 것입니다. 맞아요.
3,0,0.0,1.0,5.0,1,(83)/(팔십 삼)이라고 읽습니다.,삼)이라고 읽습니다.
6,0,0.0,1.0,3.3333333333333335,1,"좋아, 그럼 이번에는 넷째인 친구 찾아볼까요?","좋아, 그럼 이번에는 넷째인 친구 찾아볼까요?"
5,0,0.0,1.0,4.0,1,"그렇죠, 역시 (8cm)/(팔 센티미터)가 되겠죠.","그렇죠, 역시 센티미터)가 되겠죠."
3,1,0.3333333333333333,1.0,3.0,0,음/ 어떤게 있냐면,어떤게 있냐면
6,0,0.0,1.0,2.25,1,"(1변)/(한 변)이 모눈 (4칸)/(네 칸) 인,","변)이 모눈 칸) 인,"
10,0,0.0,1.0,2.75,1,(3)/(삼) 이라고 쓰면 (되고요)/(되구요). 그럼 이것도 이렇게 계산할 수 있겠네요.,이라고 쓰면 그럼 이것도 이렇게 계산할 수 있겠네요.
25,2,0.08,0.9565217391304348,2.9130434782608696,0,"n/ 어떤 일이나 행동을 빨리 하도록 재촉 하는 것, 그것이 채근하는 것이에요. 그러니까 민수가 어/ 은수야 얼른 준비해. 우리 얼른 눈썰매 타자 이렇게 재촉한 것이겠죠.","어떤 일이나 행동을 빨리 하도록 재촉 하는 것, 그것이 채근하는 것이에요. 그러니까 민수가 은수야 얼른 준비해. 우리 얼른 눈썰매 타자 이렇게 재촉한 것이겠죠."
1,0,0.0,1.0,6.0,1,근대도시인이,근대도시인이
17,0,0.0,1.0,2.9285714285714284,1,(1번)/(일 번)이 되겠습니다. (2번)/(이 번) 팔아 오라고 하셨다 이런 말씀 인물이 한 말 아닙니다. 내다 버리라고 하셨다.,번)이 되겠습니다. 팔아 오라고 하셨다 이런 말씀 인물이 한 말 아닙니다. 내다 버리라고 하셨다.
6,0,0.0,1.0,2.6,1,밑면의 변의 수를 우리 네모라고 해(볼게요)/(볼께요).,밑면의 변의 수를 우리 네모라고
10,1,0.1,1.0,2.875,0,고민을 n/ 말하지 않을 때 여러 번 반복해서 물어보는 것이죠.,고민을 말하지 않을 때 여러 반복해서 물어보는 것이죠.
6,0,0.0,1.0,2.8333333333333335,1,네 우리 친구들 큰소리로 같이 해봤나요?,네 우리 친구들 큰소리로 같이 해봤나요?
5,1,0.2,1.0,2.0,0,n/ 토끼 꼬리도 안 닮고,토끼 꼬리도 안 닮고
20,1,0.05,1.0,2.789473684210526,0,음/ 공부하기 전에 다 같이 좀 몸풀기 게임을 해보도록 하지요. 아까 했던 땅콩게임 기억나죠? 어떻게 한다고 선생님이 말한 걸 거꾸로,공부하기 전에 다 같이 좀 몸풀기 게임을 해보도록 하지요. 아까 했던 땅콩게임 기억나죠? 어떻게 한다고 선생님이 말한 걸 거꾸로
11,1,0.09090909090909091,1.0,2.888888888888889,0,"n/ (25)/(이십 오) 로 똑같이 약분을 하면은요 얼마가 되냐면은요 사십 분의,","오) 로 똑같이 약분을 하면은요 얼마가 되냐면은요 사십 분의,"
7,0,0.0,1.0,2.8333333333333335,1,"자/ 앞 낱말의 끝에 모음으로 끝났기 때문에,","앞 낱말의 끝에 모음으로 끝났기 때문에,"
9,0,0.0,1.0,2.5,1,이런 공통점은 (여기)/(요기) (여기에다가)/(요기에다가) 써 넣을 수 있겠네요. (그렇죠)/(그쵸)?,이런 공통점은 써 넣을 수 있겠네요.
19,1,0.05263157894736842,0.9444444444444444,2.8333333333333335,0,네. n/ 기자입니다 우선 변의 길이가 모두 같고 각의 크기가 모두 같은 도형은 어떤 것을 말하는 것인지 만나보도록 하겠습니다.,네. 기자입니다 우선 변의 길이가 모두 같고 각의 크기가 모두 같은 도형은 어떤 것을 말하는 것인지 만나보도록 하겠습니다.
6,1,0.16666666666666666,1.0,2.8,0,여러 사람의 의견을 내고 그 중에서.,여러 사람의 의견을 내고 중에서.
11,1,0.09090909090909091,1.0,3.4444444444444446,0,여러가지 재료를 넣고 어/ 끓이면 올갱이국이라고 합니다. 자/ 그럼 문제 볼게요.,여러가지 재료를 넣고 끓이면 올갱이국이라고 합니다. 그럼 문제 볼게요.
22,0,0.0,0.9047619047619048,2.8095238095238093,1,만약에 선생님이 앞에 있었으면 마음껏 피리를 불어라. 나는 마음껏 피리를 부는 것을 다 들어주마. 이렇게 얘기를 했을 텐데. 아유/ 참 안타깝다 얘.,만약에 선생님이 앞에 있었으면 마음껏 피리를 불어라. 나는 마음껏 피리를 부는 것을 다 들어주마. 이렇게 얘기를 했을 텐데. 참 안타깝다 얘.
15,2,0.13333333333333333,1.0,2.1818181818181817,0,n/ (4)/(사) 를 곱한 것이 바로 이 (4친구)/(네 친구) 들의 키를 합한 값이 되는 겁니다.,를 곱한 것이 바로 친구) 들의 키를 합한 값이 되는 겁니다.
8,0,0.0,1.0,3.1666666666666665,1,자리가 있는데 (10000)/(만)의 자리에 턱하니 앉았어. 누가? (8)/(팔)이.,자리가 있는데 자리에 턱하니 앉았어. 누가?
9,1,0.1111111111111111,1.0,3.0,0,(10명)/(열 명)이다라는 것을 여러분들이 알 수가 있고 그 다음에,명)이다라는 것을 여러분들이 알 수가 있고 다음에
1,0,0.0,0.0,0.0,1,(ㅅ)/(시옷)입니다.,
4,1,0.25,1.0,3.6666666666666665,0,n/ 아아하 아+ 알겠습니다.,아아하 아+ 알겠습니다.
31,2,0.06451612903225806,0.9047619047619048,2.6666666666666665,0,오늘의 두 번째 (Mission)/(미션). 곱의 소수점 위치를 살펴보도록 하죠. 자/ 먼저 소수의 (10)/(십)(100)/(백)(1000)/(천)을 곱하면서 어떤 규칙이 있나 (1번)/(한 번) 볼까요? (4.25)/(사 점 이 오) 곱하기 (1)/(일)은 (4.25)/(사 점 이 오) 그대로죠?,오늘의 두 번째 곱의 소수점 위치를 살펴보도록 하죠. 먼저 소수의 곱하면서 어떤 규칙이 있나 볼까요? 점 오) 곱하기 점 오) 그대로죠?
18,0,0.0,0.875,2.9375,1,자/오늘 수업은 여기까지 고요 다음 시간에 (4단원)/(사단원) 정보 간의 관계에 대해서 같이 공부 해보도록 하겠습니다. 다음 시간에 만나요.,수업은 여기까지 고요 다음 시간에 정보 간의 관계에 대해서 같이 공부 해보도록 하겠습니다. 다음 시간에 만나요.
34,2,0.058823529411764705,0.8333333333333334,2.3,0,n/ 결국 우리가 구하는 답은 (13 분의 24)/(십 삼 분의 이십 사) 가 된답니다. 이것을 우리 대분수로 바꾸어 주면은 뭐가 된다? 바로 (1 과 13 분의 11)/(일과 십 삼 분의 십 일) 이 되겠지요.,결국 우리가 구하는 답은 (13 분의 삼 분의 이십 사) 가 된답니다. 이것을 우리 대분수로 바꾸어 주면은 뭐가 된다? 바로 (1 과 13 분의 십 삼 분의 십 일) 되겠지요.
10,0,0.0,1.0,3.1,1,얼마죠? 그렇죠 오 분의 사십 사가 나옵니다. 대분수로 정리 해줘야겠죠?,얼마죠? 그렇죠 오 분의 사십 사가 나옵니다. 대분수로 정리 해줘야겠죠?
7,3,0.42857142857142855,1.0,3.0,0,n/ 라면 먹자고? 아이/ 아/ 뭐 (어쨌다고)/(어쨌다구)?,라면 먹자고?
5,1,0.2,1.0,4.0,0,n/ 첫번째 동작과 이어볼까요 세종대왕.,첫번째 동작과 이어볼까요 세종대왕.
15,0,0.0,0.9090909090909091,3.272727272727273,1,가운데 (1)/(일)이라는 숫자가 있으니까 (1)/(일)은 제외해 (놓고요)/(놓구요). 봤더니 오/ 마주보는 숫자가 합이 같아요. 몇으로 같아요?,가운데 숫자가 있으니까 제외해 봤더니 마주보는 숫자가 합이 같아요. 몇으로 같아요?
9,0,0.0,1.0,3.7777777777777777,1,"그렇다면요 선생님. 삼각형의 높이는 도대체 어떻게 구하는 거예요? 물을텐데,","그렇다면요 선생님. 삼각형의 높이는 도대체 어떻게 구하는 거예요? 물을텐데,"
6,1,0.16666666666666666,1.0,2.4,0,여기 있는 이 단추를 꾹 내려줘야,여기 있는 단추를 꾹 내려줘야
1,0,0.0,0.0,0.0,1,(2)/(둘),
12,0,0.0,0.9166666666666666,2.8333333333333335,1,혹시 모르는 친구들은 지금 해봐 알았지 물어보고 알려달라고 해서 지금 해보는 거야,혹시 모르는 친구들은 지금 해봐 알았지 물어보고 알려달라고 해서 지금 해보는 거야
10,1,0.1,1.0,3.7142857142857144,0,n/ 자/ 나에서 (10cm)/(십 센치미터) 떨어진 곳을 이렇게 선생님이 그려볼게요.,나에서 센치미터) 떨어진 곳을 이렇게 선생님이 그려볼게요.
14,1,0.07142857142857142,0.9166666666666666,2.8333333333333335,0,"어/ 신문에 보니까 어느 잡지에 보니까 자/ 이렇게 얘기를 하셔야 자료가 믿을 만한 것이고,","신문에 보니까 어느 잡지에 보니까 이렇게 얘기를 하셔야 자료가 믿을 만한 것이고,"
4,0,0.0,1.0,2.25,1,"이렇게 얘기 안 하고,","이렇게 얘기 안 하고,"
2,0,0.0,1.0,6.5,1,독립운동가들을 도와주셨다.,독립운동가들을 도와주셨다.
3,0,0.0,1.0,3.3333333333333335,1,사람은 이름을 남기고.,사람은 이름을 남기고.
23,3,0.13043478260869565,1.0,2.8125,0,n/ 자/ 나쁜 사람과 (이렇게)/(이케) 계책을 같이 마련하는 인물인 걸 통해서 아/ 교 씨도 b/ 아/ 부정적인 인물이 아닐까라는 게 짐작 가능합니다. (그렇죠)/(그쵸)?,나쁜 사람과 계책을 같이 마련하는 인물인 걸 통해서 교 씨도 부정적인 인물이 아닐까라는 게 짐작 가능합니다.
12,2,0.16666666666666666,1.0,3.2222222222222223,0,어/ 궁금하죠? 뭐공+ 뭐 (공부하냐면요)/(공부하냐면여). 오늘은요. 바로 미래 일기를 써보도록 할 거예요.,궁금하죠? 뭐공+ 오늘은요. 바로 미래 일기를 써보도록 할 거예요.
8,1,0.125,1.0,3.4,0,자/ 보세요? 자/ 이번에 여기는 몇 쪽이냐면요? n/.,보세요? 이번에 여기는 몇 쪽이냐면요?
8,0,0.0,1.0,1.0,1,면 (ㄴ)/(니은) (ㄷ)/(디귿) (ㄹ)/(리을) (ㅁ)/(미음) (ㅂ)/(비읍) (ㅅ)/(시옷) (ㅇ)/(이응),면
17,1,0.058823529411764705,1.0,2.6923076923076925,0,n/ 그래 와/ 수영하는 모습. 보다 정확하게 초를 재야겠죠? 어어어/ 보기만 해도 숨이 막 차오르는 것 (같아요)/(같애요).,그래 수영하는 모습. 보다 정확하게 초를 재야겠죠? 보기만 해도 숨이 막 차오르는 것
7,1,0.14285714285714285,1.0,3.3333333333333335,0,n/ 메리와 디콘은 홀린 듯 콜린을 바라보았습니다.,메리와 디콘은 홀린 듯 콜린을 바라보았습니다.
22,0,0.0,0.9523809523809523,3.5238095238095237,1,어떻게 돌린 걸까요. 일단 비어있어요. 비어 있으면요. 회전축 그려주시구요. 비어있는 무언가가 여기 있어야 됩니다. 머/ 이렇게 모양이 어떻게 됐던 여기는 비어있어야 합니다.,어떻게 돌린 걸까요. 일단 비어있어요. 비어 있으면요. 회전축 그려주시구요. 비어있는 무언가가 여기 있어야 됩니다. 이렇게 모양이 어떻게 됐던 여기는 비어있어야 합니다.
20,0,0.0,1.0,2.6315789473684212,1,"자/ 먼저 옛글과 외국 작품을 비교해 가면서 우리 읽어보고, 그죠? 각 글에서 우리가 배울 수 있는 점이 무엇인지 알아 봤었죠?","먼저 옛글과 외국 작품을 비교해 가면서 우리 읽어보고, 그죠? 각 글에서 우리가 배울 수 있는 점이 무엇인지 알아 봤었죠?"
5,1,0.2,1.0,4.25,0,n/ 어서오세요 만점 레스토랑에 오셨군요.,어서오세요 만점 레스토랑에 오셨군요.
26,4,0.15384615384615385,0.9047619047619048,2.857142857142857,0,n/ 글쓴이의 주장에 대한 근거 즉 주장을 n/ 튼튼하게 n/ 받쳐주는 근거 라고 했죠. 자/ 근거는 무엇인지 쓰+ 쓰시오 라고 했어요. n/ 보통 주장이 앞에 나오고요.,글쓴이의 주장에 대한 근거 즉 주장을 튼튼하게 받쳐주는 근거 라고 했죠. 근거는 무엇인지 쓰+ 쓰시오 라고 했어요. 보통 주장이 앞에 나오고요.
4,0,0.0,1.0,3.3333333333333335,1,특징들을 살펴두는 것이 (중요해요)/(중요해여).,특징들을 살펴두는 것이
30,1,0.03333333333333333,0.9285714285714286,2.6785714285714284,0,선생님이 학교에서 이런 글을 쭉/ 지도를 하다 보면요 많은 어린이들이 이 글이 나오게 되면 재미있게 연극을 할 수 있어서 그런지 이런 종류의 글을 참 좋아하는 거 같다는 인상을 많이 받았어요.,선생님이 학교에서 이런 글을 지도를 하다 보면요 많은 어린이들이 글이 나오게 되면 재미있게 연극을 할 수 있어서 그런지 이런 종류의 글을 참 좋아하는 거 같다는 인상을 많이 받았어요.
1,0,0.0,0.0,0.0,1,(2)/(둘).,
3,0,0.0,1.0,3.5,1,o/ 그렇죠 그렇죠.,그렇죠 그렇죠.
13,0,0.0,0.9166666666666666,2.5,1,자/ 네모 안에 들어갈 수 있는 자연수는 모두 모두 몇 개인지 구하는 문젠데요.,네모 안에 들어갈 수 있는 자연수는 모두 모두 몇 개인지 구하는 문젠데요.
14,1,0.07142857142857142,1.0,2.6153846153846154,0,그러면 이번에는 두 번째 이 모양은 어디에 있었죠? 우리 아까 찾았던 것 중에서 탬버린,그러면 이번에는 두 번째 모양은 어디에 있었죠? 우리 아까 찾았던 것 중에서 탬버린
5,1,0.2,1.0,3.0,0,n/ 시간과 노력이 들기 때문에.,시간과 노력이 들기 때문에.
3,0,0.0,1.0,2.3333333333333335,1,우리 아빠의 키.,우리 아빠의 키.
11,0,0.0,1.0,2.4545454545454546,1,듣는 사람이 잘 들을 수 있는 알맞은 크기의 목소리로 말해야 한다.,듣는 사람이 잘 들을 수 있는 알맞은 크기의 목소리로 말해야 한다.
19,0,0.0,1.0,2.8823529411764706,1,o/ 안타깝네요. 하지만요. 잘 놀아야 공부도 더 열심히 할 수 있다는 거 꼭 (기억해두시고요)/(기억해두시구요). 방학을 즐겁게 신나게 보내길 응원하겠습니다.,안타깝네요. 하지만요. 잘 놀아야 공부도 더 열심히 할 수 있다는 거 꼭 방학을 즐겁게 신나게 보내길 응원하겠습니다.
23,0,0.0,0.9545454545454546,2.5454545454545454,1,윗옷을 생각해 보는 거예요. 첫번째. 차근차근 첫번째 가를 입었을 때 몇 가지. 우리가 옷을 다르게 입을 수 있나 생각해(보고요)/(보구요). 다음 나를 입었을 때에는,윗옷을 생각해 보는 거예요. 첫번째. 차근차근 첫번째 가를 입었을 때 몇 가지. 우리가 옷을 다르게 입을 수 있나 다음 나를 입었을 때에는
13,0,0.0,1.0,3.090909090909091,1,"o/ (이렇게)/(요렇게) 적어 보겠습니다, 바로 그림자까지 꼬옹 꽁 얼려 버렸네. 이렇게 하면 어떨까요?","적어 보겠습니다, 바로 그림자까지 꼬옹 꽁 얼려 버렸네. 이렇게 하면 어떨까요?"
7,1,0.14285714285714285,1.0,3.1666666666666665,0,"n/ 씨앗 단어를 알아볼게요. 신, 인간, 지혜.","씨앗 단어를 알아볼게요. 신, 인간, 지혜."
15,1,0.06666666666666667,0.9,2.7,0,n/ 사용한 (높임)/(노핌) 표현 자/ 거실에 계신 분이 (누구예요)/(누구에요)? 할머니. 따라서 (높여야)/(놉펴야) 할 대상은 할머니.,사용한 표현 거실에 계신 분이 할머니. 따라서 할 대상은 할머니.
8,0,0.0,1.0,3.25,1,"그렇죠 (8)/(팔)을 (2번)/(두 번) 더해야 (16)/(십 육)이 되므로,","그렇죠 더해야 육)이 되므로,"
23,0,0.0,0.8636363636363636,3.0454545454545454,1,"탁구는 서브를 할 때 손바닥 가운데에 공을 올리랍니다. 예쁘게, 이렇게 그다음에 보셨죠. 수직으로 이렇게 탁 튕기잖아요. (그렇죠)/(그쵸), 이렇게 띄어 올릴 때 규칙이 있대요.","탁구는 서브를 할 때 손바닥 가운데에 공을 올리랍니다. 예쁘게, 이렇게 그다음에 보셨죠. 수직으로 이렇게 탁 튕기잖아요. 이렇게 띄어 올릴 때 규칙이 있대요."
4,0,0.0,1.0,3.5,1,"네, 오늘은 어떤 이야기였어요?","네, 오늘은 어떤 이야기였어요?"
2,0,0.0,1.0,3.0,1,여기 있어요?,여기 있어요?
9,1,0.1111111111111111,1.0,3.125,0,n/ 채널 고정하세요. 생활 속 수학 극장이 여러분으로 갑니다.,채널 고정하세요. 생활 속 수학 극장이 여러분으로 갑니다.
24,0,0.0,0.8260869565217391,2.9130434782608696,1,재민이네 반 학생들의 시력을 나타낸 표입니다 시력이 (0.9)/(영 점 구) 이상인 학생은 몇 명일까요 라고 했습니다. 그리고 아래에 재민이네 반 학생들의 시력이 나와 있네요.,재민이네 반 학생들의 시력을 나타낸 표입니다 시력이 점 구) 이상인 학생은 몇 명일까요 라고 했습니다. 그리고 아래에 재민이네 반 학생들의 시력이 나와 있네요.
14,1,0.07142857142857142,1.0,2.8333333333333335,0,n/ 그리고 두번째는 내가 칭찬을 하거나 사과를 하는 까닭이 잘 드러나 있어야 합니다. b/,그리고 두번째는 내가 칭찬을 하거나 사과를 하는 까닭이 잘 드러나 있어야 합니다.
17,0,0.0,0.8461538461538461,3.230769230769231,1,에펠탑의 높이가 무려 얼마큼이다? 허/ (324m)/(삼백 이십 사 미터). (100m도)/(백 미터도) 달리기 힘든데 (324m입니다)/(삼백 이십 사 미터입니다).,에펠탑의 높이가 무려 얼마큼이다? 이십 사 미터). 미터도) 달리기 힘든데 이십 사 미터입니다).
4,1,0.25,1.0,5.0,0,n/ (자정)/(자 정)이라 부르겠노라.,정)이라 부르겠노라.
11,0,0.0,0.8333333333333334,1.8333333333333333,1,자/ 먼저 변 (ㄱ)/(기역) (ㄹ)/(리을) (이)/(요) 변의 대응변 바로 변 (ㅇ)/(이응)(ㅁ)/(미음)이죠.,먼저 변 변의 대응변 바로 변
26,2,0.07692307692307693,0.8181818181818182,3.0,0,그 이유를 (3가지)/(세 가지)로 이렇게 나눠서 찾아내기가 쉽다. 편의에 따라서 기사화 할 수 있다. 그 다음에 시청자의 관심을 끌 수 있다. 이렇게 (3가지)/(세 가지)로 지금 나열했습니다.,이유를 가지)로 이렇게 나눠서 찾아내기가 쉽다. 편의에 따라서 기사화 할 수 있다. 다음에 시청자의 관심을 끌 수 있다. 이렇게 가지)로 지금 나열했습니다.
12,0,0.0,0.8888888888888888,2.6666666666666665,1,b/ 자/ 참새의 수가 (하나)/(한) 마리 더 작아졌네요. 참새의 수 세어 볼까요?,참새의 수가 마리 더 작아졌네요. 참새의 수 세어 볼까요?
8,0,0.0,1.0,3.0,1,다음 음식에 알맞은 사진을 찾아 바르게 선으로 이으세요.,다음 음식에 알맞은 사진을 찾아 바르게 선으로 이으세요.
10,0,0.0,1.0,2.625,1,여기다가 (5시)/(다섯 시)(20분)/(이십 분)되려면 몇 분 더 지나야 하는 거예요?,여기다가 분)되려면 몇 분 더 지나야 하는 거예요?
2,0,0.0,1.0,2.5,1,그럼 얼마?,그럼 얼마?
7,1,0.14285714285714285,0.8333333333333334,4.5,0,열심히 도착했어요. 강원도에 도착했어요. 어/ 바다가 보였어요.,열심히 도착했어요. 강원도에 도착했어요. 바다가 보였어요.
5,0,0.0,1.0,3.75,1,들어갑니다. 부릉부릉 독해 시작. 슝/.,들어갑니다. 부릉부릉 독해 시작.
7,0,0.0,1.0,2.5714285714285716,1,이러면 다른 친구가 더 기분이 상할수 있어.,이러면 다른 친구가 더 기분이 상할수 있어.
17,1,0.058823529411764705,1.0,3.0,0,n/ 자/ 여러분 교재에 있는 개념 확인 문제 (1번)/(일 번)에서 우리가 (6번)/(육 번)까지 지난 시간에 살펴봤고요. b/,여러분 교재에 있는 개념 확인 문제 번)에서 우리가 번)까지 지난 시간에 살펴봤고요.
8,0,0.0,1.0,3.0,1,의부는 꿈길인데요. 자분을 신은 두 시 그대로 써주시구여,의부는 꿈길인데요. 자분을 신은 두 시 그대로 써주시구여
13,0,0.0,1.0,2.4545454545454546,1,(17)/(십 칠) 이하인 수는 (17)/(십 칠)보다 작거나 같은 수. 점은 꽉 채워 그린다.,칠) 이하인 수는 칠)보다 작거나 같은 수. 점은 꽉 채워 그린다.
11,1,0.09090909090909091,1.0,3.9,0,같은 상황일지라도 긍정적으로 생각하면 해결점이 n/ 보이고 마음가짐이 달라지는 것 같습니다.,같은 상황일지라도 긍정적으로 생각하면 해결점이 보이고 마음가짐이 달라지는 것 같습니다.
10,1,0.1,1.0,3.3333333333333335,0,n/ 오늘의 학습내용입니다. 첫째 인물의 삶과 시대의 상황에 관계 알아보기,오늘의 학습내용입니다. 첫째 인물의 삶과 시대의 상황에 관계 알아보기
10,0,0.0,1.0,2.375,1,그럼 (360도)/(삼백 육십 도)에서 (245도)/(이백 사십 오 도)를 빼 볼게요.,그럼 육십 도)에서 사십 오 도)를 빼 볼게요.
26,3,0.11538461538461539,1.0,3.3181818181818183,0,"좋습니다. 아/ 그리고 어떤 친구가요 선생님 수강 후기는 어떻게 쓰는 거예요? n/ 친구 물어봤는데요, (EBS)/(이 비 에스) 초등 홈페이지에 들어가면 선생님의 이 라이브특강 다시보기 가 있어요.","좋습니다. 그리고 어떤 친구가요 선생님 수강 후기는 어떻게 쓰는 거예요? 친구 물어봤는데요, 비 에스) 초등 홈페이지에 들어가면 선생님의 라이브특강 다시보기 가 있어요."
9,1,0.1111111111111111,1.0,3.125,0,"n/ 그런데 꼭꼭, 쏙쏙, 쓱쓱이는 인사도 안하고 어디 간거지?","그런데 꼭꼭, 쏙쏙, 쓱쓱이는 인사도 안하고 어디 간거지?"
15,0,0.0,1.0,2.230769230769231,1,"자/ 이런 문제를 풀 때 포인트 마 담 배 기억하면서 이렇게 식을 (1)/(하나)로 세운 다음에,","이런 문제를 풀 때 포인트 마 담 배 기억하면서 이렇게 식을 세운 다음에,"
7,1,0.14285714285714285,1.0,2.5,0,이 만두 안에 새우가 들어가 있는 거죠?,만두 안에 새우가 들어가 있는 거죠?
6,0,0.0,1.0,2.3333333333333335,1,둥근 기둥 모양이 (1)/(하나) (2)/(둘) (3)/(셋),둥근 기둥 모양이
8,2,0.25,0.8,2.2,0,"n/ (5 분의 7)/(오 분의 칠) 이 되고,","(5 분의 분의 칠) 되고,"
2,1,0.5,1.0,6.0,0,n/ 아기천사요?,아기천사요?
21,2,0.09523809523809523,1.0,4.071428571428571,0,아/ 요거는요. 음/ 비교와 대조 짜임이었잖아요? 그러니까 (1)/(하나)* (2)/(둘) (3)/(셋) (4번째)/(네 번째)에 동그라미를 하면 되겠네요. (그)/(고) 외의 짜임들은 선생님이 다음에 알려줄게요.,요거는요. 비교와 대조 짜임이었잖아요? 그러니까 번째)에 동그라미를 하면 되겠네요. 외의 짜임들은 선생님이 다음에 알려줄게요.
10,0,0.0,1.0,2.8,1,성민이가 풀고 있던 덧셈 식에 얼룩이 져서 일부가 보이지 않습니다.,성민이가 풀고 있던 덧셈 식에 얼룩이 져서 일부가 보이지 않습니다.
2,0,0.0,1.0,6.0,1,(바로)/(바루) 무엇일까요?,무엇일까요?
7,0,0.0,1.0,3.4285714285714284,1,연필 들고 교환에다가 우리 친구들 직접 적어보는겁니다.,연필 들고 교환에다가 우리 친구들 직접 적어보는겁니다.
10,1,0.1,1.0,2.5,0,그래서 b/ (90)/(구십)이라고 n/ 계산을 할 수가 있는 거예요. b/,그래서 계산을 할 수가 있는 거예요.
26,1,0.038461538461538464,0.8421052631578947,3.1052631578947367,0,자/ 그러면 우리 이번에는요. 교재 (59쪽)/(오십 구 쪽)과 (60쪽)/(육십 쪽)에서 문제 한번 풀어보려고 하는데요. 자/ 그러면 먼저 (59쪽)/(오십 구 쪽)에 (8번)/(팔 번)문제 먼저 보도록 하겠습니다. n/,그러면 우리 이번에는요. 교재 구 쪽)과 쪽)에서 문제 한번 풀어보려고 하는데요. 그러면 먼저 구 쪽)에 번)문제 먼저 보도록 하겠습니다.
23,7,0.30434782608695654,0.6,1.6,0,(4)/(사). 마 같이* 저 저 저 저 저 저 n/ 님 돈 돈 돈 돈 돈 돈 그래. 이거 할 때는 돈 생각해.,마 같이* 님 돈 돈 돈 돈 돈 돈 그래. 이거 할 때는 돈 생각해.
19,1,0.05263157894736842,0.9375,2.9375,0,자/ 그중에서도 벼 이삭을 스치는 스칠 때 나는 소리 차락 차락 차락차락 이 부분이 있었습니다. 바로 (ㄷ)/(디귿)이 정답이 되겠습니다.,그중에서도 벼 이삭을 스치는 스칠 때 나는 소리 차락 차락 차락차락 부분이 있었습니다. 바로 정답이 되겠습니다.
6,1,0.16666666666666666,1.0,4.0,0,자/ 선생님이 보여줄게요. 음/ 첫번째 문제.,선생님이 보여줄게요. 첫번째 문제.
7,0,0.0,1.0,2.5714285714285716,1,그리고 문제긴 문젠데 큰 문제라고 합니다 .,그리고 문제긴 문젠데 큰 문제라고 합니다 .
17,0,0.0,0.7692307692307693,2.076923076923077,1,요/ 문제 살펴보도록 할께요 (6.48)/(육 점 사 팔) 을 (6.48)/(육 점 사 팔) 을요 (9)/(구) 로 나눕니다.,문제 살펴보도록 할께요 점 사 팔) 을 점 사 팔) 을요 로 나눕니다.
28,1,0.03571428571428571,1.0,2.5,0,n/ 그렇다면 (60분)/(육십 분)은 (15분)/(십 오 분)의 몇 배가 될까요 (4배)/(네 배)가 된다는 걸 금방 알 수 있죠 그런데 그것을 식으로 쓰면요 바로 (60)/(육십) 나누기 (15)/(십 오)가 되겠지요.,그렇다면 분)은 오 분)의 몇 배가 될까요 배)가 된다는 걸 금방 알 수 있죠 그런데 그것을 식으로 쓰면요 바로 나누기 오)가 되겠지요.
23,1,0.043478260869565216,0.9,3.35,0,"이것도 아니잖아요. 그렇죠 (3번)/(삼 번) 보겠습니다. 나이 든 부모를 산에 버려야 하는 것, 이거는 이 나라의 풍습이라 그랬어요. 이것도 물론 나라의 걱정거리는 아니었고요.","이것도 아니잖아요. 그렇죠 보겠습니다. 나이 든 부모를 산에 버려야 하는 것, 이거는 나라의 풍습이라 그랬어요. 이것도 물론 나라의 걱정거리는 아니었고요."
13,0,0.0,1.0,3.1818181818181817,1,맞아요. 우리 친구들이 직접 (23)/(이십 삼) 번 자리가 어딘지를 찾아서 동그라미 하는 문제예요.,맞아요. 우리 친구들이 직접 삼) 자리가 어딘지를 찾아서 동그라미 하는 문제예요.
9,0,0.0,1.0,3.142857142857143,1,"(4)/(사)를 읽어주면 되는 거니까, (4시)/(네 시) 몇 분이라는 뜻이군요.","읽어주면 되는 거니까, 시) 몇 분이라는 뜻이군요."
7,1,0.14285714285714285,1.0,3.2,0,n/ 이렇게 선생님이 맞춰보도록 할 텐데. 오오/,이렇게 선생님이 맞춰보도록 할 텐데.
9,1,0.1111111111111111,0.875,3.125,0,n/ 고적하다 가 있습니다 고적하다 말 그대로 외롭고 쓸쓸하다.,고적하다 가 있습니다 고적하다 말 그대로 외롭고 쓸쓸하다.
26,0,0.0,0.9090909090909091,2.909090909090909,1,"(1번)/(일 번) 길에 가다가 다른 친구와 부딪쳤을 때 이랬을 때 당연히 사과해야 되죠. 사과하지 않으면 어떻습니까. 다툼이 일어날 수도 있습니다. 싸울 수도 있어요. (2번)/(이 번) ,","길에 가다가 다른 친구와 부딪쳤을 때 이랬을 때 당연히 사과해야 되죠. 사과하지 않으면 어떻습니까. 다툼이 일어날 수도 있습니다. 싸울 수도 있어요. ,"
30,0,0.0,0.7037037037037037,2.6666666666666665,1,네/ (2)/(이)로 더 약분이 되네요. 그러면 네/. 오 분에 사가 되었습니다. 오 분의 사는 더 이상 약분이 되지 않죠. 따라서 이십 분에 십육은 기약분수가 아니고 오 분의 사가 기약분수가 되겠습니다.,더 약분이 되네요. 그러면 오 분에 사가 되었습니다. 오 분의 사는 더 이상 약분이 되지 않죠. 따라서 이십 분에 십육은 기약분수가 아니고 오 분의 사가 기약분수가 되겠습니다.
10,0,0.0,1.0,2.9,1,불량 식품을 먹으면 해로운 물질이 몸에 들어가 병에 걸리기 쉽습니다.,불량 식품을 먹으면 해로운 물질이 몸에 들어가 병에 걸리기 쉽습니다.
31,1,0.03225806451612903,1.0,2.6785714285714284,0,n/ 오늘의 글 요리 레시피 (첫번째)/(첫 번 째). 어린이를 글감으로 해서 읽는 이가 공감할 수 있는 글을 쓰고 싶다면 자신이 하는 독특한 경험보다는 누구나 경험할 만한 이야기를 글에 담는 것이 좋습니다.,오늘의 글 요리 레시피 째). 어린이를 글감으로 해서 읽는 이가 공감할 수 있는 글을 쓰고 싶다면 자신이 하는 독특한 경험보다는 누구나 경험할 만한 이야기를 글에 담는 것이 좋습니다.
6,0,0.0,1.0,2.0,1,(70)/(칠십)빼기 (45)/(사십 오)는 (25)/(이십 오) .,오)는 오) .
21,2,0.09523809523809523,1.0,2.7142857142857144,0,그런데 이 (3수)/(세 수) 중에서 (14)/(십 사)가 제일 큰데 그 다음에는 (14)/(십 사)보다 작은 (5)/(오)와 (9)/(구)가 나온다라는 것을 알 수 있네요.,그런데 수) 중에서 사)가 제일 큰데 다음에는 사)보다 작은 나온다라는 것을 알 수 있네요.
20,0,0.0,0.9444444444444444,3.611111111111111,1,와/ 저런 일이 있었구나. 와/ 너무너무 좋겠어요. 우리 새로운 도전자 사각형이 대회 참가해서 우승컵을 강력한 우승후보를 제치고 우승컵을 차지하는 순간이에요.,저런 일이 있었구나. 너무너무 좋겠어요. 우리 새로운 도전자 사각형이 대회 참가해서 우승컵을 강력한 우승후보를 제치고 우승컵을 차지하는 순간이에요.
1,0,0.0,0.0,0.0,1,"(3)/(셋),",
14,2,0.14285714285714285,1.0,3.0,0,그렇다면 n/ (35)/(삼십 오)에서 이 수들을 몽땅 더해서 빼 볼게요. (9)/(구)에다 (6)/(육)을 더하면 (15)/(십오).,그렇다면 오)에서 수들을 몽땅 더해서 빼 볼게요. 더하면
2,0,0.0,1.0,3.5,1,남장을 하고요.,남장을 하고요.
14,1,0.07142857142857142,0.9230769230769231,3.076923076923077,0,n/ 억울한 마음을 통해서 주인공의 마음을 잘 이해해 주었죠? 그럼 마지막 친구의 글을 읽어볼게요.,억울한 마음을 통해서 주인공의 마음을 잘 이해해 주었죠? 그럼 마지막 친구의 글을 읽어볼게요.
2,0,0.0,1.0,4.0,1,"자/ 이렇게,","이렇게,"
5,0,0.0,1.0,3.0,1,도서관 전체 모습을 보여주는 사진.,도서관 전체 모습을 보여주는 사진.
4,0,0.0,1.0,4.333333333333333,1,@/ 정별애 친구 다이아몬드이다.,정별애 친구 다이아몬드이다.
7,1,0.14285714285714285,1.0,2.5,0,"n/ 새 봄에 난다고 해서, 라고 했어요.","새 봄에 난다고 해서, 라고 했어요."
3,0,0.0,1.0,2.5,1,(4)/(사) 는 어때요.,는 어때요.
5,1,0.2,1.0,2.0,0,(4)/(사) (2)/(이) 아/ 빼기 (4)/(사)구나.,빼기
3,1,0.3333333333333333,1.0,5.0,0,(ㄹ)/(리을)이 n/ 되겠지요.,되겠지요.
8,2,0.25,1.0,4.0,0,o/ n/친구 아/ 그렇지요 듣기만 해도 마음이 흐뭇해지는데요.,그렇지요 듣기만 해도 마음이 흐뭇해지는데요.
18,0,0.0,1.0,3.125,1,"자/ (2)/(두) 수의 비해서 앞에 나온 걸 비교하는 양, 뒤에 나온걸 기준양이라고 한다고 그랬으니까. 기준양 분에 비교하는양 됐지요?","수의 비해서 앞에 나온 걸 비교하는 양, 뒤에 나온걸 기준양이라고 한다고 그랬으니까. 기준양 분에 비교하는양 됐지요?"
14,1,0.07142857142857142,1.0,2.5833333333333335,0,(400만)/(사백만)이 되는 거예요 이런 원리를 이용하면 여러분이 쉽게 그 값을 구할 수 있을 겁니다.,되는 거예요 이런 원리를 이용하면 여러분이 쉽게 값을 구할 수 있을 겁니다.
7,0,0.0,1.0,3.2,1,(4각)/(네 각)의 크기의 합은 (360도)/(삼백 육십 도)입니다.,각)의 크기의 합은 육십 도)입니다.
36,1,0.027777777777777776,0.71875,2.4375,0,n/ 지금 평행사변형의 넓이 얼마? (7 과 5 분의 4)/(칠 과 오 분의 사) 자/ 평행사변형의 넓이는 무엇과 무엇을 곱한다? 높이와 밑변을 곱해야 되는데 지금 높이가 (1 과 8 분의 5cm)/(일 과 팔 분의 오 센티미터).,지금 평행사변형의 넓이 얼마? (7 과 5 분의 과 오 분의 사) 평행사변형의 넓이는 무엇과 무엇을 곱한다? 높이와 밑변을 곱해야 되는데 지금 높이가 (1 과 8 분의 과 팔 분의 오 센티미터).
21,1,0.047619047619047616,0.8947368421052632,3.210526315789474,0,n/ 제목을 붙이는 방법입니다. 일단 중심 글감을 찾으셔야 돼요. 아까 글감은 얘기했었지요? 글의 재료를 글감이라고 했는데 그럼 중심 글감은 뭐냐! b/,제목을 붙이는 방법입니다. 일단 중심 글감을 찾으셔야 돼요. 아까 글감은 얘기했었지요? 글의 재료를 글감이라고 했는데 그럼 중심 글감은 뭐냐!
2,0,0.0,1.0,5.0,1,여러분. 안녕하세요!,여러분. 안녕하세요!
2,0,0.0,1.0,4.0,1,원인 결과입니다.,원인 결과입니다.
13,1,0.07692307692307693,1.0,2.6363636363636362,0,n/ 다 받침이 있는데 받침 없는 글자에다가 우리 (ㅂ)/(비읍) 받침을 한번 붙여줘 볼까?,다 받침이 있는데 받침 없는 글자에다가 우리 받침을 한번 붙여줘 볼까?
4,1,0.25,1.0,3.0,0,n/ 아이가 생각이 나요.,아이가 생각이 나요.
21,0,0.0,0.95,3.0,1,"분모가 다른 대분수 덧셈입니다 이번엔 분모가 달라졌어요. 따라서 그냥 계산 할 수 (없고요)/(없구요). 역시 자연수끼리 그다음에 분수 부분끼리 나눠서 계산을 하되,","분모가 다른 대분수 덧셈입니다 이번엔 분모가 달라졌어요. 따라서 그냥 계산 할 수 역시 자연수끼리 그다음에 분수 부분끼리 나눠서 계산을 하되,"
9,0,0.0,1.0,3.0,1,친구들 손가락에 가시 박혀본 적 있어요? 이러면 기분이 어때요?,친구들 손가락에 가시 박혀본 적 있어요? 이러면 기분이 어때요?
16,0,0.0,1.0,2.5625,1,이번 시간 학습이 끝나고 나면 웹툰의* 마지막 부분에 들어가야 할 말이 무엇인지 알 수 있을 거예요.,이번 시간 학습이 끝나고 나면 웹툰의* 마지막 부분에 들어가야 할 말이 무엇인지 알 수 있을 거예요.
12,2,0.16666666666666666,1.0,3.3333333333333335,0,자/ 이제 이 대분수를 소수로 바꿔봐야 하는데요. 우리 그 방법 기억하고 있나요?,이제 대분수를 소수로 바꿔봐야 하는데요. 우리 방법 기억하고 있나요?
9,0,0.0,1.0,2.5555555555555554,1,그래서 아이가 나팔을 붑니다 라고 설명을 할 수 있어요.,그래서 아이가 나팔을 붑니다 라고 설명을 할 수 있어요.
7,0,0.0,1.0,3.857142857142857,1,아침부터 후덥지근한 날씨 때문인지 제시간에 일어나지 못했다.,아침부터 후덥지근한 날씨 때문인지 제시간에 일어나지 못했다.
12,1,0.08333333333333333,1.0,2.9,0,자/ 흑설 공주가 서영이에 대한 거짓 글을 올리는 것이 이 이야기의 시작이죠.,흑설 공주가 서영이에 대한 거짓 글을 올리는 것이 이야기의 시작이죠.
34,1,0.029411764705882353,0.9354838709677419,3.2580645161290325,0,자/ 이 문제에서는요. 조금 전에 또키와 함께 살펴봤던 내용에 대해서 묻고 있지요. 자/ 이야기를 듣고 생각하거나 느낀 점을 말하는 방법으로 알맞은 것을 모두 고르라고 했습니다. 모두 고르라는 거 여러분 명심하시고요. 함께 보기를 살펴보도록 하지요.,문제에서는요. 조금 전에 또키와 함께 살펴봤던 내용에 대해서 묻고 있지요. 이야기를 듣고 생각하거나 느낀 점을 말하는 방법으로 알맞은 것을 모두 고르라고 했습니다. 모두 고르라는 거 여러분 명심하시고요. 함께 보기를 살펴보도록 하지요.
10,1,0.1,1.0,3.375,0,"그리고 자/ 이번에는요, 어/ 이야기 속의 인물의 생각을 알아볼 거예요.","그리고 이번에는요, 이야기 속의 인물의 생각을 알아볼 거예요."
3,0,0.0,1.0,3.0,1,알맞게 이어 봅시다.,알맞게 이어 봅시다.
11,1,0.09090909090909091,1.0,3.3,0,n/ 자 그러면 이번에는 상황에 따른 적절한 인사말을 한번 배워보도록 하겠습니다.,자 그러면 이번에는 상황에 따른 적절한 인사말을 한번 배워보도록 하겠습니다.
2,0,0.0,1.0,4.5,1,우리동전은 어때요.,우리동전은 어때요.
6,0,0.0,1.0,3.0,1,낱말의 뜻을 알기 위해선 어떻게 했었나요?,낱말의 뜻을 알기 위해선 어떻게 했었나요?
12,1,0.08333333333333333,1.0,2.7777777777777777,0,n/ (1)/(한) 밑면의 넓이 곱하기 (2)/(이) 더하기 옆면의 넓이로 구할 수 있습니다.,밑면의 넓이 곱하기 더하기 옆면의 넓이로 구할 수 있습니다.
24,1,0.041666666666666664,1.0,3.0,0,"네/ @/ 재훈 이는요, 말은 잘 했는데요, 자신의 경험에 중심으로 말하고 있지 않아요. (그러니까)/(그까) (1번)/(일 번) @/ 재훈이 아닙니다.(2번)/(이 번) @/ 병훈 이 볼게요.","재훈 이는요, 말은 잘 했는데요, 자신의 경험에 중심으로 말하고 있지 않아요. 재훈이 병훈 볼게요."
12,0,0.0,1.0,2.5,1,요 문제도 처음에 풀 때 많이 낯설었을 거야. 그래서 (2번)/(이 번) 문젠데.,요 문제도 처음에 풀 때 많이 낯설었을 거야. 그래서 문젠데.
18,2,0.1111111111111111,1.0,2.9375,0,"n/ 이제 이렇게 원 위에 세 개의 점을 찍어서, 누름못에서, 누름못에 찍힌 점에서 이 점까지의 길이를 한번 재어볼까요?","이제 이렇게 원 위에 세 개의 점을 찍어서, 누름못에서, 누름못에 찍힌 점에서 점까지의 길이를 한번 재어볼까요?"
9,0,0.0,1.0,2.857142857142857,1,"삼각형 (3 각)/(세 각)의 크기의 합은 (180도)/(백 팔십 도)이고,","삼각형 (3 각)의 크기의 합은 팔십 도)이고,"
16,0,0.0,1.0,3.0625,1,하지만 홀로된 네로에게 조금만 더 관심을 가져주는 사람 있었다면* 얼마나 좋았을까 하는 생각을 버릴 수가 없는데요?,하지만 홀로된 네로에게 조금만 더 관심을 가져주는 사람 있었다면* 얼마나 좋았을까 하는 생각을 버릴 수가 없는데요?
9,0,0.0,0.875,2.5,1,"단위까지 잘 살펴보고 (20 분의 17)/(이십 분의 십 칠),","단위까지 잘 살펴보고 (20 분의 분의 십 칠),"
33,1,0.030303030303030304,0.6153846153846154,2.230769230769231,0,따라서 (1.4)/(일 쩜 사) 곱하기 (2.9)/(이 쩜 구) 도 할 수 있고요 (1.9)/(일 쩜 구) 곱하기 (2.4)/(이 점 사)도 계산할 수 있어요 (1.4)/(일 점 사) 곱하기 (2.9)/(이 쩜 구) 부터 자연수처럼 n/ 계산해볼게요.,따라서 쩜 사) 곱하기 쩜 구) 도 할 수 있고요 쩜 구) 곱하기 점 사)도 계산할 수 있어요 점 사) 곱하기 쩜 구) 부터 자연수처럼 계산해볼게요.
27,3,0.1111111111111111,1.0,3.7083333333333335,0,어/ 우리 예를 들어서 홍길동전에서 이 홍길동이라는 이 인물이 만약에 현실을 그대로 받아들이는 인물이었다면은 사건은 어떻게 달라졌을까요. 아마도 우리가 알고 있는 홍길동전의 내용과는 전혀 다른 이야기가 펼쳐졌겠죠.,우리 예를 들어서 홍길동전에서 홍길동이라는 인물이 만약에 현실을 그대로 받아들이는 인물이었다면은 사건은 어떻게 달라졌을까요. 아마도 우리가 알고 있는 홍길동전의 내용과는 전혀 다른 이야기가 펼쳐졌겠죠.
9,0,0.0,1.0,3.5555555555555554,1,구슬의 갯수를 곱셈식으로 나타내어 보세요 라고 했네요. 그런데 구슬이요.,구슬의 갯수를 곱셈식으로 나타내어 보세요 라고 했네요. 그런데 구슬이요.
9,0,0.0,1.0,3.5714285714285716,1,(41쪽)/(사십 일 쪽)에 나와있는 자꾸자꾸문제 (14번)/(십 사번) 문제 보겠습니다.,일 쪽)에 나와있는 자꾸자꾸문제 사번) 문제 보겠습니다.
26,0,0.0,1.0,3.2,1,"풀이과정 정리되었나요? 마지막에 답까지 (28개)/(스물 여덟 개)입니다 라고 나타내면 모두 정리가 되는 거예요. 눈으로 보는 거에서 그치면 안되고요, 여러분이 직접 한번 꼭 써서 정리를 해 둬야겠습니다.","풀이과정 정리되었나요? 마지막에 답까지 여덟 개)입니다 라고 나타내면 모두 정리가 되는 거예요. 눈으로 보는 거에서 그치면 안되고요, 여러분이 직접 한번 꼭 써서 정리를 해 둬야겠습니다."
16,1,0.0625,0.6923076923076923,2.923076923076923,0,"n/ 시계 방향으로 (180도)/(백 팔십 도)를 돌린 것과, 반시계 방향으로 (180도)/(백 팔십 도)를 돌린 방향은 같습니다.","시계 방향으로 팔십 도)를 돌린 것과, 반시계 방향으로 팔십 도)를 돌린 방향은 같습니다."
10,0,0.0,0.875,3.0,1,(100번)/(일백 번)을 또 고쳐 죽어요. 그러니까 수(100번)/(백 번)을 내가 죽었어요.,번)을 또 고쳐 죽어요. 그러니까 번)을 내가 죽었어요.
8,1,0.125,1.0,2.8333333333333335,0,n/ 와/ 마음을 직접 나타내는 말을 잘 찾았네요.,마음을 직접 나타내는 말을 잘 찾았네요.
10,1,0.1,1.0,3.375,0,선생님이 (고른)/(골은) 이 문제를 해결하기 위한 팁을 줄게요 이거 기억해두세요.,선생님이 문제를 해결하기 위한 팁을 줄게요 이거 기억해두세요.
3,0,0.0,1.0,5.333333333333333,1,앞차입니다. 앞에서부터 차례대로.,앞차입니다. 앞에서부터 차례대로.
23,0,0.0,0.9545454545454546,2.6363636363636362,1,벌어진 것이 큰 것이 큰각이라고 말을 할수가 있습니다 우리 친구들 잊지 않도록 하세요 자/ 그럼 이번에는요 선생님이 주변에 볼 수 있는 여러 가지.,벌어진 것이 큰 것이 큰각이라고 말을 할수가 있습니다 우리 친구들 잊지 않도록 하세요 그럼 이번에는요 선생님이 주변에 볼 수 있는 여러 가지.
9,0,0.0,1.0,3.7777777777777777,1,"김별연 친구가요, 동물원은 필요한가 이것에 대한 자신의 주장을 내세웠습니다.","김별연 친구가요, 동물원은 필요한가 이것에 대한 자신의 주장을 내세웠습니다."
10,2,0.2,1.0,2.857142857142857,0,자/ 그 다음에 이 원고를 이용해서 뉴스 영상을 또 만들죠.,다음에 원고를 이용해서 뉴스 영상을 또 만들죠.
26,1,0.038461538461538464,0.9583333333333334,3.25,0,"이 말은 존재하지 않아요. 무조건 며칠입니다. 몇 월 며칠 또는 며칠입니까? 할때는요. 무조건 이렇게 며칠이라고 쓴다는 것, 이것도 꼭 기억하면 좋겠죠? 자/ 다음 문제 계속해서 알아볼게요.","말은 존재하지 않아요. 무조건 며칠입니다. 몇 월 며칠 또는 며칠입니까? 할때는요. 무조건 이렇게 며칠이라고 쓴다는 것, 이것도 꼭 기억하면 좋겠죠? 다음 문제 계속해서 알아볼게요."
5,0,0.0,1.0,2.8,1,이것은 스스로 목숨을 끊는 것은.,이것은 스스로 목숨을 끊는 것은.
8,0,0.0,1.0,3.6666666666666665,1,(1)/(하나)를 샥 옮겨주면 되겠죠. 오른쪽으로 (1칸)/(한 칸) 옮겼습니다.,샥 옮겨주면 되겠죠. 오른쪽으로 칸) 옮겼습니다.
2,1,0.5,1.0,4.0,0,아/ 있어요?,있어요?
14,3,0.21428571428571427,1.0,3.0,0,"n/ 아/ 네네네. 어어/ 넓다를 표현해야 하니까, 팔을 쭉 벌리고 있는 n/ 가운데 친구요.","네네네. 넓다를 표현해야 하니까, 팔을 쭉 벌리고 있는 가운데 친구요."
21,3,0.14285714285714285,0.9411764705882353,3.235294117647059,0,특별히 이 글은요. 어/ 경주에 가면 호원사라는 절이 있는데 그/ 호원사라는 절에 얽힌 전설이 되겠습니다. 전설 따라 (30000리)/(삼 만리) 그런 전설이에요.,특별히 글은요. 경주에 가면 호원사라는 절이 있는데 호원사라는 절에 얽힌 전설이 되겠습니다. 전설 따라 만리) 그런 전설이에요.
4,1,0.25,1.0,3.3333333333333335,0,n/ 그럼 오늘은 여기까지!,그럼 오늘은 여기까지!
9,0,0.0,1.0,2.888888888888889,1,둘 다 아니에요 적당한 목소리 알맞은 목소리로 읽어야 되겠죠.,둘 다 아니에요 적당한 목소리 알맞은 목소리로 읽어야 되겠죠.
6,0,0.0,1.0,3.5,1,그렇죠 여기 두식을 비교해보면 된다라고 했었죠.,그렇죠 여기 두식을 비교해보면 된다라고 했었죠.
10,2,0.2,1.0,3.0,0,아/ 그것도 아닌 거 (같고요)/(같구요). n/ 두 번째요. 근면하고 성실한가요?,그것도 아닌 거 두 번째요. 근면하고 성실한가요?
26,0,0.0,0.96,3.24,1,다보탑은 장식이 많고 화려한 반면 석가탑은 단순하면서도 세련되어 있다. 이것은 뭐예요? 서로 다른 점이잖아요. 이렇게 (2가지)/(두 가지) 이상의 대상에서 다른 점을 찾아 설명하는 것을 무엇이라고 한다?,다보탑은 장식이 많고 화려한 반면 석가탑은 단순하면서도 세련되어 있다. 이것은 뭐예요? 서로 다른 점이잖아요. 이렇게 가지) 이상의 대상에서 다른 점을 찾아 설명하는 것을 무엇이라고 한다?
28,0,0.0,0.9259259259259259,2.7777777777777777,1,이번에도 가장 큰 것이 무엇인지를 살펴보면 되겠네요 바로 양동이에요. 그러므로 (3)/(세) 가지 물건 중에서 양동이에 담을 수 있는 양이 가장 많습니다 라고 얘기 할 수있고요. 반대로 가장 작은,이번에도 가장 큰 것이 무엇인지를 살펴보면 되겠네요 바로 양동이에요. 그러므로 가지 물건 중에서 양동이에 담을 수 있는 양이 가장 많습니다 라고 얘기 할 수있고요. 반대로 가장 작은
6,1,0.16666666666666666,1.0,4.0,0,n/ 농장 머슴아이인 꼬마의 또랑또랑한 얼굴이나.,농장 머슴아이인 꼬마의 또랑또랑한 얼굴이나.
15,1,0.06666666666666667,0.7142857142857143,3.2142857142857144,0,어/ 이제 새 학년 새 교실에 들어가면 설렐 것 (같다고요)(같다구요). 그래요. 새 교실에 들어가면 설레죠.,이제 새 학년 새 교실에 들어가면 설렐 것 (같다고요)(같다구요). 그래요. 새 교실에 들어가면 설레죠.
5,0,0.0,1.0,4.333333333333333,1,자/ 밑면 다각형이고 (1개)/(한 개)입니다.,밑면 다각형이고 개)입니다.
13,0,0.0,1.0,3.727272727272727,1,자/자동차 타이어도 마찬가지입니다 멈추다가 오/ 잘나가는데 브레이크 잡아볼까 그래도 휭 나가 그러면 안되죠.,타이어도 마찬가지입니다 멈추다가 잘나가는데 브레이크 잡아볼까 그래도 휭 나가 그러면 안되죠.
11,0,0.0,1.0,2.909090909090909,1,그림을 보고 그림의 내용이 잘 나타나도록 꾸미는 말을 넣어 주시기 바랍니다.,그림을 보고 그림의 내용이 잘 나타나도록 꾸미는 말을 넣어 주시기 바랍니다.
10,0,0.0,0.9,2.6,1,우리 친구들 중 선생님과 함께 하고 싶은 친구들 손 들어볼까요?,우리 친구들 중 선생님과 함께 하고 싶은 친구들 손 들어볼까요?
1,0,0.0,0.0,0.0,1,(6)/(육),
8,0,0.0,1.0,3.25,1,그림을 보니까 선생님께서 여섯째 앉아요 라고 이야기 했어요.,그림을 보니까 선생님께서 여섯째 앉아요 라고 이야기 했어요.
14,0,0.0,1.0,2.3,1,(2)/(이) (4)/(사) (8)/(팔). 올림 한 거랑 더해서 (112)/(백 십 이). 요렇게 계산을 하면 돼요.,올림 한 거랑 더해서 십 이). 요렇게 계산을 하면 돼요.
12,1,0.08333333333333333,1.0,2.9,0,자/ 이 문제 조금 어려워 보일 수도 있는 문제였지만 결국에는 무엇이 있나요?,문제 조금 어려워 보일 수도 있는 문제였지만 결국에는 무엇이 있나요?
19,1,0.05263157894736842,0.8888888888888888,3.3333333333333335,0,"꼭 내가 사는 지역에 요게 있어요 요게. 이게 뭐냐? 호랑이가 나타났다가 사라졌다가 나타났다가 사라졌다가 하는 지역이다 이 말이에요. 출몰은,","꼭 내가 사는 지역에 요게 있어요 요게. 이게 뭐냐? 호랑이가 나타났다가 사라졌다가 나타났다가 사라졌다가 하는 지역이다 말이에요. 출몰은,"
7,1,0.14285714285714285,1.0,3.1666666666666665,0,어/ 사용되고 있기 때문에 여러분 한자를 배우죠?,사용되고 있기 때문에 여러분 한자를 배우죠?
6,1,0.16666666666666666,1.0,4.4,0,n/ 하지만 별주부는 용왕의 충성스러운 신하였잖아요.,하지만 별주부는 용왕의 충성스러운 신하였잖아요.
21,0,0.0,1.0,3.0,1,이것은 봄에서 여름으로 또 가을로 시간이 흐름에 따라서 어떤 똑같은 하나의 자료가 변화하는 것이 아니라 단지 봄을 좋아하는 학생은 (8명)/(여덟 명)이에요.,이것은 봄에서 여름으로 또 가을로 시간이 흐름에 따라서 어떤 똑같은 하나의 자료가 변화하는 것이 아니라 단지 봄을 좋아하는 학생은 명)이에요.
10,0,0.0,1.0,2.6,1,가 에 대한 설명으로 알맞지 않은 것에 동그라미 표를 하랍니다.,가 에 대한 설명으로 알맞지 않은 것에 동그라미 표를 하랍니다.
23,0,0.0,0.9090909090909091,3.1363636363636362,1,"아, 이렇게 처음 보는 도형의 둘레를 구하는 문제였지만 도형을 살짝 바꿔보니까 우리가 잘 아는 직사각형의 둘레를 구하는 문제로 바뀌었네요. 자/ 다시 한번 기억합니다.","아, 이렇게 처음 보는 도형의 둘레를 구하는 문제였지만 도형을 살짝 바꿔보니까 우리가 잘 아는 직사각형의 둘레를 구하는 문제로 바뀌었네요. 다시 한번 기억합니다."
15,2,0.13333333333333333,0.8461538461538461,2.6923076923076925,0,그 책을 잡은 아이에게 어떤 말을 들려줄 수 있는지 해줄수 있는지 그 말을 쓰라는 거잖아요.,책을 잡은 아이에게 어떤 말을 들려줄 수 있는지 해줄수 있는지 말을 쓰라는 거잖아요.
3,0,0.0,1.0,3.6666666666666665,1,높이 계산해주면 되었죠.,높이 계산해주면 되었죠.
20,2,0.1,0.8888888888888888,3.111111111111111,0,"n/ 참 우리가 이 만화를 읽으면서 인물의 마음을 먼저 짐작해봐야겠죠. 인물의 마음을 짐작하고, 또 그것을 어떻게 실감나게 표현할 수 있을지","참 우리가 만화를 읽으면서 인물의 마음을 먼저 짐작해봐야겠죠. 인물의 마음을 짐작하고, 또 그것을 어떻게 실감나게 표현할 수 있을지"
7,0,0.0,1.0,2.0,1,"밑에 바로 두 번째 문제 더 볼게요,","밑에 바로 두 번째 문제 더 볼게요,"
12,0,0.0,1.0,3.1818181818181817,1,아유/ 쑥스럽기도 하고 또 무엇을 칭찬해야 될지 잘 모르겠단 말이죠? 그래서 이번에는요.,쑥스럽기도 하고 또 무엇을 칭찬해야 될지 잘 모르겠단 말이죠? 그래서 이번에는요.
8,1,0.125,1.0,3.142857142857143,0,n/ 복사해서 읽다 붙이기 해서 고칠 부분을 찾아야겠죠?,복사해서 읽다 붙이기 해서 고칠 부분을 찾아야겠죠?
18,0,0.0,1.0,2.933333333333333,1,여러 사람의 생각에 영향을 주어서 어떤 걸 형성하기도 한대요. 자/ 초성 힌트 예에* 인데요. 자/ (여론)/(여 론)이죠 여론.,여러 사람의 생각에 영향을 주어서 어떤 걸 형성하기도 한대요. 초성 힌트 예에* 인데요. 론)이죠 여론.
3,0,0.0,1.0,3.6666666666666665,1,이게 바로 기울기입니다.,이게 바로 기울기입니다.
8,0,0.0,1.0,3.2857142857142856,1,(5개)/(다섯 개)를 묶어서 뭘로 표현한다? 마찬가지로 우리 요렇게,개)를 묶어서 뭘로 표현한다? 마찬가지로 우리 요렇게
13,2,0.15384615384615385,1.0,3.857142857142857,0,따라서 이 문제의 정답(5번)/(오 번) 되겠습니다. n/ 이어지는 문제는요 (14번)/(십 사 번) 문제인데요.,따라서 문제의 되겠습니다. 이어지는 문제는요 사 문제인데요.
11,0,0.0,0.8888888888888888,2.6666666666666665,1,"겉넓이를 구할 때, 방법 (1)/(일) 보다는 방법 (2)/(이)를 더 손호+ 선호하죠.","겉넓이를 구할 때, 방법 보다는 방법 더 손호+ 선호하죠."
16,1,0.0625,0.8333333333333334,3.5,0,"문제 (2번)/(이 번), 삼각형의 넓이를 구하시오, 했어요. n/ 실제로 삼각형의 넓이를 (1)/(한 번) 구해 보도록 하겠습니다.","문제 번), 삼각형의 넓이를 구하시오, 했어요. 실제로 삼각형의 넓이를 구해 보도록 하겠습니다."
19,0,0.0,1.0,2.5,1,"이렇게 문제 해결 해 봤으니까요, 아마 우리 친구 쏙쏙에도 (999)/(구백 구십 구) 다음의 수를 자신 있게 말해볼 수 있겠죠?","이렇게 문제 해결 해 봤으니까요, 아마 우리 친구 쏙쏙에도 구십 구) 다음의 수를 자신 있게 말해볼 수 있겠죠?"
7,0,0.0,0.8333333333333334,2.5,1,"(말)/(만) 그대로, 말 그대로 온. 따뜻할 온.","그대로, 말 그대로 온. 따뜻할 온."
2,0,0.0,1.0,4.0,1,"(2)/(이) 곱하기,","곱하기,"
13,0,0.0,1.0,3.3076923076923075,1,우리 친구들 요즘에 도서관에 가면요. 많은 종류의 위인전을 보았을 거예요. 어떤 종류들이 있었나요?,우리 친구들 요즘에 도서관에 가면요. 많은 종류의 위인전을 보았을 거예요. 어떤 종류들이 있었나요?
14,0,0.0,1.0,3.111111111111111,1,"자/ 그러면 이제는 어떤 숫자가 나오냐? 바로 (5)/(오)가 나왔네. (5)/(오)는 (5개)/(다섯 개)야, (5개)/(다섯 개).","그러면 이제는 어떤 숫자가 나오냐? 바로 나왔네. 개)야, 개)."
8,1,0.125,1.0,2.8333333333333335,0,이 놀부 아버지도요. 바로 그런 농민 가운데 (1)/(하나)였지요.,놀부 아버지도요. 바로 그런 농민 가운데
9,0,0.0,1.0,3.5,1,여기가 바로 판결이 되겠습니다 자/ 그러면 냠냠 두번째로 넘어갈까요.,여기가 바로 판결이 되겠습니다 그러면 냠냠 두번째로 넘어갈까요.
21,3,0.14285714285714285,0.7222222222222222,3.388888888888889,0,그/ 특성이 잘 드러나도록 해야 합니다. 그렇습니다. 첫번째 개념이었죠. 사물이나 n/ 인물에 대하여 설명할 때에는 그/ 특성이 잘 드러나도록 해야 합니다.,특성이 잘 드러나도록 해야 합니다. 그렇습니다. 첫번째 개념이었죠. 사물이나 인물에 대하여 설명할 때에는 특성이 잘 드러나도록 해야 합니다.
9,1,0.1111111111111111,1.0,2.625,0,n/ 가은이가 그림을 너무 잘 그려서 그런 것 아닐까요?,가은이가 그림을 너무 잘 그려서 그런 것 아닐까요?
5,1,0.2,1.0,3.0,0,n/ o/ 우와/ 제가 썼지만.,제가 썼지만.
10,0,0.0,1.0,3.1,1,찰흙을 가지고 모양을 직접 만들어서 이런 작품을 만들어낼 수도 있겠네요.,찰흙을 가지고 모양을 직접 만들어서 이런 작품을 만들어낼 수도 있겠네요.
24,0,0.0,0.9,2.95,1,네 이렇게 해서 오늘 요리를 모두 마쳤는데요 우리 친구들 (1mm)/(일 밀리미터) (1cm)/(일 센티미터) (1m)/(일 미터) 그리고 (1km)/(일 킬로미터)까지 우리 친구들 다 하실 수 있지요?,네 이렇게 해서 오늘 요리를 모두 마쳤는데요 우리 친구들 밀리미터) 센티미터) 미터) 그리고 킬로미터)까지 우리 친구들 다 하실 수 있지요?
4,0,0.0,1.0,3.0,1,왜 이런 문제가 생긴걸까요?,왜 이런 문제가 생긴걸까요?
24,0,0.0,1.0,2.869565217391304,1,이규보의 말을 통해서 대장경을 처음 제작했을 때는요 거란군이 고려를 침입했다는 것 그런 시대 상황을 알 수 있죠. 따라서 정답은 (2번)/(이 번)이 되겠습니다. 다음 문제,이규보의 말을 통해서 대장경을 처음 제작했을 때는요 거란군이 고려를 침입했다는 것 그런 시대 상황을 알 수 있죠. 따라서 정답은 번)이 되겠습니다. 다음 문제
19,1,0.05263157894736842,1.0,3.2777777777777777,0,"n/ 셋째. 성 안에 진흙탕, 호수, 공연장 무엇을 해도 되는 공간을 만들어서 막대싸움, 달리기를 할수 있도록 만들어놓고 친구들을 초대하세요.","셋째. 성 안에 진흙탕, 호수, 공연장 무엇을 해도 되는 공간을 만들어서 막대싸움, 달리기를 할수 있도록 만들어놓고 친구들을 초대하세요."
3,0,0.0,1.0,4.5,1,"자/ 그래요, 정답은요.","그래요, 정답은요."
4,0,0.0,1.0,2.5,1,"자/ (3)/(삼)이 더 크니까,","더 크니까,"
34,0,0.0,1.0,3.1818181818181817,1,우리말과 글을 소중히 여기자. 지금부터 나라의 힘을 길러야 한다? 아녜요. 우리 나라를 사랑하는 마음을 갖자. 그만큼 또 독도를 예를 들어서 설명한 것이다라고 보시면 되는 거예요. (4번)/(사 번)입니다. 수많은 섬들을 잘 관리하자 라고 되어있는데 아니에요.,우리말과 글을 소중히 여기자. 지금부터 나라의 힘을 길러야 한다? 아녜요. 우리 나라를 사랑하는 마음을 갖자. 그만큼 또 독도를 예를 들어서 설명한 것이다라고 보시면 되는 거예요. 번)입니다. 수많은 섬들을 잘 관리하자 라고 되어있는데 아니에요.
6,1,0.16666666666666666,1.0,4.0,0,n/ 평행인 (2직선)/(두 직선)의 평행선이라고 해요.,평행인 직선)의 평행선이라고 해요.
23,0,0.0,0.9411764705882353,2.3529411764705883,1,자/ 일단 (6.8)/(육 점 팔) (7)/(칠)보다 작은 수 맞죠. 그래서 동그라미 (9)/(구)는요. 그렇죠 (7)/(칠) 보다 큰 수니까 (7)/(칠) 이하인 수라고는 할 수 없어요.,일단 점 팔) 작은 수 맞죠. 그래서 동그라미 그렇죠 보다 큰 수니까 이하인 수라고는 할 수 없어요.
21,2,0.09523809523809523,0.8823529411764706,2.3529411764705883,0,자/ 그림을 한번 보도록 하죠 가 지점까지 이미 n/ (5 와 2 분의 1km)/(오 와 이 분의 일 킬로미터)를 달린 셈입니다.,그림을 한번 보도록 하죠 가 지점까지 이미 (5 와 2 분의 와 분의 일 킬로미터)를 달린 셈입니다.
12,0,0.0,1.0,2.1818181818181817,1,"여러분이 정확한 사실을 많이 모든 것에 있다 라고 얘기 할 수 있어요.n/,",여러분이 정확한 사실을 많이 모든 것에 있다 라고 얘기 할 수
4,1,0.25,1.0,2.5,0,n/ 나? (100개)/(백 개).,나? 개).
4,1,0.25,1.0,3.6666666666666665,0,그 친구가 뭐라고 했냐면요.,친구가 뭐라고 했냐면요.
20,0,0.0,1.0,2.3125,1,큰 수를 작은 수로 나누었을 때 몫이 (3)/(삼) 인 (2)/(두) 수는 따라서 (12)/(십 이)와 (4)/(사)입니다 이렇게 표현을 할 수가 있습니다.,큰 수를 작은 수로 나누었을 때 몫이 인 수는 따라서 이)와 이렇게 표현을 할 수가 있습니다.
12,0,0.0,1.0,2.625,1,자/ 아까 구한 (2)/(이) 분의 (7)/(칠) 곱하기 세로의 길이 (4)/(사). 이렇게 되겠죠?,아까 구한 분의 곱하기 세로의 길이 이렇게 되겠죠?
32,0,0.0,0.9310344827586207,2.9310344827586206,1,그림과 같이 음료수 캔을요 (15번)/(열 다섯 번) 을 굴렸대요 그랬더니 이만큼을 갔다고 합니다 음료수 캔의 지름의 길이를 구하라고 했습니다 선생님 일단 문제를 보니까 어때요 선생님 너무 복잡해요 라고 하죠 (1)/(한) 문장씩 볼게요.,그림과 같이 음료수 캔을요 다섯 을 굴렸대요 그랬더니 이만큼을 갔다고 합니다 음료수 캔의 지름의 길이를 구하라고 했습니다 선생님 일단 문제를 보니까 어때요 선생님 너무 복잡해요 라고 하죠 문장씩 볼게요.
5,0,0.0,1.0,5.0,1,안녕하세요. 저는 별빛초등학교에 다니는 김도훈이에요.,안녕하세요. 저는 별빛초등학교에 다니는 김도훈이에요.
23,1,0.043478260869565216,1.0,2.5,0,그래요 위와 아래에 평평한 부분이 있기 때문에 마찬가지로 잘 쌓을 수 있는 거에요. 그런데 친구들 조심해야 될 점이 있죠. 이 모 양은 항상,그래요 위와 아래에 평평한 부분이 있기 때문에 마찬가지로 잘 쌓을 수 있는 거에요. 그런데 친구들 조심해야 될 점이 있죠. 모 양은 항상
7,1,0.14285714285714285,1.0,3.6,0,n/ 자/ 가시를 선물로 받았죠 정답은 가시입니다.,가시를 선물로 받았죠 정답은 가시입니다.
4,0,0.0,1.0,5.0,1,다섯째는* (5)/(오) 여섯째는* (6)/(육),다섯째는* 여섯째는*
8,2,0.25,1.0,4.5,0,"n/ 그렇지요, (2번)/(이 번) n/ 인색하다가 답이 되겠습니다.","그렇지요, 인색하다가 답이 되겠습니다."
25,0,0.0,1.0,3.3636363636363638,1,(20번)/(이십 번) 문제예요. (ㄴ)/(니은)의 까닭이 무엇인지 쓰시오. 모두 거짓말 같기만 한 이유는 뭘까요? 우물 밖 세상이라고는 개구리들이 나가본 적이 없기 때문이지요? 바로 요렇게 정리하면 되겠습니다.,문제예요. 까닭이 무엇인지 쓰시오. 모두 거짓말 같기만 한 이유는 뭘까요? 우물 밖 세상이라고는 개구리들이 나가본 적이 없기 때문이지요? 바로 요렇게 정리하면 되겠습니다.
17,2,0.11764705882352941,1.0,3.533333333333333,0,n/ 선인과 악인입니다 즉 착한 사람과 나쁜나람 이 등장한다는 거죠. 현대소설은요. 굉장히 다양한 성격의 인물들이 등장을 합니다.,선인과 악인입니다 즉 착한 사람과 나쁜나람 등장한다는 거죠. 현대소설은요. 굉장히 다양한 성격의 인물들이 등장을 합니다.
24,0,0.0,1.0,2.9411764705882355,1,그다음 (67)/(육십 칠)과 (69)/(육십 구) 사이에 있는 수는요? (67)/(육십 칠) 다음에 무엇이죠? 그래요 (68)/(육십 팔) 그리고 (69)/(육십 구)가 되겠죠? (69)/(육십 구)보다 (1)/(일) 큰 수는?,그다음 칠)과 구) 사이에 있는 수는요? 칠) 다음에 무엇이죠? 그래요 팔) 그리고 구)가 되겠죠? 구)보다 큰 수는?
27,0,0.0,0.9411764705882353,3.1176470588235294,1,그럼 이번에 여기에 있는 (29)/(이십 구) 나누기 (4)/(사)를 계산해볼게요. 자/ 이거 바로 나타내면 (4)/(사) 분의 (29)/(이십 구)가 되겠죠. 그럼 (29)/(이십 구)에 (4)/(사)는 (7번)/(일곱 번) 들어가고 (1)/(일)이 남습니다.,그럼 이번에 여기에 있는 구) 나누기 계산해볼게요. 이거 바로 나타내면 분의 구)가 되겠죠. 그럼 구)에 들어가고 남습니다.
13,1,0.07692307692307693,0.9090909090909091,2.272727272727273,0,(395cm)/(삼백 구십 오 센티미터) 이고 그 다음 가장 짧은 변의 길이 가장 짧은.,구십 오 센티미터) 이고 다음 가장 짧은 변의 길이 가장 짧은.
16,0,0.0,1.0,2.769230769230769,1,자/ 국어 활동 책 오늘은 이제 끝났어요. 덮고 국어책 가지고와서 자/ 쪽수 (23쪽)/(이십 삼 쪽) 펼쳐주세요.,국어 활동 책 오늘은 이제 끝났어요. 덮고 국어책 가지고와서 쪽수 삼 쪽) 펼쳐주세요.
23,3,0.13043478260869565,1.0,3.736842105263158,0,그래서 이 오밤중에는 영업안혀요 했더니만 돈을 (2배)/(두 배)로 준다대. 급하게 뛰어갔더니 그 뭣이냐 백설인지 뭔지 얼굴 허연애를 데려다가 그 숲속에 갖다버리고 심장을 가져오라더만.,그래서 오밤중에는 영업안혀요 했더니만 돈을 배)로 준다대. 급하게 뛰어갔더니 뭣이냐 백설인지 뭔지 얼굴 허연애를 데려다가 숲속에 갖다버리고 심장을 가져오라더만.
4,0,0.0,1.0,4.0,1,o/ 글감 주방으로 가겠습니다.,글감 주방으로 가겠습니다.
4,0,0.0,1.0,3.6666666666666665,1,자/ 보세요. 준은 할아버지가,보세요. 준은 할아버지가
25,0,0.0,1.0,2.8181818181818183,1,"(1씩)/(일 씩) 커지고 있죠. 지금 이런 것처럼 우리 진분수나 가분수 가 나왔을 때는 여러분들 분자에 주목하면 (좋고)/(좋구) (그리고)/(그리구) 나중에 대분수가 나오는 문제가 있는데 그럴 때는,","씩) 커지고 있죠. 지금 이런 것처럼 우리 진분수나 가분수 가 나왔을 때는 여러분들 분자에 주목하면 나중에 대분수가 나오는 문제가 있는데 그럴 때는,"
16,0,0.0,1.0,3.066666666666667,1,매일 하루에 (1개)/(한 개)씩 황금알에 만족하고 살았으면 좋았을것을 괜한 욕심을 부렸다가 모든 것을 다 잃고 말았어요.,매일 하루에 개)씩 황금알에 만족하고 살았으면 좋았을것을 괜한 욕심을 부렸다가 모든 것을 다 잃고 말았어요.
16,1,0.0625,0.9230769230769231,3.5384615384615383,0,친구들! 친구들은 음/ 유치원 다닐 때 아니면 )1학년)/(일 학년) 때 친구들이랑 다투었던 경험이 있어요?경험이 (뭐냐고요)/(뭐냐구요)? 알려줄게요.,친구들! 친구들은 유치원 다닐 때 아니면 학년) 때 친구들이랑 다투었던 경험이 있어요?경험이 알려줄게요.
27,0,0.0,1.0,3.3636363636363638,1,(몫의)/(목세) (4)/(사)를 (이렇게)/(이르케) (1)/(일)의 (자리)/(짜리) 적어주(고요)/(구요). 자/ (31)/(삼십 일) (1)/(일) 밑에 이렇게 적어줄게요. 그러면 935)/(삼십오)에서 (31)/(삼십일) (1)/(일) 뺀 (3)/(삼)이 나머지가 되겠죠. 자/ 그것을 가로로 (1번)/(한 번) 적어볼까요.,일) 밑에 이렇게 적어줄게요. 그러면 뺀 나머지가 되겠죠. 그것을 가로로 적어볼까요.
4,0,0.0,1.0,4.0,1,그래요 움직이는 장소가 하늘입니다.,그래요 움직이는 장소가 하늘입니다.
6,0,0.0,1.0,3.75,1,이번엔 배수에 대해서 (1번)/(한 번) 정리해보죠.,이번엔 배수에 대해서 정리해보죠.
8,1,0.125,1.0,3.3333333333333335,0,자/ 그럼 이어서 읽을게요. 세모가 다시 놀렸어요. 어/,그럼 이어서 읽을게요. 세모가 다시 놀렸어요.
13,2,0.15384615384615385,1.0,2.3333333333333335,0,n/ 아이고/ 내가 그 생각을 왜 못 했지? 아이고/ 세상에 이렇게 하는 거야.,내가 생각을 왜 못 했지? 세상에 이렇게 하는 거야.
16,1,0.0625,1.0,3.0,0,n/ (1주일)/(한 주일) 동안 건강하게 지내시고 다음 시간에 소수의 나눗셈 공부할 때 다시 만날께요 여러분 사랑해요.,주일) 동안 건강하게 지내시고 다음 시간에 소수의 나눗셈 공부할 때 다시 만날께요 여러분 사랑해요.
30,0,0.0,1.0,2.7916666666666665,1,(131)/(백 삼십 일) 곱하기 (3)/(삼)을 계산하면 (393)/(삼백 구십 삼)이 나오는데요. 곱해지는 수가 (100)/(백)분의(1)/(일)배가 되었기 때문에 곱의 결과도 (100)/(백)분의(1)/(일)배가 되어서 (3.93kilometer)/(삼 점 구 삼 킬로미터)를 올라갈 때 걸었구나를 알 수 있습니다.,삼십 일) 곱하기 계산하면 구십 삼)이 나오는데요. 곱해지는 수가 되었기 때문에 곱의 결과도 되어서 점 구 삼 킬로미터)를 올라갈 때 걸었구나를 알 수 있습니다.
6,1,0.16666666666666666,1.0,3.0,0,n/ 어울리는 서술어가 따로 있는 낱말을,어울리는 서술어가 따로 있는 낱말을
3,0,0.0,1.0,3.0,1,그럼 한번 그려볼까?,그럼 한번 그려볼까?
8,0,0.0,1.0,3.0,1,따라서 (21)/(이십 일) 곱하기 (2)/(이)를 계산하면 (42)/(사십 이).,따라서 일) 곱하기 계산하면 이).
9,0,0.0,0.875,3.0,1,그래야 노마가 이해 가지요? 그래서 노마가 (어떻게)/(어트게) 하는 거예요.,그래야 노마가 이해 가지요? 그래서 노마가 하는 거예요.
12,0,0.0,0.9,2.3,1,(10)/(열) 개씩 묶음 (5)/(다섯) 개는 그대로 있으니까 그대로 써 줘서 이렇게 오,개씩 묶음 개는 그대로 있으니까 그대로 써 줘서 이렇게 오
5,0,0.0,1.0,3.3333333333333335,1,붙이다. 허/ (2)/(둘) 다 붙이다네.,붙이다. 다 붙이다네.
32,1,0.03125,0.896551724137931,2.7586206896551726,0,두고 온 친구에 대한 그리움. (1연)/(일 연)에 이런 내용이 나옵니다. 두고 온 친구들은 신발장에 신발을 넣으며 내 하얀 운동화를 기억할까 이런 내용 나오잖아요. 지금 옛 친구들을 n/ 그리워 하고 있는 거죠? 어우/,두고 온 친구에 대한 그리움. 연)에 이런 내용이 나옵니다. 두고 온 친구들은 신발장에 신발을 넣으며 내 하얀 운동화를 기억할까 이런 내용 나오잖아요. 지금 옛 친구들을 그리워 하고 있는 거죠?
11,0,0.0,1.0,2.9,1,(1)/(하나)씩 차근차근 해결하면 두 문제가 숨어있는 문제도 얼마든지 풀 수 있어요.,차근차근 해결하면 두 문제가 숨어있는 문제도 얼마든지 풀 수 있어요.
7,0,0.0,1.0,3.1666666666666665,1,자/ 그런데 문제점이 있으면 어떻게 하셔야 돼요?,그런데 문제점이 있으면 어떻게 하셔야 돼요?
12,0,0.0,0.8571428571428571,3.4285714285714284,1,자/ 우리 계속해서 문제 (2번)/(이 번) 풀어보도록 할까요? 문제 (2번)/(이 번) 보실게요.,우리 계속해서 문제 풀어보도록 할까요? 문제 보실게요.
13,2,0.15384615384615385,1.0,3.4,0,"n/ 음/ 톰이 (했던)/(한던) 행동은 용기있는 행동이었고, 위험이 따르더라도 진실을 밝히는 게 맞지만,","톰이 행동은 용기있는 행동이었고, 위험이 따르더라도 진실을 밝히는 게 맞지만,"
8,0,0.0,1.0,3.0,1,그런데 토론을 하려면 가장 먼저 해야될 것이 무엇일까요?,그런데 토론을 하려면 가장 먼저 해야될 것이 무엇일까요?
25,1,0.04,0.8260869565217391,2.8260869565217392,0,자/ 제시된 글을 읽고 더 알고 싶은 내용에 대해서 묻고 있는데요. 그러면 일단 제시된 글을 읽고 나서 어떤 내용에 대해 알아보면 좋을지 생각해보도록 하겠습니다. n/,제시된 글을 읽고 더 알고 싶은 내용에 대해서 묻고 있는데요. 그러면 일단 제시된 글을 읽고 나서 어떤 내용에 대해 알아보면 좋을지 생각해보도록 하겠습니다.
9,0,0.0,1.0,2.7777777777777777,1,"함께 이야기 나눠보고 우리도 발전할 수 있지 않을까? 라고,","함께 이야기 나눠보고 우리도 발전할 수 있지 않을까? 라고,"
3,1,0.3333333333333333,1.0,4.0,0,"음/막 생각나네, 그쵸?","생각나네, 그쵸?"
2,1,0.5,0.0,0.0,0,n/ (ㅅ)/(시옷),
10,1,0.1,1.0,3.111111111111111,0,좋아요. n/ 그럼 이번에는요 우리 친구들이 직접 말을 해보는 거예요.,좋아요. 그럼 이번에는요 우리 친구들이 직접 말을 해보는 거예요.
6,0,0.0,1.0,3.5,1,선생님이 계산왕 비법 알려주고 함께 풀어볼게요.,선생님이 계산왕 비법 알려주고 함께 풀어볼게요.
26,0,0.0,0.8181818181818182,2.909090909090909,1,자 이번에는 약수와 배수의 관계에 문제가 드디어 나왔습니다 약수와 배수의 관계인 (2)/(두) 수를 모두 찾아 써야 하는데요 자/ 여러분 약수와 배수의 관계 (1번)/(한 번) 떠올려 볼까요.,자 이번에는 약수와 배수의 관계에 문제가 드디어 나왔습니다 약수와 배수의 관계인 수를 모두 찾아 써야 하는데요 여러분 약수와 배수의 관계 떠올려 볼까요.
10,0,0.0,0.8888888888888888,3.3333333333333335,1,아유/ 선생님 읽을 때같이 읽어야지요. 그래야 머릿속에 쏙 쏙 들어간다고요.,선생님 읽을 때같이 읽어야지요. 그래야 머릿속에 쏙 쏙 들어간다고요.
30,0,0.0,0.8666666666666667,2.8,1,네 두 수의 비에서는요 비교하는 양이 먼저 나오고 기준량인 나중에 나오며 비율이라는 것은 기준량 분에 비교하는 양의 크기로써 분수로 기준량 분에 비교하는 양 해서 구할 수 있다라는 거 아시면 되겠습니다.,네 두 수의 비에서는요 비교하는 양이 먼저 나오고 기준량인 나중에 나오며 비율이라는 것은 기준량 분에 비교하는 양의 크기로써 분수로 기준량 분에 비교하는 양 해서 구할 수 있다라는 거 아시면 되겠습니다.
11,0,0.0,1.0,3.272727272727273,1,"예, 그러니까 오일러에게는 천재 또는 대수학자라는 별명이 항상 뒤따라 다녔던 거죠.","예, 그러니까 오일러에게는 천재 또는 대수학자라는 별명이 항상 뒤따라 다녔던 거죠."
6,0,0.0,1.0,2.25,1,b/ 이렇게 셀 수 있어요. b/,이렇게 셀 수 있어요.
23,0,0.0,0.9523809523809523,2.9047619047619047,1,바로 몇을 나타내냐 하면요 (100000000)/(억)을 나타내는 순수한 우리말이라고 합니다 참고로요 (1000000000000)/(조)라고 하는 것은 우리의 순수한 말로 울이라고 해요 다시 한번 정리를 해 볼게요.,바로 몇을 나타내냐 하면요 나타내는 순수한 우리말이라고 합니다 참고로요 하는 것은 우리의 순수한 말로 울이라고 해요 다시 한번 정리를 해 볼게요.
2,1,0.5,1.0,4.0,0,n/ 행동을.,행동을.
3,0,0.0,1.0,4.0,1,자/ 그럼 시작합니다.,그럼 시작합니다.
11,1,0.09090909090909091,1.0,2.4444444444444446,0,자/ 그럼 또 다른 부치다 한번 보도록 할게요. 어/ 얘는 어떻게,그럼 또 다른 부치다 한번 보도록 할게요. 얘는 어떻게
16,2,0.125,1.0,3.142857142857143,0,마비가 오는 그런 증세를 말하죠. 그런데 이 진돗개 내가 정말 기다리고 기다리던 이 진돗개가 중풍에 걸렸대요.,마비가 오는 그런 증세를 말하죠. 그런데 진돗개 내가 정말 기다리고 기다리던 진돗개가 중풍에 걸렸대요.
10,0,0.0,1.0,2.5,1,우리 친구들도 친구와 다투고 나서 이런 마음이 든 적 없나요?,우리 친구들도 친구와 다투고 나서 이런 마음이 든 적 없나요?
2,0,0.0,1.0,6.0,1,멍멍멍멍멍. b/,멍멍멍멍멍.
1,0,0.0,1.0,6.0,1,놓아볼게요.,놓아볼게요.
6,1,0.16666666666666666,1.0,3.6,0,사람들이 이 내가 낳은 알이 좋아한다는군요.,사람들이 내가 낳은 알이 좋아한다는군요.
4,0,0.0,1.0,3.0,1,두 번째로 꽃샘추위 뭐였죠?,두 번째로 꽃샘추위 뭐였죠?
8,0,0.0,1.0,3.0,1,곱셈식을 만들면 곱을 구하는 것은 문제가 없단 말이에요.,곱셈식을 만들면 곱을 구하는 것은 문제가 없단 말이에요.
26,0,0.0,0.875,3.4583333333333335,1,얼마만큼 차이가 나는지도 함께 구하라고 하잖아요. 차이가 난다. 무얼 떠올려라? 뺄셈을 떠올려라. 그러면 우리 (1번)/(한 번) 뺄셈을 해 보자고요. 지금 물이+ 물이 물통에는+ 물통에는 얼마만큼 들어있나요?,얼마만큼 차이가 나는지도 함께 구하라고 하잖아요. 차이가 난다. 무얼 떠올려라? 뺄셈을 떠올려라. 그러면 우리 뺄셈을 해 보자고요. 지금 물이+ 물이 물통에는+ 물통에는 얼마만큼 들어있나요?
10,0,0.0,1.0,3.0,1,/n 장발장의 말대로 사랑보다도 더 중요하고 귀한 것은 없나 봅니다.,장발장의 말대로 사랑보다도 더 중요하고 귀한 것은 없나 봅니다.
5,1,0.2,1.0,4.25,0,그런데 달쏭이는 어떻게 알아들었나요? n/,그런데 달쏭이는 어떻게 알아들었나요?
4,0,0.0,1.0,3.0,1,그다음 그리면 (5)/(다섯)이되요. 그래서,그다음 그리면 그래서
29,0,0.0,0.75,2.6875,1,(12)/(십 이) 빼기 (7)/(칠)도 (7)/(칠)을 가르기 해봐요. 그러면 (2)/(이)와 (5)/(오)로 가르기 해야겠죠? (12)/(십 이)에서 (2)/(이) 빼면 (10)/(십) (10)/(십)에서 (5)/(오) 빼면 (12)/(십 이) 빼기 (7)/(칠)은 (5)/(오)와 같다고 할 수 있어요.,이) 빼기 가르기 해봐요. 그러면 가르기 해야겠죠? 이)에서 빼면 빼면 이) 빼기 같다고 할 수 있어요.
7,0,0.0,1.0,3.3333333333333335,1,자/ 이것을 바늘시계에 표현을 하고자 할 때에는요.,이것을 바늘시계에 표현을 하고자 할 때에는요.
5,0,0.0,1.0,3.8,1,"그때 한 어린아이가 할아버지에게 다가와서,","그때 한 어린아이가 할아버지에게 다가와서,"
7,0,0.0,1.0,3.2,1,자/ (6*38)/(육 곱하기 삼십 팔)의 계산을 할겁니다.,곱하기 삼십 팔)의 계산을 할겁니다.
29,2,0.06896551724137931,1.0,2.84,0,자/ 그런데 어/ 여기에서 제목에서 우리가 볼 수 있듯이 정정당당한 경쟁이라고 한 걸로 봐서 아마 이 경쟁에 따른 문제+ 문제가 있어서 여기에 대한 제안을 해놓고 있나 봐요. 자/ 맞습니다.,그런데 여기에서 제목에서 우리가 볼 수 있듯이 정정당당한 경쟁이라고 한 걸로 봐서 아마 경쟁에 따른 문제+ 문제가 있어서 여기에 대한 제안을 해놓고 있나 봐요. 맞습니다.
19,1,0.05263157894736842,1.0,3.388888888888889,0,n/ 그렇다면 마지막 세번째 개념도 알아보도록 하겠습니다. 자 마지막은요 우리가 모두 배웠으니까 원그래프를 제대로 해석할 수 있냐 하는 문제예요.,그렇다면 마지막 세번째 개념도 알아보도록 하겠습니다. 자 마지막은요 우리가 모두 배웠으니까 원그래프를 제대로 해석할 수 있냐 하는 문제예요.
1,0,0.0,0.0,0.0,1,"(2)/(둘)씩,",
29,2,0.06896551724137931,0.9444444444444444,2.888888888888889,0,"n/ 바로. (ㄱ)/(기역)을 그/ 각도기의 중심에 맞추고요, (60도)/(육십 도)의 숫자를 찾아서 바로 위에 점 (ㄷ)/(디귿)을 적습니다. 그다음 변 (ㄱ)/(기역), (ㄷ)/(디귿)을 연결하면 바로 각 (ㄷ)/(디귿), (ㄱ)/(기역), (ㄴ)/(니은)이 되는 것이지요. b/","바로. 각도기의 중심에 맞추고요, 도)의 숫자를 찾아서 바로 위에 점 적습니다. 그다음 변 연결하면 바로 각 되는 것이지요."
12,1,0.08333333333333333,0.9090909090909091,3.3636363636363638,0,"즉 이 자식들 중에는 왼손잡이도 나타날 수 있다라는 거예요. 즉 오른손잡이와 왼손잡이가,","즉 자식들 중에는 왼손잡이도 나타날 수 있다라는 거예요. 즉 오른손잡이와 왼손잡이가,"
9,0,0.0,1.0,2.888888888888889,1,"끼끼가 설명해 준 오늘 공부할 내용을 살펴보니까요, 모두 위,","끼끼가 설명해 준 오늘 공부할 내용을 살펴보니까요, 모두 위,"
3,0,0.0,1.0,2.3333333333333335,1,"하나, 둘, 셋.","하나, 둘, 셋."
3,0,0.0,1.0,3.0,1,@/ 민석 그래요.,민석 그래요.
3,0,0.0,1.0,3.6666666666666665,1,이러한 어찌하다 앞에서.,이러한 어찌하다 앞에서.
23,0,0.0,0.95,2.85,1,"이렇게 꼬불 꼬불 가면 (안될거고요)/(안될거구요). 다른 방법은 없군요. 그러니까 가에서 다까지 가는 가장 가까운 길, (1가지)/(한 가지) 적으시면 되겠습니다. 자/ 우리 친구들 지금","이렇게 꼬불 꼬불 가면 다른 방법은 없군요. 그러니까 가에서 다까지 가는 가장 가까운 길, 가지) 적으시면 되겠습니다. 우리 친구들 지금"
5,0,0.0,1.0,3.2,1,여러분 나름대로 혼자 그냥 괜찮아요.,여러분 나름대로 혼자 그냥 괜찮아요.
7,0,0.0,1.0,2.4,1,자/ 오늘 어떤 내용을 배웠냐 한번 (볼게요)/(볼께요).,오늘 어떤 내용을 배웠냐 한번
13,0,0.0,0.9230769230769231,2.769230769230769,1,친구들이 문제를 잘 풀어주면 많은 화도 안내고 화도 안 내니까 다 착해지고 착해지니까.,친구들이 문제를 잘 풀어주면 많은 화도 안내고 화도 안 내니까 다 착해지고 착해지니까.
3,0,0.0,1.0,3.6666666666666665,1,오빠의 목소리가 커졌다.,오빠의 목소리가 커졌다.
8,0,0.0,1.0,2.6666666666666665,1,b/ 자/ 우리 지난 시간에도 이렇게 옆으로 쓰는,우리 지난 시간에도 이렇게 옆으로 쓰는
18,1,0.05555555555555555,0.9333333333333333,2.7333333333333334,0,"또 관용어도 있다 라고 했습니다. 자/ 정리가 돼+ 돼지요. 자/ 계속 아/ 맞아. 그때 그랬었지 하고 계속 머리,","또 관용어도 있다 라고 했습니다. 정리가 돼+ 돼지요. 계속 맞아. 그때 그랬었지 하고 계속 머리,"
10,1,0.1,0.875,3.5,0,n/ 우리 친구들이 (1000억)/(천 억)이라는 답이 나왔으니깐 틀린 답이 되겠습니다.,우리 친구들이 억)이라는 답이 나왔으니깐 틀린 답이 되겠습니다.
10,0,0.0,1.0,3.4,1,맞아요 수박이죠. 그러므로* 수박이 가장 무겁습니다라고 말할 수 있는 거에요.,맞아요 수박이죠. 그러므로* 수박이 가장 무겁습니다라고 말할 수 있는 거에요.
6,2,0.3333333333333333,1.0,2.0,0,"n/ 변 (ㄴ)/(니은) (ㄷ)/(디귿)을 n/ 밑변,","변 밑변,"
7,0,0.0,1.0,2.857142857142857,1,따라서 이런 경우는 어떻게 해결을 해줄 것인가.,따라서 이런 경우는 어떻게 해결을 해줄 것인가.
20,1,0.05,0.9473684210526315,2.789473684210526,0,이 발표를 잘하는 방법을 선생님한테 다 알려 주고 갔는데요 그럼 어떻게 발표를 잘 하는지 선생님이랑 같이 공부를 해 보도록 합시다.,발표를 잘하는 방법을 선생님한테 다 알려 주고 갔는데요 그럼 어떻게 발표를 잘 하는지 선생님이랑 같이 공부를 해 보도록 합시다.
21,0,0.0,1.0,3.35,1,자/ 집으로 돌아온 수연이는요. 아빠 엄마에게 마라톤에서 완주한 일을 몇 번이고 자랑했습니다. 내 뒤에서 달려오는 친구가 없었다면 나도 중간에 포기했을 거예요.,집으로 돌아온 수연이는요. 아빠 엄마에게 마라톤에서 완주한 일을 몇 번이고 자랑했습니다. 내 뒤에서 달려오는 친구가 없었다면 나도 중간에 포기했을 거예요.
7,0,0.0,0.8571428571428571,2.4285714285714284,1,수학 문제를 풀 수 있는 수학 공원에는요.,수학 문제를 풀 수 있는 수학 공원에는요.
1,0,0.0,0.0,0.0,1,(8)/(팔).,
5,0,0.0,1.0,3.75,1,"으아아/ 몸짓으로 해보니까, 더 재밌어요.","몸짓으로 해보니까, 더 재밌어요."
10,1,0.1,1.0,3.3333333333333335,0,허바라는 말에서 유래되었답니다. 그런데 이 말을 처음 쓴 사람이 있대요.,허바라는 말에서 유래되었답니다. 그런데 말을 처음 쓴 사람이 있대요.
2,0,0.0,1.0,3.0,1,"(4배)/(네 배),","배),"
20,2,0.1,1.0,3.0,0,당연히 그럴 리도 없었을 것이고 n/ 글에 나오지도 않았죠. 이건 알맞지 않은 이야기 (라고요)/(라구요). 따라서 (3번)/(삼 번)이 n/ 정답이 되겠습니다.,당연히 그럴 리도 없었을 것이고 글에 나오지도 않았죠. 이건 알맞지 않은 이야기 따라서 번)이 정답이 되겠습니다.
22,1,0.045454545454545456,1.0,2.7857142857142856,0,베를 짜고 수를 놓는 재주가 정답이죠. n/ 정답은 (1번)/(일 번) (2번)/(이 번) 볼까요? 꽃으로 집을 장식하는 재주 (아니고요)/(아니구요). (3번)/(삼 번) 도 볼게요.,베를 짜고 수를 놓는 재주가 정답이죠. 정답은 볼까요? 꽃으로 집을 장식하는 재주 도 볼게요.
14,1,0.07142857142857142,1.0,2.6153846153846154,0,승호가 집이 좋다고 한 까닭은 무엇인가요? 승호의 말에서 알 수 있죠? 바로 이 부분.,승호가 집이 좋다고 한 까닭은 무엇인가요? 승호의 말에서 알 수 있죠? 바로 부분.
7,0,0.0,1.0,3.5,1,그러니까 여기에는 숫자 (3)/(삼)을 씁니다. 오른쪽으로 볼록,그러니까 여기에는 숫자 씁니다. 오른쪽으로 볼록
8,1,0.125,1.0,3.2857142857142856,0,이 시를 낭송할 때 리듬감이 느껴지는 까닭은 무엇입니까?,시를 낭송할 때 리듬감이 느껴지는 까닭은 무엇입니까?
5,0,0.0,1.0,3.0,1,그러니까 b/ (21)/(이십 일) b/,그러니까 일)
3,2,0.6666666666666666,1.0,4.0,0,"n/ n/네 집에서,","집에서,"
8,1,0.125,1.0,3.4,0,b/ 선생님이 이 그림들 중에서 (1)/(하나)를 보여줄 거예요.,선생님이 그림들 중에서 보여줄 거예요.
19,0,0.0,0.9473684210526315,2.9473684210526314,1,사람들은 누구나 자신만의 독특한 개성을 가지고 싶어 한다. 그러나 실제로는 남을 흉내 내고 유행에 휩쓸려 개성을 읽는 사람들이 많다.,사람들은 누구나 자신만의 독특한 개성을 가지고 싶어 한다. 그러나 실제로는 남을 흉내 내고 유행에 휩쓸려 개성을 읽는 사람들이 많다.
3,0,0.0,1.0,3.3333333333333335,1,무슨 내용을 말하는지.,무슨 내용을 말하는지.
20,1,0.05,0.9473684210526315,3.1052631578947367,0,"우리 친구들이 집에서도 볼 수 있고, 또 선생님은 학교에서 우리 친구들과 열심히 공부하기 위해서 사용하는 물건들이에요. 그래서 오늘은 이 물건","우리 친구들이 집에서도 볼 수 있고, 또 선생님은 학교에서 우리 친구들과 열심히 공부하기 위해서 사용하는 물건들이에요. 그래서 오늘은 물건"
10,0,0.0,1.0,2.5714285714285716,1,"약 (2m)/(이 미터) (50cm)/(오십 센티미터) 라고 답한 친구도 (있고요)/(이꾸여) 또,","약 미터) 센티미터) 라고 답한 친구도 또,"
10,0,0.0,1.0,3.5555555555555554,1,그랬더니 남학생이 이렇게 알려주고 있네요. 알림판에는 리본이 얼마큼 필요 하다(고요)/(구요)?,그랬더니 남학생이 이렇게 알려주고 있네요. 알림판에는 리본이 얼마큼 필요
12,0,0.0,0.7777777777777778,3.4444444444444446,1,그다음 줄도 (5개)/(다섯 개)였잖아요. 세번째 줄도 (5개)/(다섯 개)였어요. 네번째 줄도 (5개)/(다섯 개).,그다음 줄도 개)였잖아요. 세번째 줄도 개)였어요. 네번째 줄도 개).
13,1,0.07692307692307693,1.0,3.090909090909091,0,바르게 계산하면 (십) [육] 나누기n/ 이는 팔과 같습니다 n/이렇게 풀이과정을 적어 주는 거예요.,바르게 계산하면 (십) [육] 이는 팔과 같습니다 풀이과정을 적어 주는 거예요.
23,3,0.13043478260869565,0.95,3.35,0,n/ 이 글은 앞의 글과는 달리 포샤의 재판이 공평하지 않았다. 공정하지 않았다고 생각하는 글입니다. 이/ 포샤가 안토니오의 편에 서서 내린 결론이라고 생각하는 거죠?*,글은 앞의 글과는 달리 포샤의 재판이 공평하지 않았다. 공정하지 않았다고 생각하는 글입니다. 포샤가 안토니오의 편에 서서 내린 결론이라고 생각하는 거죠?*
16,2,0.125,0.9230769230769231,2.076923076923077,0,n/ 으음/ 그래+ 그래. 다 하면 되지. 그 많은 꿈 한글이 넌 다 할 수 있으니까.,그래+ 그래. 다 하면 되지. 많은 꿈 한글이 넌 다 할 수 있으니까.
3,1,0.3333333333333333,1.0,1.5,0,n/ 글자 화,글자 화
20,1,0.05,1.0,2.8181818181818183,0,자/ (1번)/(한 번) 선을 그어볼 텐데요. 어/ 합동인 도형 (4개)/(네 개)로 나누는 것이 (POINT)/(포인트)입니다. 자/ 그러면 가부터 (1번)/(한 번) 보죠.,선을 그어볼 텐데요. 합동인 도형 개)로 나누는 것이 그러면 가부터 보죠.
31,2,0.06451612903225806,0.8928571428571429,2.8214285714285716,0,자/ 보세요. 우리 나라에서 어떤 기업이 승승장구에서 발전을 했어. 그러면 다른 나라에 가서 공장을 지어서 그 다른 나라 공장에서 물건 만들어서 그 나라 사람들에게 또 팔아. 이런 기업이 있을 수 있죠.,보세요. 우리 나라에서 어떤 기업이 승승장구에서 발전을 했어. 그러면 다른 나라에 가서 공장을 지어서 다른 나라 공장에서 물건 만들어서 나라 사람들에게 또 팔아. 이런 기업이 있을 수 있죠.
4,0,0.0,1.0,2.6666666666666665,1,"자/ 원의 중심은 여기,","원의 중심은 여기,"
5,0,0.0,1.0,3.0,1,(5)/(오) 더하기 (3)/(삼) 은 얼마에요?,더하기 은 얼마에요?
13,1,0.07692307692307693,1.0,3.111111111111111,0,n/ 자/ (35번)/(삼십 오 번) 문제입니다. 그림에 대한 내용으로 알맞은 것은 어느 것입니까?,오 문제입니다. 그림에 대한 내용으로 알맞은 것은 어느 것입니까?
17,1,0.058823529411764705,0.9230769230769231,3.3076923076923075,0,"n/ 지난 시간에 배웠었는데요, 그럼 이어서 곱하기 (2)/(이)분의 (1)/(일) 그리고 곱하기 뒤쪽에 남아있는 반지름을 (1)/(하나) 더 써줄게요.","지난 시간에 배웠었는데요, 그럼 이어서 곱하기 그리고 곱하기 뒤쪽에 남아있는 반지름을 더 써줄게요."
7,0,0.0,1.0,5.0,1,"분위기는 어떠합니까라는 그러한 문제입니다. (1번)/(일 번) 평화롭다,","분위기는 어떠합니까라는 그러한 문제입니다. 평화롭다,"
24,2,0.08333333333333333,0.9545454545454546,2.909090909090909,0,n/ 우리가 글냥이 글에 고개가 끄덕여지는 것은 글냥이 가 사용한 속담 때문이죠. n/자/ 이렇게 주장에 대한 근거로 속담을 사용한다면 튼튼한 주장을 가질 수 있어요.,우리가 글냥이 글에 고개가 끄덕여지는 것은 글냥이 가 사용한 속담 때문이죠. 이렇게 주장에 대한 근거로 속담을 사용한다면 튼튼한 주장을 가질 수 있어요.
10,0,0.0,0.9,3.2,1,그죠. 우리 반이 재미있는 반+ 반이 되었으면 좋겠습니다. 막 이러는데요.,그죠. 우리 반이 재미있는 반+ 반이 되었으면 좋겠습니다. 막 이러는데요.
10,0,0.0,1.0,3.5,1,각이라는 건 (1)/(한) 점에서 그은 (2)/(두) 반직선으로 이루어진 도형을 말하는데요.,각이라는 건 점에서 그은 반직선으로 이루어진 도형을 말하는데요.
14,0,0.0,1.0,3.0,1,김장을 하는 날이 정해져 있는 것도 아니었고 겨울에는 신선한 채소를 구하기가 힘들었다 (이)/(요) 부분.,김장을 하는 날이 정해져 있는 것도 아니었고 겨울에는 신선한 채소를 구하기가 힘들었다 부분.
17,0,0.0,0.9333333333333333,2.4,1,선생님이 믿어 볼 테니까 직접 (1번)/(한 번) 글의 내용 정리 하는 거 잊지 마시고요. 정말 잊지 마세요.,선생님이 믿어 볼 테니까 직접 글의 내용 정리 하는 거 잊지 마시고요. 정말 잊지 마세요.
7,0,0.0,1.0,2.6666666666666665,1,"(0)/(영), (0)/(영), (0)/(영), (0)/(영)으로 변하지 않고 있죠.",변하지 않고 있죠.
12,0,0.0,1.0,2.3,1,각에는 꼭지점이 (1 개)/(한 개) 그리고 변은 몇 개 (2 개)/(두 개).,각에는 꼭지점이 (1 개) 그리고 변은 몇 개 (2 개).
20,1,0.05,0.8947368421052632,3.0526315789473686,0,비가 멎었는데도 우산을 접지 말고 붙어서 가자고 한 n/ 이유가 무엇인지 묻고 있습니다. 비가 멎었으면 우산을 접어야 하잖아요. 그런데 왜요.,비가 멎었는데도 우산을 접지 말고 붙어서 가자고 한 이유가 무엇인지 묻고 있습니다. 비가 멎었으면 우산을 접어야 하잖아요. 그런데 왜요.
7,0,0.0,1.0,1.8,1,우와/ 우리 친구들 정말 잘 u/ ?,우리 친구들 정말 잘 ?
14,1,0.07142857142857142,1.0,2.6923076923076925,0,"솔직하게 여러분의 생각을 써주시면 다 정답이 될 것 같죠? 자 그래서, n/ 예에요, 예.","솔직하게 여러분의 생각을 써주시면 다 정답이 될 것 같죠? 자 그래서, 예에요, 예."
3,0,0.0,1.0,3.6666666666666665,1,아주 화려하다고 하네요.,아주 화려하다고 하네요.
16,0,0.0,0.8,2.933333333333333,1,내가 올라타자 따그닥 따그닥 달린다 .학교 앞 문방구를 지나서 (4거리)/(네 거리)를 지나서 우리 집을 지나서 달린다.,내가 올라타자 따그닥 따그닥 달린다 .학교 앞 문방구를 지나서 거리)를 지나서 우리 집을 지나서 달린다.
16,0,0.0,0.8125,3.1875,1,대칭축을 중심으로 두 도형이 선대칭의 위치에 있는 도형 찾아서 동그라미표 해달라는 건데요 선대칭의 위치에 있는 도형은요,대칭축을 중심으로 두 도형이 선대칭의 위치에 있는 도형 찾아서 동그라미표 해달라는 건데요 선대칭의 위치에 있는 도형은요
22,1,0.045454545454545456,1.0,3.380952380952381,0,선생님께 여쭤보세요. 괜찮아요. 선생님. 이 과제를 수행하는데 이런 걸 잘 모르겠어요. 어떻게 하면 좋을까요. 그럴 때 선생님께서 그건 여러분의 몫입니다 라는 분보다는,선생님께 여쭤보세요. 괜찮아요. 선생님. 과제를 수행하는데 이런 걸 잘 모르겠어요. 어떻게 하면 좋을까요. 그럴 때 선생님께서 그건 여러분의 몫입니다 라는 분보다는
9,0,0.0,1.0,3.875,1,"똑같다라는 거, 자/ 그래서 예를 한번 들어보도록 하겠습니다. 삼각뿔에요.","똑같다라는 거, 그래서 예를 한번 들어보도록 하겠습니다. 삼각뿔에요."
2,1,0.5,1.0,4.0,0,n/ 맞아요.,맞아요.
11,0,0.0,1.0,2.6666666666666665,1,(1번)/(일 번) 볼게요 김치찌개 속 작은 고추를 먹었더니 혀 끝이 어떻다?,볼게요 김치찌개 속 작은 고추를 먹었더니 혀 끝이 어떻다?
8,0,0.0,1.0,2.375,1,몸으로 직접 실천해야 한다는 거 잘 알고 있죠?,몸으로 직접 실천해야 한다는 거 잘 알고 있죠?
25,2,0.08,0.9565217391304348,3.130434782608696,0,그렇다면 밀가루는 모두 몇 봉지가 되는지 구하려고 한다고 합니다. 나눗셈이죠? 우리 친구들 한번 식을 한번 써 볼게요. 이 아래쪽에요. 우리가 이 문제의 답을 구하기 위해서요.,그렇다면 밀가루는 모두 몇 봉지가 되는지 구하려고 한다고 합니다. 나눗셈이죠? 우리 친구들 한번 식을 한번 써 볼게요. 아래쪽에요. 우리가 문제의 답을 구하기 위해서요.
24,0,0.0,1.0,3.375,1,"별 나누기 (4)/(사)는 얼마다? (6)/(육)이다. 자/ 그러면 어떻게 구한다고 그랬어요? (4)/(사)하고 (6)/(육)을 곱한다면+ 곱하면 된다고 그랬?죠 그래서 (4)/(사), (6)/(육)에 (24)/(이십 사) 라고 구하면 되겠습니다.",별 나누기 얼마다? 그러면 어떻게 구한다고 그랬어요? 곱한다면+ 곱하면 된다고 그랬?죠 그래서 사) 라고 구하면 되겠습니다.
9,1,0.1111111111111111,1.0,3.0,0,(3번)/(삼 번) 이 시에서 자주 사용한 표현은 쪽이다 그렇죠.,시에서 자주 사용한 표현은 쪽이다 그렇죠.
5,1,0.2,1.0,3.25,0,음/ 어디를 봐도 보이지 않는데요?,어디를 봐도 보이지 않는데요?
33,1,0.030303030303030304,0.9354838709677419,2.6451612903225805,0,"o/ 네, 이것을 보니까 사실 책을 읽고 독후감 안 쓸 수도 있어요. 이것을 굳이+ 굳이 반성할 필요는 없거든요. 이 일기를 느꼈+ 썼을 때 어떤 느낌 받으세요? 억지로 반성을 짜냈다는 느낌 받을 수 있습니다.","네, 이것을 보니까 사실 책을 읽고 독후감 안 쓸 수도 있어요. 이것을 굳이+ 굳이 반성할 필요는 없거든요. 일기를 느꼈+ 썼을 때 어떤 느낌 받으세요? 억지로 반성을 짜냈다는 느낌 받을 수 있습니다."
12,0,0.0,1.0,3.090909090909091,1,바로 무엇인가 (4)/(사) 입니다. 이렇게 곱셈식을 통하여 나눗셈의 몫을 구할 수 있겠구나.,바로 무엇인가 입니다. 이렇게 곱셈식을 통하여 나눗셈의 몫을 구할 수 있겠구나.
11,0,0.0,0.9,2.8,1,자/ 그럼 오늘은 우리가 어떤 내용 공부할지 함께 학습 내용 알아볼게요.,그럼 오늘은 우리가 어떤 내용 공부할지 함께 학습 내용 알아볼게요.
25,1,0.04,0.9166666666666666,2.7083333333333335,0,"이렇게 사회 문제에 대해서 한번 더 생각해보게 하고 또 이 사회가 나아가야 할 방향에 대해서 생각해보도록 하는 것, 그것이 우리가 책을 읽는 또 하나의 이유겠죠.","이렇게 사회 문제에 대해서 한번 더 생각해보게 하고 또 사회가 나아가야 할 방향에 대해서 생각해보도록 하는 것, 그것이 우리가 책을 읽는 또 하나의 이유겠죠."
20,0,0.0,0.8888888888888888,2.388888888888889,1,자/ 바로 반대쪽에 생기는 바로 요 각도 크게 같다라는 걸 우리 친구들 알고 있죠? 그래요. 여기 가 바로 (70도)/(칠십 도).,바로 반대쪽에 생기는 바로 요 각도 크게 같다라는 걸 우리 친구들 알고 있죠? 그래요. 여기 가 바로 도).
19,0,0.0,1.0,3.1052631578947367,1,내가 좋으니까 이런 식으로 하면 안 되겠죠? 우기기밖에 안되는 거예요. 따라서 알맞은 근거를 들어서 주장한다는 것을 꼭 기억하면 되는데요.,내가 좋으니까 이런 식으로 하면 안 되겠죠? 우기기밖에 안되는 거예요. 따라서 알맞은 근거를 들어서 주장한다는 것을 꼭 기억하면 되는데요.
8,0,0.0,1.0,3.7142857142857144,1,o/ 사실 미리 준비 했거든요. 걱정 없습니다. 공개하겠습니다.,사실 미리 준비 했거든요. 걱정 없습니다. 공개하겠습니다.
21,1,0.047619047619047616,0.9333333333333333,3.0,0,n/ (42)(사십 이) (46)/(사십 육)에서 (4)/(사)를 빼면 (42)/(사십 이) 더하기 (15)/(십 오)인 셈이니까 결국 (57)/(오십 칠)이구나 라는 것을 알 수 있습니다.,(42)(사십 이) 육)에서 빼면 이) 더하기 오)인 셈이니까 결국 칠)이구나 라는 것을 알 수 있습니다.
6,1,0.16666666666666666,1.0,2.8,0,방학이 n/ 일주일도 안 남아 있어요.,방학이 일주일도 안 남아 있어요.
11,1,0.09090909090909091,0.75,2.625,0,(1)/(일) 의 자리에 가장 작은 (1)/(일) 이 와야겠죠? 가장 작은 수니까.,의 자리에 가장 작은 와야겠죠? 가장 작은 수니까.
9,0,0.0,0.8888888888888888,3.2222222222222223,1,"저출산, 고령화에 따라 무엇이 늘어날 것이다 빈집이 늘어날 것이다.","저출산, 고령화에 따라 무엇이 늘어날 것이다 빈집이 늘어날 것이다."
2,0,0.0,1.0,4.0,1,넘어가 볼게요.*,넘어가 볼게요.*
23,0,0.0,0.9545454545454546,3.227272727272727,1,"판만 미리 준비되면 언제든지 학생들이 참여할 수 있고요. 그리고 증거자료가 남는다는 장점이 있는 반면에 단점도 있어요. 단점은요, 판을 미리 만들어야 하는 번거로움이 (있고요)/(있구요).","판만 미리 준비되면 언제든지 학생들이 참여할 수 있고요. 그리고 증거자료가 남는다는 장점이 있는 반면에 단점도 있어요. 단점은요, 판을 미리 만들어야 하는 번거로움이"
8,1,0.125,1.0,3.4285714285714284,0,n/ 새우가 올라와 두리번거리고 고래는 뿌뿌 불을 내뿜었지.,새우가 올라와 두리번거리고 고래는 뿌뿌 불을 내뿜었지.
9,1,0.1111111111111111,1.0,3.1666666666666665,0,(그러니까)/(그니까) 오히려 게으른 게 영원하고 예/ 그/ 오래가는 것이다.,오히려 게으른 게 영원하고 오래가는 것이다.
18,0,0.0,0.9,2.6,1,표현을 한번 해볼까요? 그럼 이렇게 쓰세요 (2)/(이) 더하기 (7)/(칠) 은 (9)/(구) 와 (같고)/(갖고) (30)/(삼십) 더하기 (40)/(사십)은 (70)/(칠십)과 (같고)/(갖고).,표현을 한번 해볼까요? 그럼 이렇게 쓰세요 더하기 은 와 더하기
17,0,0.0,1.0,2.6153846153846154,1,또 (2)/(두) 수를 바꿔 곱해도 결과는 같으니까 (7)/(칠) 곱하기 (9)/(구)는 (63)/(육십 삼)과 같습니다 라고 표현할 수 있죠.,또 수를 바꿔 곱해도 결과는 같으니까 곱하기 삼)과 같습니다 라고 표현할 수 있죠.
3,1,0.3333333333333333,1.0,3.5,0,n/ 완성이 됐네요.,완성이 됐네요.
2,1,0.5,1.0,5.0,0,n/ 좋습니다.,좋습니다.
1,0,0.0,0.0,0.0,1,(8)/(여덟),
14,1,0.07142857142857142,1.0,2.8461538461538463,0,n/ 산더미 같은 애벌레들 틈에 들어간 뒤 처음 얼마 동안은 충격에서 헤어날 수가 없었습니다.,산더미 같은 애벌레들 틈에 들어간 뒤 처음 얼마 동안은 충격에서 헤어날 수가 없었습니다.
6,0,0.0,1.0,3.3333333333333335,1,돌아가고 있네 그러니까 이게 무슨 모양이에요?,돌아가고 있네 그러니까 이게 무슨 모양이에요?
4,0,0.0,1.0,5.0,1,(120)/(백 이십)을 (40)/(사십)씩 묶어보세요.,이십)을 묶어보세요.
14,0,0.0,0.8461538461538461,3.076923076923077,1,그럼 긴 변의 길이 구했네요. 긴 변의 길이를 구하여 (10 cm)/(십 센티미터)입니다 라고 나타내주기.,그럼 긴 변의 길이 구했네요. 긴 변의 길이를 구하여 (10 센티미터)입니다 라고 나타내주기.
8,1,0.125,1.0,2.4285714285714284,0,n/ 우리 꼬마 자동차는 그래 네 자리는 여기.,우리 꼬마 자동차는 그래 네 자리는 여기.
3,0,0.0,1.0,2.6666666666666665,1,나는 바람이 좋아.,나는 바람이 좋아.
4,0,0.0,1.0,4.0,1,이번엔 재미있는 표현을 찾아볼까요?,이번엔 재미있는 표현을 찾아볼까요?
6,0,0.0,1.0,3.0,1,자/ 국어 교과서 (43쪽)/(사십 삼 쪽)입니다.,국어 교과서 삼 쪽)입니다.
12,0,0.0,1.0,3.4,1,다음으로 (18번)/(십 팔번) 문제도 봅시다 점 (ㅇ)/(이응) 을여 대칭의 중심으로 하는 점대칭도형입니다.,다음으로 팔번) 문제도 봅시다 점 을여 대칭의 중심으로 하는 점대칭도형입니다.
17,1,0.058823529411764705,1.0,3.142857142857143,0,"다음에요. n/ (ㄱ)/(기역)과 바꿔 쓸 수 있는 말은 무엇일까요? 그랬어요. (ㄱ)/(기역) 편리하게, 아까 쉽게라고 했죠. 그럼 볼까요?","다음에요. 바꿔 쓸 수 있는 말은 무엇일까요? 그랬어요. 편리하게, 아까 쉽게라고 했죠. 그럼 볼까요?"
3,1,0.3333333333333333,1.0,4.0,0,"n/ 각도기의 밑금과,","각도기의 밑금과,"
25,1,0.04,1.0,2.7916666666666665,0,이 문제도 조금 더 어렵게 나올 수도 있나요? 그렇죠 선생님이 한번 같이 볼게요 두 수직선에 나타낸 수혜범위 모두 포함되는 자연수의 합을 구해 보세요 라고 했습니다.,문제도 조금 더 어렵게 나올 수도 있나요? 그렇죠 선생님이 한번 같이 볼게요 두 수직선에 나타낸 수혜범위 모두 포함되는 자연수의 합을 구해 보세요 라고 했습니다.
2,0,0.0,1.0,3.5,1,라고 읽습니다.,라고 읽습니다.
2,0,0.0,1.0,3.5,1,당기고 싶은데요,당기고 싶은데요
6,0,0.0,1.0,2.6666666666666665,1,"자 (10모형)/(십 모형) (3개)/(세 개)니까 (30)/(삼십)에다가,",자 모형) 개)니까
16,3,0.1875,0.9230769230769231,3.1538461538461537,0,"n/ 인간을 평생 따라다니는 선택과 갈등, 어/ 고뇌와 갈등, 이 갈등을 해결하는데 성격이 큰 영향을 미치죠.","인간을 평생 따라다니는 선택과 갈등, 고뇌와 갈등, 갈등을 해결하는데 성격이 큰 영향을 미치죠."
7,1,0.14285714285714285,1.0,3.4,0,"n/ 자/ 알쏭달쏭 우리말, 어떻게 써야 할까요?","알쏭달쏭 우리말, 어떻게 써야 할까요?"
44,1,0.022727272727272728,0.725,2.2,0,자/ 콩 심은 데 콩 난다고 했고 팥 심은 데 팥 난다고 했어요. 우리 열심히 공부해서 열심히 공부하는 만큼 좋은 결과를 얻을 수 있도록 함께 (노력하자고요)/(노력하자구요). 자/ 그럼 우리 다 함께 팔을 걷어 아/ 걷어붙일 팔이 없네 어쨌든 다 같이 우리 콩 심으러 갈까요?,콩 심은 데 콩 난다고 했고 팥 심은 데 팥 난다고 했어요. 우리 열심히 공부해서 열심히 공부하는 만큼 좋은 결과를 얻을 수 있도록 함께 그럼 우리 다 함께 팔을 걷어 걷어붙일 팔이 없네 어쨌든 다 같이 우리 콩 심으러 갈까요?
7,0,0.0,1.0,4.0,1,자/ 직각 삼각형의 특징을 (1번)/(한 번) 정리해볼까요?,직각 삼각형의 특징을 정리해볼까요?
11,1,0.09090909090909091,1.0,2.7,0,n/ 피자를 앞에 두고 심각한 고민을 하게 되는 겁니다. 먹고 싶지만.,피자를 앞에 두고 심각한 고민을 하게 되는 겁니다. 먹고 싶지만.
35,2,0.05714285714285714,0.9333333333333333,2.8333333333333335,0,n/ 그래서 거리라는 것은요. 속력 곱하기 시간이다 라는 그러한 공식이 나오기 때문에 훨씬 더 쉽게 풀 수 있는데요. 자/ 가는 거리는 속력 곱하기 시간이다. 그렇다면 (60km)/(육십 키로) 이것이 바로 속력이죠. (60km)/(육십 킬로) 어/ 퍼 아워.,그래서 거리라는 것은요. 속력 곱하기 시간이다 라는 그러한 공식이 나오기 때문에 훨씬 더 쉽게 풀 수 있는데요. 가는 거리는 속력 곱하기 시간이다. 그렇다면 키로) 이것이 바로 속력이죠. 킬로) 퍼 아워.
5,0,0.0,1.0,2.5,1,자/ (10)/(십)의 자리 숫자는 (2)/(이)입니다.,자리 숫자는
28,0,0.0,1.0,2.5416666666666665,1,"(ml)/(밀리리터)끼리 빼야 되니까, (300)/(삼 백)에서 (800)/(팔백) 을 뺄려고 했더니 뺄 수 있나요? 못 빼죠. 이럴 땐 누구한테 도움을 요청해야 되냐, 바로 앞에 있는 (l)/(리터)한테 도와줘 라고 하는 거예요.","빼야 되니까, 백)에서 을 뺄려고 했더니 뺄 수 있나요? 못 빼죠. 이럴 땐 누구한테 도움을 요청해야 되냐, 바로 앞에 있는 도와줘 라고 하는 거예요."
4,1,0.25,1.0,3.0,0,순하고 착하다 천사다 어/.,순하고 착하다 천사다
2,0,0.0,1.0,3.5,1,세로의 길이요.,세로의 길이요.
22,0,0.0,0.9523809523809523,2.6666666666666665,1,"눈물이 그렁그렁한 내 모습을 본 누나가, 자/ 눈물이 그렁그렁하다 는 갓에서 우리 동생의 마음을 알 수 있어요. 굉장히 많이 놀란 것 같아요.","눈물이 그렁그렁한 내 모습을 본 누나가, 눈물이 그렁그렁하다 는 갓에서 우리 동생의 마음을 알 수 있어요. 굉장히 많이 놀란 것 같아요."
5,1,0.2,1.0,2.0,0,자/ 그리고 또 (1)/(하나) n/,그리고 또
11,0,0.0,1.0,2.8,1,돌리거나 뒤집었을 때 같은 것은 (1가지)/(한 가지)라고 볼 수 있기 때문입니다.,돌리거나 뒤집었을 때 같은 것은 가지)라고 볼 수 있기 때문입니다.
4,1,0.25,1.0,4.0,0,"자/ 그러면 도표니까, n/","그러면 도표니까,"
11,0,0.0,1.0,2.6363636363636362,1,여러 사람 앞에서 말할 때 소곤소곤 말하는 건 아니죠. 얘도 아니네요.,여러 사람 앞에서 말할 때 소곤소곤 말하는 건 아니죠. 얘도 아니네요.
8,0,0.0,1.0,3.2,1,(8)/(여덟)에서 (2)/(둘)을 뺀 것은 (6)/(여섯)과 같아요. 맞는지 세어볼까요?,뺀 것은 같아요. 맞는지 세어볼까요?
25,0,0.0,1.0,2.772727272727273,1,윗글의 중심 내용과 세부 내용을 간단하게 적어보시오 했습니다. 아까 선생님이 설명할 때 잘 들은 친구들은 금방 쓸 수 있겠죠? 자/ 그럼 (1번)/(한 번) 확인해 볼까요.,윗글의 중심 내용과 세부 내용을 간단하게 적어보시오 했습니다. 아까 선생님이 설명할 때 잘 들은 친구들은 금방 쓸 수 있겠죠? 그럼 확인해 볼까요.
39,1,0.02564102564102564,0.8,2.64,0,"(6)/(육) 더하기 (5)/(오) (6)/(육) 더하기 (6)/(육) (6)/(육) 더하기 (7)/(칠) 더하는 수가 이렇게* (1)/(일)씩 커지고 있죠? 그랬더니 합이 (11,12,13)/(십 일 십 이 십 삼) (1)/(일)씩 커지고 있어요. 따라서 (6)/(육) 더하기 (8)/(팔)도 (1)/(일)이 커져서 (14)/(십 사)와 같다고 이야기 할 수 있겠죠?",더하기 더하기 더하기 더하는 수가 이렇게* 커지고 있죠? 그랬더니 합이 일 십 십 삼) 커지고 있어요. 따라서 더하기 커져서 사)와 같다고 이야기 할 수 있겠죠?
17,1,0.058823529411764705,1.0,2.3846153846153846,0,아/ (3)/(세) 자리 수는 좀 어려울 것 같은데 걱정하는 친구 있죠 걱정 마세요 (3)/(세) 자릿수 나누기 (1)/(한)-자릿수도요.,자리 수는 좀 어려울 것 같은데 걱정하는 친구 있죠 걱정 마세요 자릿수 나누기
10,0,0.0,1.0,2.5,1,방울 토마토를 몇 개 더 많이 땄을까요 라고 물어 보았으니까.,방울 토마토를 몇 개 더 많이 땄을까요 라고 물어 보았으니까.
6,0,0.0,1.0,3.1666666666666665,1,그렇다면 이번 시간 배운 내용 정리해볼까요?,그렇다면 이번 시간 배운 내용 정리해볼까요?
10,1,0.1,1.0,2.7777777777777777,0,"저런 식으로 남아 있겠지. 다 부셔져서 말이야. 음. 그 다음,","저런 식으로 남아 있겠지. 다 부셔져서 말이야. 음. 다음,"
26,0,0.0,0.9166666666666666,2.625,1,여기 아까 삼각자를 이렇게 댔죠? 그러면 하늘 색깔의 직선과 평행한 선은 지금은 형욱이가 그린 것 하나 그리고 또 (요렇게)/(요로케) 해서 또 그린다면요. (요렇게)/(요로케) 하면은 또 어때요?,여기 아까 삼각자를 이렇게 댔죠? 그러면 하늘 색깔의 직선과 평행한 선은 지금은 형욱이가 그린 것 하나 그리고 또 해서 또 그린다면요. 하면은 또 어때요?
9,1,0.1111111111111111,1.0,3.3333333333333335,0,n/ 자/ 민경이가 알려준 (3)/(세) 가지 방법. 기억하고 있나요?,민경이가 알려준 가지 방법. 기억하고 있나요?
10,1,0.1,0.875,2.75,0,어/ 대답하는 친구 (5명)/(다섯 명) 발견 안 돼요. 대답해줘야 돼요.,대답하는 친구 명) 발견 안 돼요. 대답해줘야 돼요.
9,1,0.1111111111111111,1.0,2.75,0,n/ 애견미용사가 돼서 내가 하고 싶은 일은 뭐가 있을까?,애견미용사가 돼서 내가 하고 싶은 일은 뭐가 있을까?
4,1,0.25,1.0,2.3333333333333335,0,n/ 그녀가 남긴 말.,그녀가 남긴 말.
6,0,0.0,1.0,4.25,1,결국 (limit X)/(리미트 엑스)가 (1)/(일)로 움직인다.,결국 (limit 엑스)가 움직인다.
14,0,0.0,1.0,2.6153846153846154,1,으/ 선생님이 수업 시간에 이상하게 돈이 많이 등장하게 될 수밖에 없는 것 같아. 그죠.,선생님이 수업 시간에 이상하게 돈이 많이 등장하게 될 수밖에 없는 것 같아. 그죠.
3,0,0.0,1.0,4.0,1,(10)/(십)씩 (10묶음)/(열 묶음).,묶음).
6,0,0.0,1.0,3.2,1,자/ 우리 전통 음식은 건강에 이롭습니다.,우리 전통 음식은 건강에 이롭습니다.
2,0,0.0,0.0,0.0,1,(5)/(오)는 (3)/(삼)과,
2,0,0.0,1.0,4.0,1,(17)/(십 칠)도.,칠)도.
7,0,0.0,1.0,3.2,1,(80개)/(팔십 개)구나 라는 것도 알게 되었습니다. b/,개)구나 라는 것도 알게 되었습니다.
8,0,0.0,1.0,2.8,1,아하/ 내 나이는 지유 나이의 (4배)/(네 배)이지. 아하하/.,내 나이는 지유 나이의 배)이지.
13,1,0.07692307692307693,0.9090909090909091,3.0,0,"n/ 다음은 무엇을 설명한 (내용인지)/(내용이) 찾아 쓰랍니다. 찾아 쓰라니까, 글 속에 답이 있겠네요.","다음은 무엇을 설명한 찾아 쓰랍니다. 찾아 쓰라니까, 글 속에 답이 있겠네요."
14,1,0.07142857142857142,1.0,3.3846153846153846,0,음/ 담장을 노란색 페인트로 칠했다는 말은 아닐 거예요. 우리 계속 개나리꽃에 대해서 이야기하고 있잖아요.,담장을 노란색 페인트로 칠했다는 말은 아닐 거예요. 우리 계속 개나리꽃에 대해서 이야기하고 있잖아요.
4,0,0.0,1.0,3.5,1,세번째 그림은 타잔이 말해볼래?,세번째 그림은 타잔이 말해볼래?
17,0,0.0,0.9,2.5,1,(7)/(칠)(1)/(일) 은 (7)/(칠) 부터 찾아서 써 볼게요. 자/ (7)/(칠)(1)/(일) 은(7)/(칠) 어디에 있나요? 여기 있네요.(7)/(칠)(1)/(일) 은 (7)/(칠) 그렇죠.,은 부터 찾아서 써 볼게요. 어디에 있나요? 여기 은 그렇죠.
4,0,0.0,1.0,1.75,1,넷 다섯 여섯 일곱,넷 다섯 여섯 일곱
7,1,0.14285714285714285,1.0,3.1666666666666665,0,"n/ 하지만 우유를 마시+많이 마시는 거 외에도,","하지만 우유를 마시+많이 마시는 거 외에도,"
8,1,0.125,1.0,3.4285714285714284,0,아/ 우리 친구들이 어떤 문제를 만들었는지 정말 궁금한데요.,우리 친구들이 어떤 문제를 만들었는지 정말 궁금한데요.
5,0,0.0,1.0,3.5,1,자/ 이번에도 수 모형이 나왔습니다.,이번에도 수 모형이 나왔습니다.
6,0,0.0,1.0,3.6,1,자/ 그럼 연습을 해 봐야겠죠. 연습해봅시다.,그럼 연습을 해 봐야겠죠. 연습해봅시다.
6,1,0.16666666666666666,1.0,3.2,0,어/ 이렇게 하면 지는 겁니다. 알겠어요?,이렇게 하면 지는 겁니다. 알겠어요?
8,1,0.125,1.0,3.4285714285714284,0,n/ 힌트는 괄호 안에 동물이나 식물의 이름이 들어간답니다.,힌트는 괄호 안에 동물이나 식물의 이름이 들어간답니다.
6,1,0.16666666666666666,1.0,3.0,0,n/ 약한 자여 그대 이름은 여자이니라.,약한 자여 그대 이름은 여자이니라.
24,0,0.0,0.9411764705882353,3.411764705882353,1,자/ 그렇다면 나누기(4)/(사) 분의 (11)/(십 일)인데요. (X)/(엑스) (X)/(엑스) 권법을 사용해서 나눗셈을 곱셈으로 그리고 분자와 분모 위치가 바뀝니다. (11)/(십 일) 분의 (4)/(사)로 이렇게 고쳐지면 되겠죠.,그렇다면 분의 일)인데요. 권법을 사용해서 나눗셈을 곱셈으로 그리고 분자와 분모 위치가 바뀝니다. 일) 분의 이렇게 고쳐지면 되겠죠.
7,1,0.14285714285714285,1.0,2.5,0,n/ 또 b/ (63)/(예순 셋)은 어디 있나요?,또 셋)은 어디 있나요?
3,2,0.6666666666666666,1.0,3.0,0,n/ 아 헤이.,헤이.
4,1,0.25,1.0,3.0,0,n/ 먼저 바이올린 연주자,먼저 바이올린 연주자
15,0,0.0,1.0,2.7333333333333334,1,어쩌면 질투가 날지도 몰라. 릴리가 말 했어요. 상을 타 온 우리 언니가 칭찬받았을 때처럼 말이야.,어쩌면 질투가 날지도 몰라. 릴리가 말 했어요. 상을 타 온 우리 언니가 칭찬받았을 때처럼 말이야.
10,0,0.0,1.0,2.888888888888889,1,네 단위 분수는 무엇인가 하면요. 바로 분자가 (1)/(일)인 분수를 말해요.,네 단위 분수는 무엇인가 하면요. 바로 분자가 분수를 말해요.
19,0,0.0,1.0,2.823529411764706,1,자 여기 선생님이 적어 놓은 건 그냥 예시일 뿐이니까요 여러분들은 꼭 여러분들의 말로 다시 (1번)/(한 번) 정답 적어보도록 하세요.,자 여기 선생님이 적어 놓은 건 그냥 예시일 뿐이니까요 여러분들은 꼭 여러분들의 말로 다시 정답 적어보도록 하세요.
5,0,0.0,1.0,3.0,1,그리고 (5)/(오) (5)/(오) (25)/(이십 오).,그리고 오).
10,0,0.0,1.0,2.7,1,다음 문제입니다. 기역에 낱말을 넣어 짧은 글을 지어 써 보세요.,다음 문제입니다. 기역에 낱말을 넣어 짧은 글을 지어 써 보세요.
6,0,0.0,1.0,3.8333333333333335,1,신조어를 사용하는 학생들에 대해서 조사해요. 언제?,신조어를 사용하는 학생들에 대해서 조사해요. 언제?
12,0,0.0,1.0,2.888888888888889,1,자/ 높이는 (4)/(사) 예요. 그래서 여기는 세로가 (4cm)/(사 센티미터) 가 되는 거죠?,높이는 예요. 그래서 여기는 세로가 센티미터) 가 되는 거죠?
30,0,0.0,0.8666666666666667,2.8,1,(25)/(이십 오) 곱하기 (58)/(오십 팔)은 옆에서 계산할게요. (25)/(이십 오) 곱하기 (58)/(오십 팔) 계산하면 (5)/(오) (8)/(팔)은 (40)/(사십) 받아 올림 (2)/(이) (8)/(팔)은 (16)/(십 육) 인데 (4)/(사) 더해서 (20)/(이십) (5)/(오) (5)/(오) (25)/(이십 오).,오) 곱하기 팔)은 옆에서 계산할게요. 오) 곱하기 팔) 계산하면 받아 올림 육) 인데 더해서 오).
12,0,0.0,1.0,2.6363636363636362,1,나랑 같이 보건실을 갈까? 자/ 이렇게 마음을 전하는 말을 할 수 있겠어요.,나랑 같이 보건실을 갈까? 이렇게 마음을 전하는 말을 할 수 있겠어요.
13,0,0.0,1.0,3.076923076923077,1,그렇죠. 수학 구조 작전. 구하려는 것이 무엇인지 파악하고 조건을 모두 활용하라 라는 것이죠.,그렇죠. 수학 구조 작전. 구하려는 것이 무엇인지 파악하고 조건을 모두 활용하라 라는 것이죠.
10,2,0.2,1.0,2.625,0,"n/ 어흥, 어흥. 어휘 하나 n/ 주면 안 잡아먹지! 어흥!","어흥, 어흥. 어휘 하나 주면 안 잡아먹지! 어흥!"
8,0,0.0,1.0,2.1666666666666665,1,(45분)/(사십 오 분)은 (5시)/(다섯 시) 몇 분 전입니다.,오 분)은 시) 몇 분 전입니다.
6,1,0.16666666666666666,1.0,2.8,0,n/ 우리 받침 글자가 어디 떨어졌지?,우리 받침 글자가 어디 떨어졌지?
35,2,0.05714285714285714,0.9696969696969697,2.909090909090909,0,그러니까 그/ 저/ 현실이 아니 현실은 막 총싸움하고 칼싸움하고 안 하잖아요? 그런데 마치 자기가 게임 하던 것이 현실세계에 투영이 돼 가지고 여기서도 막 난폭해지고 그럴 수 있다라는 거예요. 그래서 정신적인 문제가 생 생길 수가 있습니다.,그러니까 현실이 아니 현실은 막 총싸움하고 칼싸움하고 안 하잖아요? 그런데 마치 자기가 게임 하던 것이 현실세계에 투영이 돼 가지고 여기서도 막 난폭해지고 그럴 수 있다라는 거예요. 그래서 정신적인 문제가 생 생길 수가 있습니다.
4,1,0.25,1.0,3.0,0,n/ 이것은 바람 소리다.,이것은 바람 소리다.
6,0,0.0,1.0,3.2,1,"자/ 우리. 나타나라 뿅, 한번 해볼까요?","우리. 나타나라 뿅, 한번 해볼까요?"
4,0,0.0,1.0,4.666666666666667,1,자/ 여러분 약수가 무엇이었습니까.,여러분 약수가 무엇이었습니까.
3,0,0.0,1.0,3.3333333333333335,1,편지를 보내는 사람은.,편지를 보내는 사람은.
9,0,0.0,1.0,2.6666666666666665,1,친구들 뾰족한 부분이 많고 평평한 부분도 있는 거 뭐였죠?,친구들 뾰족한 부분이 많고 평평한 부분도 있는 거 뭐였죠?
10,0,0.0,1.0,2.9,1,녀석은 집에 도착하자 나를 더욱 잘 따랐고 아내도 녀석을 귀여워했다.,녀석은 집에 도착하자 나를 더욱 잘 따랐고 아내도 녀석을 귀여워했다.
9,1,0.1111111111111111,1.0,2.75,0,n/ 마지막 문자는 허리 오래 굽히기 내기를 하는 거래요.,마지막 문자는 허리 오래 굽히기 내기를 하는 거래요.
9,0,0.0,1.0,3.625,1,자/ 이렇게 지원이가 뉴스에서 본 내용을 할머니께 이야기를 해드렸어요.,이렇게 지원이가 뉴스에서 본 내용을 할머니께 이야기를 해드렸어요.
2,0,0.0,1.0,3.0,1,(21)/(이십 일).,일).
14,3,0.21428571428571427,1.0,4.222222222222222,0,어/ 부끄러워요. 그렇죠. 빨갛게 볼이된 부끄러운 별님이었어요. 그래서 답은 n/ (5번)/(오 번) 이 되겠습니다.,부끄러워요. 그렇죠. 빨갛게 볼이된 부끄러운 별님이었어요. 그래서 답은 되겠습니다.
26,1,0.038461538461538464,0.9565217391304348,3.217391304347826,0,자/ 어쨌든 우리 오늘 공부 아주 개운하게 마쳤고요. 자/ 다음 이 시간에는 무엇에 대해서 공부할 것이냐. 바로 따뜻하고 너그럽게에 대해서 첫 번째 공부하는 시간을 가져보도록 하겠습니다.,어쨌든 우리 오늘 공부 아주 개운하게 마쳤고요. 다음 시간에는 무엇에 대해서 공부할 것이냐. 바로 따뜻하고 너그럽게에 대해서 첫 번째 공부하는 시간을 가져보도록 하겠습니다.
6,0,0.0,1.0,2.8333333333333335,1,상자 모양 그리고 둥근 기둥 모양이었죠?,상자 모양 그리고 둥근 기둥 모양이었죠?
5,0,0.0,1.0,2.25,1,(47235)/(사만 칠천 이백 삼십 오).,칠천 이백 삼십 오).
11,1,0.09090909090909091,0.9,3.4,0,n/ 나온다. 나온다. 두드리퐁의 재미있는 노래 한글이 야호의 글자별 여행 이야기.,나온다. 나온다. 두드리퐁의 재미있는 노래 한글이 야호의 글자별 여행 이야기.
19,0,0.0,0.9473684210526315,3.0,1,보겠습니다. 남쪽 나라 따뜻한 나라 사람 사는 동네도 없고 사람이나 짐승이 지나간 흔적도 없는 쓸쓸한 바닷가에. 여러분 장소 나왔어요?,보겠습니다. 남쪽 나라 따뜻한 나라 사람 사는 동네도 없고 사람이나 짐승이 지나간 흔적도 없는 쓸쓸한 바닷가에. 여러분 장소 나왔어요?
23,0,0.0,0.9565217391304348,3.0434782608695654,1,시작하는 점은 같은데 크레파스와 달리 연필은 반드시 있는게 아니라 기울어져 있어요. 이렇게 물건이 나란히 있지 않고 기울어져 있어 버리면 제대로 비교할 수가 없어요.,시작하는 점은 같은데 크레파스와 달리 연필은 반드시 있는게 아니라 기울어져 있어요. 이렇게 물건이 나란히 있지 않고 기울어져 있어 버리면 제대로 비교할 수가 없어요.
31,1,0.03225806451612903,1.0,2.586206896551724,0,"n/ 타임머신을 타고 (30년)/(삼십 년) 뒤 미래로 온 나는 그곳에서 온갖 것들을 만날 수 있었고, 무엇보다 사람과 똑같이 생긴 로봇들이 여러 일을 맡아 하는 것을 보고 놀랐는데 그중 가장 신기했던 것은,","타임머신을 타고 년) 뒤 미래로 온 나는 그곳에서 온갖 것들을 만날 수 있었고, 무엇보다 사람과 똑같이 생긴 로봇들이 여러 일을 맡아 하는 것을 보고 놀랐는데 그중 가장 신기했던 것은,"
6,1,0.16666666666666666,1.0,4.0,0,n/ 아이들이 갈기가 북슬북슬한 사자를 만났구나.,아이들이 갈기가 북슬북슬한 사자를 만났구나.
1,1,1.0,0.0,0.0,0,n/연필의.,
6,1,0.16666666666666666,1.0,3.2,0,그 다음에 동생의 점수는 몇 점이었어요?,다음에 동생의 점수는 몇 점이었어요?
18,0,0.0,0.8888888888888888,2.8333333333333335,1,거봐. 장갑 빼면 손 시리다고 했잖아. 그리고 빨리 내려오다가 다른 곳에 부딪치면 상처가 난다고. 불편해도 빨리 장갑 껴.,거봐. 장갑 빼면 손 시리다고 했잖아. 그리고 빨리 내려오다가 다른 곳에 부딪치면 상처가 난다고. 불편해도 빨리 장갑 껴.
11,0,0.0,1.0,3.3,1,(2)/(두) 곧은 선이 만나서 생기는 점인데 원에는 뾰족한 부분이 없잖아요. 틀렸습니다.,곧은 선이 만나서 생기는 점인데 원에는 뾰족한 부분이 없잖아요. 틀렸습니다.
19,0,0.0,0.8823529411764706,2.4705882352941178,1,자/ 이렇게 먼저 평행한 면을 먼저 찾고 나면 좀 더 수직인 면을 찾기가 쉽습니다 이것 빼고 (4개)/(네 개)일 테니까요.,이렇게 먼저 평행한 면을 먼저 찾고 나면 좀 더 수직인 면을 찾기가 쉽습니다 이것 빼고 개)일 테니까요.
2,0,0.0,1.0,3.0,1,국어를 잘해야,국어를 잘해야
10,1,0.1,1.0,3.125,0,n/ 그러니까 이렇게 (2변)/(두 변)의 길이가 같은 삼각형은 바로 이등변.,그러니까 이렇게 변)의 길이가 같은 삼각형은 바로 이등변.
7,0,0.0,1.0,3.1666666666666665,1,지금 가장 작은 원이 (2cm)/(이 센티미터)죠. 여러분?,지금 가장 작은 원이 센티미터)죠. 여러분?
24,0,0.0,0.9565217391304348,2.782608695652174,1,네 엄마 어릴 때 얘기해 줄까? 어때요. 이상하죠. 쉼표 다음에는 조금 쉬어 읽어야 하는데 겹 쇄기 표시가 나와서 잠시 쉬어 읽었잖아요. 자/ 그래서 틀렸어요.,네 엄마 어릴 때 얘기해 줄까? 어때요. 이상하죠. 쉼표 다음에는 조금 쉬어 읽어야 하는데 겹 쇄기 표시가 나와서 잠시 쉬어 읽었잖아요. 그래서 틀렸어요.
6,0,0.0,1.0,2.8333333333333335,1,발이 넓으면 보통 이래야 되는데 그렇죠.,발이 넓으면 보통 이래야 되는데 그렇죠.
8,0,0.0,1.0,3.5,1,"첫째, 둘째, 셋째, 넷째, 다섯째, 여섯째, 일곱째, 여덟째.","첫째, 둘째, 셋째, 넷째, 다섯째, 여섯째, 일곱째, 여덟째."
2,0,0.0,1.0,4.0,1,자/ 어디로?,어디로?
6,1,0.16666666666666666,0.8,2.8,0,n/ 못쓰는 양말 있지? 못쓰는 양말을,못쓰는 양말 있지? 못쓰는 양말을
13,1,0.07692307692307693,1.0,2.090909090909091,0,o/ 그 부분 정말 표현 잘 하신 것 같아요 아까 배웠던 거 그렇죠.,부분 정말 표현 잘 하신 것 같아요 아까 배웠던 거 그렇죠.
6,1,0.16666666666666666,1.0,4.0,0,n/ 아가씨의 얼굴은 장밋빛으로 상기되어 있었다.,아가씨의 얼굴은 장밋빛으로 상기되어 있었다.
4,0,0.0,1.0,3.5,1,이해하는데 많은 차이가 있겠죠.,이해하는데 많은 차이가 있겠죠.
4,0,0.0,1.0,3.0,1,"몇 부분으로? (3)/(세)부분으로, (3)/(세)부분으로,",몇 부분으로?
3,0,0.0,1.0,4.0,1,자/ 어떤 속담일까요?,어떤 속담일까요?
15,0,0.0,1.0,3.2,1,어린이들이* 동요를 듣고 부르기를 바라는 어른이 많은 까닭을 한번 찾아보래요. 왜 동요는 특징이 뭐에+ 뭐예요?,어린이들이* 동요를 듣고 부르기를 바라는 어른이 많은 까닭을 한번 찾아보래요. 왜 동요는 특징이 뭐에+ 뭐예요?
11,0,0.0,0.6,2.6,1,자/ 뾰족 뾰족 뾰족 뾰족 뾰족 삼각형이 이렇게 여러 개가 있습니다.,뾰족 뾰족 뾰족 뾰족 뾰족 삼각형이 이렇게 여러 개가 있습니다.
4,0,0.0,1.0,4.0,1,무엇을에 해당하는 말이라고 했어요.,무엇을에 해당하는 말이라고 했어요.
21,1,0.047619047619047616,0.85,3.05,0,어/ 우리반이 늘 웃는 반이었으면 좋겠고 우리반이 늘 서로 배려해주는 그런 반이면 좋겠고 여러분이 생각하는 올해 우리반은 이런 반이 되었으면 좋겠다.,우리반이 늘 웃는 반이었으면 좋겠고 우리반이 늘 서로 배려해주는 그런 반이면 좋겠고 여러분이 생각하는 올해 우리반은 이런 반이 되었으면 좋겠다.
9,1,0.1111111111111111,1.0,3.0,0,(3 번)/(삼 번). n/ 집을 짓는 까닭이 나왔던가요? 으음/,(3 번). 집을 짓는 까닭이 나왔던가요?
9,0,0.0,1.0,3.4285714285714284,1,오/ 봄은 학교이다 자연에서 많은 것을 가르쳐주기 때문이다. b/.,봄은 학교이다 자연에서 많은 것을 가르쳐주기 때문이다.
15,0,0.0,0.875,3.0,1,"자/ 받아내고 남은 숫자 (2)/(이)에서 (1)/(일)을 빼준다. 즉, (10)/(십) 모형 (2개)/(두 개)에서 (10)/(십) (1)/(하나)만큼을 빼준다.","받아내고 남은 숫자 빼준다. 즉, 모형 개)에서 빼준다."
23,1,0.043478260869565216,1.0,2.8636363636363638,0,그리고 가장 좋은 답은요. 여러분들이 겪었던 경험과 관련지어서 나도 이런 것 때문에 힘든 적이 있었어 이렇게 연결지어 써주면 어/ 멋있는 답안이 될 거예요.,그리고 가장 좋은 답은요. 여러분들이 겪었던 경험과 관련지어서 나도 이런 것 때문에 힘든 적이 있었어 이렇게 연결지어 써주면 멋있는 답안이 될 거예요.
10,2,0.2,1.0,3.2857142857142856,0,자/ 이 한자어에 해당되는 우리 고유어는 바로 n/ 벗이 있답니다.,한자어에 해당되는 우리 고유어는 바로 벗이 있답니다.
19,4,0.21052631578947367,0.8666666666666667,2.933333333333333,0,그러면 이 n/ 공을 덜어내 볼게요. 그리고 아랫줄에는 다 공인데 인형이 딱 하나 있어요. 이 n/ 인형도 덜어내 볼게요.,그러면 공을 덜어내 볼게요. 그리고 아랫줄에는 다 공인데 인형이 딱 하나 있어요. 인형도 덜어내 볼게요.
5,0,0.0,1.0,3.4,1,우리 친구들의 상상력은 정말 최고예요.,우리 친구들의 상상력은 정말 최고예요.
10,1,0.1,1.0,2.7142857142857144,0,그럼 n/ 의 비법으로 중요한 내용 (1번)/(한 번) 떠올려 볼까요?,그럼 의 비법으로 중요한 내용 떠올려 볼까요?
5,0,0.0,1.0,3.0,1,o/ 글쎄요. 점이 (2개)/(두 개).,글쎄요. 점이 개).
13,0,0.0,1.0,2.727272727272727,1,(1번)/(일 번) 어두워서 길이 안 보였기 때문에 이런 말 있습니까? 없었던 것 같은데요.,어두워서 길이 안 보였기 때문에 이런 말 있습니까? 없었던 것 같은데요.
24,0,0.0,0.9523809523809523,2.380952380952381,1,(8)/(팔) 에다가 어떤 한 자릿수를 더하여 (2)/(이) 가 되는 경우는 없으니까 이럴 때는 받아올림을 해서 (12)/(십 이) 가 됐다 라는 걸 말해 주는 거예요.,에다가 어떤 한 자릿수를 더하여 가 되는 경우는 없으니까 이럴 때는 받아올림을 해서 이) 가 됐다 라는 걸 말해 주는 거예요.
24,3,0.125,0.8571428571428571,2.5238095238095237,0,좋죠. 아/ n/ 친구 엄청 길게 다 썼어요. 높임말을 사용해야 하고 또박 또박 말을 해야 하고 어/ 경청해야 하고 듣는 사람은 정말 잘 했습니다.,좋죠. 친구 엄청 길게 다 썼어요. 높임말을 사용해야 하고 또박 또박 말을 해야 하고 경청해야 하고 듣는 사람은 정말 잘 했습니다.
16,0,0.0,1.0,3.1818181818181817,1,자/ (120)/(백 이십)은 (10모형)(십 모형)이 (10개)/(열 개) 하고도 (20)/(이십) (2개)/(두 개)가 더 있다고 볼 수 있겠네요.,이십)은 (10모형)(십 모형)이 개) 하고도 개)가 더 있다고 볼 수 있겠네요.
18,1,0.05555555555555555,0.9375,2.625,0,보이나 어/ 보이면 좋겠다. 혹시 말이 잘 안 들리더라도 선생님이 그래서 일부러 (이렇게)/(이러케) 계속 쓰는 거야. 혹시 요+,보이나 보이면 좋겠다. 혹시 말이 잘 안 들리더라도 선생님이 그래서 일부러 계속 쓰는 거야. 혹시 요+
2,0,0.0,1.0,3.0,1,"원의 중심과,","원의 중심과,"
24,0,0.0,0.9545454545454546,3.6363636363636362,1,"다음 시간에는요, 기본문제 남았던 문제들 풀어드릴 거고요. 그리고 실력문제까지 (하나)/(한) 번 열심히 풀어보도록 할게요. 문제 반드시 먼저 풀어보세요. 문제 풀기 힘들면 읽어보고라도 오셔야 됩니다.","다음 시간에는요, 기본문제 남았던 문제들 풀어드릴 거고요. 그리고 실력문제까지 열심히 풀어보도록 할게요. 문제 반드시 먼저 풀어보세요. 문제 풀기 힘들면 읽어보고라도 오셔야 됩니다."
26,2,0.07692307692307693,1.0,2.9583333333333335,0,"n/ 이 친구가 만약 곤충 연구를 열심히 했다는 점은 대단하지만, 가족을 위해 돈을 벌 생각을 하지 않았다는 것은 나쁜 점이다.라고만 글을 썼다면 평범한 글이 되었을지도 몰라요.","친구가 만약 곤충 연구를 열심히 했다는 점은 대단하지만, 가족을 위해 돈을 벌 생각을 하지 않았다는 것은 나쁜 점이다.라고만 글을 썼다면 평범한 글이 되었을지도 몰라요."
4,0,0.0,1.0,3.25,1,나는 올림픽에 나가서 뭐할까?,나는 올림픽에 나가서 뭐할까?
22,2,0.09090909090909091,0.8947368421052632,2.8421052631578947,0,"자/ 여러분, 주+ 설명문 우리 저/ 간추리기 했었잖아요. 바로 이 부분이 뭐가 되는 걸까요? 주요 내용이 되는 거고 중심 문장들이 되는 거죠.","여러분, 주+ 설명문 우리 간추리기 했었잖아요. 바로 부분이 뭐가 되는 걸까요? 주요 내용이 되는 거고 중심 문장들이 되는 거죠."
15,0,0.0,1.0,3.3846153846153846,1,(1회)/(일 회)이기 때문에 선생님과 함께는 (2회)/(이 회)를 차근차근 해결해 나가도록 할 것입니다 그럼 출발해볼까요 출발.,회)이기 때문에 선생님과 함께는 회)를 차근차근 해결해 나가도록 할 것입니다 그럼 출발해볼까요 출발.
10,0,0.0,1.0,4.333333333333333,1,그렇죠 여기는n/ (18cm)/(십 팔 센티미터)를 (3)/(삼)으로 나누어 (6cm)/(육 센티미터)가 되는것입니다.,그렇죠 팔 센티미터)를 나누어 센티미터)가 되는것입니다.
9,0,0.0,1.0,3.1666666666666665,1,(32)/(삼십 이)가 아니라 (29)/(이십 구)가 주인공이 되어서 (29)/(이십 구)는,이)가 아니라 구)가 주인공이 되어서 구)는
10,1,0.1,1.0,2.7142857142857144,0,n/ (4)/(사)와 (48)/(사십 팔)이 있었어요. 물론 더 많이 있을 거예요.,팔)이 있었어요. 물론 더 많이 있을 거예요.
18,1,0.05555555555555555,0.9090909090909091,3.0,0,"선생님은 양팔를 (이렇게)/(이러케) (1번)/(한 번) 벌였을 때 (1m)/(일 미터) 정도였는데,(5번)/(다섯 번)정도 나왔으니까 어/ 약 (5m)/(오 미터) 정도 되려나?",선생님은 양팔를 벌였을 때 미터) 번)정도 나왔으니까 약 미터) 정도 되려나?
3,0,0.0,1.0,3.0,1,(A)/(에이)에 (4)/(네)제곱 플러스,플러스
1,0,0.0,1.0,6.0,1,수의사래요.,수의사래요.
10,0,0.0,1.0,3.1666666666666665,1,여기 올라가니까 (2)/(이) 더하기 (4)/(사) (600)/(육백) 아이고 딱 (600)/(육백)이 나왔네요.,여기 올라가니까 더하기 아이고 딱 나왔네요.
36,1,0.027777777777777776,0.9428571428571428,2.8,0,"n/ 다음 시간에는 우리 평면도형의 세계를 떠나서 또 다른 새로운 세계로의 여행을 시작해보도록 할게요. 근데 혹시 오늘 배운 내용 궁금하거나 질문 있으면 여기 들어와서 확인해 보는 거 알죠? 그럼 우리 친구들, 다음 시간에 만날 때까지 안녕!","다음 시간에는 우리 평면도형의 세계를 떠나서 또 다른 새로운 세계로의 여행을 시작해보도록 할게요. 근데 혹시 오늘 배운 내용 궁금하거나 질문 있으면 여기 들어와서 확인해 보는 거 알죠? 그럼 우리 친구들, 다음 시간에 만날 때까지 안녕!"
10,0,0.0,1.0,2.75,1,그럼 몇 분씩 묶을 수 있을지 나눗셈으로 (1번)/(한 번) 구해볼게요.,그럼 몇 분씩 묶을 수 있을지 나눗셈으로 구해볼게요.
20,0,0.0,0.9473684210526315,2.6842105263157894,1,"자/ 예, 우리 좋은 동요나 동시 같은 거 있으면 혼자만 알고 있지 말고 주변의 친구들과 또는 선생님들에게 많이 많이 알려주세요.","예, 우리 좋은 동요나 동시 같은 거 있으면 혼자만 알고 있지 말고 주변의 친구들과 또는 선생님들에게 많이 많이 알려주세요."
3,0,0.0,1.0,3.3333333333333335,1,선생님이 뭐라고 했지?,선생님이 뭐라고 했지?
12,0,0.0,1.0,3.0,1,자/ 그러니까 우리 친구들 여기서 다 전체 바둑돌을 알아보기 위해서 더 해줘야겠죠.,그러니까 우리 친구들 여기서 다 전체 바둑돌을 알아보기 위해서 더 해줘야겠죠.
6,0,0.0,1.0,3.6,1,자/ 그렇다면 문제를 한번 풀어보도록 할게요.,그렇다면 문제를 한번 풀어보도록 할게요.
27,1,0.037037037037037035,0.9230769230769231,2.9615384615384617,0,n/ 연말 연시에는 풍등에 소원을 적어 날려 보낸다는데 우리 친구들은 어떤 소원을 적고 싶은 가요. 친구들의 소원을 수강 후기 게시판에 남겨주세요. 그럼 우리는 다음 시간에 만나요. 안녕.,연말 연시에는 풍등에 소원을 적어 날려 보낸다는데 우리 친구들은 어떤 소원을 적고 싶은 가요. 친구들의 소원을 수강 후기 게시판에 남겨주세요. 그럼 우리는 다음 시간에 만나요. 안녕.
11,0,0.0,1.0,2.8181818181818183,1,그러니까 언니 오빠 중에 누구부터? 곱셈. 앞에 있는 곱셈부터 해 줍니다.,그러니까 언니 오빠 중에 누구부터? 곱셈. 앞에 있는 곱셈부터 해 줍니다.
9,0,0.0,1.0,2.875,1,"자/ 힌트, 각 문단의 맨 앞부분을 중점적으로 보면 됩니다.","힌트, 각 문단의 맨 앞부분을 중점적으로 보면 됩니다."
19,1,0.05263157894736842,0.8888888888888888,3.2777777777777777,0,"우리가 비교한 내용들을 쓴 것이지요, 그리고 겹치지 않는 부분에는 각각의 차이점 대조에 해당하는 내용들을 쓴 거잖아요. 맞습니다, n/ 친구.","우리가 비교한 내용들을 쓴 것이지요, 그리고 겹치지 않는 부분에는 각각의 차이점 대조에 해당하는 내용들을 쓴 거잖아요. 맞습니다, 친구."
13,1,0.07692307692307693,1.0,3.727272727272727,0,그리고 이 평행사변형의 높이는 무엇과 같다? 원래 사다리꼴의 높이와 같아요. 그래서 (8)/(팔) 적어줄게요.,그리고 평행사변형의 높이는 무엇과 같다? 원래 사다리꼴의 높이와 같아요. 그래서 적어줄게요.
14,0,0.0,1.0,2.5384615384615383,1,"그렇다면 각도를 비교해 주었을 때, (150도)/(백 오십 도)가 더 크다, 라고 말할 수 있겠죠.","그렇다면 각도를 비교해 주었을 때, 오십 도)가 더 크다, 라고 말할 수 있겠죠."
20,0,0.0,1.0,3.0555555555555554,1,자/ 그리고 세 번째. 벽에 종이를 붙이는 일을 직업으로 하는 사람의 도배장이라고 해 도배쟁이라고 해. 자/ 도배하는 거 이것도 기술이에요.,그리고 세 번째. 벽에 종이를 붙이는 일을 직업으로 하는 사람의 도배장이라고 해 도배쟁이라고 해. 도배하는 거 이것도 기술이에요.
2,0,0.0,0.0,0.0,1,b/ (ㄱ에서)/(기역에서),
1,0,0.0,0.0,0.0,1,(둘)/(두)명,
8,0,0.0,1.0,3.5,1,(2번)/(이 번)으로 분모에 (7)/(칠)을 더하기 전의 분수를 구해주고요.,번)으로 분모에 더하기 전의 분수를 구해주고요.
2,0,0.0,1.0,4.0,1,그다음은 (4)/(사).,그다음은
10,2,0.2,1.0,3.5714285714285716,0,"n/ 네, 잘 (모르겠다고요)/(모르겠다구요)? 그리고 선생님이 힌트를 준비했는데요. 이 매체는요.","네, 잘 그리고 선생님이 힌트를 준비했는데요. 매체는요."
7,2,0.2857142857142857,1.0,3.4,0,어/ 이 원숭이가 처음에 동생이랑 놀고 있네요.,원숭이가 처음에 동생이랑 놀고 있네요.
13,0,0.0,1.0,2.6,1,이(X)/(엑스) ( EQUAL)/(이퀄) (A)/(에이) 주변에서 얘가 가장 크거나 같아요. 아니죠. 얘네 잖아 얘.,( 주변에서 얘가 가장 크거나 같아요. 아니죠. 얘네 잖아 얘.
7,0,0.0,1.0,2.0,1,자/ (100)/(백)의 자리 밑에 수가 (0)/(영) (0)/(영).,자리 밑에 수가
27,1,0.037037037037037035,0.875,2.875,0,글 속에서 원숭이가 어떠한 생각을 했을+ 했는지 또/ 원숭이가 어떠한 마음을 (가졌는지)/(갖고 있는지) 어떠한 성격인지 생각해 볼 수 있습니다. 그럼 이/ 글과 연관된 문제 함께 보도록 합시다.,글 속에서 원숭이가 어떠한 생각을 했을+ 했는지 원숭이가 어떠한 마음을 있는지) 어떠한 성격인지 생각해 볼 수 있습니다. 그럼 글과 연관된 문제 함께 보도록 합시다.
11,0,0.0,0.7777777777777778,2.6666666666666665,1,"한 대각선의 길이 (16)/( 십 육)곱하기 다른 대각선의 길이 (12)/(십 이),","한 대각선의 길이 십 육)곱하기 다른 대각선의 길이 이),"
3,0,0.0,0.0,0.0,1,(13)/(십삼) (14)/(십사) (15)/(십오),
11,1,0.09090909090909091,1.0,2.5,0,자/ 이 꽃밭의 넓이를 구하기 위해서 우리 좀 모양을 뜯어 (보자고요)/(보자구여).,꽃밭의 넓이를 구하기 위해서 우리 좀 모양을 뜯어
6,0,0.0,1.0,3.0,1,그러면 여기 네모칸을 한번 같이 채워볼게요,그러면 여기 네모칸을 한번 같이 채워볼게요
25,1,0.04,1.0,2.7777777777777777,0,그/ 똑같은 게 (6개)/(여섯 개)가 있어요. 면이 (6개)/(여섯 개)있죠? 그럼 이거 곱하기 (6)/(육)을 하면 우리가 구할 수 있습니다. 자/ 계산을 하면요. (384)/(삼백 팔십 사)가 (나오고요)/(나오구요).,똑같은 게 개)가 있어요. 면이 개)있죠? 그럼 이거 곱하기 하면 우리가 구할 수 있습니다. 계산을 하면요. 팔십 사)가
12,1,0.08333333333333333,1.0,3.2222222222222223,0,"자/ 부산 이리와. 쳐! 이게 아니라, 자/ 무력으로 부산을 어/ 정벌하는 것이죠.","부산 이리와. 쳐! 이게 아니라, 무력으로 부산을 정벌하는 것이죠."
4,2,0.5,1.0,5.0,0,n/ 아/ 아이/ 아닙니다.,아닙니다.
32,6,0.1875,0.9444444444444444,2.888888888888889,0,"가로로 (1)/(하나), n/ (2)/(둘), n/ (3)/(셋). 그리고 세로로도 (1)/(하나), n/ (2)/(둘), n/ (3칸)/(세 칸). 모두 (9칸)/(아홉 칸)이 되겠네요. 즉 n/ (9 제곱 센티미터)/(9 제곱 센치미터)가 됨을 알 수가 있는데요. 여기서 n/ 잠깐,","가로로 그리고 세로로도 칸). 모두 칸)이 되겠네요. 즉 (9 제곱 제곱 센치미터)가 됨을 알 수가 있는데요. 여기서 잠깐,"
17,3,0.17647058823529413,1.0,2.9285714285714284,0,어/ 문단의 중심 내용을 완전하게 완벽하게 n/ 설명을 해야 된다 이 말입니다. 제가 아까 봄에는 꽃이 피어요.,문단의 중심 내용을 완전하게 완벽하게 설명을 해야 된다 말입니다. 제가 아까 봄에는 꽃이 피어요.
19,0,0.0,0.9444444444444444,3.4444444444444446,1,여기 어떤 생물들이 아주 작은 생물들과 갯지렁이들이 분해해준다고 했어요? 자/ 보기 볼게요. 정답은 그래요. 갯지렁이 입니다. 다음 문제도 볼게요.,여기 어떤 생물들이 아주 작은 생물들과 갯지렁이들이 분해해준다고 했어요? 보기 볼게요. 정답은 그래요. 갯지렁이 입니다. 다음 문제도 볼게요.
5,0,0.0,1.0,3.4,1,다투는 사람들 사이에 끼어들어요. 예.,다투는 사람들 사이에 끼어들어요. 예.
23,1,0.043478260869565216,0.9545454545454546,2.4545454545454546,0,"그렇기 때문에 다음 n/ 화면 보시면요 첫 번째 풀이과정 뭐라고 쓸 수 있냐. 가장 큰 가분수 를 만들기 위해서는 분모가 가장 어때야 하고,","그렇기 때문에 다음 화면 보시면요 첫 번째 풀이과정 뭐라고 쓸 수 있냐. 가장 큰 가분수 를 만들기 위해서는 분모가 가장 어때야 하고,"
8,0,0.0,1.0,3.4285714285714284,1,자/ 그러면 다음 시간에는 무엇을 해야할지 빈이야 알려줄래?,그러면 다음 시간에는 무엇을 해야할지 빈이야 알려줄래?
10,0,0.0,1.0,3.0,1,반대쪽 끝에서 만나는 (눈금)/(눈끔)의 숫자를 읽어 줘야 한다는거 꼭 기억하세요.,반대쪽 끝에서 만나는 숫자를 읽어 줘야 한다는거 꼭 기억하세요.
2,0,0.0,1.0,3.0,1,그리고 누구와,그리고 누구와
10,0,0.0,1.0,3.0,1,"(28)/(이십 팔) 이라고 써주면 되겠죠. (7)/(칠)(5)/(오) 어디 있어요? 여기 오른쪽,","팔) 이라고 써주면 되겠죠. 어디 있어요? 여기 오른쪽,"
2,0,0.0,1.0,4.0,1,"그렇다면 (2)/(이),",그렇다면
5,0,0.0,1.0,3.0,1,(7)/(일곱) 마리나 있어요. (7)/(일곱) 마리,마리나 있어요. 마리
8,0,0.0,1.0,3.0,1,서술형 풀이 과정과 답까지 모두 적어 나타내줘야 합니다.,서술형 풀이 과정과 답까지 모두 적어 나타내줘야 합니다.
21,0,0.0,0.9047619047619048,3.2857142857142856,1,한글에 관심을 가져야 되잖아요. 우리가 좋아하는 것에는 관심을 기울이면서 또 관심을 가지게 되면 바르게 사용할 수도 있겠지요. 그리고 마지막 방법은요. 한글을.,한글에 관심을 가져야 되잖아요. 우리가 좋아하는 것에는 관심을 기울이면서 또 관심을 가지게 되면 바르게 사용할 수도 있겠지요. 그리고 마지막 방법은요. 한글을.
12,0,0.0,1.0,2.909090909090909,1,그리고 두 번째는요 몫이 이번에는 소수 두자릿수인 그러한 나눗셈 함께 알아볼 (거고요)/(거구요).,그리고 두 번째는요 몫이 이번에는 소수 두자릿수인 그러한 나눗셈 함께 알아볼
18,1,0.05555555555555555,0.8823529411764706,2.823529411764706,0,n/ 게으름뱅이 도둑 곤충들과 부지런한 곤충들 중에서 새끼도 더 많이 낳고 종족 번식도 더 많이 하는 곤충은 무엇일까요?,게으름뱅이 도둑 곤충들과 부지런한 곤충들 중에서 새끼도 더 많이 낳고 종족 번식도 더 많이 하는 곤충은 무엇일까요?
20,1,0.05,1.0,3.388888888888889,0,"n/ 네, 우리 친구들 오늘도 즐겁고 꼼꼼하게 공부하셨나요? 다음 시간에는요 드디어 이제 마지막 단원입니다. (8단원)/(팔 단원)의 내용 함께 공부해볼 테니깐요","네, 우리 친구들 오늘도 즐겁고 꼼꼼하게 공부하셨나요? 다음 시간에는요 드디어 이제 마지막 단원입니다. 단원)의 내용 함께 공부해볼 테니깐요"
11,0,0.0,1.0,3.3636363636363638,1,이런* 두려운 소식을 들으면서 안내는 잡혀갈까 봐 숨죽이면서 벌벌 떨며 살아가는데요.,이런* 두려운 소식을 들으면서 안내는 잡혀갈까 봐 숨죽이면서 벌벌 떨며 살아가는데요.
2,0,0.0,1.0,3.0,1,지도 배웠어.,지도 배웠어.
8,0,0.0,1.0,2.8333333333333335,1,(3연)/(삼 연)과 (5연)/(오 연)이라는 거 확인할 수 있지요?,연)과 연)이라는 거 확인할 수 있지요?
2,1,0.5,1.0,4.0,0,n/ 아테나.,아테나.
8,0,0.0,1.0,2.857142857142857,1,자/ 그래서 적습니다 여기 한번 적어 볼게요. 가위는,그래서 적습니다 여기 한번 적어 볼게요. 가위는
25,1,0.04,1.0,2.909090909090909,0,묶어서 줬으니까 이것을 덜어낸다 라고 생각하면 총 (8개)/(여덟 개)에서 (2개)/(두 개)를 몇번 덜어내야 모두 나누어 줄 수 있을지 이번에는 n/ 뺄셈식을 이용해서 한번 알아 볼까요?,묶어서 줬으니까 이것을 덜어낸다 라고 생각하면 총 개)에서 개)를 몇번 덜어내야 모두 나누어 줄 수 있을지 이번에는 뺄셈식을 이용해서 한번 알아 볼까요?
7,1,0.14285714285714285,1.0,4.0,0,이 램프의 요정이 들어가니까 친근하게 느껴지기도 하구요.,램프의 요정이 들어가니까 친근하게 느껴지기도 하구요.
6,1,0.16666666666666666,1.0,2.6,0,n/ 잠시 후 벽을 허물기 시작했다.,잠시 후 벽을 허물기 시작했다.
8,0,0.0,1.0,3.6,1,"분모 다르니까 통분해야죠.(7)/(칠)과 (2)/(이)의 곱, (14)/(십 사)로 통분해볼게요.","분모 다르니까 곱, 사)로 통분해볼게요."
4,1,0.25,1.0,3.6666666666666665,0,n/ 걸리버 여행기지요. 책!,걸리버 여행기지요. 책!
12,0,0.0,1.0,3.25,1,굉장히 좋은 방법이거든요? 그러니까 우리 친구들도 공책 정리하는 방법 한번 활용해 보세요.,굉장히 좋은 방법이거든요? 그러니까 우리 친구들도 공책 정리하는 방법 한번 활용해 보세요.
9,1,0.1111111111111111,1.0,2.75,0,어/ 색깔이요. 얘 지금 갈색도 있고 약간 흰색도 보여요.,색깔이요. 얘 지금 갈색도 있고 약간 흰색도 보여요.
10,0,0.0,1.0,2.375,1,자/ 우리 신문을 만들어 볼까요? 네 지금 만들 수는 (없으니까요)/(없으니깐요).,우리 신문을 만들어 볼까요? 네 지금 만들 수는
9,0,0.0,1.0,2.7777777777777777,1,이야기 속 인물의 생각이라. 자 친구와 나와 생각이 같나요?,이야기 속 인물의 생각이라. 자 친구와 나와 생각이 같나요?
7,0,0.0,1.0,2.857142857142857,1,선생님 여긴 분명히 접시에 귤이 있다고 그랬는데,선생님 여긴 분명히 접시에 귤이 있다고 그랬는데
7,1,0.14285714285714285,1.0,3.5,0,실력을 쑥쑥 높이는 n/ 문제 풀어보도록 하겠습니다.,실력을 쑥쑥 높이는 문제 풀어보도록 하겠습니다.
12,1,0.08333333333333333,1.0,2.5,0,"음/ 그건 지금 화면에 나오는 본문 내용 중에 해답이 쫙/ 나와 있는데,","그건 지금 화면에 나오는 본문 내용 중에 해답이 나와 있는데,"
16,2,0.125,1.0,2.769230769230769,0,자/ n/ 이 어때요? 이렇게 자세히 관찰해 보니까 같은 점에 대해서 아주 확실하게 알 수가 있지요?,어때요? 이렇게 자세히 관찰해 보니까 같은 점에 대해서 아주 확실하게 알 수가 있지요?
8,0,0.0,1.0,2.875,1,"그런 사람 실제로 겪은 사람은 한번 찾아보자 이렇게도,","그런 사람 실제로 겪은 사람은 한번 찾아보자 이렇게도,"
38,1,0.02631578947368421,0.8181818181818182,2.727272727272727,0,"n/ 정답을 아는 친구는 수강 후기 게시판에 글 많이 많이 남겨 (주시고요)/(주시구요). 모르는 내용이 있거나 헷갈리는 내용이 (있으면)/(있으면은) 검색창에 (EBS)/(이비에스) 초등을 입력하고 선생님 (QNA)/(큐앤에이) 게시판, 질문 게시판에 글 많이 많이 남겨주세요. 그럼 우리 다음 시간에 또 만나요. 안녕","정답을 아는 친구는 수강 후기 게시판에 글 많이 많이 남겨 모르는 내용이 있거나 헷갈리는 내용이 검색창에 초등을 입력하고 선생님 게시판, 질문 게시판에 글 많이 많이 남겨주세요. 그럼 우리 다음 시간에 또 만나요. 안녕"
12,1,0.08333333333333333,0.9090909090909091,3.1818181818181817,0,음/ 발을 이렇게 번갈아가면서 옮기는 거. 이렇게 이동하는 거 이거를 걸음이라고 해요.,발을 이렇게 번갈아가면서 옮기는 거. 이렇게 이동하는 거 이거를 걸음이라고 해요.
3,1,0.3333333333333333,1.0,3.5,0,음/ 가로의 길이요.,가로의 길이요.
5,1,0.2,1.0,4.75,0,n/ 여러분 안녕하세요. 쏙쏙이 선생님입니다.,여러분 안녕하세요. 쏙쏙이 선생님입니다.
2,0,0.0,1.0,4.0,1,(ㄱ)/(기역)을 볼까요.,볼까요.
8,3,0.375,1.0,3.8,0,n/ 이제 저어줄게요. 왼쪽으로 n/ 휘휘 오른쪽으로 n/빙글.,이제 저어줄게요. 왼쪽으로 휘휘 오른쪽으로
18,0,0.0,0.9090909090909091,2.6363636363636362,1,(X)/(엑스) 제곱분의 (2A)/(이 에이) (3)/(세)제곱 이걸 미분 하게 되면 마이너스(X)/(엑스) (3)/(세)제곱 분에 (2A)/(이 에이) (5)/(오)제곱 이렇게 되는 겁니다.,제곱분의 에이) 이걸 미분 하게 되면 분에 에이) 이렇게 되는 겁니다.
34,4,0.11764705882352941,0.9655172413793104,2.896551724137931,0,어/ 해당 산림을 관리하고 있던 당국자들과 근처 주민들은 하고 있습니다*. 자/ 이 조치라는 거는 대책을 말하는 거예요. 어떤 일이 터졌을 때 그 일을 해결할 수 있는 어/ 것들이 있겠죠. 그런 대책을 우린 조치라고 하고요.,해당 산림을 관리하고 있던 당국자들과 근처 주민들은 하고 있습니다*. 조치라는 거는 대책을 말하는 거예요. 어떤 일이 터졌을 때 일을 해결할 수 있는 것들이 있겠죠. 그런 대책을 우린 조치라고 하고요.
7,1,0.14285714285714285,1.0,3.2,0,그럼 이 문제의 정답은 (26)/(이십 육)이 되겠구나.,그럼 문제의 정답은 육)이 되겠구나.
8,0,0.0,0.875,2.375,1,자꾸 자꾸 물건을 사서 써야 공장이 안 망하죠?,자꾸 자꾸 물건을 사서 써야 공장이 안 망하죠?
22,0,0.0,0.75,2.4,1,멀리뛰기를 하는데 선율이는 (5 분의 13m)/(오 분의 십 삼 미터) 운찬이는 (1 과 10 분의 9미터)/(일 과 십 분의 구 미터)를 뛰었대요.,멀리뛰기를 하는데 선율이는 (5 분의 분의 십 삼 미터) 운찬이는 (1 과 10 분의 과 십 분의 구 미터)를 뛰었대요.
15,1,0.06666666666666667,0.9285714285714286,2.5714285714285716,0,n/ 따라서 맨날 나만 시켜요. 그러면 안 되고 만날 나만 시켜요라고 말을 해야 하는 거지요.,따라서 맨날 나만 시켜요. 그러면 안 되고 만날 나만 시켜요라고 말을 해야 하는 거지요.
30,1,0.03333333333333333,0.92,2.24,0,(ㄱ)/(기역) 이라고 하는 것은 전체 (180도)/(백 팔십 도) 에서 (30도)/(삼십 도) 를 빼주면 되겠죠 그러니깐 바로 몇 도다 (150도)/(백 오십 도) 가 되겠다 n/ 라는 거 우리 친구들 기억해 두세요.,이라고 하는 것은 전체 팔십 도) 에서 도) 를 빼주면 되겠죠 그러니깐 바로 몇 도다 오십 도) 가 되겠다 라는 거 우리 친구들 기억해 두세요.
18,1,0.05555555555555555,1.0,2.357142857142857,0,받아 올림이 (2번)/(두 번) 있는 덧셈 식 이 연결된 열쇠 (3개)/(세 개)를 찾으면 보물 상자를 열 수 있습니다.,받아 올림이 있는 덧셈 식 연결된 열쇠 개)를 찾으면 보물 상자를 열 수 있습니다.
8,0,0.0,1.0,3.142857142857143,1,자/ 대규모로 사람이 많이 모이는 것을 집회라고 합니다.,대규모로 사람이 많이 모이는 것을 집회라고 합니다.
3,1,0.3333333333333333,1.0,2.5,0,"n/ 시간 문제,","시간 문제,"
11,0,0.0,1.0,3.3333333333333335,1,(70cm)/(칠십 센티미터)면 운동장에서 뛰어놀 수 없겠죠. 약 (70m)/(칠십 미터)가 되는 거예요.,센티미터)면 운동장에서 뛰어놀 수 없겠죠. 약 미터)가 되는 거예요.
6,0,0.0,1.0,3.6666666666666665,1,여러 가지 많습니다. 지역마다 방언이 다르겠지요?,여러 가지 많습니다. 지역마다 방언이 다르겠지요?
4,1,0.25,1.0,3.0,0,n/ 구슬의 가격이 왔지.,구슬의 가격이 왔지.
1,0,0.0,0.0,0.0,1,"(1)/(하나),",
27,1,0.037037037037037035,0.92,2.72,0,이 모양의 이름도 우리 친구들이 다른 이름으로도 얼마든지 부를 수 있다는 사실 기억 하는 거에요. 자 마지막 세 번째 모양괴물의 정체를 살펴봅시다. 자/ 세 번째 모양 괴물도,모양의 이름도 우리 친구들이 다른 이름으로도 얼마든지 부를 수 있다는 사실 기억 하는 거에요. 자 마지막 세 번째 모양괴물의 정체를 살펴봅시다. 세 번째 모양 괴물도
17,0,0.0,0.9333333333333333,3.0,1,꼭짓점이 (6 개)/(여섯 개). 그러니까 육각형에는 변과 꼭지점이 (6 개)/(여섯 개)씩 있습니다. 라고 할 수가 있는 것이죠.,꼭짓점이 (6 개). 그러니까 육각형에는 변과 꼭지점이 (6 개)씩 있습니다. 라고 할 수가 있는 것이죠.
7,0,0.0,1.0,3.6,1,자/ 그렇다면 정리하면 깔끔하게 정리 (3)/(삼) 더하기.,그렇다면 정리하면 깔끔하게 정리 더하기.
31,1,0.03225806451612903,0.9583333333333334,2.9583333333333335,0,"(1)/(하나) 더 꼼꼼하게 또 해 봐야 되니까 혹시 모르잖아요. 여러분, (53)/(오십 삼) 곱하기 (40)/(사십)으로 했는데 어/ (2000)/(이천)보다 b/ (작아질 리는)/(작아지 리는) 없겠지만, 그래도 우리 수학은 꼼꼼함이 중요하니까, 한번 계산 해 볼게요.","더 꼼꼼하게 또 해 봐야 되니까 혹시 모르잖아요. 여러분, 삼) 곱하기 했는데 (작아질 리는) 없겠지만, 그래도 우리 수학은 꼼꼼함이 중요하니까, 한번 계산 해 볼게요."
16,0,0.0,1.0,3.0,1,우리 가족은 공방 (1)/(한) 군데를 들러서 기념품을 사고 유리로 병이나 장식품을 만드는 모습도 직접 살펴보기로 했다.,우리 가족은 공방 군데를 들러서 기념품을 사고 유리로 병이나 장식품을 만드는 모습도 직접 살펴보기로 했다.
25,1,0.04,0.9130434782608695,2.9565217391304346,0,"n/ 오늘의 글 요리 레시피 첫번째 받는 사람의 추억을 잘 기억하고있는 편지, 고마움이나 미안함을 느꼈던 일을 떠올려 보고, 그때의 까닭, 그때의 마음이 잘 드러나도록 (씁니다)/(씀니다).","오늘의 글 요리 레시피 첫번째 받는 사람의 추억을 잘 기억하고있는 편지, 고마움이나 미안함을 느꼈던 일을 떠올려 보고, 그때의 까닭, 그때의 마음이 잘 드러나도록"
18,0,0.0,0.8823529411764706,3.3529411764705883,1,자/ 이제 잠시 쉬었다 가도록 할까요. 여러분 만화 좋아하시죠? 샤랄라 선생님도 만화 무척이나 좋아하는데요. 우리 재미있는 만화 보시죠.,이제 잠시 쉬었다 가도록 할까요. 여러분 만화 좋아하시죠? 샤랄라 선생님도 만화 무척이나 좋아하는데요. 우리 재미있는 만화 보시죠.
18,1,0.05555555555555555,1.0,2.933333333333333,0,"n/ 여러분도 이런 적 있죠? 자/ 그럼 원래 글로, 예/ 돌아가 보겠습니다. 문제를 낼게요 겪은 일을 잘 생각해보세요.","여러분도 이런 적 있죠? 그럼 원래 글로, 돌아가 보겠습니다. 문제를 낼게요 겪은 일을 잘 생각해보세요."
2,0,0.0,1.0,2.5,1,어떤 수를.,어떤 수를.
15,0,0.0,0.9285714285714286,2.7857142857142856,1,자/ 우리 친구들 오늘 공부 아주 열심히 했는데요 그래도 이것만은 꼭 기억하셔야 해요 이것만은 꼭.,우리 친구들 오늘 공부 아주 열심히 했는데요 그래도 이것만은 꼭 기억하셔야 해요 이것만은 꼭.
9,1,0.1111111111111111,1.0,2.625,0,저 사람은 어떤 사람이구나 이런 것도 좀 알게 되고요.,사람은 어떤 사람이구나 이런 것도 좀 알게 되고요.
23,0,0.0,1.0,2.875,1,"o/ 그런데 얘네들이 이제 밝은 세상을 구경하고 싶어서 (1)/(하나) (2)/(둘) 머리를 내미는 거예요 네 새싹들이 이런 작은 소망이 (1)/(하나) (2)/(둘) (1)/(하나) (2)/(둘) 모여서,","그런데 얘네들이 이제 밝은 세상을 구경하고 싶어서 머리를 내미는 거예요 네 새싹들이 이런 작은 소망이 모여서,"
8,1,0.125,1.0,4.0,0,"n/ 이번에는요, (2)/(두) 수의 크기를 비교하는 문제를 살펴볼게요.","이번에는요, 수의 크기를 비교하는 문제를 살펴볼게요."
28,0,0.0,0.9629629629629629,3.074074074074074,1,"간결해야 (되고요)/(되구요). 또 기사문이니까 내 기사 읽어야 되잖아요. 어떻게 눈에 확 띄게 붙이면 됩니다. 숙제는 집에서 어때요. 내용과도 잘 어울리고, 간결하고, 눈에도 확 띄죠. 좋은 제목 같은가요? 고마워요.","간결해야 또 기사문이니까 내 기사 읽어야 되잖아요. 어떻게 눈에 확 띄게 붙이면 됩니다. 숙제는 집에서 어때요. 내용과도 잘 어울리고, 간결하고, 눈에도 확 띄죠. 좋은 제목 같은가요? 고마워요."
3,1,0.3333333333333333,1.0,7.0,0,n/ 자/ 마지막입니다.,마지막입니다.
10,1,0.1,1.0,2.4444444444444446,0,맞아 이 친구하고 비슷하게 생긴 친구도 아마 있을 것 같아,맞아 친구하고 비슷하게 생긴 친구도 아마 있을 것 같아
1,0,0.0,0.0,0.0,1,"(10)/(십),",
10,1,0.1,0.7777777777777778,2.0,0,n/ 악당꾼이 출발하는 시각은 몇 시 몇 분 몇 초?,악당꾼이 출발하는 시각은 몇 시 몇 분 몇 초?
19,1,0.05263157894736842,0.8888888888888888,2.7222222222222223,0,즉 우리 아들을 살려달라고 외치는 우리 아들을 살려 주지 않은 무관심했던 그 사람에게 벌을 주세요 라고 법원에 간 것이죠.,즉 우리 아들을 살려달라고 외치는 우리 아들을 살려 주지 않은 무관심했던 사람에게 벌을 주세요 라고 법원에 간 것이죠.
7,1,0.14285714285714285,1.0,3.8333333333333335,0,그리고 이 어니스트를 만나기 위해 골짜기로 찾아옵니다.,그리고 어니스트를 만나기 위해 골짜기로 찾아옵니다.
8,0,0.0,1.0,2.75,1,보기의 문장을 바르게 고쳐 쓰시오 라고 하고 있네요.,보기의 문장을 바르게 고쳐 쓰시오 라고 하고 있네요.
14,0,0.0,1.0,2.4166666666666665,1,자를 수 있는 가장 큰 정사각형의 (1)/(한) 변의 길이는 몇 (cm)/(센티미터)일까요 라고 물어보고 있네요.,자를 수 있는 가장 큰 정사각형의 변의 길이는 몇 라고 물어보고 있네요.
5,1,0.2,1.0,3.25,0,그런데 보세요 그 수들이 어때요.,그런데 보세요 수들이 어때요.
7,1,0.14285714285714285,1.0,3.5,0,"선생님이 이 짐작이라는 단어, 어떤 뜻이라고 했죠?","선생님이 짐작이라는 단어, 어떤 뜻이라고 했죠?"
13,0,0.0,1.0,3.230769230769231,1,미세먼지는 봄과 겨울에 자주 생깁니다. 미세먼지가 심한 날에는 다음과 같은 점에 주의해야 합니다.,미세먼지는 봄과 겨울에 자주 생깁니다. 미세먼지가 심한 날에는 다음과 같은 점에 주의해야 합니다.
7,1,0.14285714285714285,1.0,3.2,0,n/ (ㅈ)/(지읏)이란 자음과 모음이 만나서 된 글자들이야!,자음과 모음이 만나서 된 글자들이야!
16,1,0.0625,1.0,3.2,0,그 과제가 바로 뭔가 하면 네. 오늘 직육면체 마을에서는 거요. 직육면체의 전개도에 대해서 한번 알아보도록 할게요.,과제가 바로 뭔가 하면 네. 오늘 직육면체 마을에서는 거요. 직육면체의 전개도에 대해서 한번 알아보도록 할게요.
18,0,0.0,0.9285714285714286,3.0714285714285716,1,(5번)/(오 번)도 볼게요 어려울 때 도와주는 친구가 진정한 친구이다 자/ 여기 나오죠 자/ 따라서 (5번)/(오 번)도 정답이 되겠어요.,번)도 볼게요 어려울 때 도와주는 친구가 진정한 친구이다 여기 나오죠 따라서 번)도 정답이 되겠어요.
9,0,0.0,0.875,3.125,1,자/ 그러면 친구들 정답 확인할 수 있겠지요? 정답 확인합니다.,그러면 친구들 정답 확인할 수 있겠지요? 정답 확인합니다.
20,2,0.1,1.0,2.625,0,b/ 그 다음 우리 또 어떤 거 n/ (공부했더라)/(공부했드라). 내용의 연결을 생각하며 이어주는 말을 넣어서 줄거리를 쫙 간추려 보기도 했어요.,다음 우리 또 어떤 거 내용의 연결을 생각하며 이어주는 말을 넣어서 줄거리를 쫙 간추려 보기도 했어요.
24,5,0.20833333333333334,1.0,3.125,0,이 친구는 아/ 청록색을 보니까 맞아+ 맞아 어/ 답 나오네. 사람 옆모습이 보여요. (이렇게)/(이러케) 생각될 수도 있다라고 했었지? (그렇지)/(그지)? 어/ 기억나 선생님만 막/ 저/,친구는 청록색을 보니까 맞아+ 맞아 답 나오네. 사람 옆모습이 보여요. 생각될 수도 있다라고 했었지? 기억나 선생님만
25,0,0.0,1.0,3.2,1,(1번)/(일 번)그러니까 (1번)/(일 번)은 우리말을 소홀히 하는 게 아니죠. 따라서 정답은 (1번)/(일 번)입니다. 자 그다음 (2번)/(이 번) 잘못된 발음으로 말하지요. 우리 친구들도 많이 그럴 거야.,번)그러니까 번)은 우리말을 소홀히 하는 게 아니죠. 따라서 정답은 번)입니다. 자 그다음 잘못된 발음으로 말하지요. 우리 친구들도 많이 그럴 거야.
1,0,0.0,0.0,0.0,1,(3)/(삼),
28,1,0.03571428571428571,0.9615384615384616,3.269230769230769,0,그럼 다음으로 또 중요한 수직선 문제가 나왔습니다. 수직선에 나타내어보세요 라고 (했고요)/(했구요). 여기 범위가 나타나 있었어요. 선생님이 수직선 나왔을 때 뭐만 알면 된다고 했었는데 n/ 쌤의 비법으로 한번 정리해볼까요.,그럼 다음으로 또 중요한 수직선 문제가 나왔습니다. 수직선에 나타내어보세요 라고 여기 범위가 나타나 있었어요. 선생님이 수직선 나왔을 때 뭐만 알면 된다고 했었는데 쌤의 비법으로 한번 정리해볼까요.
8,0,0.0,1.0,3.125,1,마찬가지로 얘는 왼쪽으로 가면 수가 더 작아지니까 안되고.,마찬가지로 얘는 왼쪽으로 가면 수가 더 작아지니까 안되고.
4,1,0.25,1.0,3.0,0,야/ 그러면 이 모양은,그러면 모양은
10,0,0.0,0.8888888888888888,3.2222222222222223,1,o/ 이상한 게 빨간색을 안읽었는데도 얘기가 잘 전달되면서 잘 읽히네요?,이상한 게 빨간색을 안읽었는데도 얘기가 잘 전달되면서 잘 읽히네요?
5,0,0.0,1.0,3.2,1,이렇게 고치면요 어떤 점이 좋을까요?,이렇게 고치면요 어떤 점이 좋을까요?
8,0,0.0,0.875,2.25,1,공생 같이 산다 라는 뜻 이죠 같이 존재한다.,공생 같이 산다 라는 뜻 이죠 같이 존재한다.
6,1,0.16666666666666666,1.0,3.6,0,n/ 분위기에 어울리게 이야기를 읽기 위해서는,분위기에 어울리게 이야기를 읽기 위해서는
16,1,0.0625,0.9230769230769231,3.5384615384615383,0,(3번)/(삼 번) 누구나 상상할수 있는 사건을 꾸민다라고 했는데 누구나 상상이 가능하다면 그 이야기는 얼마나 재미가 없겠어요.,누구나 상상할수 있는 사건을 꾸민다라고 했는데 누구나 상상이 가능하다면 이야기는 얼마나 재미가 없겠어요.
2,0,0.0,1.0,4.0,1,(2)/(두)줄이 있구요.,있구요.
9,0,0.0,0.8888888888888888,3.0,1,우리 친구들은 우리 친구들이 지난주에 있었던 일을 적는 거예요.,우리 친구들은 우리 친구들이 지난주에 있었던 일을 적는 거예요.
23,1,0.043478260869565216,1.0,3.3333333333333335,0,그 다음에 비참히 이런 말들이 어울릴 것 같아요. 그렇죠? 원균은 죽고요 배는 부서졌습니다. 싸움에 나갔던 병사들은 대부분 죽거나 포로가 되었습니다. 자/ 포로 무엇이죠?,다음에 비참히 이런 말들이 어울릴 것 같아요. 그렇죠? 원균은 죽고요 배는 부서졌습니다. 싸움에 나갔던 병사들은 대부분 죽거나 포로가 되었습니다. 포로 무엇이죠?
3,0,0.0,1.0,2.0,1,(5)/(오)라는 것은 b/,것은
11,0,0.0,1.0,3.0,1,자/(6)/(육) 곱하기 (1)/(일) (6)/(육) 에다가 (2)/(이)를 더하면 (8)/(팔). (14)/(십 사)가 돼요.,곱하기 에다가 더하면 사)가 돼요.
5,0,0.0,1.0,3.75,1,"자/ 그래, 고마워. 그리고 진심으로,","그래, 고마워. 그리고 진심으로,"
9,0,0.0,1.0,4.0,1,그런데 (69)/(육십 구)면 (100)/(백)(MILLILITER)/(밀리리터)가 안되지만 그래도 어떻게 해야될까요. 담아야겠죠.,그런데 구)면 안되지만 그래도 어떻게 해야될까요. 담아야겠죠.
23,1,0.043478260869565216,0.9444444444444444,2.7777777777777777,0,"여기서 가로, 세로 높이. (가로)/(가루)는요 밑면, 이 밑면의 가로를 말하는 거죠. 가로 세로 높이 이렇게 되는 겁니다. 가로로 몇 개인가요? (1)/(하나) (2)/(둘) (3)/(셋)","여기서 가로, 세로 높이. 밑면, 밑면의 가로를 말하는 거죠. 가로 세로 높이 이렇게 되는 겁니다. 가로로 몇 개인가요?"
9,0,0.0,1.0,2.5,1,선분(ㄱ)/(기역)(ㄴ)/(니은)과 선분(ㄴ)/(니은)(ㄱ)/(기역)은 서로 같은 것이다. 요거 기억해둘 수 (있겠죠)/(있겠져)?,서로 같은 것이다. 요거 기억해둘 수
9,1,0.1111111111111111,1.0,3.4,0,자/ 우리가 (1번)/(한 번) 옆에다가 이 식을 풀어보도록 하죠.,우리가 옆에다가 식을 풀어보도록 하죠.
3,0,0.0,1.0,4.0,1,(0)/(영)은 둥근 모양이었죠?,둥근 모양이었죠?
13,0,0.0,0.9166666666666666,2.4166666666666665,1,자/ 이렇게 니은 받침과 니은 히읗 받침 우리 친구들 잘 구별할 수 있겠어요?,이렇게 니은 받침과 니은 히읗 받침 우리 친구들 잘 구별할 수 있겠어요?
3,0,0.0,1.0,3.0,1,변신할 수 있습니다.,변신할 수 있습니다.
2,0,0.0,1.0,3.5,1,"경험 떠올리기,","경험 떠올리기,"
21,1,0.047619047619047616,1.0,2.4,0,"이렇게 자신의 경험을 쓰고 글을 바로 끝내는 것이 아니라, 그 경험의 의미를 설명해 주면 훨씬 더 좋은 글이 될 수 있겠죠.","이렇게 자신의 경험을 쓰고 글을 바로 끝내는 것이 아니라, 경험의 의미를 설명해 주면 훨씬 더 좋은 글이 될 수 있겠죠."
6,1,0.16666666666666666,1.0,2.25,0,"n/ (1)/(하나)는 오줌, 두 번째는 똥,","오줌, 두 번째는 똥,"
8,0,0.0,1.0,3.6666666666666665,1,(1번)/(일 번) 중딩은 중학교가 아니고 중학생으로 고쳐야 합니다.,중딩은 중학교가 아니고 중학생으로 고쳐야 합니다.
35,1,0.02857142857142857,0.8333333333333334,2.533333333333333,0,용호가 가지고 있는 철사의 길이는 문제에서 (0.56Meter)/(영 점 오 육 미터) 라고 나와 있어요. 그러니까 (0.56)/(영 점 오 육)에 (0.7)/(영 점 칠) 아/ 곱하기 (0.7)/(영 점 칠)을 하라는 것이구나 라고 우리 친구들이 떠올릴 수 있어야겠죠?,용호가 가지고 있는 철사의 길이는 문제에서 점 오 육 미터) 라고 나와 있어요. 그러니까 점 오 육)에 점 칠) 곱하기 점 칠)을 하라는 것이구나 라고 우리 친구들이 떠올릴 수 있어야겠죠?
2,0,0.0,1.0,3.5,1,짠짜라잔짜 짠짜,짠짜라잔짜 짠짜
20,0,0.0,0.8333333333333334,2.388888888888889,1,주어진 초성 즉 (ㅂ)/(비읍) (ㅂ)/(비읍)이 아마도 요 자리에 들어갈 수 있어요 만약에 가를 쓴다면 요 자리가 바로 초성 자리가 되겠죠?,주어진 초성 즉 아마도 요 자리에 들어갈 수 있어요 만약에 가를 쓴다면 요 자리가 바로 초성 자리가 되겠죠?
13,2,0.15384615384615385,0.9090909090909091,3.0,0,"n/ 꿀꺽. 음/ 충분하게 음식이 있군 이럴 때 우리는 아우, 음식이 굉장히 변변하군요.","꿀꺽. 충분하게 음식이 있군 이럴 때 우리는 아우, 음식이 굉장히 변변하군요."
5,0,0.0,1.0,2.6,1,그래도 뭔가 조금 안심이 되죠?,그래도 뭔가 조금 안심이 되죠?
8,0,0.0,1.0,2.7142857142857144,1,엄마만의 냄새는 감히 가짜도 흉내내지 못할 것 (같아요)/(같애요).,엄마만의 냄새는 감히 가짜도 흉내내지 못할 것
10,0,0.0,0.9,3.8,1,이렇게 정리를 해봤습니다. 우리 친구들도요. 꼭 정답에다가 정리를 해줬으면 좋겠네요.,이렇게 정리를 해봤습니다. 우리 친구들도요. 꼭 정답에다가 정리를 해줬으면 좋겠네요.
1,0,0.0,1.0,6.0,1,알아주시고요,알아주시고요
1,0,0.0,0.0,0.0,1,"(5)/(오)와,",
9,1,0.1111111111111111,1.0,2.2857142857142856,0,n/ 아잇/ 저+ 저는 상을 받을 줄 알고 왔는뎁쇼?,저+ 저는 상을 받을 줄 알고 왔는뎁쇼?
8,0,0.0,1.0,2.5,1,친구가 필기한 걸 다시 한번 확인해 봐도 좋아요.,친구가 필기한 걸 다시 한번 확인해 봐도 좋아요.
5,0,0.0,1.0,2.6,1,난 맨날 토끼에게 타박을 받지.,난 맨날 토끼에게 타박을 받지.
12,1,0.08333333333333333,1.0,3.1818181818181817,0,글에 쓰인 낱말의 의미를 바르게 파악하여야 하는 까닭은 무엇인지 쓰라고 했습니다. n/,글에 쓰인 낱말의 의미를 바르게 파악하여야 하는 까닭은 무엇인지 쓰라고 했습니다.
14,1,0.07142857142857142,0.9090909090909091,2.4545454545454546,0,"o/ 군밤? 어/ 그래, 군밤 주께 눈 감아봐 맛있는걸로 주께, 자/ 눈 꼭 감고.","군밤? 그래, 군밤 주께 눈 감아봐 맛있는걸로 주께, 눈 꼭 감고."
11,0,0.0,1.0,3.5454545454545454,1,그렇죠? 아무런 자료를 제시하지 않고 말로만 이야기해서 조금 자신감이 부족해 보였습니다.,그렇죠? 아무런 자료를 제시하지 않고 말로만 이야기해서 조금 자신감이 부족해 보였습니다.
10,0,0.0,1.0,3.1,1,"서술형 문제 해결 했으니까요, 그러면 오늘 수학 생활 뉴스, 만나볼까요?","서술형 문제 해결 했으니까요, 그러면 오늘 수학 생활 뉴스, 만나볼까요?"
8,1,0.125,1.0,3.0,0,o/ u/ 파란 색을 넣을 부분이 있었습니다. n/,파란 색을 넣을 부분이 있었습니다.
2,0,0.0,1.0,5.5,1,할아버지께서 오셨어요.,할아버지께서 오셨어요.
7,1,0.14285714285714285,1.0,3.0,0,"아, 이 세 친구는 영민이보다 기록이 좋아요.","아, 세 친구는 영민이보다 기록이 좋아요."
6,0,0.0,1.0,4.2,1,(700ml)/(칠백 미리리터)만큼 더 마셨다라고 보면 되겠습니다.,미리리터)만큼 더 마셨다라고 보면 되겠습니다.
33,1,0.030303030303030304,1.0,2.838709677419355,0,n/ 오늘은 위기를 탈출하는 지혜에 대해서 생각도 해보고 글도 쓰게 토끼전을 읽어 보았는데요. 오늘 방글쌤 마음에 가장 와닿았던 (1)/(한) 줄은 바로 세상에 어떤 동물이 간을 자기 마음대로 넣었다 뺐다 할 수 있겠느냐 이겁니다.,오늘은 위기를 탈출하는 지혜에 대해서 생각도 해보고 글도 쓰게 토끼전을 읽어 보았는데요. 오늘 방글쌤 마음에 가장 와닿았던 줄은 바로 세상에 어떤 동물이 간을 자기 마음대로 넣었다 뺐다 할 수 있겠느냐 이겁니다.
14,1,0.07142857142857142,1.0,3.142857142857143,0,자/ (5)/(오)에서 (4)/(사)를 빼면 (1)/(일) 그 다음에 (1)/(일)의 자리에 그대로 내려오면 (14)/(십 사)가 됩니다.,빼면 다음에 자리에 그대로 내려오면 사)가 됩니다.
11,0,0.0,1.0,3.3,1,"(17)/(십 칠)이다. 친구들, 보세요 우리가 알고 있는 식을 풀고 나니까 간단해졌어요.","칠)이다. 친구들, 보세요 우리가 알고 있는 식을 풀고 나니까 간단해졌어요."
14,0,0.0,1.0,2.8,1,"(1)/(일), (5)/(오), (6)/(육)을 더해 (12)/(십 이)까지 확인을 해 주면 된다라는 거죠. 이렇게 푸는 거예요.",더해 이)까지 확인을 해 주면 된다라는 거죠. 이렇게 푸는 거예요.
6,0,0.0,1.0,2.6666666666666665,1,"내 머릿속에 나오는 대로 하다 보면은,","내 머릿속에 나오는 대로 하다 보면은,"
19,0,0.0,0.9333333333333333,3.2666666666666666,1,나누기를 곱하기로 만들어주고요. (10)/(십) 분의 (4)/(사) 분모 분자 바꿔주죠. 그러면 (4)/(사) 분의 (10)/(십)이 됩니다. 약분이 되면 약분을 하고 가세요.,나누기를 곱하기로 만들어주고요. 분의 분모 분자 바꿔주죠. 그러면 분의 됩니다. 약분이 되면 약분을 하고 가세요.
7,0,0.0,1.0,3.0,1,오늘은요 (2수)/(두 수) 모으기를 함께 해볼 거예요.,오늘은요 수) 모으기를 함께 해볼 거예요.
32,1,0.03125,0.7692307692307693,3.269230769230769,0,자/ 다음에는요. 음/ 오늘 (37쪽)/(삼십 칠 쪽)까지 우리가 풀었으니까 다음에는 문제를 (조금)/(쪼금) 더 풀어보면 되겠네요? 자/ 오늘 올라가. 올라가. 올라가. 내려가. 내려가. 내려가. (이것)/(요것)만 잘하셔도 여러분은 각도 재는 거. 만드는 거. 예.,다음에는요. 오늘 칠 쪽)까지 우리가 풀었으니까 다음에는 문제를 더 풀어보면 되겠네요? 오늘 올라가. 올라가. 올라가. 내려가. 내려가. 내려가. 잘하셔도 여러분은 각도 재는 거. 만드는 거. 예.
4,0,0.0,1.0,4.0,1,네. (1번)/(한 번) 보겠습니다.,네. 보겠습니다.
2,0,0.0,1.0,4.0,1,자/ 그다음.,그다음.
16,0,0.0,1.0,3.0,1,o/ 창의력도 생기고 네 상상력도 높일 수 있고 글 쓰는 실력까지 덤으로 얻어가는 너무너무 좋은 프로그램입니다.,창의력도 생기고 네 상상력도 높일 수 있고 글 쓰는 실력까지 덤으로 얻어가는 너무너무 좋은 프로그램입니다.
21,2,0.09523809523809523,1.0,2.4,0,n/ 그렇죠!(60초)/(육십 초)(고요)/(구요) 그 (60초)/(육십 초)가 (1분)/(일 분)과 같다 라고 묻는 질문이 나와요. 이런 유형의 문제 잘 해결해 줄 수 있겠죠.,초)가 분)과 같다 라고 묻는 질문이 나와요. 이런 유형의 문제 잘 해결해 줄 수 있겠죠.
8,0,0.0,1.0,3.2857142857142856,1,그렇죠. 이건 나머지를 구하는 문제예요. 왜인지 한번 (생각해보자고요)/(생각해보자구요).,그렇죠. 이건 나머지를 구하는 문제예요. 왜인지 한번
8,0,0.0,1.0,2.5,1,덧셈 식에서 네모의 값을 구해 보도록 할 건데요.,덧셈 식에서 네모의 값을 구해 보도록 할 건데요.
20,0,0.0,0.75,2.85,1,여기에 숨어 있는 둥근 기둥 모양이 있어요. 친구들 숨어있는 둥근 기둥 모양을 찾으려면 둥근 기둥 모양이 어떻게 생겼는지 알아야 되겠죠?,여기에 숨어 있는 둥근 기둥 모양이 있어요. 친구들 숨어있는 둥근 기둥 모양을 찾으려면 둥근 기둥 모양이 어떻게 생겼는지 알아야 되겠죠?
14,1,0.07142857142857142,1.0,2.3333333333333335,0,선생님 저 여기 쓸 거 생각이 잘 안나요. 하는 친구들 있을 수도 있어요. (그렇죠)/(그져)?,선생님 여기 쓸 거 생각이 잘 안나요. 하는 친구들 있을 수도 있어요.
22,0,0.0,0.9,2.75,1,자/ 물에 물속에서 편하게 신을 수 있는 가벼운 천. (자)/(차)/ 가벼운 천에 대한 이야기가 아니죠. 방수처리가 된 그런 철에 대한 문단이 되겠습니다.,물에 물속에서 편하게 신을 수 있는 가벼운 천. 가벼운 천에 대한 이야기가 아니죠. 방수처리가 된 그런 철에 대한 문단이 되겠습니다.
2,1,0.5,0.0,0.0,0,n/ (10000)/(만)입니다.,
2,0,0.0,1.0,3.5,1,나연이 됩니다.,나연이 됩니다.
35,1,0.02857142857142857,0.9696969696969697,3.1515151515151514,0,"n/ 두 번째 힌트는요. 바로 전주 한옥마을, 북촌 한옥마을이었죠? (2곳)/(두 곳) 모두 고즈넉한 우리의 한옥을 잘 살펴볼 수 있는 특성화된 마을인데요. 전주 한옥마을 길은 우리나라의 대표적인 산책로로 꼽힐 만큼 한옥이 빚어내는 풍경이 매우 아름답다고 합니다.","두 번째 힌트는요. 바로 전주 한옥마을, 북촌 한옥마을이었죠? 곳) 모두 고즈넉한 우리의 한옥을 잘 살펴볼 수 있는 특성화된 마을인데요. 전주 한옥마을 길은 우리나라의 대표적인 산책로로 꼽힐 만큼 한옥이 빚어내는 풍경이 매우 아름답다고 합니다."
13,0,0.0,1.0,3.0,1,"자연수 부분에 가장 작은 수, (2)/(이)와 (5)/(오)와 (6)/(육)을 적절히 분수로 만들어 봅시다. 진분수로,","자연수 부분에 가장 작은 수, 적절히 분수로 만들어 봅시다. 진분수로,"
7,2,0.2857142857142857,1.0,3.25,0,n/ 자/ 그 다음에 촬영 계획을 세웁니다.,다음에 촬영 계획을 세웁니다.
32,2,0.0625,0.9047619047619048,2.0952380952380953,0,n/ 자/ 이번에는 (8.5)/(팔 점 오) 찍어 (볼게요)/(볼게여). 자/ (8.5)/(팔 점 오)는 자연수 (8)/(팔)에서 작은 눈금 (5 칸)/(다섯 칸) 더 갔으니까 바로 여기 n/ 쿵 하고 찍을 수가 (있겠네요)/(있겠네여) (8.5)/(팔 점 오).,이번에는 점 오) 찍어 점 오)는 자연수 작은 눈금 (5 칸) 더 갔으니까 바로 여기 쿵 하고 찍을 수가 점 오).
21,0,0.0,1.0,3.75,1,동음 소리는 같은데 뜻이 다른 낱말들이 있습니다. 자/ 이런 낱말들을 동음이의어라고 합니다. 외우셨어요? 선생님이 용어는 항상 외워놓으라고 하셨죠? 자세하게 설명해 드릴게요.,동음 소리는 같은데 뜻이 다른 낱말들이 있습니다. 이런 낱말들을 동음이의어라고 합니다. 외우셨어요? 선생님이 용어는 항상 외워놓으라고 하셨죠? 자세하게 설명해 드릴게요.
6,0,0.0,1.0,2.8,1,(10)/(열) 개씩 묶음끼리 줄을 잘 맞추고요.,개씩 묶음끼리 줄을 잘 맞추고요.
36,4,0.1111111111111111,1.0,3.4642857142857144,0,"선생님입니다. 그래요. 아버지에 대한 극진한 효심을 보여 주었던 심청전, 바로 그 (하이라이트가)/(하일라이트가) 치맛단을 탁 뒤집어쓰고 인당수에 퐁당 빠진 (바로)/(바루) 그 장면인데요. 어/ 그 극진하고 지극한 효심, 자/ (5월)/(오 월)을 맞이해서 다시 한번 되새겨보는 그런 날이었으면 좋겠습니다.","선생님입니다. 그래요. 아버지에 대한 극진한 효심을 보여 주었던 심청전, 바로 치맛단을 탁 뒤집어쓰고 인당수에 퐁당 빠진 장면인데요. 극진하고 지극한 효심, 월)을 맞이해서 다시 한번 되새겨보는 그런 날이었으면 좋겠습니다."
11,1,0.09090909090909091,1.0,3.6666666666666665,0,n/ 여러분들이 완성한 수학 웹툰은요. 인터넷 검색창에 (EBS)/(이비에스) 초등이라고 치고 들어와서,여러분들이 완성한 수학 웹툰은요. 인터넷 검색창에 초등이라고 치고 들어와서
26,0,0.0,1.0,3.08,1,여러분들에게 보여주려고 선생님이 많이 준비했거든요. 우리 친구들은 선생님보다 더 반짝이는 눈으로 숨겨진 곳에 직각을 찾알 수 있을 거예요. 자/ 그럼 세 번째 맛있는 수학. 나와라. 얍.,여러분들에게 보여주려고 선생님이 많이 준비했거든요. 우리 친구들은 선생님보다 더 반짝이는 눈으로 숨겨진 곳에 직각을 찾알 수 있을 거예요. 그럼 세 번째 맛있는 수학. 나와라. 얍.
1,0,0.0,0.0,0.0,1,(1)/(하나),
6,0,0.0,1.0,3.0,1,"이럴 때는 도움, 덕분이라는 말을 씁니다.","이럴 때는 도움, 덕분이라는 말을 씁니다."
8,0,0.0,1.0,2.75,1,덧셈 뺄셈 나눗셈이 섞여 있는 식의 계산 방법입니다.,덧셈 뺄셈 나눗셈이 섞여 있는 식의 계산 방법입니다.
14,0,0.0,1.0,1.7857142857142858,1,그런데 예를 들 때 가져다 쓸 수 있는 게 바로 자 료 라는 거예요.,그런데 예를 들 때 가져다 쓸 수 있는 게 바로 자 료 라는 거예요.
3,1,0.3333333333333333,1.0,3.0,0,n/그 전기가 l/아니죠?,전기가
9,0,0.0,1.0,3.1666666666666665,1,자/ (2)/(이)가 (3)/(삼)의 배수가 아니네요. 이건 어떻게 하면 될까요?,배수가 아니네요. 이건 어떻게 하면 될까요?
19,1,0.05263157894736842,0.9333333333333333,2.6666666666666665,0,"(5개)/(다섯 개), 그렇다면 남은 우유는 몇 리터가 남게 될까요? 그렇죠. 바로 (이)/(요)만큼 (0.4l)/(영 점 사 n/ 리터)가 남게 되겠죠?","개), 그렇다면 남은 우유는 몇 리터가 남게 될까요? 그렇죠. 바로 점 사 리터)가 남게 되겠죠?"
8,0,0.0,1.0,2.2857142857142856,1,전체 학생 (78명)/(칠십 팔 명)에서 빼 줘야 되겠죠?,전체 학생 팔 명)에서 빼 줘야 되겠죠?
4,0,0.0,1.0,3.0,1,(4)/(사) 라고 적으면 되겠죠.,라고 적으면 되겠죠.
21,1,0.047619047619047616,1.0,3.45,0,n/ 나는 방학이 되면 더 부지런해지고 싶다. 부족했던 공부도 채우고 이곳저곳 가보지 않은 박물관이나 전시장을 다니려면 그만큼 부지런해야 한다고 생각하기 때문이다.,나는 방학이 되면 더 부지런해지고 싶다. 부족했던 공부도 채우고 이곳저곳 가보지 않은 박물관이나 전시장을 다니려면 그만큼 부지런해야 한다고 생각하기 때문이다.
19,0,0.0,1.0,2.8666666666666667,1,김밥 (24)/(스물 네) 개를 접시 (4)/(네) 개에 (똑같이)/(또옥같이) 나누어 담으려고 합니다. (1)/(한) 접시에 몇 개의 김밥이 담기겠습니까 라는 문제지요.,김밥 네) 개를 접시 개에 나누어 담으려고 합니다. 접시에 몇 개의 김밥이 담기겠습니까 라는 문제지요.
15,1,0.06666666666666667,0.9166666666666666,3.0,0,"자, 그럼 친구들. 이 (1문단)/(한 문단)은 몇 개의 문장이 모여서 (1)/(하나)의 문단이 되었죠? 자, 세어볼게요.","자, 그럼 친구들. 문단)은 몇 개의 문장이 모여서 문단이 되었죠? 자, 세어볼게요."
16,0,0.0,1.0,3.2,1,찬성(2)/(이)가 얘기한 부분에서 뒷부분을 보세요. 학급별 순번제 관리 시스템을 도입한다면 관리에 대한 부담을 줄일 수 있습니다.,얘기한 부분에서 뒷부분을 보세요. 학급별 순번제 관리 시스템을 도입한다면 관리에 대한 부담을 줄일 수 있습니다.
9,0,0.0,1.0,3.125,1,"주어진 첫소리 힌트를 보고, (ㄱ)/(기역)에 들어갈 알맞은 낱말을 쓰세요.","주어진 첫소리 힌트를 보고, 들어갈 알맞은 낱말을 쓰세요."
8,0,0.0,1.0,2.142857142857143,1,"(1)/(일)만큼 더 작은 수는, 하나, 둘, 셋 다같이","더 작은 수는, 하나, 둘, 셋 다같이"
8,0,0.0,1.0,3.375,1,그전까지 인류는 뭔가를 만들어내는 생산 활동을 하지 않았어요.,그전까지 인류는 뭔가를 만들어내는 생산 활동을 하지 않았어요.
11,1,0.09090909090909091,1.0,3.5,0,그렇죠. 여기 이 평행사변형 안에 정사각형이 몇 개가 들어가는지를 세어주면 됩니다.,그렇죠. 여기 평행사변형 안에 정사각형이 몇 개가 들어가는지를 세어주면 됩니다.
12,0,0.0,1.0,2.9166666666666665,1,모두 우리라고 썼는데 아무리 생각해봐도 같은 뜻으로 쓰인 것 같지는 않고 말이에요.,모두 우리라고 썼는데 아무리 생각해봐도 같은 뜻으로 쓰인 것 같지는 않고 말이에요.
10,1,0.1,0.75,2.75,0,자/ 이렇게 해서 삐삐가 어떻게 하고 어떻게 하고 별안간. 어/.,이렇게 해서 삐삐가 어떻게 하고 어떻게 하고 별안간.
9,0,0.0,0.8888888888888888,2.7777777777777777,1,천신만고 끝에 무인도에서 나올 수 있었다고 쓸 수 있는데요.,천신만고 끝에 무인도에서 나올 수 있었다고 쓸 수 있는데요.
4,0,0.0,1.0,2.75,1,"우리 알아두어야 할 것은,","우리 알아두어야 할 것은,"
15,2,0.13333333333333333,1.0,2.8461538461538463,0,내 생각이 뽑히니까 기분이 좋아요. 그 부분으로 알 수 있었죠. 그 부분을 적으면 되는 거예요.,내 생각이 뽑히니까 기분이 좋아요. 부분으로 알 수 있었죠. 부분을 적으면 되는 거예요.
10,1,0.1,1.0,2.888888888888889,0,n/ 이제 그것보다 더 큰 수를 알아보는 시간을 가져보도록 할게요.,이제 그것보다 더 큰 수를 알아보는 시간을 가져보도록 할게요.
13,0,0.0,1.0,2.923076923076923,1,긴 바늘과 짧은 바늘이 이루는 작은 쪽의 각이 예각인지 둔각인지를 정말 많이 물어보거든요.,긴 바늘과 짧은 바늘이 이루는 작은 쪽의 각이 예각인지 둔각인지를 정말 많이 물어보거든요.
16,1,0.0625,1.0,3.0833333333333335,0,숫자를 잡아라. (1)/(하나) (2)/(둘) (3)/(셋) 봤어요? 본 친구들은 벌써 여기에 그 수를 써서 계산하는 친구들도 있네요?,숫자를 잡아라. 봤어요? 본 친구들은 벌써 여기에 수를 써서 계산하는 친구들도 있네요?
10,0,0.0,1.0,3.0,1,우리 친구들이 선생님이 (얼마큼)/(얼만큼) 잘 설명하는 글을 쓰는지 지켜봐 주세요.,우리 친구들이 선생님이 잘 설명하는 글을 쓰는지 지켜봐 주세요.
13,1,0.07692307692307693,1.0,3.2222222222222223,0,자/ 탑재가 무엇일까요 물품을 싣는다는 뜻이죠. 그래서 어/ (1번)/(일 번) 들어갈 낱말 뜻.,탑재가 무엇일까요 물품을 싣는다는 뜻이죠. 그래서 들어갈 낱말 뜻.
9,0,0.0,1.0,2.75,1,자/ 네모 안에 알맞은 수를 써 넣으세요 라는 문제입니다.,네모 안에 알맞은 수를 써 넣으세요 라는 문제입니다.
2,0,0.0,1.0,3.0,1,"파란색 (여기)/(요기),",파란색
22,0,0.0,0.6428571428571429,3.0,1,낱개의 수끼리 빼주고 (10)/(열)개씩 묶음의 수끼리 빼줘요. 낱개의 수끼리 빼주면 (9)/(구) 빼기 (2)/(이)는 (7)/(칠) 그리고 (10)/(열)개씩 묶음끼리 빼주면 (3)/(삼) 빼기 (2)/(이)는 (1)/(일).,낱개의 수끼리 빼주고 묶음의 수끼리 빼줘요. 낱개의 수끼리 빼주면 빼기 그리고 묶음끼리 빼주면 빼기
6,0,0.0,1.0,2.2,1,두 수의 곱은 얼마다? (30)/(삼십) 어?,두 수의 곱은 얼마다? 어?
22,1,0.045454545454545456,0.95,2.8,0,o/ 지금 너의 모습은 어떤지 궁금하다. 언제나 꿈을 향해 노력하고 그 꿈을 이루는 멋진 정훈이가 되길 바란다 라고 끝 인사를 고쳐 보았습니다.,지금 너의 모습은 어떤지 궁금하다. 언제나 꿈을 향해 노력하고 꿈을 이루는 멋진 정훈이가 되길 바란다 라고 끝 인사를 고쳐 보았습니다.
21,0,0.0,1.0,3.2666666666666666,1,"나머지 (2수)/(두 수)를 사용하여 가장 큰 (2자리수)/(두 자릿수) (74)/(칠십 사)를 만들어줄 것입니다. 그러면 이것도 (74)/(칠십 사) (곱하기)/(X) (9)/(구)입니다. 라고 나타내주면 되겠구나,","나머지 수)를 사용하여 가장 큰 자릿수) 사)를 만들어줄 것입니다. 그러면 이것도 사) 라고 나타내주면 되겠구나,"
12,0,0.0,1.0,3.6363636363636362,1,자/ 그러면 이제 본격적으로 글을 읽어보겠습니다. 제목은요. 역사가 숨 쉬는 조선의 궁궐입니다.,그러면 이제 본격적으로 글을 읽어보겠습니다. 제목은요. 역사가 숨 쉬는 조선의 궁궐입니다.
27,1,0.037037037037037035,0.9615384615384616,3.076923076923077,0,"이 뒤에 쓰지 않고 끝난 거잖아요. 줄을 바꿔서 들여써서 여기부터 어떤 내용을 시작했을 거예요. 자, 그러니까 우리는 이렇게 들여쓰기와 줄 바꿈으로 문단을 파악할 수가 있습니다. 자, 됐나요?","뒤에 쓰지 않고 끝난 거잖아요. 줄을 바꿔서 들여써서 여기부터 어떤 내용을 시작했을 거예요. 자, 그러니까 우리는 이렇게 들여쓰기와 줄 바꿈으로 문단을 파악할 수가 있습니다. 자, 됐나요?"
23,1,0.043478260869565216,0.9545454545454546,3.1818181818181817,0,"빈집에 들어가자 무서워진 혹부리 영감은 노래를 불러서 무서운 마음을 달래보기로 했대요. 무섭죠 아무도 모르는 곳에서, 모르는 집에, 밤에, 어/ 진짜 무서울 것 같아요.","빈집에 들어가자 무서워진 혹부리 영감은 노래를 불러서 무서운 마음을 달래보기로 했대요. 무섭죠 아무도 모르는 곳에서, 모르는 집에, 밤에, 진짜 무서울 것 같아요."
12,1,0.08333333333333333,0.9090909090909091,2.909090909090909,0,설명하는 말. 그 주어가 한 행동을 풀어쓴 말. 바로 서술어에 해당이 되겠지요?,설명하는 말. 주어가 한 행동을 풀어쓴 말. 바로 서술어에 해당이 되겠지요?
33,0,0.0,0.8,2.4,1,팔 나누기 사 가 이예요. 그래서 두 배/ 반대로 사 나누기 팔은 이분의 일/ 그래서 이분의 일 배 이렇게 말할 수 있습니다. 자/ 이렇게요 두 양의 크기는 뺄셈 또는 나눗셈으로 비교할 수 있어요.,팔 나누기 사 가 이예요. 그래서 두 반대로 사 나누기 팔은 이분의 그래서 이분의 일 배 이렇게 말할 수 있습니다. 이렇게요 두 양의 크기는 뺄셈 또는 나눗셈으로 비교할 수 있어요.
5,0,0.0,0.8,3.0,1,짧은 변을 찾아볼게요 짧은 변은요.,짧은 변을 찾아볼게요 짧은 변은요.
23,0,0.0,1.0,2.8636363636363638,1,자/ 이렇게 이야기나 글을 읽었을 때뿐만이 아니라 다른 사람의 말을 듣고도 상대방의 생각을 잘 파악할 수 있어야 해요 그렇죠 그렇다면 어떻게 하면 좋을까요.,이렇게 이야기나 글을 읽었을 때뿐만이 아니라 다른 사람의 말을 듣고도 상대방의 생각을 잘 파악할 수 있어야 해요 그렇죠 그렇다면 어떻게 하면 좋을까요.
11,1,0.09090909090909091,1.0,3.111111111111111,0,"자/ 처음 딸기의 무게를 알기 위해서는 바로 이 저울을 이용하면 되는데요,","처음 딸기의 무게를 알기 위해서는 바로 저울을 이용하면 되는데요,"
9,1,0.1111111111111111,1.0,3.142857142857143,0,n/ 자/ 네모 안에 알맞은 수를 구하시오 라고 나와있습니다.,네모 안에 알맞은 수를 구하시오 라고 나와있습니다.
25,1,0.04,0.9,2.95,0,이 비가 (12)/(십 이) 대 (16)/(십 육)이므로 비율을 분수로 나타내면 그럼 간단하죠. 분수로 표현하니까 기준량 분의 비교하는 양 (16)/(십 육) 분의 (12)/(십 이)가 된단 말이에요.,비가 이) 대 육)이므로 비율을 분수로 나타내면 그럼 간단하죠. 분수로 표현하니까 기준량 분의 비교하는 양 육) 분의 이)가 된단 말이에요.
12,2,0.16666666666666666,0.8888888888888888,3.4444444444444446,0,반드시 지켜줘야 됩니다. 그렇다면 우리 친구들 자/ 이 꼭지점을요 n/ 우리 친구들.,반드시 지켜줘야 됩니다. 그렇다면 우리 친구들 꼭지점을요 우리 친구들.
22,0,0.0,1.0,3.466666666666667,1,보기 (3번도요)/(삼 번도여). 점 (ㅇ)/(이응)을 중심으로 해서 (180도)/(백 팔십 도)를 돌리면 처음에 도형과 완전히 같아집니다. 그러니까 점대칭도형 (맞고요)/(맞구여). (4번 보기도요)/(사 번 보기두요).,보기 번도여). 점 중심으로 해서 팔십 도)를 돌리면 처음에 도형과 완전히 같아집니다. 그러니까 점대칭도형 보기두요).
8,0,0.0,1.0,2.5,1,"글 내용을 잘 설명할 수 있는 제목이어야 하니까,","글 내용을 잘 설명할 수 있는 제목이어야 하니까,"
11,0,0.0,1.0,3.3,1,자/ 그러면 이제 선생님과 함께 문제를 풀면서 직육면체의 부피를 알아보도록 해요.,그러면 이제 선생님과 함께 문제를 풀면서 직육면체의 부피를 알아보도록 해요.
11,0,0.0,1.0,3.8333333333333335,1,(36)/(삼십 육)을 (40)/(사십)에 가깝다 라고 생각해보세요 (40)/(사십)에 (6)/(육)을 곱하면 (240)/(이백 사십)이죠.,육)을 가깝다 라고 생각해보세요 곱하면 사십)이죠.
6,0,0.0,1.0,3.8333333333333335,1,두발로 걸어다니는 거 아닐까? 이렇게 생각했습니다.,두발로 걸어다니는 거 아닐까? 이렇게 생각했습니다.
4,0,0.0,1.0,3.0,1,그다음에 한글의 창제 원리.,그다음에 한글의 창제 원리.
25,1,0.04,1.0,3.5217391304347827,0,"등에 지고 다니다 이 말이죠? 자/ 보상+보상. 보상, 부상을 합해서 보부상 이라고 하고요. 봇짐 장수는 보따리 안에다가 값비싼 물건을 들고 돌아다니면서 팔았고요 여자 비녀라든가 화장품이라든가,","등에 지고 다니다 말이죠? 보상+보상. 보상, 부상을 합해서 보부상 이라고 하고요. 봇짐 장수는 보따리 안에다가 값비싼 물건을 들고 돌아다니면서 팔았고요 여자 비녀라든가 화장품이라든가,"
8,1,0.125,1.0,2.6666666666666665,0,n/ 하고도 (20초)/(이십 초)를 더 빼줘야 하기 때문에.,하고도 초)를 더 빼줘야 하기 때문에.
19,0,0.0,1.0,2.9285714285714284,1,"그리고 (4527)/(사천 오백 이십 칠)은 (100)/(백)이 (5개)/(다섯 개)인 수이므로 (100)/(백) 이라고 써진 그림은 몇 개?(5개)/( 다섯 개)를요 이렇게 색칠해주면,","그리고 오백 이십 칠)은 개)인 수이므로 이라고 써진 그림은 몇 다섯 개)를요 이렇게 색칠해주면,"
15,2,0.13333333333333333,1.0,3.0833333333333335,0,즉 예의를 숭상한다 이런 뜻이라는 거죠 자/ 그렇게 n/ 말했더니만 그 사람들이 뭐라고 했나 보세요.,즉 예의를 숭상한다 이런 뜻이라는 거죠 그렇게 말했더니만 사람들이 뭐라고 했나 보세요.
2,0,0.0,1.0,4.0,1,(3)/(셋) 입니다.,입니다.
29,0,0.0,0.8571428571428571,2.642857142857143,1,경우의 수를 구하라고 했나요? 아니면 몇 가지인지 구+ 구하라고 했나요? 아니에요. 이걸 잘 봐야 돼요. 몇 번 해야 됩니까 라고 했어요. 그러므로 우리가 정답을 쓸 때 몇 번이라고 쓰,경우의 수를 구하라고 했나요? 아니면 몇 가지인지 구+ 구하라고 했나요? 아니에요. 이걸 잘 봐야 돼요. 몇 해야 됩니까 라고 했어요. 그러므로 우리가 정답을 쓸 때 몇 번이라고 쓰
24,0,0.0,0.9130434782608695,2.5652173913043477,1,그다음에 내신 (10000점)/(만 점) 받는 수행평가를 위해서 여러분이 해야 될 것 좀 생각을 많이 하시고 계획도 좀 많이 하셔야 한다라고 이야기를 해 주고 싶고요.,그다음에 내신 점) 받는 수행평가를 위해서 여러분이 해야 될 것 좀 생각을 많이 하시고 계획도 좀 많이 하셔야 한다라고 이야기를 해 주고 싶고요.
32,0,0.0,0.96875,2.9375,1,"잘했어요 .혹시 오늘 수업 끝나고라도 다른 집에 있는 여러가지 물건들 공깃돌도 좋고, 바둑돌로 좋아요. 있는 물건들도 이렇게 사용할 수 있으니까 우리 친구들도 활동 해보면 좋을 것 같아요. 그럼 다음 활동으로 넘어가 볼게요.","잘했어요 .혹시 오늘 수업 끝나고라도 다른 집에 있는 여러가지 물건들 공깃돌도 좋고, 바둑돌로 좋아요. 있는 물건들도 이렇게 사용할 수 있으니까 우리 친구들도 활동 해보면 좋을 것 같아요. 그럼 다음 활동으로 넘어가 볼게요."
9,1,0.1111111111111111,1.0,2.625,0,어/ 나도 주세요. 그럼 우리 친구들 싫어 하지 않겠죠.,나도 주세요. 그럼 우리 친구들 싫어 하지 않겠죠.
3,0,0.0,1.0,2.5,1,(ABP)/(에이 비 피)하고,비 피)하고
16,3,0.1875,0.9166666666666666,2.1666666666666665,0,n/ (8 분의 13)/(팔 분의 십 삼) 이 되고 어/ 여기서 우리 떠올려야 되는 건 무엇?,(8 분의 분의 십 삼) 되고 여기서 우리 떠올려야 되는 건 무엇?
25,0,0.0,0.9130434782608695,3.260869565217391,1,"o/ 네, 이렇게 해서 이제 일기의 글감에 대해서는 (잡았고요)/(잡았구요). 일기의 글감을 잡았으니 이제 일기를 어떻게 써야하나. 일기. 과연 어떤 형식으로 써야하는지에 대해서 계속 알아보도록 하겠습니다.","네, 이렇게 해서 이제 일기의 글감에 대해서는 일기의 글감을 잡았으니 이제 일기를 어떻게 써야하나. 일기. 과연 어떤 형식으로 써야하는지에 대해서 계속 알아보도록 하겠습니다."
8,0,0.0,1.0,3.5714285714285716,1,분류입니다. 자/ 그럼 여기 어떻게 분류가 사용되는지 볼게요.,분류입니다. 그럼 여기 어떻게 분류가 사용되는지 볼게요.
4,0,0.0,1.0,4.0,1,"(307)/(삼백 칠)입니다 라고 표현하고,","칠)입니다 라고 표현하고,"
5,0,0.0,1.0,2.5,1,"또, (2)/(두) 원이 만나는 점과,","또, 원이 만나는 점과,"
20,0,0.0,0.8,3.2,1,"뛰어 세기를 알아볼 건데요. 우리 친구들 뛰어 세기. 이미 알고있다구요? (4자리수)/(네 자리수)에서 (1000)/(천)씩, (100)/(백)씩, (10)/(십)씩 (1)/(일)씩 뛰어 세기를 해볼 거예요.",뛰어 세기를 알아볼 건데요. 우리 친구들 뛰어 세기. 이미 알고있다구요? 자리수)에서 뛰어 세기를 해볼 거예요.
25,2,0.08,1.0,3.130434782608696,0,우리가 이번 단원에서는요. n/ 주장하는 글에 대해서 공부한다고 했었죠. 그래서 본격적으로 글을 읽고 그 안에 글쓴이의 어떤 주장이 담겨 있는지를 파악해 보는 연습을 할 거예요.,우리가 이번 단원에서는요. 주장하는 글에 대해서 공부한다고 했었죠. 그래서 본격적으로 글을 읽고 안에 글쓴이의 어떤 주장이 담겨 있는지를 파악해 보는 연습을 할 거예요.
12,1,0.08333333333333333,1.0,2.272727272727273,0,n/ 자신이 알고 있는 단위 몇 개로 구분해서 어림 해 보는 거예요.,자신이 알고 있는 단위 몇 개로 구분해서 어림 해 보는 거예요.
16,2,0.125,1.0,3.3333333333333335,0,"(1)/(하나), (2)/(둘), (3)/(셋), (4)/(넷), (5)/(다섯), (6)/(여섯), (7)/(일곱), (8)/(여덟), (9)/(아홉). 어/ 이 낱개는 모두 (9개)/(아홉 개)예요. b/",낱개는 모두 개)예요.
6,1,0.16666666666666666,1.0,3.0,0,n/ 햇빛이 반짝반짝 날씨가 정말 좋네.,햇빛이 반짝반짝 날씨가 정말 좋네.
17,0,0.0,1.0,2.8181818181818183,1,(10)/(십)의 자리 받아 올려준 수 (1)/(일)과 (3)/(삼)과 (8)/(팔)을 모두 더하면 (12)/(십 이) 바로 윗자리인 (100)/(백)의 자리로 올려줘야겠죠.,자리 받아 올려준 수 모두 더하면 이) 바로 윗자리인 자리로 올려줘야겠죠.
11,0,0.0,1.0,3.0,1,(하루 동안)/(하룻 동안) 원숭이 (1마리)/(한 마리)가 받는 바나나를 모두 구해야 (해요)/(되요).,(하루 동안) 원숭이 마리)가 받는 바나나를 모두 구해야
16,2,0.125,1.0,2.8461538461538463,0,"지금 이/ 지름의 부분. (16m)/(십 육 미터) 부분을 아래쪽에 있는 이/ 직선부분을 더 해주지 않았기 때문에,","지금 지름의 부분. 육 미터) 부분을 아래쪽에 있는 직선부분을 더 해주지 않았기 때문에,"
2,0,0.0,0.0,0.0,1,"(100)/(백)을 (1)/(하나),",
4,0,0.0,1.0,3.0,1,그렇죠? 자/(1번)/(일 번) 네.,그렇죠? 네.
21,2,0.09523809523809523,0.9444444444444444,2.7777777777777777,0,이 뭐뭐에 대한에 해당하는 게 기준이죠? 그러면 그 기준을 이렇게 오른쪽에 써서 비를 만들고 이걸 비율로 이렇게 올려 내려 해서 (나타내고요)/(나타내구요).,뭐뭐에 대한에 해당하는 게 기준이죠? 그러면 기준을 이렇게 오른쪽에 써서 비를 만들고 이걸 비율로 이렇게 올려 내려 해서
11,0,0.0,1.0,2.909090909090909,1,주의사항! 미리 내용을 짐작할 수 있게 해주는 것이 중요하다. 라고 했어요.,주의사항! 미리 내용을 짐작할 수 있게 해주는 것이 중요하다. 라고 했어요.
3,1,0.3333333333333333,1.0,3.0,0,"n/ 그만, 그만!","그만, 그만!"
4,1,0.25,1.0,3.0,0,n/ 더하기 (63)/(육십 삼).,더하기 삼).
17,1,0.058823529411764705,0.7857142857142857,2.642857142857143,0,아/ @/ 용철이 넌 참 마음이 착해+ 착해 @/ 강용철 선생님도 마음이 착하시던데 너도 참 마음이 착해.,용철이 넌 참 마음이 착해+ 착해 강용철 선생님도 마음이 착하시던데 너도 참 마음이 착해.
8,1,0.125,1.0,3.142857142857143,0,n/ 새끼 제비는 흥부의 손바닥에 박씨를 톡 떨어뜨렸다.,새끼 제비는 흥부의 손바닥에 박씨를 톡 떨어뜨렸다.
8,3,0.375,1.0,2.6,0,n/ 이 단어들로 멋진 글을 n/ 써 보세요.,단어들로 멋진 글을 써 보세요.
40,1,0.025,0.8974358974358975,2.3846153846153846,0,자 요 내용은 지문이 나와 있는데요. 읽으면서 선생님이 설명을 할 테니까 잘 들어 보세요. 산을 잘 가꾸면 어/ 산을 가꾸면 어떻게 어떻다는지 얘기가 나올 것 같죠? 자 좋은 제목과 밤 잣과 같은 과일을 넣고 채소 약초도 길러낼 수 있는 등,자 요 내용은 지문이 나와 있는데요. 읽으면서 선생님이 설명을 할 테니까 잘 들어 보세요. 산을 잘 가꾸면 산을 가꾸면 어떻게 어떻다는지 얘기가 나올 것 같죠? 자 좋은 제목과 밤 잣과 같은 과일을 넣고 채소 약초도 길러낼 수 있는 등
9,1,0.1111111111111111,1.0,2.5714285714285716,0,n/ 찾아라 수학 보물 (2)/(이) 무게의 합과 차 알아보기.,찾아라 수학 보물 무게의 합과 차 알아보기.
24,1,0.041666666666666664,0.9523809523809523,2.5714285714285716,0,"하나, 둘, 셋 어/ 그런데 우리 친구들 네모 몇 개밖에 없어요? (둘)/(두) 개밖에 없는데 (셋)/(세) 개나 이용하다니 말이 안 되죠 그래서 틀린 것이 되겠네요.","하나, 둘, 셋 그런데 우리 친구들 네모 몇 개밖에 없어요? 개밖에 없는데 개나 이용하다니 말이 안 되죠 그래서 틀린 것이 되겠네요."
20,0,0.0,1.0,3.0,1,"네, 문제 풀이까지 오늘의 강의내용 또 (1학기)/(일 학기) 강의 내용 모두 다 마쳤습니다. 마지막 강의니까 우리 꼭꼭 확인해는 생략해서 넘어가고요.","네, 문제 풀이까지 오늘의 강의내용 또 학기) 강의 내용 모두 다 마쳤습니다. 마지막 강의니까 우리 꼭꼭 확인해는 생략해서 넘어가고요."
10,1,0.1,1.0,3.6666666666666665,0,n/ 자베르는 장발장의 집을 벗어나 강가를 걸어가다가 다리 난간에 멈추었습니다.,자베르는 장발장의 집을 벗어나 강가를 걸어가다가 다리 난간에 멈추었습니다.
4,0,0.0,1.0,2.75,1,예를 들면 요렇게 말이지.,예를 들면 요렇게 말이지.
10,0,0.0,1.0,2.75,1,(10개)/(열 개)씩 묶음의 수를 비교하면요 오/ 어떤 수가 가장 크죠?,개)씩 묶음의 수를 비교하면요 어떤 수가 가장 크죠?
5,0,0.0,1.0,3.0,1,그다음 비빔 국수를 먹었을 때는요.,그다음 비빔 국수를 먹었을 때는요.
9,2,0.2222222222222222,1.0,2.7142857142857144,0,"n/ 멀리서 빠끔, 이 파란 손. 빠끔. 이거 뭘까요?","멀리서 빠끔, 파란 손. 빠끔. 이거 뭘까요?"
4,1,0.25,1.0,3.3333333333333335,0,이 중에서요. 우리 친구들,중에서요. 우리 친구들
19,1,0.05263157894736842,1.0,2.611111111111111,0,네 띄어서 세어 보기 할 때는요. 어느 자리에 있는 숫자가 얼마만큼씩 커졌는지 그 변화 된 수를 를 알아보면 쉽습니다.,네 띄어서 세어 보기 할 때는요. 어느 자리에 있는 숫자가 얼마만큼씩 커졌는지 변화 된 수를 를 알아보면 쉽습니다.
2,0,0.0,1.0,3.5,1,근사한 케이크.,근사한 케이크.
15,0,0.0,1.0,2.75,1,일 다/ 수를 다/ 이렇게 우리가 적어 주었어요. 가장 많은 모양 어떤것인가요? 바로 (3개)/(세 개),일 수를 이렇게 우리가 적어 주었어요. 가장 많은 모양 어떤것인가요? 바로 개)
5,0,0.0,1.0,3.0,1,"(9개)/(아홉 개)씩 (3층)/(삼 층), (9)/(구),","개)씩 층),"
21,0,0.0,0.9047619047619048,2.9047619047619047,1,호랑이와 사자가 시소를 타고 있어요. 둘 중 어떤 동물이 더 가벼운가요? 맞아요. 위로 올라간 사자가 아래로 내려간 호랑이보다 더 가벼운 거에요.,호랑이와 사자가 시소를 타고 있어요. 둘 중 어떤 동물이 더 가벼운가요? 맞아요. 위로 올라간 사자가 아래로 내려간 호랑이보다 더 가벼운 거에요.
10,0,0.0,1.0,2.5555555555555554,1,(3수)/(세 수)의 덧셈 계산이구나 라는 걸 먼저 아는 게 중요해요.,수)의 덧셈 계산이구나 라는 걸 먼저 아는 게 중요해요.
8,0,0.0,0.8571428571428571,3.2857142857142856,1,자/ 오늘의 보물 열쇠가 있습니다. 보물 열쇠 나와주세요.,오늘의 보물 열쇠가 있습니다. 보물 열쇠 나와주세요.
8,0,0.0,1.0,2.75,1,마을 광장에도 유리로 만든 사람의 동상이 서 있었다.,마을 광장에도 유리로 만든 사람의 동상이 서 있었다.
7,1,0.14285714285714285,1.0,3.3333333333333335,0,n/ 개미를 따라가 보니 하나의 구멍으로 들어갔다.,개미를 따라가 보니 하나의 구멍으로 들어갔다.
5,0,0.0,1.0,4.75,1,자/ 예사말과 높임말을 적절하게 사용해볼게요.,예사말과 높임말을 적절하게 사용해볼게요.
24,0,0.0,1.0,2.9047619047619047,1,o/ 그렇게 자만하면 안 돼요. 항상 겸손을 잃지 않는 자세 중요하거든요. 그런 의미에서 또 글의 부족한 부분을 찾아서 더 매진을 (1번)/(한 번) 해보도록 하겠습니다.,그렇게 자만하면 안 돼요. 항상 겸손을 잃지 않는 자세 중요하거든요. 그런 의미에서 또 글의 부족한 부분을 찾아서 더 매진을 해보도록 하겠습니다.
26,3,0.11538461538461539,1.0,2.8947368421052633,0,"이어서 마지막에 주어진 것도 우리 바꿔보도록 할게요. n/ 덧셈 식이 있습니다 뺄셈 식 (2개)/(두 개)를 만들자 (52)/(오십 이)에서 n/ (25)/(이십 오)을 빼면 n/ (27)/(이십 칠)이 되고,","이어서 마지막에 주어진 것도 우리 바꿔보도록 할게요. 덧셈 식이 있습니다 뺄셈 식 개)를 만들자 이)에서 오)을 빼면 칠)이 되고,"
11,0,0.0,1.0,2.0,1,자/ 그럼 한 번 더 또 다르게 어떻게 읽을 수 있었죠?,그럼 한 더 또 다르게 어떻게 읽을 수 있었죠?
17,1,0.058823529411764705,1.0,2.6666666666666665,0,n/ 으흠/ 악당 쿵 일주일 동안 한 줄넘기의 횟수는 (300)/(삼백) (50)/(쉰) (7)/(일곱)번이지 어떠냐 빨리 딸기 케이크 돌려주시지.,악당 쿵 일주일 동안 한 줄넘기의 횟수는 어떠냐 빨리 딸기 케이크 돌려주시지.
24,0,0.0,0.9545454545454546,3.0454545454545454,1,자/ 그래서요 오늘 실력을 완성하는 부분 (에서도요)/(에서두요) 우리 비 부분에서 헷갈릴 수 있는 부분에 대해서 바니가 무언가 알려준다고 하는데요 오늘도 실력을 완성해 보도록 하겠습니다.,그래서요 오늘 실력을 완성하는 부분 우리 비 부분에서 헷갈릴 수 있는 부분에 대해서 바니가 무언가 알려준다고 하는데요 오늘도 실력을 완성해 보도록 하겠습니다.
16,1,0.0625,0.9230769230769231,3.1538461538461537,0,"자/ 이제/ 이 다음 그림에서는요, 소희가 어제 있었던 일을 이야기 해주는 것이 되겠죠? 다음 화면 살펴봅시다.","다음 그림에서는요, 소희가 어제 있었던 일을 이야기 해주는 것이 되겠죠? 다음 화면 살펴봅시다."
9,0,0.0,0.8888888888888888,3.3333333333333335,1,안 되겠지요. 그렇다면 어떤 내용들을 어떤 방법으로 실으면 좋을까요?,안 되겠지요. 그렇다면 어떤 내용들을 어떤 방법으로 실으면 좋을까요?
3,0,0.0,1.0,2.0,1,많이 보던 (시죠)/(시이죠)?,많이 보던
21,0,0.0,1.0,3.0476190476190474,1,"이래서 반박을 하는 친구들도 있었습니다. 선생님도 꼼꼼히 다 읽어보았는데요, 마치 수강 후기 게시판이 토론의 장이 된 것 같아서 아주 보기가 좋았어요.","이래서 반박을 하는 친구들도 있었습니다. 선생님도 꼼꼼히 다 읽어보았는데요, 마치 수강 후기 게시판이 토론의 장이 된 것 같아서 아주 보기가 좋았어요."
30,2,0.06666666666666667,0.8846153846153846,2.923076923076923,0,n/ 선생님께. 선생님 안녕하세요. 저는 (3학년)/(삼 학년) (2반)/(이 반) n/이에요. 이번 여름방학 숙제에 선생님께 편지 쓰기가 있어 이렇게 쓰는 거예요. 선생님 잘 지내시죠? 저도 잘 있어요. 저는 내일 여행을 가요.,선생님께. 선생님 안녕하세요. 저는 학년) 반) 이번 여름방학 숙제에 선생님께 편지 쓰기가 있어 이렇게 쓰는 거예요. 선생님 잘 지내시죠? 저도 잘 있어요. 저는 내일 여행을 가요.
1,0,0.0,1.0,6.0,1,그렇습니다.,그렇습니다.
1,0,0.0,0.0,0.0,1,(6)/(여섯),
9,0,0.0,1.0,2.7777777777777777,1,이어서 마지막 핵심 잘 모르는 낱말의 뜻을 아는 방법입니다.,이어서 마지막 핵심 잘 모르는 낱말의 뜻을 아는 방법입니다.
22,1,0.045454545454545456,1.0,3.05,0,n/ 전통 음식을 사랑해야 한다고 생각합니다. 이렇게 해주면 결론을 아주 간단히 쓸 수가 있는 거죠. 그렇죠 자/ 그래서 이것이 바로 논설문의 특성입니다.,전통 음식을 사랑해야 한다고 생각합니다. 이렇게 해주면 결론을 아주 간단히 쓸 수가 있는 거죠. 그렇죠 그래서 이것이 바로 논설문의 특성입니다.
8,2,0.25,1.0,3.0,0,이게 정답이 n/ 되겠습니다. 네 번째 보기요. n/,이게 정답이 되겠습니다. 네 번째 보기요.
5,1,0.2,1.0,3.3333333333333335,0,n/ 자/ 한번 해볼까요? 시작.,한번 해볼까요? 시작.
11,1,0.09090909090909091,1.0,2.9,0,n/ 그러니까 항상 진심으로 대하고 글을 읽어야 된다는 거. 잊지 마세요.,그러니까 항상 진심으로 대하고 글을 읽어야 된다는 거. 잊지 마세요.
15,1,0.06666666666666667,1.0,2.6363636363636362,0,n/ 자/ 삼각형 밑변의 길이 곱하기 높이는 네모 나누기 (2)/(이) 계산하면 (42)/(사십 이) 가 되죠.,삼각형 밑변의 길이 곱하기 높이는 네모 나누기 계산하면 이) 가 되죠.
17,1,0.058823529411764705,1.0,2.909090909090909,0,n/ 뺄셈으로 (2/)/(두) 수를 비교할 수 있습니다. (4)/(사) 빼기 (2)/(이)는 (2)/(이)와 같으므로 사탕이 도넛보다 (2/)/(두)개 더 많죠.,뺄셈으로 수를 비교할 수 있습니다. 빼기 같으므로 사탕이 도넛보다 더 많죠.
23,1,0.043478260869565216,1.0,3.210526315789474,0,자* 이번에는 교재 (152쪽)/(백 오십 이 쪽)에 나온 비둘기 구구라는 이야기에 관련된 문제 풀어보려고 합니다. 자/ 몇 번부터 볼 것이냐? (9번)/(구 번)부터 시작하겠습니다.,자* 이번에는 교재 오십 쪽)에 나온 비둘기 구구라는 이야기에 관련된 문제 풀어보려고 합니다. 몇 번부터 볼 것이냐? 번)부터 시작하겠습니다.
24,1,0.041666666666666664,0.875,3.125,0,"n/ 자/ 삼각형의 세각의 합은 (180도)/(백 팔십 도)이니 (180도)/(백 팔십 도)에서 (60도)/(육십 도)(60도)/(육십 도)를 더한 걸 빼주면 (60도)/(육십 도). 그렇다면 여기도(60도)/(육십 도)네요. 그렇다면 여기는,","삼각형의 세각의 합은 팔십 도)이니 팔십 도)에서 도)를 더한 걸 빼주면 도). 그렇다면 도)네요. 그렇다면 여기는,"
13,1,0.07692307692307693,1.0,3.5833333333333335,0,"n/ 두 번째로 그러한 사건을 상상해 보되, 주제에 알맞은 내용인지 생각하면서 이야기를 꾸며야겠습니다.","두 번째로 그러한 사건을 상상해 보되, 주제에 알맞은 내용인지 생각하면서 이야기를 꾸며야겠습니다."
11,1,0.09090909090909091,1.0,2.3333333333333335,0,이 글에서 중심 문장은 그래요 또 (2가지)/(두 가지) 인 것 같아요.,글에서 중심 문장은 그래요 또 가지) 인 것 같아요.
8,0,0.0,1.0,2.6666666666666665,1,그래서 (Fx)/(에프 엑스)가 (6x)/(육 엑스) 가 되는 거야.,그래서 엑스)가 엑스) 가 되는 거야.
30,0,0.0,0.9642857142857143,2.9285714285714284,1,여기서 감동이 오래 남는다는 것은 즉 교훈을 준다는 내용과 같죠. 자/ 좋은 책이 어떤 건지 알았으니까 그러면 우리 책을 끝까지 읽으면 어떤 점이 좋은지 알아보고 넘어갈까요? 자/ 누구한테 알아봐야 되나요?,여기서 감동이 오래 남는다는 것은 즉 교훈을 준다는 내용과 같죠. 좋은 책이 어떤 건지 알았으니까 그러면 우리 책을 끝까지 읽으면 어떤 점이 좋은지 알아보고 넘어갈까요? 누구한테 알아봐야 되나요?
12,2,0.16666666666666666,1.0,3.2,0,n/ 이 옹고집전에서 선생님의 마음에 꼭 드는 한 구절을 골라서 적어보도록 할게요.,옹고집전에서 선생님의 마음에 꼭 드는 한 구절을 골라서 적어보도록 할게요.
4,0,0.0,1.0,3.75,1,"차근차근 알아볼 필요가 있습니다,","차근차근 알아볼 필요가 있습니다,"
7,1,0.14285714285714285,1.0,3.5,0,어/ 말하는 이가 이상하게 생각하고 있는 부분이에요.,말하는 이가 이상하게 생각하고 있는 부분이에요.
21,0,0.0,0.95,2.85,1,바로 여기 있잖아요. 얼굴 모양 그림이 있잖아요. 자/ 이것을 가지고 수학 이야기를 만들어 볼 거예요. 선생님이 힌트 준다고 했죠 어떤 힌트?,바로 여기 있잖아요. 얼굴 모양 그림이 있잖아요. 이것을 가지고 수학 이야기를 만들어 볼 거예요. 선생님이 힌트 준다고 했죠 어떤 힌트?
6,0,0.0,1.0,3.75,1,(3일)/(삼 일)에서 (9일)/(구 일) 전이라고 했으니까.,일)에서 일) 전이라고 했으니까.
18,0,0.0,1.0,2.764705882352941,1,자/ 그래서 꼭꼭 약속해 라는 노래도 함께 불러보면 좋겠어 한 번씩 둘러보면 되는데 악기를 조금씩 다르게 해서 불러볼게,그래서 꼭꼭 약속해 라는 노래도 함께 불러보면 좋겠어 한 번씩 둘러보면 되는데 악기를 조금씩 다르게 해서 불러볼게
7,0,0.0,1.0,4.142857142857143,1,이렇게 올려보면 되겠네요. 이제 평평한 가로선도 만들어졌습니다.,이렇게 올려보면 되겠네요. 이제 평평한 가로선도 만들어졌습니다.
15,0,0.0,1.0,3.0,1,(44회)/(사십 사 회)입이다 라고 이렇게 적어주면 되겠습니다 자 이런 문제가 나왔을 때 선생님의 팁을 알려줄게요.,사 회)입이다 라고 이렇게 적어주면 되겠습니다 자 이런 문제가 나왔을 때 선생님의 팁을 알려줄게요.
11,0,0.0,1.0,3.5555555555555554,1,자/ 다음 문제 보겠습니다. (ㄱ)/(기역)은 누구를 가리키는지 알맞은 인물을 찾아 색칠하세요.,다음 문제 보겠습니다. 누구를 가리키는지 알맞은 인물을 찾아 색칠하세요.
8,1,0.125,1.0,3.1666666666666665,0,o/ 그렇죠. 네 숙제를 이치+ 이 글쓴이와 비슷하게,그렇죠. 네 숙제를 이치+ 글쓴이와 비슷하게
6,0,0.0,1.0,2.8,1,그런데 우리 친구들 그거 알아요? b/,그런데 우리 친구들 그거 알아요?
3,1,0.3333333333333333,1.0,3.5,0,n/ 찻길이 생겼어.,찻길이 생겼어.
11,0,0.0,1.0,3.6,1,"분류라고 하는 것은요, 개념에 따라서 체계적으로 정리해야 한다는 것을 의미합니다. b/","분류라고 하는 것은요, 개념에 따라서 체계적으로 정리해야 한다는 것을 의미합니다."
4,0,0.0,1.0,3.6666666666666665,1,그래서 (9)/(구)를 이렇게 써주었죠!,그래서 이렇게 써주었죠!
23,2,0.08695652173913043,0.9,3.45,0,자/ 이 힘줄을 우리는 아킬레스건이라고 하는데요 어디에서 나온 말이냐면 그리스 신화에서 나온 말이에요 그리스 신화의 영웅 이름 중에 아킬레스가 있습니다 이 사람은 불사신.,힘줄을 우리는 아킬레스건이라고 하는데요 어디에서 나온 말이냐면 그리스 신화에서 나온 말이에요 그리스 신화의 영웅 이름 중에 아킬레스가 있습니다 사람은 불사신.
6,0,0.0,1.0,3.1666666666666665,1,고운 말은 아름다운 우리말을 지키는 것이다.,고운 말은 아름다운 우리말을 지키는 것이다.
28,0,0.0,0.7857142857142857,2.7857142857142856,1,곱셈으로 바꾸면 (9)/(구) 분의 (40)/(사십) 곱하기 (15)/(십 오) 분의 (1)/(일)이 됩니다. (5)/(오)로 약분을 해줄까요? 자/ 그럼 (5)/(오) (8)/(팔)의 (40)/(사십) (5)/(오) (3)/(삼) (15)/(십 오) 그래서 (27)/(이십 칠) 분의 (8)/*팔).,곱셈으로 바꾸면 분의 곱하기 오) 분의 됩니다. 약분을 해줄까요? 그럼 오) 그래서 칠) 분의
29,1,0.034482758620689655,0.9130434782608695,2.9130434782608696,0,자/ 다음 문제죠. (162쪽)/(백 육십 이 쪽)에 (13번)/(십 삼 번) 문제입니다. (ㄱ)/(기역)을 자연스럽게 띄어 읽을 수 있도록 알맞게 띄어 읽기 표시를 하세요라고 했습니다. 우리 띄어 읽기의 방법 아까 배웠었죠?,다음 문제죠. 육십 쪽)에 삼 문제입니다. 자연스럽게 띄어 읽을 수 있도록 알맞게 띄어 읽기 표시를 하세요라고 했습니다. 우리 띄어 읽기의 방법 아까 배웠었죠?
8,0,0.0,1.0,3.0,1,"(400)/(사백)이 된다라는 사실을 알 수가 있고. 그렇다면 여기는,","된다라는 사실을 알 수가 있고. 그렇다면 여기는,"
8,2,0.25,1.0,3.2,0,그리고 n/ (100도)/(백 도) n/ 이렇게 더해주면 되겠죠?,그리고 도) 이렇게 더해주면 되겠죠?
20,1,0.05,0.8947368421052632,2.526315789473684,0,"첫 번째, 두 번째, 세 번째 내용들을 정리해주면 됩니다. 첫 번째는요 n/ 방안 온도 및 습도 조절하는 능력이 있다 그리고","첫 번째, 두 번째, 세 번째 내용들을 정리해주면 됩니다. 첫 번째는요 방안 온도 및 습도 조절하는 능력이 있다 그리고"
20,0,0.0,0.8125,3.0,1,그런데 예를 들어보니까 (137)/(백 삼십 칠) 곱하기 (4)/(사)와 (137)/(백 삼십 칠) 곱하기 (40)/(사 십)에 결과를 표로 나타내자라고 얘기를 했단 말입니다.,그런데 예를 들어보니까 삼십 칠) 곱하기 삼십 칠) 곱하기 십)에 결과를 표로 나타내자라고 얘기를 했단 말입니다.
6,0,0.0,1.0,3.3333333333333335,1,그리고 속껍질을 나무판 위에 올려놓고 찧는다.,그리고 속껍질을 나무판 위에 올려놓고 찧는다.
16,0,0.0,1.0,3.066666666666667,1,"그랬더니 동욱이가 다시 멋쩍어 하는 것이죠? 민망해하면서, b/ 야 도와준다고 하는데 너는 왜 화를 내고 그러니?","그랬더니 동욱이가 다시 멋쩍어 하는 것이죠? 민망해하면서, 야 도와준다고 하는데 너는 왜 화를 내고 그러니?"
37,1,0.02702702702702703,0.9142857142857143,2.6857142857142855,0,자/ 어떤 걸 그림 그림이죠? 바로 식물들과 벌레 곤충을 매치한* 초충도예요. 그런데 우리가 이 초충도의 뜻을 알면은 더 쉽게 알 수가 있죠. 초충도의 뜻은 바로 풀 초 그리고 발레 충* 해서 풀과 그리고 벌레가 그려져 있는 그림이거든요.,어떤 걸 그림 그림이죠? 바로 식물들과 벌레 곤충을 매치한* 초충도예요. 그런데 우리가 초충도의 뜻을 알면은 더 쉽게 알 수가 있죠. 초충도의 뜻은 바로 풀 초 그리고 발레 충* 해서 풀과 그리고 벌레가 그려져 있는 그림이거든요.
4,0,0.0,1.0,4.333333333333333,1,"그래요, (15)/(십 오)를 적어줘야죠.","그래요, 오)를 적어줘야죠."
8,0,0.0,1.0,3.1666666666666665,1,"화살표 u/ (귀퉁이)/(게티*), 만나는 부분이 짜잔, 둘이 같습니다.","화살표 만나는 부분이 짜잔, 둘이 같습니다."
3,1,0.3333333333333333,1.0,5.0,0,자/ 그 다음은요.,다음은요.
27,2,0.07407407407407407,1.0,2.5,0,"n/ 어/ 완벽하게 (360도)/(삼백 육십 도)가 된다 라는 것을 알 수 ,가 있네요. (이렇게)/(요로케)해서 사각형은 삼각형 두 개로 나누어서 (4개)/(네 개)의 각의 합이 크기를 구할 수도 있어요,","완벽하게 육십 도)가 된다 라는 것을 알 수 ,가 있네요. 사각형은 삼각형 두 개로 나누어서 개)의 각의 합이 크기를 구할 수도 있어요,"
2,0,0.0,1.0,5.5,1,"바로, 달걀이었는데요,","바로, 달걀이었는데요,"
6,0,0.0,1.0,3.1666666666666665,1,배수가 된다는 것까지 정리해볼 수 있겠네요.,배수가 된다는 것까지 정리해볼 수 있겠네요.
18,1,0.05555555555555555,0.9285714285714286,3.2857142857142856,0,"n/ (ㅗ)/(오), (ㅐ)/(애) 얘들아, 어떤 낱말에 글자 오웨가 들어 있을까?잘했어 잘했어. 돼지 왜가리 글자 (ㅙ)/(왜)가 돼지가 왜가리에 들어있지?","얘들아, 어떤 낱말에 글자 오웨가 들어 있을까?잘했어 잘했어. 돼지 왜가리 글자 돼지가 왜가리에 들어있지?"
15,1,0.06666666666666667,0.9230769230769231,2.4615384615384617,0,무엇을 찾다 할 때는 차에 n/ (ㅈ)/(지읒) 받침을 써야 되죠. 그렇죠. 바로 이렇게 써야 돼요.,무엇을 찾다 할 때는 차에 받침을 써야 되죠. 그렇죠. 바로 이렇게 써야 돼요.
20,0,0.0,0.9333333333333333,3.0,1,우리는 앞에 (5)/(오) 곱하기 (3)/(삼) 과 (5)/(오) 곱하기 (4)/(사)를 비교해보는 활동을 통해서 둘의 차이가 (5)/(오)라는 것을 알았잖아요. 그걸 이용할 거예요.,우리는 앞에 곱하기 과 곱하기 비교해보는 활동을 통해서 둘의 차이가 것을 알았잖아요. 그걸 이용할 거예요.
23,1,0.043478260869565216,0.8888888888888888,3.1666666666666665,0,n/ 이거의 극한 값도 (6)/(육)이였습니다. b/ (X MINUS X MINUS 2)/(엑스 마이너스 엑스 마이너스 이) 넣어주니까 두 배에 (G1)/(지 일)이죠 제가 다항식이라고 했으니까.,이거의 극한 값도 (X MINUS X MINUS 마이너스 엑스 마이너스 이) 넣어주니까 두 배에 일)이죠 제가 다항식이라고 했으니까.
6,0,0.0,1.0,3.6,1,"물리쳤을 땐, b/ 한편으로 뿌듯하기도 하다.","물리쳤을 땐, 한편으로 뿌듯하기도 하다."
29,0,0.0,0.8620689655172413,3.4827586206896552,1,알았어. 그럼 우리 이렇게 남북한의 언어 차이를 연구하는 자율동아리를 만들어보자. 그래서 우리가 뜻을 같이하는 친구들을 모아서 한번 뭔가 만들어보자. 우리만의 어떤 남북한 언어 차이를 사전을 만들어서 우리 친구들한테 선물해주는거야.,알았어. 그럼 우리 이렇게 남북한의 언어 차이를 연구하는 자율동아리를 만들어보자. 그래서 우리가 뜻을 같이하는 친구들을 모아서 한번 뭔가 만들어보자. 우리만의 어떤 남북한 언어 차이를 사전을 만들어서 우리 친구들한테 선물해주는거야.
8,0,0.0,1.0,2.625,1,어떤 도형의 그림에서 아싸 합동을 찾을 수 있을까?,어떤 도형의 그림에서 아싸 합동을 찾을 수 있을까?
8,0,0.0,1.0,2.6,1,자/ (388)/(삼백 팔십 팔) 더하기 (140)/(백 사십) 은요.,팔십 팔) 더하기 사십) 은요.
6,1,0.16666666666666666,1.0,4.0,0,o/ 아/ (1)/(하나) 까드리겠습니다. 제가 네.,까드리겠습니다. 제가 네.
12,0,0.0,1.0,2.6363636363636362,1,(이제)/(쩨*) 주말에 하고 싶은 일을 나의 미래 일기에 써 봅시다. 라고 되어있어요.,주말에 하고 싶은 일을 나의 미래 일기에 써 봅시다. 라고 되어있어요.
29,0,0.0,0.6666666666666666,2.125,1,다섯 번째 있는 점의 수는 몇 개일까요? 우선 첫 번째 (1)/(하나) 두 번째 (3개)/(세 개) 세 번째 (5개)/(다섯 개) 네 번째 (7)/(일곱 개) 다섯 번째는 이처럼 (9개)/(아홉 개) 개입니다.,다섯 번째 있는 점의 수는 몇 개일까요? 우선 첫 번째 두 번째 개) 세 번째 개) 네 번째 개) 다섯 번째는 이처럼 개) 개입니다.
2,0,0.0,1.0,4.0,1,그다음에 (돌아오너라)/(돌아오너라잉).,그다음에
4,2,0.5,1.0,4.0,0,"n/ 자, 이 부분입니다.","자, 부분입니다."
12,0,0.0,1.0,3.0833333333333335,1,친구들 안녕하세요. 친구들이 독해의 열매를 맺어 독해력이 쑥쑥 자랄 수 있도록 도와주는,친구들 안녕하세요. 친구들이 독해의 열매를 맺어 독해력이 쑥쑥 자랄 수 있도록 도와주는
8,0,0.0,1.0,2.625,1,곤충을 연구한다고 해서 큰 돈을 버는 것도 아니고.,곤충을 연구한다고 해서 큰 돈을 버는 것도 아니고.
33,4,0.12121212121212122,1.0,2.7857142857142856,0,"b/ 어/ 이런 비슷한 뜻인 것 같은데 하고 떠오르는 게 있다면. 그 단어를 직접 여러분이 문맥 속에, 글 속에 넣어서 읽어보고 처음부터 끝까지 이 앞 뒤 내용이 자연스럽게 이어지는지 확인해 보면 된답니다. n/","이런 비슷한 뜻인 것 같은데 하고 떠오르는 게 있다면. 단어를 직접 여러분이 문맥 속에, 글 속에 넣어서 읽어보고 처음부터 끝까지 앞 뒤 내용이 자연스럽게 이어지는지 확인해 보면 된답니다."
11,1,0.09090909090909091,1.0,3.888888888888889,0,"n/ 오른쪽에 기준선이 있기 때문에, 여기서부터 (0)/(영)부터 시작해서 매겨지는 수를 읽어야겠죠?","오른쪽에 기준선이 있기 때문에, 여기서부터 시작해서 매겨지는 수를 읽어야겠죠?"
3,1,0.3333333333333333,1.0,3.0,0,아/ (1번)/(일 번).,번).
9,0,0.0,1.0,2.375,1,N/ 자 그러면 친구들이 다 같이 뭘 하자고 했나요?,자 그러면 친구들이 다 같이 뭘 하자고 했나요?
25,0,0.0,0.9130434782608695,3.0,1,"자/ 이렇게 옮겼더니 어때요? 그런데 사실은 선생님 얘가 (직6면체)/(직 육 면체)로 하기는 좀 그래요. 맞아요. 그래요. 그래서요, 얘를 이렇게 나누는 것이 아니라 더 잘게 나눕니다.","이렇게 옮겼더니 어때요? 그런데 사실은 선생님 얘가 육 면체)로 하기는 좀 그래요. 맞아요. 그래요. 그래서요, 얘를 이렇게 나누는 것이 아니라 더 잘게 나눕니다."
11,1,0.09090909090909091,1.0,4.3,0,어/ 배드 엔딩이에요? 나쁜 결말이에요? 왜요? 갈매기가 그래도 고양이한테 잡아먹히지는 않았잖아요.,배드 엔딩이에요? 나쁜 결말이에요? 왜요? 갈매기가 그래도 고양이한테 잡아먹히지는 않았잖아요.
19,0,0.0,0.9473684210526315,3.736842105263158,1,그것처럼 우리 몸에서 사실 우리를 대표하는 부분이 얼굴이잖아요? 그것처럼 숭례문은 얼굴. 바로 중요한 무언가라는거죠. 무언가를 대표한다는 뜻으로 쓰이는 거예요.,그것처럼 우리 몸에서 사실 우리를 대표하는 부분이 얼굴이잖아요? 그것처럼 숭례문은 얼굴. 바로 중요한 무언가라는거죠. 무언가를 대표한다는 뜻으로 쓰이는 거예요.
20,1,0.05,1.0,2.933333333333333,0,"가장 먼저 할 일은 분모 (10)/(십), (2)/(이), (5)/(오)의 공통분모로 통분하는 일인데 공통분모 어/ 얼마나 되나요? 네, (10)/(십)으로 통분할 수가 있겠어요.","가장 먼저 할 일은 분모 공통분모로 통분하는 일인데 공통분모 얼마나 되나요? 네, 통분할 수가 있겠어요."
5,0,0.0,1.0,2.8,1,어서와 들어 사이를 띄어 읽고요.,어서와 들어 사이를 띄어 읽고요.
9,1,0.1111111111111111,1.0,1.8333333333333333,0,그 다음 (A)/(에이) (B)/(비) 형은 총 몇 명 일까요?,다음 형은 총 몇 명 일까요?
23,1,0.043478260869565216,1.0,3.1,0,두 번째 그림은 오/ 이 친구가 교실 앞에 나와서 자신있게 발표 하고 있습니다. 그런데 저는 쓰레기를 주웠더니 마음도 깨끗해졌습니다 라고 이야기를 (하고)/(하구) 있네요.,두 번째 그림은 친구가 교실 앞에 나와서 자신있게 발표 하고 있습니다. 그런데 저는 쓰레기를 주웠더니 마음도 깨끗해졌습니다 라고 이야기를 있네요.
18,0,0.0,1.0,3.5,1,먼저 (7번)/(칠 번) 조각을 이렇게 앞에다가 딱/ 하고 붙여보(고요)/(구요). 이번에는 파란색 (3번 조각)/(삼 번 조각)을 짜자잔짠짠/ 여기다가 붙여볼게요.,먼저 조각을 이렇게 앞에다가 하고 이번에는 파란색 조각)을 여기다가 붙여볼게요.
7,1,0.14285714285714285,1.0,3.0,0,n/ 그래서 (2)/(두) 직선은 (평행)/(평 행) 입니다.,그래서 직선은 행) 입니다.
13,0,0.0,1.0,3.8333333333333335,1,잘못된 이유를 설명하고 바르게 고쳐보세요 라는 문제입니다 자/ 소화가 어떻게 계산했는지부터 먼저 봐야겠네요.,잘못된 이유를 설명하고 바르게 고쳐보세요 라는 문제입니다 소화가 어떻게 계산했는지부터 먼저 봐야겠네요.
5,0,0.0,1.0,2.75,1,자연수 (3)/(삼)과 크기가 같은 분수.,자연수 크기가 같은 분수.
19,0,0.0,1.0,2.8461538461538463,1,"이때 (5)/(오)를 (26)/(이십 육) 나누기 (7)/(칠)을 나머지 라고 한답니다. 자/ 그러면, 우리 두 번째 놀이 문제도 (1번)/(한 번) 살펴볼까요?","이때 육) 나누기 나머지 라고 한답니다. 그러면, 우리 두 번째 놀이 문제도 살펴볼까요?"
1,0,0.0,0.0,0.0,1,(7)/(일곱),
9,0,0.0,1.0,2.7777777777777777,1,수업을 듣고 책을 보면서 복습을 하면서 공책 정리하는 방법.,수업을 듣고 책을 보면서 복습을 하면서 공책 정리하는 방법.
16,0,0.0,1.0,2.7777777777777777,1,"(EBS)/(이비에스) (점)/(쩜) (co)/(씨 오) (점)/(쩜) (kr)/(케이 알) 사이트에 가서요, (6학년)/(육 학년) (1학기)/(일 학기) 내공 냠냠 수학.","오) 알) 사이트에 가서요, 학년) 학기) 내공 냠냠 수학."
18,0,0.0,0.9444444444444444,3.2222222222222223,1,그렇죠. 밑면에 수직인 면이 바로 옆면이 되는 것이더라. 우리가 각기둥에서 옆면이라고 하는 건요. 밑면과 만나는 면을 옆면이라고 해요.,그렇죠. 밑면에 수직인 면이 바로 옆면이 되는 것이더라. 우리가 각기둥에서 옆면이라고 하는 건요. 밑면과 만나는 면을 옆면이라고 해요.
14,0,0.0,1.0,3.888888888888889,1,"자/ 여러분 그냥 의미도 생각해볼까요? (1)/(하나)에 (50g)/(오십 그램)이에요. 그럼 (2개)/(두 개)는 어때요? (100g)/(백 그램),","여러분 그냥 의미도 생각해볼까요? 그램)이에요. 그럼 개)는 어때요? 그램),"
5,0,0.0,1.0,3.2,1,다음 문제 계속해서 만나보도록 하죠.,다음 문제 계속해서 만나보도록 하죠.
19,2,0.10526315789473684,1.0,3.230769230769231,0,(27번)/(이십 칠 번) 별표 n/ 중요한 문제가 나왔습니다. 민재는 어떤 마음으로 n/ (ㄱ처럼)/(기역처럼) 말했습니까 라고 했네요. (ㄱ에서)/(기역에서) 뭐라고 했어요?,칠 별표 중요한 문제가 나왔습니다. 민재는 어떤 마음으로 말했습니까 라고 했네요. 뭐라고 했어요?
14,1,0.07142857142857142,1.0,3.3846153846153846,0,"n/ 네, 이렇게 오늘은요. 대상의 특성을 잘 설명해서요. 발표를 잘하는 방법에 대해서 알아보고 있는데요.","네, 이렇게 오늘은요. 대상의 특성을 잘 설명해서요. 발표를 잘하는 방법에 대해서 알아보고 있는데요."
10,0,0.0,1.0,3.0,1,"나머지 (1징)/(한 장)은 (1)/(일)의 자리 숫자에, 요로케 써주면 되는 것이죠.","나머지 장)은 자리 숫자에, 요로케 써주면 되는 것이죠."
7,0,0.0,1.0,3.142857142857143,1,자료를 제시해야지 읽는 사람이 설득당할 수 있겠죠.,자료를 제시해야지 읽는 사람이 설득당할 수 있겠죠.
35,0,0.0,0.9666666666666667,3.0,1,"자/ (30%)/(삼십 퍼센트)에는 뭘 심어야 했냐 그랬더니, 고추를 심어대. 그리고 (35%)/(삼십 오 퍼센트), 이만큼은 (35%)/(삼십 오 퍼센트) 이만큼은, 가지를 심어대, 자/ 그러면 아무 것도 심지 않은 것이 가운데 딱 있죠. 요만큼입니다. 이거 할 수 있겠어요?","퍼센트)에는 뭘 심어야 했냐 그랬더니, 고추를 심어대. 그리고 오 퍼센트), 이만큼은 오 퍼센트) 이만큼은, 가지를 심어대, 그러면 아무 것도 심지 않은 것이 가운데 딱 있죠. 요만큼입니다. 이거 할 수 있겠어요?"
39,1,0.02564102564102564,0.8333333333333334,3.1944444444444446,0,n/ 입니다. 우리 친구들 오늘 (7단원)/(칠 단원) 분수 두 번째 요리 시간이죠? 오늘은 본격적으로 분수 요리를 만들어볼 거예요. 자/ 그런데 우리 친구들 지난 시간에 어떤 내용을 공부했는지 기억나시나요? 우리 빈이는 기억하고 있는지 물어봐야 되겠어요. 빈이야. 지난 시간에 무엇을 공부했지?,입니다. 우리 친구들 오늘 단원) 분수 두 번째 요리 시간이죠? 오늘은 본격적으로 분수 요리를 만들어볼 거예요. 그런데 우리 친구들 지난 시간에 어떤 내용을 공부했는지 기억나시나요? 우리 빈이는 기억하고 있는지 물어봐야 되겠어요. 빈이야. 지난 시간에 무엇을 공부했지?
7,1,0.14285714285714285,1.0,3.6,0,자/ 그다음 보영이는 오후에 뭐 했다고 했냐면요?,그다음 보영이는 오후에 했다고 했냐면요?
7,0,0.0,1.0,3.142857142857143,1,그렇죠 세부적인 모양을 비교해 주면 되는 것입니다.,그렇죠 세부적인 모양을 비교해 주면 되는 것입니다.
12,2,0.16666666666666666,1.0,3.3333333333333335,0,잘 생각해보세요. (이건)/(요건) 서술형이에요. 정답이 콕 어/ 뭐/ 정해져 있는 건 아닙니다.,잘 생각해보세요. 서술형이에요. 정답이 콕 정해져 있는 건 아닙니다.
19,0,0.0,0.9473684210526315,3.4210526315789473,1,책은 차례를 살펴 건너뛰며 읽는다. 그렇죠. 건너뛰며 내게 필요한 부분만 찾는다고 했습니다. 그러니까 끝까지 자세히 읽는다는 당연히 정답이 아니겠죠.,책은 차례를 살펴 건너뛰며 읽는다. 그렇죠. 건너뛰며 내게 필요한 부분만 찾는다고 했습니다. 그러니까 끝까지 자세히 읽는다는 당연히 정답이 아니겠죠.
4,0,0.0,1.0,2.5,1,그다음에 또 (4)/(사) (3)/(삼),그다음에 또
21,3,0.14285714285714285,0.8235294117647058,2.8823529411764706,0,음/ u/에서도 찾을 수 있고요. 또 태극기에서도 찾을 수 있고 아/ 우리 친구들이 좋아하는 샌드위치에서도 이 생각 씨앗을 찾을 수가 있어요.,찾을 수 있고요. 또 태극기에서도 찾을 수 있고 우리 친구들이 좋아하는 샌드위치에서도 생각 씨앗을 찾을 수가 있어요.
7,1,0.14285714285714285,1.0,3.3333333333333335,0,여러분 자부심 이/ 자랑스러운 마음을 가지고 글을.,여러분 자부심 자랑스러운 마음을 가지고 글을.
2,0,0.0,1.0,3.5,1,그러니까 이것은,그러니까 이것은
13,2,0.15384615384615385,1.0,3.3636363636363638,0,n/ 그러므로 방송을 듣고 그 내용을 바르게 이해하기 위해서는 이것을 정리하며 들어야 합니다.,그러므로 방송을 듣고 내용을 바르게 이해하기 위해서는 이것을 정리하며 들어야 합니다.
2,1,0.5,1.0,4.0,0,"n/ 사람이,","사람이,"
2,0,0.0,1.0,5.0,1,(420)/(사백 이십)이요,이십)이요
13,1,0.07692307692307693,1.0,3.0,0,n/ 와/ 땅에 떨어진 돈들이 얼마나 많길래 사람들이 모두 허리를 숙이고 다니는 걸까요.,땅에 떨어진 돈들이 얼마나 많길래 사람들이 모두 허리를 숙이고 다니는 걸까요.
15,1,0.06666666666666667,1.0,3.6,0,n/ 자/ 그럼 보기 (1번)/(한 번) 볼게요. 기뻐요 기대돼요 아쉬워요 자/ 여기에서 정답은 아쉬워요가 되겠어요.,그럼 보기 볼게요. 기뻐요 기대돼요 아쉬워요 여기에서 정답은 아쉬워요가 되겠어요.
6,1,0.16666666666666666,1.0,3.25,0,"n/ (OK)/(오케이) 셰프의 특급 레시피 전격공개,","셰프의 특급 레시피 전격공개,"
14,1,0.07142857142857142,1.0,2.75,0,그리고 n/ 또 뭐가 있을지 여러분도 잘 생각해 (보고요)/(보구요). 더 보충해서 정리해 보시기 바랍니다.,그리고 또 뭐가 있을지 여러분도 잘 생각해 더 보충해서 정리해 보시기 바랍니다.
2,0,0.0,1.0,4.0,1,o/ 그렇죠.,그렇죠.
8,0,0.0,1.0,2.625,1,네모 안에 알맞은 수를 써 넣으세요 라는 문제네요.,네모 안에 알맞은 수를 써 넣으세요 라는 문제네요.
15,1,0.06666666666666667,1.0,2.5454545454545454,0,자 이제 뭐 할 거야. (X)/(엑스) 가 (0)/(영)보다 작을때도 도함수를 구해야 합니다 (0)/(영)보다 작을때 저리가,자 이제 할 거야. 가 작을때도 도함수를 구해야 합니다 작을때 저리가
7,1,0.14285714285714285,1.0,3.0,0,또는 그 말하는 것을 방해하면 안 되겠습니다.,또는 말하는 것을 방해하면 안 되겠습니다.
7,0,0.0,1.0,2.7142857142857144,1,우리 위의 도형 한번 보고 알아보도록 할게요.,우리 위의 도형 한번 보고 알아보도록 할게요.
5,0,0.0,1.0,3.8,1,이번에는 유진이의 모양을 한번 살펴봅시다.,이번에는 유진이의 모양을 한번 살펴봅시다.
28,2,0.07142857142857142,1.0,2.95,0,자/ 이 시의 주인공 아주아주 이해를 잘하고 있는 것만큼 우리 이어서 (2번)/(이 번) 문제도 풀어보도록 하겠습니다. 계속해서 교재 (123쪽)/(백 이십 삼 쪽) 에 (2번)/(이 번) 문제 나와주세요. n/,시의 주인공 아주아주 이해를 잘하고 있는 것만큼 우리 이어서 문제도 풀어보도록 하겠습니다. 계속해서 교재 이십 삼 쪽) 에 문제 나와주세요.
8,0,0.0,1.0,3.25,1,"삼각형은요. (3)/(삼) (3)/(삼) (3)/(삼) 변이 (3 개)/(세 개),","삼각형은요. 변이 (3 개),"
4,0,0.0,1.0,3.6666666666666665,1,곤충 (1)/(한) 마리가 붙어있어요.,곤충 마리가 붙어있어요.
3,0,0.0,1.0,3.0,1,자/ 몇 개인가요?,몇 개인가요?
11,0,0.0,1.0,2.8,1,커지는 게 아니라 (1)/(일) 씩 작아지게 되는 것이죠? 맞는지 확인해 볼까요?,커지는 게 아니라 씩 작아지게 되는 것이죠? 맞는지 확인해 볼까요?
12,1,0.08333333333333333,1.0,3.5454545454545454,0,"라는 얘기예요. n/ 친구 그렇구나, 그렇죠. 친구의 말에 적극적으로 공감해주고 있는 겁니다.","라는 얘기예요. 친구 그렇구나, 그렇죠. 친구의 말에 적극적으로 공감해주고 있는 겁니다."
2,1,0.5,1.0,4.0,0,어/ 그랬더니,그랬더니
9,1,0.1111111111111111,1.0,3.2857142857142856,0,자/ 그럼 어떻게 띄어 읽으면 좋을까요? 그 방법도 알아봐요.,그럼 어떻게 띄어 읽으면 좋을까요? 방법도 알아봐요.
21,0,0.0,1.0,2.6666666666666665,1,자+ 어느 부분? 그렇지요. 어머니 곁을 늘 떠나려 하지 않았다 라는 내용에서 다시 한번 효심이 지극하다는 것을 쉽게 알 수 있었습니다.,자+ 어느 부분? 그렇지요. 어머니 곁을 늘 떠나려 하지 않았다 라는 내용에서 다시 한번 효심이 지극하다는 것을 쉽게 알 수 있었습니다.
6,1,0.16666666666666666,1.0,3.0,0,n/ 짠/ 이렇게 직선이 (1)/(하나) (있고요)/(있구요).,이렇게 직선이
3,0,0.0,1.0,3.5,1,(화음)/(화 음)이 되겠죠.,음)이 되겠죠.
6,0,0.0,0.8333333333333334,3.6666666666666665,1,사탕을 하나씩 하나씩 동그라미 하면서 갈라볼게요.,사탕을 하나씩 하나씩 동그라미 하면서 갈라볼게요.
2,0,0.0,1.0,4.0,1,그러면서 (어떡해)/(어뜩해)*,그러면서
22,0,0.0,1.0,3.2777777777777777,1,무엇에 비유했는지 이것도 생각하면서 다시 (읽고요)/(읽구요) 그리고 비유하는 표현 사용하면 어떤 점이 좋은지 (1가지)/(한 가지) 쓰는 문제가 (6번)/(육 번)부터 (8번)/(팔 번)까지 문제네요.,무엇에 비유했는지 이것도 생각하면서 다시 그리고 비유하는 표현 사용하면 어떤 점이 좋은지 가지) 쓰는 문제가 번)부터 번)까지 문제네요.
7,0,0.0,1.0,4.166666666666667,1,"그럼요, 그림을 봐야겠어요. 그림 보실까요 자/ 그림입니다.","그럼요, 그림을 봐야겠어요. 그림 보실까요 그림입니다."
5,1,0.2,1.0,3.25,0,n/ 하느님이 모두 보고 계시단다.,하느님이 모두 보고 계시단다.
9,0,0.0,1.0,3.111111111111111,1,그럼 이번에는 중요표시 있는 문제 볼게요 문제가 굉장히 복잡하죠.,그럼 이번에는 중요표시 있는 문제 볼게요 문제가 굉장히 복잡하죠.
4,0,0.0,1.0,5.0,1,자/ 풀이과정을 써보도록 하겠습니다.,풀이과정을 써보도록 하겠습니다.
5,1,0.2,1.0,3.0,0,n/ 다음 시간에 만나요. 안녕!,다음 시간에 만나요. 안녕!
11,1,0.09090909090909091,0.8888888888888888,3.111111111111111,0,n/ 그래요. (3 분의 1)/(삼 분의 일)이라고 분수로 나타낼 수가 있겠네요.,그래요. (3 분의 분의 일)이라고 분수로 나타낼 수가 있겠네요.
9,0,0.0,1.0,2.875,1,(2)/(두) 자동차의 걸린 시간에 대한 간 거리의 비율을 비교하여.,자동차의 걸린 시간에 대한 간 거리의 비율을 비교하여.
6,0,0.0,1.0,2.8,1,(650)/(육백 오십)보다 큰 수가 되어야 한다.,오십)보다 큰 수가 되어야 한다.
21,0,0.0,0.9375,2.4375,1,또 여기 있는 빈칸의 수는 (5)/(오)와 (1)/(일)을 더했다 라고 생각해보세요/ 그랬더니 (6)/(육)입니다 라고 말할 수도 (있고요)/(있구요). 그럼 이렇게 놓고 보니까 어때요?,또 여기 있는 빈칸의 수는 더했다 라고 그랬더니 라고 말할 수도 그럼 이렇게 놓고 보니까 어때요?
14,0,0.0,1.0,3.3846153846153846,1,큽니다에 동그라미 해 주면 좋겠네요. 우리 직접 수판에 동그라미를 그려보고 (둘)/(두) 수의 크기를 비교해봤어요.,큽니다에 동그라미 해 주면 좋겠네요. 우리 직접 수판에 동그라미를 그려보고 수의 크기를 비교해봤어요.
16,0,0.0,0.9333333333333333,2.8666666666666667,1,이번에는 우리 실력을 조금 더 쑥쑥 (키워줄)/(키워질) 좀더 알아보기 문제 풀어보도록 하겠습니다 첫 번째 문제 보여주세요.,이번에는 우리 실력을 조금 더 쑥쑥 좀더 알아보기 문제 풀어보도록 하겠습니다 첫 번째 문제 보여주세요.
2,0,0.0,1.0,4.0,1,o/ 그렇죠.,그렇죠.
9,1,0.1111111111111111,1.0,3.0,0,n/ (2번)/(이 번) 볼게요. 친구가 소개해 준 책이 아니어서.,볼게요. 친구가 소개해 준 책이 아니어서.
10,1,0.1,1.0,3.125,0,n/ 일단 농부가 (60분)/(육십 분) 동안 간 거리를 생각해보도록 하겠습니다.,일단 농부가 분) 동안 간 거리를 생각해보도록 하겠습니다.
6,0,0.0,1.0,3.1666666666666665,1,그럼 우리 편지를 같이 써보도록 하겠습니다.,그럼 우리 편지를 같이 써보도록 하겠습니다.
5,0,0.0,1.0,1.3333333333333333,1,"(1)/(일)만큼 더 큰 수, (90)/(구십)","더 큰 수,"
30,1,0.03333333333333333,0.88,3.0,0,(1분)/(일 분)에 (10L)/(십 리터)의 물이 일정하게 나오는 수도가 있습니다 이 수도로 (2분)/(이 분) (15초)/(십 오 초)동안 받은 물의 양은 몇 리터인지 구해보세요 그리고 수도에서 나오는 물의 양은 일정합니다 라고 했습니다.,분)에 리터)의 물이 일정하게 나오는 수도가 있습니다 수도로 분) 오 초)동안 받은 물의 양은 몇 리터인지 구해보세요 그리고 수도에서 나오는 물의 양은 일정합니다 라고 했습니다.
14,0,0.0,1.0,2.923076923076923,1,그렇죠. 모르는 변의 길이를 네모 라고 (두고요)/(두구여). 사다리꼴의 넓이 구하는 식을 적어보면 되는 거예요.,그렇죠. 모르는 변의 길이를 네모 라고 사다리꼴의 넓이 구하는 식을 적어보면 되는 거예요.
24,0,0.0,0.9411764705882353,3.5294117647058822,1,자/ 그럼 선생님이 여기서 비법 (1)/(하나)를 공개를 해야겠습니다. 자/ 이거는 아무나 선생님이 공개하는 비법이 아닌데요. 자/ 우리 친구들 자/ 여기를 (1번)/(한 번) 보도록 하겠습니다.,그럼 선생님이 여기서 비법 공개를 해야겠습니다. 이거는 아무나 선생님이 공개하는 비법이 아닌데요. 우리 친구들 여기를 보도록 하겠습니다.
31,0,0.0,1.0,2.9285714285714284,1,"여러분 다시 (1번)/(한 번) 더 강조할게요. 원기둥의 전개도 문제에서 옆면에 가로와 세로의 의미를 알고 있어야 하는데, 옆면의 가로는 뭘 뜻한다? 바로 원 밑면의 둘레, 원주를 뜻하는 것과 같다. 그리고 (2번째)/(두 번째),","여러분 다시 더 강조할게요. 원기둥의 전개도 문제에서 옆면에 가로와 세로의 의미를 알고 있어야 하는데, 옆면의 가로는 뭘 뜻한다? 바로 원 밑면의 둘레, 원주를 뜻하는 것과 같다. 그리고 번째),"
10,2,0.2,1.0,2.875,0,음/ 얼마나 기분이 좋았을지 이 부분을 통해서 알 수 있겠네요.,얼마나 기분이 좋았을지 부분을 통해서 알 수 있겠네요.
27,0,0.0,0.9130434782608695,3.0869565217391304,1,"오늘 우리는 (3단)/(삼 단) 곱셈구구가 (6단)/(육 단) 곱셈구구에 대해서 알아봤는데요. 이것만 기억하면 돼요. (3단)/(삼 단) 곱셈 구구에서는 곱하는 수가 (1씩)/(일 씩) 커지면, 두 수의 곱은 얼마씩 커진다?","오늘 우리는 단) 곱셈구구가 단) 곱셈구구에 대해서 알아봤는데요. 이것만 기억하면 돼요. 단) 곱셈 구구에서는 곱하는 수가 씩) 커지면, 두 수의 곱은 얼마씩 커진다?"
13,0,0.0,0.9090909090909091,3.0,1,자/ 그랬을 때 네모는 얼마가 된다 (3)/(삼)이 된다 이렇게 우리 친구들 계산하시면 되겠습니다.,그랬을 때 네모는 얼마가 된다 된다 이렇게 우리 친구들 계산하시면 되겠습니다.
9,0,0.0,1.0,3.0,1,"자/ (ㄴ)/(니은) (ㄱ)/( 기역) (ㄷ)/( 디귿) 이렇게 표시해 놓고,","기역) 디귿) 이렇게 표시해 놓고,"
30,0,0.0,1.0,2.6333333333333333,1,모 모시 의회는 휴대전화를 대신하여 어린이 범죄 예방 장치 역할을 할 수 있도록 학교 주변 및 어린이들이 자주 가는 지점에 안전 카메라 설치 등 안전장치를 대폭 늘려 나가기로 하였다고 했습니다.,모 모시 의회는 휴대전화를 대신하여 어린이 범죄 예방 장치 역할을 할 수 있도록 학교 주변 및 어린이들이 자주 가는 지점에 안전 카메라 설치 등 안전장치를 대폭 늘려 나가기로 하였다고 했습니다.
17,0,0.0,1.0,2.8,1,맛있겠다. 나도 먹고 싶다. 쉬는 시간에 (1번)/(한 번) 과자로 배를 채워보세요. 그럼 수학도 더 집중이 잘 되겠죠?,맛있겠다. 나도 먹고 싶다. 쉬는 시간에 과자로 배를 채워보세요. 그럼 수학도 더 집중이 잘 되겠죠?
2,0,0.0,1.0,3.0,1,똑바로 (찍고요)/(찍구요).,똑바로
6,0,0.0,1.0,3.0,1,"무조건 약분을 해야 되지만 그렇지 않으면,","무조건 약분을 해야 되지만 그렇지 않으면,"
12,0,0.0,1.0,2.75,1,그래서 이런것 것들이 글감이 될 수 있다. 그러면 글감을 어떻게 해서 찾을까요?,그래서 이런것 것들이 글감이 될 수 있다. 그러면 글감을 어떻게 해서 찾을까요?
2,0,0.0,1.0,4.0,1,오/ 맞아요.,맞아요.
5,1,0.2,1.0,3.5,0,n/ 어제 선생님이랑 뭘 공부했었죠?,어제 선생님이랑 뭘 공부했었죠?
3,1,0.3333333333333333,1.0,4.0,0,뭘까. 이 사람은요.,뭘까. 사람은요.
2,0,0.0,1.0,2.0,1,(4배)/(네 배),배)
6,0,0.0,1.0,3.2,1,(30cm)/(삼십 센티미터) 이렇게 나타낼 수 있겠죠?,센티미터) 이렇게 나타낼 수 있겠죠?
2,0,0.0,1.0,6.0,1,(12번)/(열 두번)이요.,두번)이요.
9,1,0.1111111111111111,1.0,2.2,0,n/ (5시)/(다섯 시) (26분)/(이십 육 분) (30초)/(삼십 초) 입니다.,시) 육 분) 초) 입니다.
7,1,0.14285714285714285,1.0,3.1666666666666665,0,그 다음 종이 비행기의 수도 세어볼까요? 시작.,다음 종이 비행기의 수도 세어볼까요? 시작.
8,0,0.0,1.0,2.75,1,(1)/(일)의 자리 숫자 (3)/(삼)이 (1)/(일) 커져서 (4)/(사)가 됩니다.,자리 숫자 커져서 됩니다.
7,0,0.0,1.0,3.2,1,(그러고)/(그러*) 막/ 가버리니까 기분이 더 나빴단 말이죠.,가버리니까 기분이 더 나빴단 말이죠.
3,0,0.0,1.0,4.0,1,바로 플랜더스의 개입니다.,바로 플랜더스의 개입니다.
21,2,0.09523809523809523,0.9375,3.0,0,자/ 분자가 (4)/(사)인 가분수 (3개)/(세 개)입니다 그렇다면 가분수는 뭐라고 그랬죠 분자와 분모가 같거나 n/ 분자가 더 큰 것을 n/ 말한다고 했죠.,분자가 가분수 개)입니다 그렇다면 가분수는 뭐라고 그랬죠 분자와 분모가 같거나 분자가 더 큰 것을 말한다고 했죠.
13,1,0.07692307692307693,1.0,2.75,0,그러면 (10월)/(시 월) (3일)/(삼 일)에서 (1주일)/(일 주일) 전의 날짜는 어/ 그런데 칸이 (비어있다고요)/(비어있다구요).,그러면 월) 일)에서 주일) 전의 날짜는 그런데 칸이
18,0,0.0,1.0,2.769230769230769,1,그러면 알맞지 않은 것은 (2번)/(이 번)이 되겠네요. 자/ (2번)/(이 번) 딱 정리해 주고 자/ 고인은 죽은 사람 맞습니다.,그러면 알맞지 않은 것은 번)이 되겠네요. 딱 정리해 주고 고인은 죽은 사람 맞습니다.
4,1,0.25,1.0,3.0,0,음/ 올 봄에는 말이지요.,올 봄에는 말이지요.
8,0,0.0,1.0,3.5,1,"(7)/(칠) (1)/(일)은 (7)/(칠) (3)/(삼) (1)/(일)은 (3)/(삼) 더해 주었더니,","더해 주었더니,"
6,0,0.0,1.0,3.8,1,자/ 그러면 이번에는 다시 교과서로 돌아올게요.,그러면 이번에는 다시 교과서로 돌아올게요.
10,0,0.0,1.0,3.3333333333333335,1,자/ 그럼 이어서 읽어볼게요. 그때 거실로 나오던 누나와 눈이 마주쳤어요.,그럼 이어서 읽어볼게요. 그때 거실로 나오던 누나와 눈이 마주쳤어요.
12,2,0.16666666666666666,1.0,2.6,0,n/ 어흥. 내가 오늘 가장 맛있게 n/ 먹은 낱말은 바로 수난이야 수난.,어흥. 내가 오늘 가장 맛있게 먹은 낱말은 바로 수난이야 수난.
12,1,0.08333333333333333,0.8888888888888888,2.7777777777777777,0,n/ o/ 야/ 너 멍이라니? 너 미래의 시인의 웃음을 보고 멍으로 보이니?,너 멍이라니? 너 미래의 시인의 웃음을 보고 멍으로 보이니?
22,0,0.0,0.6666666666666666,2.857142857142857,1,펭수를 좋아하는 내 친구는 수집가다 잘 우는 내 친구는 먹구름이다 오/ 단어를 잘 아는 내 친구는 백과사전이다 행운을 주는 내 친구는 네잎클로버이다.,펭수를 좋아하는 내 친구는 수집가다 잘 우는 내 친구는 먹구름이다 단어를 잘 아는 내 친구는 백과사전이다 행운을 주는 내 친구는 네잎클로버이다.
9,0,0.0,1.0,3.0,1,자/ 마지막 (5번)/(오 번) 이에요 (5번)/(오 번) 까지 왔어요.,마지막 이에요 까지 왔어요.
21,0,0.0,0.85,2.45,1,그런데 보니까 초바늘이 (3바퀴)/(세 바퀴) 반을 돌았을 때 통화를 끝냈다 통화를 끝낸 시각은 몇 시 몇 분 몇 초일까요 라고 물어봤죠.,그런데 보니까 초바늘이 바퀴) 반을 돌았을 때 통화를 끝냈다 통화를 끝낸 시각은 몇 시 몇 분 몇 초일까요 라고 물어봤죠.
5,0,0.0,1.0,4.0,1,(3)/(삼) 더하기 (8)/(팔) 넣어보도록 할게요.,더하기 넣어보도록 할게요.
2,0,0.0,1.0,3.5,1,"맞아요, 넷째.","맞아요, 넷째."
23,0,0.0,0.9090909090909091,2.8636363636363638,1,아니죠 여러분 우리 직육면체에서 마주 보는 두 면의 넓이는 같으니까요 서로 종류가 다른 두 면의 넓이를 더하고 거기에 한꺼번에 (2)/(이)를 곱해주면 되는 것입니다.,아니죠 여러분 우리 직육면체에서 마주 보는 두 면의 넓이는 같으니까요 서로 종류가 다른 두 면의 넓이를 더하고 거기에 한꺼번에 곱해주면 되는 것입니다.
14,1,0.07142857142857142,1.0,3.3636363636363638,0,n/ 자/ (29쪽)/(이십 구 쪽)에 나와있어요. 우리가 읽었던 이야기니까 친구들이 잘 알고있는 내용일 거예요.,구 쪽)에 나와있어요. 우리가 읽었던 이야기니까 친구들이 잘 알고있는 내용일 거예요.
14,0,0.0,0.9285714285714286,3.4285714285714284,1,우리 글읽기를 싫어하는 우리 도련님을 위해서 만화를 준비했습니다 만화 보시면서 인상적인 표현이 무엇인지 확인해,우리 글읽기를 싫어하는 우리 도련님을 위해서 만화를 준비했습니다 만화 보시면서 인상적인 표현이 무엇인지 확인해
13,0,0.0,1.0,2.857142857142857,1,잘 보세요. 숫자를 잡아라 (1)/(하나) (2)/(둘) (3)/(셋) 한번 더 보여줄까요? (1)/(하나) (2)/(둘) (3)/(셋),잘 보세요. 숫자를 잡아라 한번 더 보여줄까요?
5,0,0.0,1.0,2.6,1,"그래, 이러면 모두 몇 개예요?","그래, 이러면 모두 몇 개예요?"
10,1,0.1,0.8888888888888888,3.0,0,그런데 이 시 어디서 많이 들어본 시 인데요. 계속 읽어보겠습니다.,그런데 시 어디서 많이 들어본 시 인데요. 계속 읽어보겠습니다.
12,0,0.0,1.0,3.1818181818181817,1,자/ 그래서 연극과 영화 자전거와 오토바이 학교와 학원 공통점도 있고 그렇죠 그다음에.,그래서 연극과 영화 자전거와 오토바이 학교와 학원 공통점도 있고 그렇죠 그다음에.
25,1,0.04,1.0,3.3157894736842106,0,"n/ (6번)/(육 번) 문제 풀어 볼까요? (7단)/(칠 단) 곱셈구구의 값에 색칠해보라고 했네요. 여러가지 수들이 있는데요. 우리 다시 한번 정리한다는 느낌으로 (7)/(칠)(1)/(일) 은 (7)/(칠)부터 노래 불러가면서,","문제 풀어 볼까요? 단) 곱셈구구의 값에 색칠해보라고 했네요. 여러가지 수들이 있는데요. 우리 다시 한번 정리한다는 느낌으로 은 노래 불러가면서,"
12,0,0.0,1.0,2.7,1,세로 (3개)/(세 개) 그러니까 전체 개수는 (9개)/(아홉 개)입니다 라고 말할 수 있겠죠.,세로 개) 그러니까 전체 개수는 개)입니다 라고 말할 수 있겠죠.
4,0,0.0,1.0,3.25,1,다른 문제도 같이 풀어볼게요.,다른 문제도 같이 풀어볼게요.
9,0,0.0,1.0,2.7142857142857144,1,(2씩)/(이 씩) (5번)/(다섯 번)을 더해 주면 되는 거예요. 어떻게?,씩) 번)을 더해 주면 되는 거예요. 어떻게?
20,0,0.0,0.9444444444444444,3.1666666666666665,1,(이걸)/(요걸) 기억하세요. 뺄셈으로 비교를 하면 이럴 때 두 수의 관계가 변합니다. (이렇게)/(요로케) 기억을 해요. 그다음에 이번에는 나눗셈으로 비교를 해볼 건데요.,기억하세요. 뺄셈으로 비교를 하면 이럴 때 두 수의 관계가 변합니다. 기억을 해요. 그다음에 이번에는 나눗셈으로 비교를 해볼 건데요.
16,0,0.0,0.8666666666666667,2.8666666666666667,1,"(1)/(일) 부터 이제 제곱근 표에 나와 있으니까, 애들도 제곱근 표에 없는 식입니다. 똑같은 방법으로 가면 돼요.","부터 이제 제곱근 표에 나와 있으니까, 애들도 제곱근 표에 없는 식입니다. 똑같은 방법으로 가면 돼요."
18,1,0.05555555555555555,0.875,3.4375,0,농구공 모양이라고 붙여질 수도 있지만 자/ 오늘은 선생님이 이 모양에 공 모양이라고 이름을 붙여줄 거에요. 뭐라고요? 공 모양이라고요.,농구공 모양이라고 붙여질 수도 있지만 오늘은 선생님이 모양에 공 모양이라고 이름을 붙여줄 거에요. 뭐라고요? 공 모양이라고요.
18,0,0.0,1.0,3.25,1,자/ 우리 친구들이 (1줄)/(한 줄) 토론 독서력을 써주었는데요. 책은 결국 사람 사는 이야기다 보니까 찬성과 반대 토론거리가 가득합니다.,우리 친구들이 줄) 토론 독서력을 써주었는데요. 책은 결국 사람 사는 이야기다 보니까 찬성과 반대 토론거리가 가득합니다.
11,1,0.09090909090909091,1.0,3.3,0,네. 여러분 아래의 가사를 n/ 보시면서 선생님과 같이 큰소리로 따라 불러주세요.,네. 여러분 아래의 가사를 보시면서 선생님과 같이 큰소리로 따라 불러주세요.
3,1,0.3333333333333333,1.0,2.5,0,n/ 모두 안녕.,모두 안녕.
9,0,0.0,1.0,3.142857142857143,1,"(70cm)/(센티미터)가 나왔다고 칩시다 그럼 이것을 다른 방법으로 (1m)/(일 미터),","나왔다고 칩시다 그럼 이것을 다른 방법으로 미터),"
12,0,0.0,1.0,3.090909090909091,1,학원이 너무 힘들어서 제가 (2명)/(두 명)이 됐으면 좋겠어요 이렇게 대답하는 친구도 있고요,학원이 너무 힘들어서 제가 명)이 됐으면 좋겠어요 이렇게 대답하는 친구도 있고요
6,0,0.0,1.0,2.6,1,(10개)/(열 개)씩 묶음 몇 개를? 그렇죠.,개)씩 묶음 몇 개를? 그렇죠.
15,2,0.13333333333333333,0.5555555555555556,2.7777777777777777,0,(1)/(일)과 (12 분의 5)/(십 이 분의 오) 더하기 (2)/(이)와 (12 분의 4)/(십 이 분의 사)입니다.,(12 분의 분의 오) 더하기 (12 분의 분의 사)입니다.
18,1,0.05555555555555555,1.0,2.8461538461538463,0,n/ 한 판이 여덟 조각으로 이루어진 것이 (3판)/(세 판) 있으니까 전체 피자 조각수는 (8)/(팔)하기 (3)/(삼)은 (24조각)/(이십 사 조각)입니다.,한 판이 여덟 조각으로 이루어진 것이 판) 있으니까 전체 피자 조각수는 사 조각)입니다.
19,5,0.2631578947368421,0.75,2.6666666666666665,0,독립 만세 운동을 했다. 아주 잘 찾아줬어요. n/ 친구 n/ 친구 n/ 친구 n/ 친구 n/ (4번)/(사 번) 맞습니다.,독립 만세 운동을 했다. 아주 잘 찾아줬어요. 친구 친구 친구 친구 맞습니다.
26,0,0.0,0.8260869565217391,3.391304347826087,1,"자/ 적에게 머리를 어떻게 하는 일이 반복되면 안된다? 적, 적은 뭐예요? u/뮤 밉자+밉잖아요. 싸워야 되죠?그런데 머리를 조아려서는 안 됩니다. 자/ 그래서 머리를 조아리는 일이 반복되면 안된다","적에게 머리를 어떻게 하는 일이 반복되면 안된다? 적, 적은 뭐예요? 밉자+밉잖아요. 싸워야 되죠?그런데 머리를 조아려서는 안 됩니다. 그래서 머리를 조아리는 일이 반복되면 안된다"
18,0,0.0,1.0,3.2142857142857144,1,"(30)/(삼십) 곱하기 (4)/(사)가 (120)/(백 이십) 요렇게요. 그리고 두 곱의 합을 구해 주었더니 (156)/(백 오십 육)이 되는것입니다 라고 하면되는거죠,","곱하기 이십) 요렇게요. 그리고 두 곱의 합을 구해 주었더니 오십 육)이 되는것입니다 라고 하면되는거죠,"
24,1,0.041666666666666664,0.9,2.4,0,곱하기 (36)/(삼십 육)을 써줄 수 있고 두 번째는 뭐? (16)/(십 육) 곱하기 (38)/(삼십 팔). 이 두 가지 식을 만들어줄 수가 있네. 그러면 똑같이 계산.,곱하기 육)을 써줄 수 있고 두 번째는 뭐? 육) 곱하기 팔). 두 가지 식을 만들어줄 수가 있네. 그러면 똑같이 계산.
8,1,0.125,1.0,3.142857142857143,0,n/ 아침에 언니들은 궁전에 갈 준비를 하기 시작했어요.,아침에 언니들은 궁전에 갈 준비를 하기 시작했어요.
2,0,0.0,1.0,3.0,1,먹을 것이다.,먹을 것이다.
24,3,0.125,0.9523809523809523,3.0,0,"그냥 베일 수 있는 그 부분 이 부분을 서슬이라고 합니다. 그래서 서슬이 퍼렇다 이 말은 여러분 보세요. 이게 이렇게 날카로우면요, 여러분 어떤 생각이 들어요?","그냥 베일 수 있는 부분 부분을 서슬이라고 합니다. 그래서 서슬이 퍼렇다 말은 여러분 보세요. 이게 이렇게 날카로우면요, 여러분 어떤 생각이 들어요?"
24,1,0.041666666666666664,1.0,3.2857142857142856,0,자/ 이 (2낱말)/(두 낱말)이 합쳐져서 무엇이 되었다? 손 중에서도 바닥이 아니라 위쪽으로 올라온 볼록한 부분이 되었죠? 그래서 손등을 나타내고 있다. 전혀 새로운 낱말이 되었네요.,낱말)이 합쳐져서 무엇이 되었다? 손 중에서도 바닥이 아니라 위쪽으로 올라온 볼록한 부분이 되었죠? 그래서 손등을 나타내고 있다. 전혀 새로운 낱말이 되었네요.
4,0,0.0,1.0,3.0,1,(2)/(이) 단원. 덧셈과 뺄셈.,단원. 덧셈과 뺄셈.
10,0,0.0,1.0,3.2,1,자/ (기역)/(귀 역)은 (기윽))/(귀 흙*)이 아니라 (ㄱ)/(기역)으로 이렇게 이름을 (불러주고요)/(불러주구요).,역)은 흙*)이 아니라 이렇게 이름을
23,1,0.043478260869565216,1.0,2.85,0,기기 기자로 끝나는 말은 더하기 빼기 곱하기 나누기 (4남매)/(네 남매) 어/ 그래요 앞에서 본 것처럼 (4남매)/(네 남매)가 이렇게 사이좋게 잘 지냈으면 참 좋겠는데요.,기기 기자로 끝나는 말은 더하기 빼기 곱하기 나누기 남매) 그래요 앞에서 본 것처럼 남매)가 이렇게 사이좋게 잘 지냈으면 참 좋겠는데요.
6,1,0.16666666666666666,1.0,4.0,0,(4)/(사) n/ (되겠고요)/(되겠구요) 그다음에 (100)/(백)의 자리는.,그다음에 자리는.
20,0,0.0,1.0,2.5625,1,"자/ 그렇다면 꽃병이 (5개)/(다섯 개) 라면 장미는 몇 송이 꽂을 수 있나요 라는 (10번)/(십 번) 문젠데요, 우리 방금 살펴보았던 표,","그렇다면 꽃병이 개) 라면 장미는 몇 송이 꽂을 수 있나요 라는 문젠데요, 우리 방금 살펴보았던 표,"
11,1,0.09090909090909091,1.0,4.1,0,n/ 봄은 새싹에게도 꽃들에게도 아기에게도 멋진 행복을 선물해주는 세상에서 제일가는 요술쟁이다.,봄은 새싹에게도 꽃들에게도 아기에게도 멋진 행복을 선물해주는 세상에서 제일가는 요술쟁이다.
17,0,0.0,1.0,2.764705882352941,1,먹이가 없대요 왜냐? 찾길이 있으니까 찾길을 넘어서 가야 되는데 이거 뭐로+ 먹이를 구하러 갈 수가 없는 거예요.,먹이가 없대요 왜냐? 찾길이 있으니까 찾길을 넘어서 가야 되는데 이거 뭐로+ 먹이를 구하러 갈 수가 없는 거예요.
9,1,0.1111111111111111,1.0,3.25,0,그런데 이 문제는요 문제를 풀기 위한 숨어있는 핵심이 있습니다!,그런데 문제는요 문제를 풀기 위한 숨어있는 핵심이 있습니다!
31,2,0.06451612903225806,0.9642857142857143,2.642857142857143,0,여러분 이거 계산 할게요. 굉장히 복잡해요. 일단 식을 적을 수 있으면 계산만 하면 되는데요 .식은 적을 때 처음부터 아 / 나 왜 이렇게 빨리 안 되지 고민하지 마시고요. n/ 천천히 하세요.,여러분 이거 계산 할게요. 굉장히 복잡해요. 일단 식을 적을 수 있으면 계산만 하면 되는데요 .식은 적을 때 처음부터 나 왜 이렇게 빨리 안 되지 고민하지 마시고요. 천천히 하세요.
23,1,0.043478260869565216,1.0,2.4545454545454546,0,n/ 구하려는 자리의 (1)/(한) 자리 아래 숫자가 (0)/(영) (1)/(일) (2)/(이) (3)/(삼) (4)/(사) 면 버리고 (5)/(오) (6)/(육) (7)/(칠) (8)/(팔) (9)/(구)면 올리는 방법을 반 올림,구하려는 자리의 자리 아래 숫자가 면 버리고 올리는 방법을 반 올림
4,0,0.0,1.0,3.3333333333333335,1,이거 (3단계)/(삼 단계) 힌트였죠?,이거 단계) 힌트였죠?
5,0,0.0,1.0,4.0,1,방점식. 이런 아이를 방정식이라고 하는데요.,방점식. 이런 아이를 방정식이라고 하는데요.
22,1,0.045454545454545456,0.875,2.5625,0,(A)/(에이) 값 n/ (B)/(비) 값 다 구했죠 그래서 (F1)/(에프 일)의 값 (X)/(엑스)에다 (1)/(일) 넣어주면 되는 거고 계수에 합을 구하라는 의미를 가지고 있는거죠.,값 값 다 구했죠 그래서 일)의 값 넣어주면 되는 거고 계수에 합을 구하라는 의미를 가지고 있는거죠.
3,1,0.3333333333333333,1.0,1.5,0,여든 개 아/,여든 개
4,0,0.0,1.0,2.75,1,제곱 미터가 되는 것이죠.,제곱 미터가 되는 것이죠.
10,0,0.0,1.0,3.1,1,그래서 한 변의 길이 구하고 그리고 넓이까지 구해주면 되는 문제였습니다.,그래서 한 변의 길이 구하고 그리고 넓이까지 구해주면 되는 문제였습니다.
10,1,0.1,1.0,3.0,0,n/ 그럴 때에는 왜 그렇게 변하게 되었는지도 생각해보는 게 좋겠지?,그럴 때에는 왜 그렇게 변하게 되었는지도 생각해보는 게 좋겠지?
21,0,0.0,0.8947368421052632,2.526315789473684,1,자/ 묻고자 하는 것은 (직각삼각형)/(직깍삼각형)이 모두 몇 개냐 라는 건데요. 그런데 색종이 라는 말이 나왔잖아요. 여러분 색종이 본 적 있어요 그죠?,묻고자 하는 것은 모두 몇 개냐 라는 건데요. 그런데 색종이 라는 말이 나왔잖아요. 여러분 색종이 본 적 있어요 그죠?
26,0,0.0,0.9230769230769231,2.730769230769231,1,"그래프의 가로와 세로에 어떤 것을 나타내지 정해주세요. 앞서서 우리 확인해보았죠. 그다음에 가로와 세로를 각각 몇 칸으로 할 지를 정해 주는 거예요 그리고 한 칸이 몇 명,","그래프의 가로와 세로에 어떤 것을 나타내지 정해주세요. 앞서서 우리 확인해보았죠. 그다음에 가로와 세로를 각각 몇 칸으로 할 지를 정해 주는 거예요 그리고 한 칸이 몇 명,"
2,0,0.0,1.0,5.0,1,바른자세로 말합니다.,바른자세로 말합니다.
15,0,0.0,1.0,3.0,1,(ㄱ)/(기역)에 알맞은 말은 비가 내리는 소리를 흉내내는 말이 어울리죠. 그러니까 정답은 (3)/(삼) 번 주룩 주룩.,알맞은 말은 비가 내리는 소리를 흉내내는 말이 어울리죠. 그러니까 정답은 주룩 주룩.
11,0,0.0,0.9090909090909091,3.272727272727273,1,주제라는 말 중요하지요 국어에서는 주제라는 것은 말하고자 하는 것을 주제라고 해요.,주제라는 말 중요하지요 국어에서는 주제라는 것은 말하고자 하는 것을 주제라고 해요.
20,0,0.0,1.0,3.111111111111111,1,머릿속에서 충분히 떠올려질 수 있다는 거죠. 또 (63.96)/(육십 삼 점 구 육) 나누기 (3)/(삼)과 같은 경우에도요. 자연수의 나눗셈을 계산하듯이 계산해보세요.,머릿속에서 충분히 떠올려질 수 있다는 거죠. 또 삼 점 구 육) 나누기 같은 경우에도요. 자연수의 나눗셈을 계산하듯이 계산해보세요.
15,0,0.0,0.9166666666666666,2.3333333333333335,1,자/ 그럼 여기 색칠한 부분의 넓이를 구하는 식을 여기 위에 다 (1번)/(한 번) 써 볼게요.,그럼 여기 색칠한 부분의 넓이를 구하는 식을 여기 위에 다 써 볼게요.
5,0,0.0,1.0,2.6,1,"그럼 이번에는 또 다른 문제로,","그럼 이번에는 또 다른 문제로,"
20,1,0.05,1.0,2.888888888888889,0,"요것도 n/ 맞는 얘기가 되겠네요. 그리고 또 마지막 다섯 번째 보기요. 역시 (450년)/(사백 오십 년) 전에는 알갱이가 굵어서 부드럽지 않았다,","요것도 맞는 얘기가 되겠네요. 그리고 또 마지막 다섯 번째 보기요. 역시 오십 년) 전에는 알갱이가 굵어서 부드럽지 않았다,"
6,0,0.0,1.0,3.0,1,자/ 우리 (2개)/(두 개) 더 해보겠습니다.,우리 개) 더 해보겠습니다.
6,0,0.0,1.0,4.0,1,자/ 선대칭도형의 대칭축 (1개)/(한 개) 뿐일까요?,선대칭도형의 대칭축 개) 뿐일까요?
3,0,0.0,1.0,3.6666666666666665,1,"흑설 공주가 잘못했든지,","흑설 공주가 잘못했든지,"
8,0,0.0,1.0,2.5,1,뺄셈 식을 만드는 데 필요 없는 숫자가 있습니다.,뺄셈 식을 만드는 데 필요 없는 숫자가 있습니다.
21,2,0.09523809523809523,0.8947368421052632,2.9473684210526314,0,n/ 상자에 담은 쌓기나무의 모양과 크기가 같죠. 이럴 때는 담은 쌓기나무의 개수가 많을수록 그/ 상자의 부피가 더 크다라고 얘기를 하면 된다.,상자에 담은 쌓기나무의 모양과 크기가 같죠. 이럴 때는 담은 쌓기나무의 개수가 많을수록 상자의 부피가 더 크다라고 얘기를 하면 된다.
13,1,0.07692307692307693,1.0,3.0,0,자/ 이렇게 백성을 위한 마음으로 모든 것을 해내신 분이 바로 어/ 정약용이 되겠습니다.,이렇게 백성을 위한 마음으로 모든 것을 해내신 분이 바로 정약용이 되겠습니다.
22,0,0.0,1.0,3.380952380952381,1,다음 문장에 나오는데요. 선생님이요 정답은 글 속에 쏙쏙 숨어있다고 그랬죠? 여기 아주 중요한 낱말이 나옵니다. 자/ 보세요. 다음부터 지각하지 말라는 선생님의 말씀에.,다음 문장에 나오는데요. 선생님이요 정답은 글 속에 쏙쏙 숨어있다고 그랬죠? 여기 아주 중요한 낱말이 나옵니다. 보세요. 다음부터 지각하지 말라는 선생님의 말씀에.
14,1,0.07142857142857142,1.0,2.5454545454545454,0,지금 여기서 (ㄷ)/(디귿)이 (45)/(사십 오) 라는 걸 알았기 때문에 사십오 분의 뭐/ 비율로 바꾸면.,지금 여기서 오) 라는 걸 알았기 때문에 사십오 분의 비율로 바꾸면.
18,1,0.05555555555555555,1.0,3.1176470588235294,0,n/ 배운 내용 정리합시다 먼저 도형의 합동이 무엇일까요 합동이란 모양과 크기가 같아서 포개었을 때 완전히 겹치는 두 도형입니다.,배운 내용 정리합시다 먼저 도형의 합동이 무엇일까요 합동이란 모양과 크기가 같아서 포개었을 때 완전히 겹치는 두 도형입니다.
8,1,0.125,1.0,2.4285714285714284,0,그리고 n/ 마가 된다는 것. 알 수 있습니다.,그리고 마가 된다는 것. 알 수 있습니다.
3,0,0.0,1.0,3.6666666666666665,1,단계를 나눠서 해결해요.,단계를 나눠서 해결해요.
24,1,0.041666666666666664,1.0,3.3684210526315788,0,"n/ 자/ 이런 신문을 봐도 있구요, 텔레비젼에도 (있고요)/(있구요), 지나가다 보면 벽에도 또 있어요. 무엇일까요?에/ 광고문이죠? 정말 광고의 홍수속에서 우리가 살고 있습니다. 광고물에 대해서 알아보겠습니다.n/.","이런 신문을 봐도 있구요, 텔레비젼에도 지나가다 보면 벽에도 또 있어요. 광고문이죠? 정말 광고의 홍수속에서 우리가 살고 있습니다. 광고물에 대해서"
27,1,0.037037037037037035,0.6666666666666666,2.7333333333333334,0,n/ (1)/(일) 더하기 (1)/(일) 더하기 (1)/(일) 더하기 (1)/(일) 더하기 (1)/(일) 우리 친구들 요거 보시면서 해결하시면 (되고요)/(되구요). 그랬더니 (20)/(이십)이 몇 번? (5번)/(다섯 번) (1)/(일)이 몇 번? (5번)/(다섯 번).,더하기 더하기 더하기 더하기 우리 친구들 요거 보시면서 해결하시면 그랬더니 몇 번? 몇 번? 번).
18,0,0.0,1.0,3.3846153846153846,1,(57)/(오십 칠)과 (9)/(구)를 더하면 (66)/(육십 육)이구나. 따라서 얼마다? (66)/(육십 육)이구나 라고 적어줄 수가 있는거죠. (3수)/(세 수)의 합은 얼마?,칠)과 더하면 육)이구나. 따라서 얼마다? 육)이구나 라고 적어줄 수가 있는거죠. 수)의 합은 얼마?
10,0,0.0,1.0,2.875,1,그리고 오른쪽으로 (1.2.3칸)/(하나 둘 세 칸) 가서 (이)/(요) 꼭지점이 있습니다.,그리고 오른쪽으로 둘 세 칸) 가서 꼭지점이 있습니다.
9,0,0.0,1.0,3.7142857142857144,1,(그렇죠)/(그렇쵸). 바로 캄파스를 원의 반지름이 (4cm)/(사 센티미터) 만큼 벌려줘야겠죠.,바로 캄파스를 원의 반지름이 센티미터) 만큼 벌려줘야겠죠.
1,0,0.0,1.0,6.0,1,화요일이라서,화요일이라서
20,1,0.05,0.8888888888888888,2.8333333333333335,0,"국민의 의견을 먼저 듣고 b/ 아/ 요런 법은 요렇게 만들어+만들면 좋겠군요 라고 국민의 의견을 들어보는 걸 우린 뭐라고 한다. 공,","국민의 의견을 먼저 듣고 요런 법은 요렇게 만들어+만들면 좋겠군요 라고 국민의 의견을 들어보는 걸 우린 뭐라고 한다. 공,"
16,0,0.0,1.0,3.0,1,은호가 자판기에서 음료수를 뽑는 경우 지폐를 넣고 거스름돈을 받을 때 넣는 지폐 액수는 올림을 사용해라고 했어요.,은호가 자판기에서 음료수를 뽑는 경우 지폐를 넣고 거스름돈을 받을 때 넣는 지폐 액수는 올림을 사용해라고 했어요.
10,0,0.0,1.0,3.125,1,"자/ (10의 자리)(십 의 자리)수 (2)/(이)에요, 실제로 나타내는 수 얼마?",(10의 자리)(십 의 자리)수 실제로 나타내는 수 얼마?
9,1,0.1111111111111111,1.0,3.25,0,(6)/(육)의 (10배)/(열 배)가 (60분)/(육 십분) 이므로 n/몫은 (10)/(십) 이에요.,배)가 십분) 이므로 이에요.
28,1,0.03571428571428571,0.9259259259259259,2.7037037037037037,0,아/ 이런 요령이 있었군요. 여러분 다짜고짜 자신의 생각 느낌 말하라고 하면 어렵지만 이런 식으로 단계를 밟아나가다 보면 자기가 할 말이 아주 아주 많아지는 걸 느낄 수 있을 거예요.,이런 요령이 있었군요. 여러분 다짜고짜 자신의 생각 느낌 말하라고 하면 어렵지만 이런 식으로 단계를 밟아나가다 보면 자기가 할 말이 아주 아주 많아지는 걸 느낄 수 있을 거예요.
7,1,0.14285714285714285,1.0,3.6666666666666665,0,보겠습니다. 하늘로 올라가는 것은 뭐라 그랬나요? n/,보겠습니다. 하늘로 올라가는 것은 뭐라 그랬나요?
10,0,0.0,1.0,2.8,1,계산왕 비법 두번째! 십의 자리에서 올림한 수는 백의 자리에 쓴다.,계산왕 비법 두번째! 십의 자리에서 올림한 수는 백의 자리에 쓴다.
7,0,0.0,1.0,2.857142857142857,1,요+ 여기까지 어+ 어떤 내용이 있었느냐? 경주,요+ 여기까지 어+ 어떤 내용이 있었느냐? 경주
3,0,0.0,1.0,2.5,1,(5)/(오)라고 써 볼까요.,써 볼까요.
1,0,0.0,0.0,0.0,1,(6)/(여섯),
13,0,0.0,1.0,2.6363636363636362,1,아이고/ 이제 드디어 오늘의 마지막 문제 입니다. 우리 친구들 끝까지 조금만 더 힘내(보자고요)/(보자구요).,이제 드디어 오늘의 마지막 문제 입니다. 우리 친구들 끝까지 조금만 더
16,2,0.125,1.0,2.4285714285714284,0,n/ 여러 상황의 좋은 점과 나쁜 점을 써보고 그 상황을 좋게 생각해 보는 것도 재밌겠다 옴.,여러 상황의 좋은 점과 나쁜 점을 써보고 상황을 좋게 생각해 보는 것도 재밌겠다 옴.
7,0,0.0,0.8571428571428571,2.857142857142857,1,"우선은 나무의 수를 구하기 위해서 나무의 수는,","우선은 나무의 수를 구하기 위해서 나무의 수는,"
7,0,0.0,1.0,2.6666666666666665,1,자/ 그다음에는 낱개의 수 끼리 더 해야죠.,그다음에는 낱개의 수 끼리 더 해야죠.
1,0,0.0,0.0,0.0,1,"(2)/(둘),",
26,1,0.038461538461538464,1.0,3.0,0,n/ (5)/(오)를 오를 계산해주면 (3)/(삼) (5)/(오)는 (15)/(십 오) 그리고 (1)/(일) (5)/(오)는 (5)/(오)인데 (1)/(일)을 더하면 (6)/(육) 따라서 (65초)/(육십 오 초)가 (1회)/(일 회)에서(5회)/(오 회)까지의 기록의 합이 되는 것입니다.,오를 계산해주면 오) 그리고 더하면 따라서 오 초)가 회)까지의 기록의 합이 되는 것입니다.
16,0,0.0,0.9333333333333333,2.8,1,o/ 보세요. 겨울이 지나고 이제 봄이 오려고 한다. 계절 잘 들어가 있죠? 보세요. 겨울 글자 보이나요?,보세요. 겨울이 지나고 이제 봄이 오려고 한다. 계절 잘 들어가 있죠? 보세요. 겨울 글자 보이나요?
13,0,0.0,1.0,2.5833333333333335,1,한 번이라도 글을 읽어본 친구들은 아마 오늘 공부한 (내용들이)/(냉들이) 더 잘 이해됐을 거예요.,한 번이라도 글을 읽어본 친구들은 아마 오늘 공부한 더 잘 이해됐을 거예요.
13,0,0.0,1.0,3.4,1,자/ 그러면 (이렇게)/(요로케) 단순한 경우부터 찾아서 해결하는 문제 (1가지)/(한 가지) 더 풀어보도록 하겠습니다.,그러면 단순한 경우부터 찾아서 해결하는 문제 가지) 더 풀어보도록 하겠습니다.
5,0,0.0,1.0,3.6,1,"예, 마지막으로 이번에는요 이것을 이렇게","예, 마지막으로 이번에는요 이것을 이렇게"
14,1,0.07142857142857142,1.0,2.5833333333333335,0,n/ 쌍둥이 형제는 실을 (2)/(둘)로 나누어 종이로 잘 싸고 겉에 이름을 쓰고 봄을 기다렸어요,쌍둥이 형제는 실을 나누어 종이로 잘 싸고 겉에 이름을 쓰고 봄을 기다렸어요
18,0,0.0,0.9230769230769231,2.769230769230769,1,(10)/(십)을 (1번)/(한 번) 뛰어 셌더니 일단 (9910)/(구천 구백 십) 되었네요. 여기서부터(10씩)/(십 씩) 계속해서 앞으로 뛰어 세기를 해볼 거예요.,뛰어 셌더니 일단 구백 십) 되었네요. 씩) 계속해서 앞으로 뛰어 세기를 해볼 거예요.
3,0,0.0,1.0,3.3333333333333335,1,다음 현주 보겠습니다.,다음 현주 보겠습니다.
22,0,0.0,1.0,2.65,1,(11번)/(십일 번) 그림 속 친구들은 무엇을 하고 있나요 라고 말 했어요 우리 친구들 이거는 실전책 북투예요 혹시 헷갈릴까봐 한번 더 말을 해줍니다.,그림 속 친구들은 무엇을 하고 있나요 라고 말 했어요 우리 친구들 이거는 실전책 북투예요 혹시 헷갈릴까봐 한번 더 말을 해줍니다.
11,2,0.18181818181818182,1.0,3.3333333333333335,0,n/꺾은선그래프는 수량을 점으로 나타내고 그 점들의 선분으로 이어 그린 그래프를 말합니다.,수량을 점으로 나타내고 점들의 선분으로 이어 그린 그래프를 말합니다.
7,1,0.14285714285714285,1.0,3.2,0,n/ 진짜 (360도)/(삼백 육십 도)가 나오더라는 거예요.,진짜 육십 도)가 나오더라는 거예요.
7,0,0.0,1.0,3.4285714285714284,1,또 아이들이 몇 명 있어야겠구나라고 상상이 되실겁니다.,또 아이들이 몇 명 있어야겠구나라고 상상이 되실겁니다.
11,0,0.0,1.0,3.2,1,좋아요. 자/ 이렇게 우리 여러 가지 모양들의 동그라미 표하는 문제도 해봤어요.,좋아요. 이렇게 우리 여러 가지 모양들의 동그라미 표하는 문제도 해봤어요.
7,1,0.14285714285714285,1.0,3.0,0,n/ 그럼 여기 음성도 모자이크 처리해 주세요.,그럼 여기 음성도 모자이크 처리해 주세요.
12,0,0.0,1.0,2.8181818181818183,1,자/ 지금까지 본 핵심 개념 우리 기본 문제를 통해서 더 확실하게 정리해볼까요?,지금까지 본 핵심 개념 우리 기본 문제를 통해서 더 확실하게 정리해볼까요?
5,1,0.2,1.0,4.0,0,n/ 드디어 커다란 날개가 완성되었어요.,드디어 커다란 날개가 완성되었어요.
18,0,0.0,1.0,2.923076923076923,1,"주어진 것을 보니까 (32)/(삼십 이)에서 네모를 (1번)/(한 번),(2번)/(두 번),(3번)/(세 번),(4번)/(네 번)을 뺐어요. 몇 번을 뺐나요? 그럼 써보는 거예요.",주어진 것을 보니까 이)에서 네모를 번)을 뺐어요. 몇 번을 뺐나요? 그럼 써보는 거예요.
12,0,0.0,0.9090909090909091,3.5454545454545454,1,응결이 되어서 다시 물방울이 되고 나중에는 바닷물로 다시 들어간다고 했습니다. 자/ 다음이요.,응결이 되어서 다시 물방울이 되고 나중에는 바닷물로 다시 들어간다고 했습니다. 다음이요.
18,2,0.1111111111111111,0.875,3.1875,0,아/ 여기에서는 말이죠 굉장히 유명한 대사들이 많이 나오고 그 인물이 특징이 아주 많기 때문에 굉장히 유명한 작품이 되겠습니다.,여기에서는 말이죠 굉장히 유명한 대사들이 많이 나오고 인물이 특징이 아주 많기 때문에 굉장히 유명한 작품이 되겠습니다.
11,0,0.0,0.8181818181818182,3.6363636363636362,1,원뿔의 꼭짓점이라고 나와 있는데요. 바로 원뿔에서 뾰족한 점을 원뿔의 꼭짓점이라고 합니다.,원뿔의 꼭짓점이라고 나와 있는데요. 바로 원뿔에서 뾰족한 점을 원뿔의 꼭짓점이라고 합니다.
18,1,0.05555555555555555,0.9411764705882353,2.6470588235294117,0,여러분 +여러분 선생님이 여기 딱 아/ 서 있기 전에 여러분의 댓글을 쭉 한번 보고 있었거든요. 그런데 선생님 보고,여러분 +여러분 선생님이 여기 딱 서 있기 전에 여러분의 댓글을 쭉 한번 보고 있었거든요. 그런데 선생님 보고
7,1,0.14285714285714285,1.0,4.0,0,(0)/(영) (1)/(일) (2)/(이) (3)/(삼) (4)/(사)이면 n/ 버려주고,버려주고
17,0,0.0,1.0,3.176470588235294,1,땀냄새를 좋아한대요. 그러니까 우리 친구들 모기한테 물리지 않으려면 깨끗이 씻고 자야 되는 것 여러분 잘 기억하세요. 아셨죠?,땀냄새를 좋아한대요. 그러니까 우리 친구들 모기한테 물리지 않으려면 깨끗이 씻고 자야 되는 것 여러분 잘 기억하세요. 아셨죠?
9,0,0.0,1.0,3.0,1,우리 교재 (160쪽)/(백 육십 쪽)에 나와있는 문제 (1번)/(일 번)인데요.,우리 교재 육십 쪽)에 나와있는 문제 번)인데요.
2,0,0.0,1.0,4.0,1,그다음은 (6)/(육).,그다음은
13,0,0.0,1.0,2.4615384615384617,1,어떤 식인지 한번 예를 들어주시면 친구들이 더 쉽게 이해할 수 있을 것 같아요.,어떤 식인지 한번 예를 들어주시면 친구들이 더 쉽게 이해할 수 있을 것 같아요.
9,2,0.2222222222222222,1.0,3.1666666666666665,0,n/ 그렇죠. 자/ 그러면 그 다음 장면 함께 읽어볼게요.,그렇죠. 그러면 다음 장면 함께 읽어볼게요.
11,1,0.09090909090909091,1.0,2.125,0,엄마하고 아들로 보이는 그/ 한 (1학년)/(일 학년) 쯤 된 것 (같아요)/(같애요).,엄마하고 아들로 보이는 한 학년) 쯤 된 것
3,0,0.0,1.0,3.3333333333333335,1,"존칭과 높임말을 쓰고,","존칭과 높임말을 쓰고,"
15,1,0.06666666666666667,1.0,3.0833333333333335,0,o/ 이마에 대주셨고 힘들어하는 내 손을 n/ 꼭 잡아주셨다 자/ 이렇게 추가해 봤는데 어때요 선생님?,이마에 대주셨고 힘들어하는 내 손을 꼭 잡아주셨다 이렇게 추가해 봤는데 어때요 선생님?
16,1,0.0625,1.0,2.7857142857142856,0,"자/ 여러분 이렇게 시를 읽으면, 그 때의 장면도 떠오르고 또 그때 마음도 생생히 느낄 수가 있는데요.","여러분 이렇게 시를 읽으면, 때의 장면도 떠오르고 또 그때 마음도 생생히 느낄 수가 있는데요."
20,2,0.1,1.0,2.5555555555555554,0,"학예회 때 공연할 작품을 빨리 정해야 소품도 미리 준비하고 연습도 충분히 할 수 있다, 아/ 옳은 얘기를 뭐 이렇게 하나,","학예회 때 공연할 작품을 빨리 정해야 소품도 미리 준비하고 연습도 충분히 할 수 있다, 옳은 얘기를 이렇게 하나,"
17,1,0.058823529411764705,0.8666666666666667,3.0,0,다시 음/ 밝음을 찾는다. 이런 뜻이죠? 자/ 빼앗긴 주권을 나라의 주권을 우리가 다시 찾은 것을 광복이라고 했고요.,다시 밝음을 찾는다. 이런 뜻이죠? 빼앗긴 주권을 나라의 주권을 우리가 다시 찾은 것을 광복이라고 했고요.
31,3,0.0967741935483871,0.92,3.36,0,n/ 안녕하세요. 멋대로 라디오 상담실에 (DJ)/(디제이) 겸 상담원 허무해라고 합니다. 자/ 우리 청취자 여러분들의 고민을 듣고 그 고민에 대한 시원한 해결책을 찾아드리는 시간이 있지요. 자/ 우리 청취자 여러분들이 겪었던 그 수많은,안녕하세요. 멋대로 라디오 상담실에 겸 상담원 허무해라고 합니다. 우리 청취자 여러분들의 고민을 듣고 고민에 대한 시원한 해결책을 찾아드리는 시간이 있지요. 우리 청취자 여러분들이 겪었던 수많은
3,0,0.0,1.0,3.3333333333333335,1,문지기가 북을 울려요.,문지기가 북을 울려요.
2,0,0.0,1.0,3.0,1,이쪽으로 가?,이쪽으로 가?
5,0,0.0,1.0,3.0,1,아기 거미는 눈물을 흘리며 말했지.,아기 거미는 눈물을 흘리며 말했지.
6,0,0.0,1.0,2.5,1,자꾸 굴러가지 않게 조심조심 오 좋아,자꾸 굴러가지 않게 조심조심 오 좋아
6,2,0.3333333333333333,1.0,3.5,0,n/ 야호야 그런데 그 꼬마는 알아냈어?,야호야 그런데 꼬마는 알아냈어?
10,0,0.0,1.0,3.375,1,자/ 밑면의 모양에 따라 똑같이 정해져요. 자/ 첫번째 각뿔 보겠습니다.,밑면의 모양에 따라 똑같이 정해져요. 첫번째 각뿔 보겠습니다.
21,1,0.047619047619047616,1.0,2.727272727272727,0,n/ 자/ (9)/(구) 그대로 (놔두고요)/(놔두구요) 자연수에 분모를 곱하면 (1)/(일) 곱하기 (9)/(구) 하면 (9)/(구) (9)/(구) 에서 (5)/(오)를 더하면 (14)/(십 사) 가 되겠죠.,그대로 자연수에 분모를 곱하면 곱하기 하면 에서 더하면 사) 가 되겠죠.
10,1,0.1,0.0,0.0,0,n/ (1)/(일) (2)/(이) (3)/(삼) (4)/(사) (5)/(오) (6)/(육) (7)/(칠) (8)/(팔) (9)/(구),
2,0,0.0,0.0,0.0,1,자/ (20)/(이십).,
11,0,0.0,1.0,2.9,1,자/ 가장 작은 진분수 어떻게 구한다? 분모와 분자 간의 차이가 커야겠죠.,가장 작은 진분수 어떻게 구한다? 분모와 분자 간의 차이가 커야겠죠.
4,0,0.0,1.0,3.5,1,훌륭한 관찰자가 되기 위해서는.,훌륭한 관찰자가 되기 위해서는.
21,1,0.047619047619047616,0.9411764705882353,3.2941176470588234,0,"예, 몫이 어떻게 가장 큰 것을 만들어내는 바로 나눗셈식을 만들어내는 것입니다. 문제를 (1번)/(한 번) 같이 읽어보도록 할게요. 문제 보여주세요. n/ 자/,","예, 몫이 어떻게 가장 큰 것을 만들어내는 바로 나눗셈식을 만들어내는 것입니다. 문제를 같이 읽어보도록 할게요. 문제 보여주세요."
9,0,0.0,1.0,2.625,1,와/ 빼미네 집에 그렇게 멋진 밭이 있을 줄은 몰랐네요.,빼미네 집에 그렇게 멋진 밭이 있을 줄은 몰랐네요.
3,0,0.0,1.0,5.333333333333333,1,신경쇠약과 우울증에 시달렸습니다.,신경쇠약과 우울증에 시달렸습니다.
20,0,0.0,0.95,3.05,1,네 그래서 선생님이 준비 했죠. 바로 우리 친구들이 직접 이야기를 꾸며볼수 있도록 말이죠 그런데 이야기를 꾸며 보라고 한다면 사실 막막하잖아요.,네 그래서 선생님이 준비 했죠. 바로 우리 친구들이 직접 이야기를 꾸며볼수 있도록 말이죠 그런데 이야기를 꾸며 보라고 한다면 사실 막막하잖아요.
5,0,0.0,1.0,3.4,1,부자일수록 더 부자가 된다는 뜻이에요.,부자일수록 더 부자가 된다는 뜻이에요.
14,0,0.0,1.0,3.3333333333333335,1,다음으로 학생 수가 (25명)/(스물 다섯 명)인 혜정이네 반에는 (10월)/(시 월)에 생일인 친구들이 있을거야라고 했어요.,다음으로 학생 수가 다섯 명)인 혜정이네 반에는 월)에 생일인 친구들이 있을거야라고 했어요.
11,0,0.0,1.0,2.625,1,토의를 (1번)/(한 번) 해 보죠. 토의. 자/ 그게 바로 독서 토의예요.,토의를 해 보죠. 토의. 그게 바로 독서 토의예요.
24,1,0.041666666666666664,0.9545454545454546,2.6818181818181817,0,"n/ 네, 여러분 교제 (5쪽)/(오 쪽)에 있는 문제 일번 문제를 보시면 행복은행에 일만원은 일년 동안 맡길때 받을 수 있는 이자를 먼저 구해 보도록 하겠습니다.","네, 여러분 교제 쪽)에 있는 문제 일번 문제를 보시면 행복은행에 일만원은 일년 동안 맡길때 받을 수 있는 이자를 먼저 구해 보도록 하겠습니다."
8,1,0.125,1.0,2.1666666666666665,0,"빼기 (1과 12 분의)/(일 과 십 이 분의),","빼기 (1과 12 과 십 분의),"
20,0,0.0,0.9411764705882353,3.0,1,먼저 (25)/(이십 오) 위에 있나요? 있어요. 이렇게 있는 수들은 지워 주는 거예요. (26)/(이십 육)은 여기 있어요. 지웠어요. (27)/(이십 칠) 보이나요?,먼저 오) 위에 있나요? 있어요. 이렇게 있는 수들은 지워 주는 거예요. 육)은 여기 있어요. 지웠어요. 칠) 보이나요?
9,1,0.1111111111111111,1.0,2.75,0,그렇지 않으면 그 글을 효과적으로 읽을 수 없을 거예요.,그렇지 않으면 글을 효과적으로 읽을 수 없을 거예요.
26,0,0.0,0.8095238095238095,3.238095238095238,1,"(3번)/(삼 번) 사람마다 사고 방식이 달라서 사고 방식이 다르다는 것은요. 생각하는 방식 그것이 다르다는 것이죠. (그러니까)/(그까) 알맞는 말이 되겠습니다. (4번)/(사 번) 사람마다 가진 배경 지식이 달라서,","사람마다 사고 방식이 달라서 사고 방식이 다르다는 것은요. 생각하는 방식 그것이 다르다는 것이죠. 알맞는 말이 되겠습니다. 사람마다 가진 배경 지식이 달라서,"
3,1,0.3333333333333333,0.0,0.0,0,n/ (바로)/(바루) (X)/(엑스)맨이지.,
3,0,0.0,1.0,3.5,1,(befor)/(비포) 뭐뭐하기 전에.,뭐뭐하기 전에.
9,0,0.0,1.0,3.142857142857143,1,(5)/(오)씩 묶어세기를 해봅시다. (5)/(오)씩 묶어 새면 몇 번이 나올까요?,묶어세기를 해봅시다. 묶어 새면 몇 번이 나올까요?
3,0,0.0,1.0,3.0,1,"씨앗은 (ㅁ)/(미음), (ㅎ)/(히읗)이에요.",씨앗은
12,0,0.0,1.0,2.6,1,이렇게 쌓은 모양 설명할 때 어떻게 설명할수 있는지 (1번)/(한 번) 같이 보죠.,이렇게 쌓은 모양 설명할 때 어떻게 설명할수 있는지 같이 보죠.
24,0,0.0,0.9375,2.3125,1,가 되겠죠? 자/ 그럼 (693)/(육백 구십 삼) 나누기 (3)/(삼)은 쉽게 할 수 있어요. (3)/(삼)(2)/(이)(6)/(육) (3)/(삼)(3)/(삼)은(9)/(구) (3)/(삼)(1)/(일)은(3)/(삼) (231)/(이백 삼십 일). 그러니까 (1명)/(한 명)이 가질 수,가 되겠죠? 그럼 구십 삼) 나누기 쉽게 할 수 있어요. 삼십 일). 그러니까 명)이 가질 수
2,0,0.0,1.0,3.0,1,연두는 뭐니?,연두는 뭐니?
6,1,0.16666666666666666,1.0,3.25,0,n/ (2)/(두) 번째 힌트 설명해 보겠습니다.,번째 힌트 설명해 보겠습니다.
3,0,0.0,1.0,4.5,1,(2400g)/(이천 사백 그램)입니다.,사백 그램)입니다.
9,0,0.0,1.0,2.875,1,"그래서 소 (1마리)/(한 마리)가 풀을 뜯고 있었다, 이렇게 되네요.","그래서 소 마리)가 풀을 뜯고 있었다, 이렇게 되네요."
3,0,0.0,1.0,4.0,1,b/ 덧셈을 해보세요.,덧셈을 해보세요.
16,0,0.0,0.8666666666666667,3.6,1,인물의 표정이나 몸짓을 보고 알맞은 마음을 생각을 해봤어요. 아이쿠가 어떤 마음이었는지 생각을 해봤죠? (처음엔)/(첨엔) 어떤 마음이었어요?,인물의 표정이나 몸짓을 보고 알맞은 마음을 생각을 해봤어요. 아이쿠가 어떤 마음이었는지 생각을 해봤죠? 어떤 마음이었어요?
18,1,0.05555555555555555,0.8571428571428571,3.142857142857143,0,"n/ b/ 이럴 때가 아니지. 친구들, 우리 (1초)/(일 초)에 대해서 알았으니까 이번엔 (60초)/(육십 초)에 대해서 얼른 알아보러 갈까요?","이럴 때가 아니지. 친구들, 우리 초)에 대해서 알았으니까 이번엔 초)에 대해서 얼른 알아보러 갈까요?"
10,1,0.1,1.0,2.7777777777777777,0,n/ 문제 모두 해결 됐어요. 이번 시간 중요한 것들 정리해봐요.,문제 모두 해결 됐어요. 이번 시간 중요한 것들 정리해봐요.
5,0,0.0,1.0,3.0,1,구하려고 하는 것은요 바로 이거죠.,구하려고 하는 것은요 바로 이거죠.
14,0,0.0,1.0,2.857142857142857,1,이렇게 체조도 하고 그리고 친구들하고 뛰어놀다 보면 더욱 더 건강해지고 감기도 안 걸린다 구요.,이렇게 체조도 하고 그리고 친구들하고 뛰어놀다 보면 더욱 더 건강해지고 감기도 안 걸린다 구요.
1,0,0.0,0.0,0.0,1,"(7)/(칠),",
6,1,0.16666666666666666,1.0,2.6,0,"여러 가지 n/ 답이 다 가능한데요,","여러 가지 답이 다 가능한데요,"
17,0,0.0,0.8666666666666667,4.133333333333334,1,"미터와 센티미터로 이렇게 조각을 나눠봤고요, 그리고 (1m)/(일 미터) (10cm)/(십 센티미터)짜리 색테이프도 미터와 센티미터 조각으로 이렇게 나눠봤어요. 그래서,","미터와 센티미터로 이렇게 조각을 나눠봤고요, 그리고 미터) 센티미터)짜리 색테이프도 미터와 센티미터 조각으로 이렇게 나눠봤어요. 그래서,"
3,0,0.0,1.0,3.3333333333333335,1,"노력, 이렇게 말이죠.","노력, 이렇게 말이죠."
4,0,0.0,1.0,3.0,1,(245)/(이백 사십 오)가 되네요.,사십 오)가 되네요.
12,1,0.08333333333333333,1.0,3.272727272727273,0,n/ 원은 한없이 잘나서 이어붙이면 여러분 어떤 모양이 되나요? 그렇죠. 지금 직사각형.,원은 한없이 잘나서 이어붙이면 여러분 어떤 모양이 되나요? 그렇죠. 지금 직사각형.
15,2,0.13333333333333333,1.0,3.5384615384615383,0,n/ 이/ 토끼전은 구토사 라는에서 유래되어 판소리로 불리다가 조선 후기에 다시 소설로 쓰인 판소리계의 소설인데요.,토끼전은 구토사 라는에서 유래되어 판소리로 불리다가 조선 후기에 다시 소설로 쓰인 판소리계의 소설인데요.
18,1,0.05555555555555555,1.0,2.8823529411764706,0,아/ 그래서 주어진 모양으로 이와 같은 모양을 만들어 주었구나 그러면 이럴 때는 돌리기가 사용된 것이라고 말할 수 있겠죠.,그래서 주어진 모양으로 이와 같은 모양을 만들어 주었구나 그러면 이럴 때는 돌리기가 사용된 것이라고 말할 수 있겠죠.
35,2,0.05714285714285714,0.9259259259259259,3.1481481481481484,0,사각형 직사각형 어느 것인가요 네/ 이것인데 그 모양과 크기가 같아야 되는데요 같은가요 네/ 같지 않네요 n/ 따라서 이것을 접었을때 직육면체를 만들 수가 없겠죠 정답은 몇 번 몇 번인가요 네/ 정답은 (1번)/(일 번)과 (3번)/(삼 번)이 되겠습니다.,사각형 직사각형 어느 것인가요 이것인데 모양과 크기가 같아야 되는데요 같은가요 같지 않네요 따라서 이것을 접었을때 직육면체를 만들 수가 없겠죠 정답은 몇 몇 번인가요 정답은 번)과 번)이 되겠습니다.
20,2,0.1,1.0,3.2222222222222223,0,이 각자의 인물이 처한 상황이 달랐기 때문에 이 인물들이 했던 일들이 달랐던 거죠. 또한 광개토대왕은 나라의 기본은 국토라는 신념이 있었고요.,각자의 인물이 처한 상황이 달랐기 때문에 인물들이 했던 일들이 달랐던 거죠. 또한 광개토대왕은 나라의 기본은 국토라는 신념이 있었고요.
8,1,0.125,1.0,3.6,0,자/ 이제 우리는 n/ (1000000000000)/(조)라는 것을 알아보도록 하겠습니다.,이제 우리는 것을 알아보도록 하겠습니다.
9,0,0.0,1.0,2.8,1,네/ 교재 (75쪽)/(칠십 오 쪽)의 문제 (7번)/(칠 번) 보겠습니다.,교재 오 쪽)의 문제 보겠습니다.
3,1,0.3333333333333333,1.0,3.5,0,그렇죠. 이 사람.,그렇죠. 사람.
26,0,0.0,1.0,2.76,1,자/ 신문이 일반적으로 쭉 풀어 쓴 글과는 또 다른 독특한 특징이 무엇이지요? 바로 정치 경제 사회 교육 등 각 기사의 분야별로 내용을 나누어 구분하여 배치한다는 것입니다.,신문이 일반적으로 쭉 풀어 쓴 글과는 또 다른 독특한 특징이 무엇이지요? 바로 정치 경제 사회 교육 등 각 기사의 분야별로 내용을 나누어 구분하여 배치한다는 것입니다.
18,0,0.0,1.0,3.235294117647059,1,시계 방향으로(180도)/(백 팔십 도)만큼 돌리기 하였습니다 그럼 이럴땐 모양 조각의 위쪽이 오른쪽으로 이동했다가 아래쪽으로 이동을 하게 되는 거예요.,시계 팔십 도)만큼 돌리기 하였습니다 그럼 이럴땐 모양 조각의 위쪽이 오른쪽으로 이동했다가 아래쪽으로 이동을 하게 되는 거예요.
3,1,0.3333333333333333,1.0,3.0,0,n/ (2칸)/(두 칸).,칸).
15,1,0.06666666666666667,1.0,2.888888888888889,0,n/ 자/ 요게 (360도)/(삼백 육십 도)예요 자/ 여기까지 됐어요? 자/ 그럼 이제 피자 (1)/(한) 조각에.,요게 육십 도)예요 여기까지 됐어요? 그럼 이제 피자 조각에.
25,0,0.0,0.9166666666666666,2.6666666666666665,1,이야기의 내용과 자연스럽게 어울릴 수 있는지 잘 이어지는지 이거 (1)/(하나) 염두에 두고 우리 친구들이 곰곰이 잘 생각해서 했다면 대부분 다 정답이 될 수 있을 겁니다.,이야기의 내용과 자연스럽게 어울릴 수 있는지 잘 이어지는지 이거 염두에 두고 우리 친구들이 곰곰이 잘 생각해서 했다면 대부분 다 정답이 될 수 있을 겁니다.
8,0,0.0,1.0,4.4,1,그러므로 정답은 (3번)/(삼 번)입니다.* 뒷부분도 보면요. (4번)/(사 번),그러므로 정답은 번)입니다.* 뒷부분도 보면요.
1,0,0.0,1.0,6.0,1,준비됐나요?,준비됐나요?
4,1,0.25,1.0,2.3333333333333335,0,n/ 왜 그런 걸까요?,왜 그런 걸까요?
3,0,0.0,1.0,3.3333333333333335,1,선생님과 함께 볼까요?,선생님과 함께 볼까요?
22,0,0.0,0.9473684210526315,2.8947368421052633,1,(1)/(하나)씩 (1)/(하나)씩 뽑아볼 건데요. 먼저 축구를 좋아하는 학생은 지금 총 몇 명인가요? 그렇죠. 지금 축구라고 쓰여져 있고 아래쪽에 학생 수 (5명)/(다섯 명)이라고,뽑아볼 건데요. 먼저 축구를 좋아하는 학생은 지금 총 몇 명인가요? 그렇죠. 지금 축구라고 쓰여져 있고 아래쪽에 학생 수 명)이라고
21,2,0.09523809523809523,1.0,3.3529411764705883,0,n/ 암호를 푸는 보미 박사의 핵심단서. 자/ 인물의 마음을 짐작하는 방법이었죠. 그 (1번째)/(첫 번째) 방법은 인물이 처한 상황을 잘 파악하는 것이었습니다.,암호를 푸는 보미 박사의 핵심단서. 인물의 마음을 짐작하는 방법이었죠. 번째) 방법은 인물이 처한 상황을 잘 파악하는 것이었습니다.
12,0,0.0,1.0,2.6363636363636362,1,자/ 버림의 의미를 정확히 하면 그리 어렵지 않게 풀 수 있는 문제였습니다.,버림의 의미를 정확히 하면 그리 어렵지 않게 풀 수 있는 문제였습니다.
16,0,0.0,0.8571428571428571,2.0714285714285716,1,일직선 역시 평당 평균 몇 또? (180도)/(백 팔십 도) 그렇죠 (180도)/(백 팔십 도) 가 되는 거예요,일직선 역시 평당 평균 몇 또? 팔십 도) 그렇죠 팔십 도) 가 되는 거예요
11,1,0.09090909090909091,1.0,3.5,0,n/ 왜 내가 너에게 고마운 마음을 느끼는지 그것을 구체적으로 자세하게 적어줘야겠죠.,왜 내가 너에게 고마운 마음을 느끼는지 그것을 구체적으로 자세하게 적어줘야겠죠.
3,1,0.3333333333333333,1.0,3.5,0,n/ 국외의 문제는.,국외의 문제는.
5,0,0.0,1.0,3.2,1,은선이네 집에는 집계가 아주 많아요.,은선이네 집에는 집계가 아주 많아요.
21,0,0.0,1.0,2.3333333333333335,1,"십의 자리 계산한 값 (270)/(이백 칠십) 과 아까 올림해 준 수 (50)/(오십)을 더해서 (10)/(십)의 자리에 (2)/(이), (100)/(백)의 자리에는 (3)/(삼)이 된 것입니다.",십의 자리 계산한 값 칠십) 과 아까 올림해 준 수 더해서 자리에 자리에는 된 것입니다.
7,0,0.0,0.8333333333333334,2.8333333333333335,1,나비야 나비야 b/ 여기 예쁜 나비가 있어요.,나비야 나비야 여기 예쁜 나비가 있어요.
21,0,0.0,1.0,3.3157894736842106,1,지문에 제시되어있는 생산학파와 소비학파의 견해를 바르게 이해하고 있어야 함정에 빠지지 않고 정답을 고를 수 있는 문제다. 그렇죠? 그래서 출제되는 자/ (2)/(이)에서,지문에 제시되어있는 생산학파와 소비학파의 견해를 바르게 이해하고 있어야 함정에 빠지지 않고 정답을 고를 수 있는 문제다. 그렇죠? 그래서 출제되는
16,2,0.125,1.0,2.857142857142857,0,"n/ 그럴 때는 그 상황을 잘 표현해낼 수 있는 상징적인 사람이나 사물, 동물을 인용하는 것이 좋습니다.","그럴 때는 상황을 잘 표현해낼 수 있는 상징적인 사람이나 사물, 동물을 인용하는 것이 좋습니다."
16,0,0.0,1.0,3.125,1,이번 기회에 확실하게 잘 알아두는 것이 좋습니다 그럼요 핵심개념 정리를 통해서 문제를 풀 기본기를 다져보도록 할까요?,이번 기회에 확실하게 잘 알아두는 것이 좋습니다 그럼요 핵심개념 정리를 통해서 문제를 풀 기본기를 다져보도록 할까요?
3,0,0.0,1.0,3.6666666666666665,1,장기자랑으로 할만한 것들,장기자랑으로 할만한 것들
3,0,0.0,1.0,1.5,1,근데 다 무서워l/,근데 다
9,0,0.0,1.0,3.0,1,자/ (2)/(두) 분수를 통분하는 방법 크게 한번 따라 읽어볼까요.,분수를 통분하는 방법 크게 한번 따라 읽어볼까요.
36,1,0.027777777777777776,0.8333333333333334,3.25,0,n/ (68.2)/(육십 팔 쩜 이) 나누기 (6.2)/(육 쩜 이)인데 공평하고 평등하게 (1)/(한) 자리씩 옮겨주면은 결국 (682)(육백 팔십 이) 나누기 (62)/(육십 이)가 되고. (68)(육십 팔)안에는(62)/(육십 이)가 몇번? (1번)/(한 번) (60)/(육십)이 되고 (6)/(육) 떨어지고 (2)/(이) 내려주면은 (62)/(육십 이).,팔 쩜 이) 나누기 쩜 이)인데 공평하고 평등하게 자리씩 옮겨주면은 결국 (682)(육백 팔십 이) 나누기 이)가 되고. (68)(육십 이)가 몇번? 되고 떨어지고 내려주면은 이).
11,1,0.09090909090909091,1.0,2.8,0,n/ 우리는 다음 시간 즐거운 마음으로 다시 만나요. 여러분 모두 안녕.,우리는 다음 시간 즐거운 마음으로 다시 만나요. 여러분 모두 안녕.
18,1,0.05555555555555555,1.0,2.6875,0,"n/ 자/ 그럼 여기서 잠깐! 오늘의 이야기를 가지고 조금 더 생각해보는 시간을 가질까요? 한 뼘, 또 다른 생각!","그럼 여기서 잠깐! 오늘의 이야기를 가지고 조금 더 생각해보는 시간을 가질까요? 한 뼘, 또 다른 생각!"
9,1,0.1111111111111111,1.0,2.7142857142857144,0,n/ 다음은 아까 그은 줄과 만나도록 위에서 아래로 (쭉)/(쭈욱).,다음은 아까 그은 줄과 만나도록 위에서 아래로
4,1,0.25,1.0,2.6666666666666665,0,그렇죠? 어제 n/ 저녁,그렇죠? 어제 저녁
24,1,0.041666666666666664,0.9545454545454546,4.045454545454546,0,이번에는요. 다른 방법으로 잘라보겠습니다. n/ 회전축에요. 바로 수직으로 자/ 원기둥이라고 생각하면 이것이 회전축 여기에 수직으로 잘라줍니다. 그러면 어떤 모양이 나올까요. 그렇죠. 여기서 원이 나오니까요.,이번에는요. 다른 방법으로 잘라보겠습니다. 회전축에요. 바로 수직으로 원기둥이라고 생각하면 이것이 회전축 여기에 수직으로 잘라줍니다. 그러면 어떤 모양이 나올까요. 그렇죠. 여기서 원이 나오니까요.
5,0,0.0,1.0,3.0,1,"아직, (270)/(이백 칠십)이 안 되니까,","아직, 칠십)이 안 되니까,"
30,2,0.06666666666666667,0.96,3.04,0,"n/ 네/ 이 기사문을 통해서요. 우리 친구들 바로 (6하)/(육 하)원칙을 알 수 있습니다. 우리가 기사문을 잘쓰는 방법을 할 때요, (6하)/(육 하)원칙에 맞게 일어난 순서대로 잘 써야 된다는 것 기억해주길 바랍니다.","기사문을 통해서요. 우리 친구들 바로 하)원칙을 알 수 있습니다. 우리가 기사문을 잘쓰는 방법을 할 때요, 하)원칙에 맞게 일어난 순서대로 잘 써야 된다는 것 기억해주길 바랍니다."
8,0,0.0,1.0,3.7142857142857144,1,자/ 여러분 이거 선생님이 아까 설명해줬었던 내용이죠. 뭡니까?,여러분 이거 선생님이 아까 설명해줬었던 내용이죠. 뭡니까?
15,0,0.0,1.0,3.357142857142857,1,주장 다지기인데요. 앞에 반론하기가 굉장히 중요하고 여기서는 계속 얘기하는 것 밖에는 별로 예/ 효과가 없겠군요.,주장 다지기인데요. 앞에 반론하기가 굉장히 중요하고 여기서는 계속 얘기하는 것 밖에는 별로 효과가 없겠군요.
18,0,0.0,0.8888888888888888,3.1666666666666665,1,다른 대상과 비교를 해볼게요. 이번에는 원뿔과 원기둥을 비교를 해 봅니다. 첫번째 봐요. 원뿔과 원기둥의 밑면+ 밑면의 모양 볼까요.,다른 대상과 비교를 해볼게요. 이번에는 원뿔과 원기둥을 비교를 해 봅니다. 첫번째 봐요. 원뿔과 원기둥의 밑면+ 밑면의 모양 볼까요.
6,0,0.0,1.0,3.0,1,그래 여기서 말하는 소비자가 과연 누굴까?,그래 여기서 말하는 소비자가 과연 누굴까?
21,0,0.0,0.9523809523809523,3.0,1,올바른 기준을 잡는 것이 가장 중요한 일인데요 여러분이 자전거와 오토바이의 특징을 한번 잘 생각해 보시고요 기준을 잡은 다음에 그다음에 차이점을 쓰면,올바른 기준을 잡는 것이 가장 중요한 일인데요 여러분이 자전거와 오토바이의 특징을 한번 잘 생각해 보시고요 기준을 잡은 다음에 그다음에 차이점을 쓰면
8,0,0.0,1.0,2.875,1,여러분 지금 같은 교실에서 공부하고 있는 친구들 있죠.,여러분 지금 같은 교실에서 공부하고 있는 친구들 있죠.
14,1,0.07142857142857142,1.0,3.5,0,육지와 바다 사이에서 하루 한번씩 나타나나요? 아니죠 (2번)/(두 번)씩 그 모습을 드러낸다고 했죠? 틀렸어요.,육지와 바다 사이에서 하루 한번씩 나타나나요? 아니죠 번)씩 모습을 드러낸다고 했죠? 틀렸어요.
10,0,0.0,1.0,3.5555555555555554,1,"자/ 봄이 오는 소리는 폭폭폭, 팡팡팡. 이렇게 표현했죠? 그대로 적어주세요.","봄이 오는 소리는 폭폭폭, 팡팡팡. 이렇게 표현했죠? 그대로 적어주세요."
10,1,0.1,1.0,3.0,0,아유/ 앞뒤가 안 맞지요. 역시 (3번)/(삼 번) 정답이 되겠네요. n/,앞뒤가 안 맞지요. 역시 정답이 되겠네요.
3,0,0.0,1.0,3.0,1,자/ 새로운 (technology)/(테크놀로지),새로운
34,0,0.0,0.8846153846153846,3.1153846153846154,1,자/ 넓이가 같은 (2)/(두) 정(4)/(사)각형도 마찬가지예요. 정(4)/(사)각형의 (1변)/(한 변)의 길이를 넓이를 통해서 구하는 방법은 우리 (1변)/(한 변)의 길이 곱하기 (1변)/(한 변)의 길이가 넓이였는데 넓이와 같다면 (1변)/(한 변)의 길이도 똑같을 거에요. 역시 항상 합동일 겁니다.,넓이가 같은 마찬가지예요. 변)의 길이를 넓이를 통해서 구하는 방법은 우리 변)의 길이 곱하기 변)의 길이가 넓이였는데 넓이와 같다면 변)의 길이도 똑같을 거에요. 역시 항상 합동일 겁니다.
7,0,0.0,1.0,3.7142857142857144,1,이렇게 그래프는 자료의 내용을 한눈에 비교하기 편리합니다.,이렇게 그래프는 자료의 내용을 한눈에 비교하기 편리합니다.
13,2,0.15384615384615385,1.0,2.727272727272727,0,이/ 달리기 시합이 왜 생각이 났을까 선생님이 n/ 마음이 좀 이해가 잘 안되네요.,달리기 시합이 왜 생각이 났을까 선생님이 마음이 좀 이해가 잘 안되네요.
8,1,0.125,1.0,3.8,0,"그럼 (1개)/(한 개)짜리는, 아/ 모두 (7개)/(일곱 개)구나, 이렇게.","그럼 개)짜리는, 모두 개)구나, 이렇게."
22,1,0.045454545454545456,1.0,3.238095238095238,0,이 시라는 거는 말이죠. 생각이나 느낌을 표현하기 위한 글이니까 이런 목적에 맞게 읽어야겠죠? 그러면 우리 보기 보면서 알맞은 읽기 방법 찾아보도록 하겠습니다*.,시라는 거는 말이죠. 생각이나 느낌을 표현하기 위한 글이니까 이런 목적에 맞게 읽어야겠죠? 그러면 우리 보기 보면서 알맞은 읽기 방법 찾아보도록 하겠습니다*.
2,0,0.0,1.0,5.0,1,벗어나겠습니다 그냥.,벗어나겠습니다 그냥.
19,1,0.05263157894736842,1.0,3.411764705882353,0,인삼은 노력이 필요하지만 어/ 도라지는 굉장히 아무 데서나 잘 자라요. 햇볕만 있으면. 자/ 그래서 이렇게 자라는 것도 다르답니다. 보여주세요.,인삼은 노력이 필요하지만 도라지는 굉장히 아무 데서나 잘 자라요. 햇볕만 있으면. 그래서 이렇게 자라는 것도 다르답니다. 보여주세요.
7,1,0.14285714285714285,1.0,3.1666666666666665,0,어/ 그래요. 우리 아현이가 한번 이야기해 봐요.,그래요. 우리 아현이가 한번 이야기해 봐요.
23,1,0.043478260869565216,0.9545454545454546,3.272727272727273,0,"어디로 어떻게 옮기면 될지 궁금하시죠. 이럴 때는 누군가에게 물어보면 좋은데 바로 물어볼 사람이 있습니다. 바로 n/ 답토끼라는 친군데요. 달에서 떡을 찧는 토끼가 아니라,","어디로 어떻게 옮기면 될지 궁금하시죠. 이럴 때는 누군가에게 물어보면 좋은데 바로 물어볼 사람이 있습니다. 바로 답토끼라는 친군데요. 달에서 떡을 찧는 토끼가 아니라,"
31,1,0.03225806451612903,0.9310344827586207,3.1724137931034484,0,"이렇게 오늘은요, 다양한 책을 읽고 나서 그 책을 서평으로 쓰는 것에 대해서 알아보았는데요. 여러분 어때요? 우리 이렇게 열심히 달려왔는데, 오늘 콕콕이와 냠냠이 안볼 수가 없죠? 콕콕아, 냠냠아 오늘의 내용 정리해주길 (바랄께)/(바랄게).","이렇게 오늘은요, 다양한 책을 읽고 나서 책을 서평으로 쓰는 것에 대해서 알아보았는데요. 여러분 어때요? 우리 이렇게 열심히 달려왔는데, 오늘 콕콕이와 냠냠이 안볼 수가 없죠? 콕콕아, 냠냠아 오늘의 내용 정리해주길"
14,0,0.0,0.7,2.4,1,여기에 제일 작은 값에 (10)/(십)의 자리는 (1)/(일)이고 제일 큰 값에 (10)/(십)의 자리는 (4)/(사)가 되겠죠?,여기에 제일 작은 값에 자리는 제일 큰 값에 자리는 되겠죠?
45,3,0.06666666666666667,0.8717948717948718,2.948717948717949,0,"o/ 생각이 막 났어요. 엄마 하면요, 아무래도 가장 떠오르는 모습이 바로 n/ 고마운 엄마의 모습이에요. n/ 네/ 우리를 위해서 맛있는 밥도 (해주시고요)/(해주시구요), 또 청소도 깨끗이 해주시고, 빨래도 해주시고, 또 우리가 아프면 간병도 해주시잖아요. 엄마 하면 그 고마운 엄마의 모습을 아주 떠올릴 수 있을 것 같아요.","생각이 막 났어요. 엄마 하면요, 아무래도 가장 떠오르는 모습이 바로 고마운 엄마의 모습이에요. 우리를 위해서 맛있는 밥도 또 청소도 깨끗이 해주시고, 빨래도 해주시고, 또 우리가 아프면 간병도 해주시잖아요. 엄마 하면 고마운 엄마의 모습을 아주 떠올릴 수 있을 것 같아요."
10,1,0.1,1.0,3.875,0,n/ 전국의 (5학년)/(오 학년) 친구들 안녕하세요. 수학에 자신감을 올리고 싶으신가요.,전국의 학년) 친구들 안녕하세요. 수학에 자신감을 올리고 싶으신가요.
29,1,0.034482758620689655,0.96,3.12,0,보기 언어에 해당하는 설명은 어떤 언어에 해당하는지 한번 써 볼까요? 순무+ 기본 글자는 (26자)/(스물 여섯 자)이지만 쓰는 종류가 많아서 (100)/(백) 글자가 넘어간다. 아까 뭐였어요? 선생님 n/ 곱하기까지 했죠? (영어고요)/(영어구요).,보기 언어에 해당하는 설명은 어떤 언어에 해당하는지 한번 써 볼까요? 순무+ 기본 글자는 여섯 자)이지만 쓰는 종류가 많아서 글자가 넘어간다. 아까 뭐였어요? 선생님 곱하기까지 했죠?
10,0,0.0,1.0,2.6666666666666665,1,비율이 다른 하나를 찾아 기호 (ㄴ)/(니은)으로 답할 수 있는 문제였습니다.,비율이 다른 하나를 찾아 기호 답할 수 있는 문제였습니다.
12,0,0.0,1.0,3.5,1,이번에는 (1)/(한) 변의 길이가 (13cm)/(십 삼 센치미터)인 정사각형의 넓이를 구해 보도록 하겠습니다.,이번에는 변의 길이가 삼 센치미터)인 정사각형의 넓이를 구해 보도록 하겠습니다.
8,0,0.0,1.0,3.625,1,오늘 하루의 시작도 선생님과 함께 행복하게 활기차게 시작해봅시다.,오늘 하루의 시작도 선생님과 함께 행복하게 활기차게 시작해봅시다.
7,0,0.0,1.0,4.0,1,따라서 곱셈식 (1)/(한) 개에서 나눗셈식 (2)/(두)개를 만들수있구나.,따라서 곱셈식 개에서 나눗셈식 만들수있구나.
9,0,0.0,1.0,2.375,1,그러니까 이런 경우는 억이 (89개)/(팔십 구 개) 모여 있다.,그러니까 이런 경우는 억이 구 개) 모여 있다.
35,0,0.0,0.9705882352941176,3.0294117647058822,1,"세 번째는 무엇일까요? 자/ 셋째 인터넷 신조어는 알파벳, 특수 문자, 한글 자모 등 컴퓨터에서 표현할 수 있는 것이면 뭐든지 다 끌어다가 조합하고요. 뒤틀여+ 뒤틀어서 표현하기 때문에 이게 중요하죠. 한글 파괴, 언어 파괴 문제를 일으킨다는 거죠.","세 번째는 무엇일까요? 셋째 인터넷 신조어는 알파벳, 특수 문자, 한글 자모 등 컴퓨터에서 표현할 수 있는 것이면 뭐든지 다 끌어다가 조합하고요. 뒤틀여+ 뒤틀어서 표현하기 때문에 이게 중요하죠. 한글 파괴, 언어 파괴 문제를 일으킨다는 거죠."
2,0,0.0,1.0,4.0,1,(68)/(예순 여덟).,여덟).
14,1,0.07142857142857142,1.0,2.8461538461538463,0,그 의견은 어떻게+ 어떻다고 생각합니다. 이렇게 얘기 하는 게 바로 의견 모으기 라는 거죠.,의견은 어떻게+ 어떻다고 생각합니다. 이렇게 얘기 하는 게 바로 의견 모으기 라는 거죠.
5,0,0.0,1.0,3.0,1,자/ 그러면 어떻게 하면 될까요?,그러면 어떻게 하면 될까요?
12,0,0.0,1.0,2.25,1,(1)/(일) (1)/(일) (1)/(일) 을 더해서 (3)/(삼) 이렇게 계산을 해 둔다 라는 거죠.,을 더해서 이렇게 계산을 해 둔다 라는 거죠.
26,0,0.0,0.9230769230769231,3.0384615384615383,1,곱에 소수점 위치의 규칙을 알아야 합니다 곱하는 두수의 소수점 아래자릿수를 더한 것과 결과 값의 소수점 아래자릿수가 같다는 것 잘 기억하고 있겠죠 그럼 오늘도 신나게 공부를 시작해봅시다.,곱에 소수점 위치의 규칙을 알아야 합니다 곱하는 두수의 소수점 아래자릿수를 더한 것과 결과 값의 소수점 아래자릿수가 같다는 것 잘 기억하고 있겠죠 그럼 오늘도 신나게 공부를 시작해봅시다.
28,2,0.07142857142857142,0.9615384615384616,2.8846153846153846,0,이 무렵 우리 겨레는 내 나라 내 땅에서 마음놓고 사는 것조차 힘들었다 이 유관순 전기문입니다 그래서 하루하루 고통 속에서 살았어요 그리고 독립을 애타게 바랬어요 시대 상황이 나와 있죠.,무렵 우리 겨레는 내 나라 내 땅에서 마음놓고 사는 것조차 힘들었다 유관순 전기문입니다 그래서 하루하루 고통 속에서 살았어요 그리고 독립을 애타게 바랬어요 시대 상황이 나와 있죠.
11,0,0.0,1.0,3.0,1,그래요 내가 지금 사람을 죽였다는 오해를 받고 쫓기고 있으니 도와달라고 했죠.,그래요 내가 지금 사람을 죽였다는 오해를 받고 쫓기고 있으니 도와달라고 했죠.
11,0,0.0,1.0,3.1818181818181817,1,끝부분은요? 에너지 절약을 실천해야 한다고 다시 한번 그에 주장을 써넣고 있네요.,끝부분은요? 에너지 절약을 실천해야 한다고 다시 한번 그에 주장을 써넣고 있네요.
1,1,1.0,0.0,0.0,0,n/공동체.,
14,1,0.07142857142857142,1.0,2.923076923076923,0,그럼 우리 친구들도요. 이/ 다르게 바꾸어 주고 싶은 것 그런데 친구의 의미를 생각해야 되겠죠?,그럼 우리 친구들도요. 다르게 바꾸어 주고 싶은 것 그런데 친구의 의미를 생각해야 되겠죠?
17,2,0.11764705882352941,0.9166666666666666,2.8333333333333335,0,분모 (9)/(구)가 (45)/(사십 오)가 되기 위해서는 n/ (5)/(오)를 곱해 주어야 하구요 똑같은 수를 n/ 분자에도 곱해 줍니다.,분모 오)가 되기 위해서는 곱해 주어야 하구요 똑같은 수를 분자에도 곱해 줍니다.
5,1,0.2,1.0,2.0,0,"n/ (그리고)/(그리구) 일의 자리 (쓰고요)/(쓰구여),",일의 자리
12,2,0.16666666666666666,1.0,3.2,0,n/ 그러나 여러가지 방법으로 묶어세기를 해도 그 전체 갯수는 변함이 없는 거예요.,그러나 여러가지 방법으로 묶어세기를 해도 전체 갯수는 변함이 없는 거예요.
25,0,0.0,1.0,3.24,1,"쭉 봤더니 한낮에 풀숲에서* 풀잎과 이야기를 나누던 하루살이는 이제 오후가 되자 마을로 날아가서 불빛을 찾아 날아다녔고, 그리고 저녁이 돼서는 어느 집 현관에서 등불* 주변을 맴돌았답니다.","쭉 봤더니 한낮에 풀숲에서* 풀잎과 이야기를 나누던 하루살이는 이제 오후가 되자 마을로 날아가서 불빛을 찾아 날아다녔고, 그리고 저녁이 돼서는 어느 집 현관에서 등불* 주변을 맴돌았답니다."
5,1,0.2,0.5,3.5,0,n/않아서 틀린 것입니다. 틀린 것입니다.,틀린 것입니다. 틀린 것입니다.
9,0,0.0,1.0,3.25,1,분모와 분자를 공약수로 나누어서 (간단히)/(간딴히) 하는 것을 무엇이라고 한다?,분모와 분자를 공약수로 나누어서 하는 것을 무엇이라고 한다?
10,1,0.1,1.0,3.0,0,n/ 소수 곱하기 자연수 계산하는 (4가지)/(네 가지) 방법 떠올려 볼게요.,소수 곱하기 자연수 계산하는 가지) 방법 떠올려 볼게요.
1,0,0.0,0.0,0.0,1,"(2)/(이),",
19,1,0.05263157894736842,0.8666666666666667,2.8,0,"자/ 우리 친구들 바로 여기에 오늘 저축할 금액의 있어요. 자/ 우리 친구들 함께 세어보도록 할까요? n/ 네, (1000원)/(천 원)","우리 친구들 바로 여기에 오늘 저축할 금액의 있어요. 우리 친구들 함께 세어보도록 할까요? 네, 원)"
6,1,0.16666666666666666,1.0,3.5,0,n/ 에/ 사자처럼 엎드려 있죠 스핑크스.,사자처럼 엎드려 있죠 스핑크스.
6,0,0.0,1.0,2.6666666666666665,1,꿈 깨 이야기를 들으러 같이 가볼까요?,꿈 깨 이야기를 들으러 같이 가볼까요?
25,0,0.0,0.8,2.466666666666667,1,"자/ 여기는 (1)/(일)은 (1000)/(천)의 자리, (6)/(육)은 (100)/(백)의 자리, (5)/(오)가 (10)/(십)의 자리, (4)/(사)가 (1)/(일)의 자리죠. 그래서 여기 요 두 번째 칸 요 숫자가 (1)/(일)씩 커져야 됩니다.","여기는 자리, 자리, 자리, 자리죠. 그래서 여기 요 두 번째 칸 요 숫자가 커져야 됩니다."
13,0,0.0,0.8333333333333334,2.0833333333333335,1,오 분의 일이 (3개)/(세 개)면 오 분의 삼 이에요 그럼 이걸 더해 주세요.,오 분의 일이 개)면 오 분의 삼 이에요 그럼 이걸 더해 주세요.
6,0,0.0,1.0,3.0,1,자/ 그런데 답이 (514)/(오백 십 사)인가요?,그런데 답이 십 사)인가요?
19,0,0.0,1.0,3.0,1,"(54)/(오십 사)에서 (28)/(이십 팔)을 빼면 (26)/(이십 육)여기 에다가 (19)/(십 구)를 더 해 주었더니 (45)/(사십 오)가 되었죠 따라서. 계산의 결과는,","사)에서 팔)을 빼면 육)여기 에다가 구)를 더 해 주었더니 오)가 되었죠 따라서. 계산의 결과는,"
28,2,0.07142857142857142,0.8461538461538461,2.6538461538461537,0,"고민 편지를 우리가 함께 읽어보고 또 이 고민 편지를 보내온 친구, 또 방송을 함께하는 친구들이 아/ 어떻게 하면 좋을까 함께 생각해보는 그런 시간을 갖는 것도 좋을 것 같아요.","고민 편지를 우리가 함께 읽어보고 또 고민 편지를 보내온 친구, 또 방송을 함께하는 친구들이 어떻게 하면 좋을까 함께 생각해보는 그런 시간을 갖는 것도 좋을 것 같아요."
7,1,0.14285714285714285,1.0,2.3333333333333335,0,아/ 그러면 너희 혹시 이런 말 많이써?,그러면 너희 혹시 이런 말 많이써?
2,0,0.0,1.0,4.5,1,요만큼이 남았어요.,요만큼이 남았어요.
13,0,0.0,1.0,3.6363636363636362,1,자/ 문제 보니까 (ㄱ)/(기역)에 들어갈기에 알맞은 말로 친구와 발전소의 공통점은 무엇이겠습니까? 라고 했어요.,문제 보니까 들어갈기에 알맞은 말로 친구와 발전소의 공통점은 무엇이겠습니까? 라고 했어요.
22,2,0.09090909090909091,0.9444444444444444,3.111111111111111,0,오빠는요. (2배)/(두 배) 빠르게 만든다고 했어요. 그러면 선주가 이 만큼을 만들 동안 오빠는 이 만큼 (2배)/(두 배)만큼을 만들 수 있는 거죠. 이해되시나요.,오빠는요. 배) 빠르게 만든다고 했어요. 그러면 선주가 만큼을 만들 동안 오빠는 만큼 배)만큼을 만들 수 있는 거죠. 이해되시나요.
4,1,0.25,1.0,3.3333333333333335,0,n/ 곧 팬이 나타났습니다.,곧 팬이 나타났습니다.
10,1,0.1,1.0,3.142857142857143,0,"n/ 뜨겁지도 않았는데 하/ 참/ 나 이제, 매운맛 잘 먹는다구요,","뜨겁지도 않았는데 나 이제, 매운맛 잘 먹는다구요,"
25,2,0.08,1.0,3.090909090909091,0,"내용을 한눈에 알 수 있게 해 주어야 (되고요)/(되구요)? 무엇보다도 읽는 사람의 관심을 끌어야 제목으로서 가치가 있겠죠? n/자,제목 다음에는 그 사건을 사실대로 알려주는 본문이 자리하게 됩니다.",내용을 한눈에 알 수 있게 해 주어야 무엇보다도 읽는 사람의 관심을 끌어야 제목으로서 가치가 있겠죠? 다음에는 사건을 사실대로 알려주는 본문이 자리하게 됩니다.
12,1,0.08333333333333333,1.0,2.8181818181818183,0,n/ 그리고 머리가 나빠서 땅 속에 묻어 놓고도 그냥 잊어버린 도토리도 많으면서,그리고 머리가 나빠서 땅 속에 묻어 놓고도 그냥 잊어버린 도토리도 많으면서
11,1,0.09090909090909091,1.0,3.5,0,어/ 맛있는 음식 나누어 먹고 싶다고 생각했대요. 비슷한 경험이 맞습니다. 동그라미.,맛있는 음식 나누어 먹고 싶다고 생각했대요. 비슷한 경험이 맞습니다. 동그라미.
15,1,0.06666666666666667,0.9285714285714286,2.2142857142857144,0,되게 많이 싸웠던 단짝 친구 우정 깊은 친구 어/ 그럼 나는 어떤 친구인 것 같아요?,되게 많이 싸웠던 단짝 친구 우정 깊은 친구 그럼 나는 어떤 친구인 것 같아요?
4,1,0.25,1.0,4.0,0,o/ 직선자와 n/ u/,직선자와
12,2,0.16666666666666666,1.0,2.9,0,그렇다면 오늘의 글감 n/ 봄을 가지고 본격적인 글 요리를 하러 n/ 가볼까요?,그렇다면 오늘의 글감 봄을 가지고 본격적인 글 요리를 하러 가볼까요?
6,0,0.0,1.0,2.8,1,자/ 이렇게 연달아서 먹을 게 나오나?,이렇게 연달아서 먹을 게 나오나?
27,0,0.0,1.0,2.8518518518518516,1,"준말은 줄여 쓴 말, 은어는 특정 집단에 속한 사람끼리만 아는 말을 은어라고 하고요, 속어는 얕잡아 부르는 말 등을 이릅니다. 그러니까 준말, 은어, 속어 등의 사용을 자제해야 하겠죠?","준말은 줄여 쓴 말, 은어는 특정 집단에 속한 사람끼리만 아는 말을 은어라고 하고요, 속어는 얕잡아 부르는 말 등을 이릅니다. 그러니까 준말, 은어, 속어 등의 사용을 자제해야 하겠죠?"
19,1,0.05263157894736842,1.0,3.25,0,n/궁금한 것은 인터넷 검색창에 (EBS)/(이비에스) 초등이라고 치고 들어와서 글 남겨(주시고요)/(주시구요). 우리는 다음시간 다각형 두번째 내용으로 다시 만나요.친구들 모두 안녕.,것은 인터넷 검색창에 초등이라고 치고 들어와서 글 우리는 다음시간 다각형 두번째 내용으로 다시 만나요.친구들 모두 안녕.
28,0,0.0,0.782608695652174,2.782608695652174,1,(80cm)/(팔 십 센티미터)의 (4 분의 1)/(사 분의 일)은 몇 (cm)/(센티미터)입니다 라고 나와 있는데요. 여러분 (80cm)/(팔 십 센티미터)의 (4 분의1)/(사 분의 일)이게 무슨 말이였나요? 혹시 대답해 볼 친구 있나요?,십 센티미터)의 (4 분의 분의 일)은 몇 라고 나와 있는데요. 여러분 십 센티미터)의 (4 분의 일)이게 무슨 말이였나요? 혹시 대답해 볼 친구 있나요?
24,0,0.0,0.9,3.3,1,(2번)/(이 번) (19)/(십 구)였습니다. 따라서 (1)/(일) (9)/(구) 이렇게 써 (주고요)/(주구요). (3번)/(삼 번) (36)/(삼십 육)이니까 (3)/(삼) (6)/(육) 순서대로 써 (주고요)/(주구요). (4번)/(사 번)은 (17)/(십 칠) 이에요.,구)였습니다. 따라서 이렇게 써 육)이니까 순서대로 써 번)은 칠) 이에요.
2,1,0.5,1.0,6.0,0,배고프시군요 n/.,배고프시군요
6,0,0.0,1.0,2.5,1,"예, 바로 요기 근거 부분이 되겠죠.","예, 바로 요기 근거 부분이 되겠죠."
4,0,0.0,1.0,3.3333333333333335,1,이건 얼마일까요? 시작 (1)/(하나),이건 얼마일까요? 시작
4,1,0.25,1.0,3.0,0,"n/(9)/(구) (2)/(이) (18)/(십 팔),","팔),"
27,2,0.07407407407407407,1.0,3.2,0,n/ (1상자)/(한 상자)만 어/ (1)/(한)+(1상자)/(한 상자)씩 살수가 있다고 하는데요. (1상자)/(한 상자)에는 (100개)/(백 개)가 들어있 다고 합니다. 그렇다면 (163명)/(백 육십 삼 명)이 모두 먹기 위해서는 몇 상자를 사야할까요?,상자)만 상자)씩 살수가 있다고 하는데요. 상자)에는 개)가 들어있 다고 합니다. 그렇다면 육십 삼 명)이 모두 먹기 위해서는 몇 상자를 사야할까요?
43,1,0.023255813953488372,0.8095238095238095,2.5952380952380953,0,n/ 네 번째 보겠습니다. 보내는 사람의 따뜻한 마음이 담긴 편지가 바로 좋은 편지로 느껴질 수 있다는 거 꼭 기억해 주세요. 용건은 뚜렷하게 써야지만 그러나 너무 딱딱하게 쓰는 것보다는 보내는 사람의 따뜻한 마음이 잘 드러날 수 있게 쓰는 것 중요한 것 잊지 말아 주세요.,네 번째 보겠습니다. 보내는 사람의 따뜻한 마음이 담긴 편지가 바로 좋은 편지로 느껴질 수 있다는 거 꼭 기억해 주세요. 용건은 뚜렷하게 써야지만 그러나 너무 딱딱하게 쓰는 것보다는 보내는 사람의 따뜻한 마음이 잘 드러날 수 있게 쓰는 것 중요한 것 잊지 말아 주세요.
31,0,0.0,0.9333333333333333,2.8666666666666667,1,크레파스가 이렇게 나와 있어요. 그리고 나머지 (4가지)/(네 가지) 물건들 못 지우개 리본핀 자가 있는데요. 각각 하나씩 짝지어서 비교해 보고 더 긴 것은 동그라미표 크레파스보다 더 짧은 것은 세모로 표시해 주는 거에요.,크레파스가 이렇게 나와 있어요. 그리고 나머지 가지) 물건들 못 지우개 리본핀 자가 있는데요. 각각 하나씩 짝지어서 비교해 보고 더 긴 것은 동그라미표 크레파스보다 더 짧은 것은 세모로 표시해 주는 거에요.
24,0,0.0,0.9583333333333334,2.7083333333333335,1,"이렇게 여러분 글들을 보니까 포샤, 샤일록, 안토니오 이런 인물들에 대해서 좀 더 비판적이고 좀 다른 관점에서 볼 수 있어서 정말 좋은 시간이었던 것 같아요.","이렇게 여러분 글들을 보니까 포샤, 샤일록, 안토니오 이런 인물들에 대해서 좀 더 비판적이고 좀 다른 관점에서 볼 수 있어서 정말 좋은 시간이었던 것 같아요."
15,0,0.0,1.0,3.0,1,o/ 새로운 시각으로 있었던 일을 바라보면 일기 쓸 거리 즉 글감이 무궁무진해진다는 사실 기억해 두세요.,새로운 시각으로 있었던 일을 바라보면 일기 쓸 거리 즉 글감이 무궁무진해진다는 사실 기억해 두세요.
9,0,0.0,0.7777777777777778,3.0,1,이게 속마음 같죠. 도대체 도대체 연락을 연락을 언제 주는거지?,이게 속마음 같죠. 도대체 도대체 연락을 연락을 언제 주는거지?
15,0,0.0,0.9285714285714286,3.2142857142857144,1,"샛노란, 아까 선생님이 얘기했죠? 아주 노란 을 샛노란이라고 합니다. 자/ 따라서 샛노란은 아주 노란과 연결.","샛노란, 아까 선생님이 얘기했죠? 아주 노란 을 샛노란이라고 합니다. 따라서 샛노란은 아주 노란과 연결."
10,1,0.1,1.0,3.111111111111111,0,n/ 그렇다고 해서 제가 예전의 장발장이 아니라고 말할 수는 없습니다.,그렇다고 해서 제가 예전의 장발장이 아니라고 말할 수는 없습니다.
5,0,0.0,1.0,3.6666666666666665,1,자/ 이렇게 생긴 숫자입니다. b/,이렇게 생긴 숫자입니다.
7,1,0.14285714285714285,1.0,2.0,0,n/ 그럼 좀 열이 식을려나 휴 개미,그럼 좀 열이 식을려나 휴 개미
9,0,0.0,1.0,3.111111111111111,1,그리고 난 다음에 이제 각각의수량을 점으로 찍어 나타내줄 거예요.,그리고 난 다음에 이제 각각의수량을 점으로 찍어 나타내줄 거예요.
26,0,0.0,0.9333333333333333,2.6,1,나눗셈식을 세워줄게요 (8)/(팔)과 (12)/(십 이) 는 둘 다 (2)/(이) 로 나눌 수 있겠죠 그래서 (2)/(이) (4)/(사)는 (8)/(팔) (2)/(이) (6)/(육)은 (12)/(십 이) 이렇게 적어주고요 그다음에 (4)/(사)와 (6)/(육)도.,나눗셈식을 세워줄게요 이) 는 둘 다 로 나눌 수 있겠죠 그래서 이) 이렇게 적어주고요 그다음에
23,1,0.043478260869565216,0.8636363636363636,3.1363636363636362,0,그러면 우리 고민을 해결할 첫 번째 포인트를 알아봐야겠네요. 첫 번째 포인트* 이야기를 읽을 때 이 사건의 흐름을 파악하며 이야기를 읽어보자라는 것을 알아볼 겁니다.,그러면 우리 고민을 해결할 첫 번째 포인트를 알아봐야겠네요. 첫 번째 포인트* 이야기를 읽을 때 사건의 흐름을 파악하며 이야기를 읽어보자라는 것을 알아볼 겁니다.
9,0,0.0,0.5714285714285714,2.5714285714285716,1,b/ 선생님의 선택은 두구 두구 두구 두구 두구. b/,선생님의 선택은 두구 두구 두구 두구 두구.
10,0,0.0,1.0,2.5,1,네모 나누기 (6)/(육)은 (7)/(칠)과 같습니다 라고 표현을 할 수가 있죠.,네모 나누기 같습니다 라고 표현을 할 수가 있죠.
8,1,0.125,1.0,2.857142857142857,0,n/ 엄마한테 혼난 찍찍이는 얼굴이 더 찌푸려 졌어.,엄마한테 혼난 찍찍이는 얼굴이 더 찌푸려 졌어.
14,1,0.07142857142857142,0.8333333333333334,3.1666666666666665,0,야/ 여기서부터 여기까지 화살표가 쭉 됐으니까 이 방향으로 돌린 건 오른쪽 방향으로 돌린 거고요.,여기서부터 여기까지 화살표가 쭉 됐으니까 방향으로 돌린 건 오른쪽 방향으로 돌린 거고요.
24,2,0.08333333333333333,1.0,3.4761904761904763,0,n/ 우리 어떠한 기계가 잘못 됐을 때 고치다 라고 이야기하죠. 네/ 그러한 의미로 사용되었습니다. 그러니까 이 문제의 정답은 무엇인가요? 딩동댕동 맞습니다. 바로 나가 되겠습니다.,우리 어떠한 기계가 잘못 됐을 때 고치다 라고 이야기하죠. 그러한 의미로 사용되었습니다. 그러니까 문제의 정답은 무엇인가요? 딩동댕동 맞습니다. 바로 나가 되겠습니다.
6,0,0.0,1.0,3.2,1,(이거)/(요거)를 어떻게 줘라? 더해줘라 이런 얘기죠.,어떻게 줘라? 더해줘라 이런 얘기죠.
11,1,0.09090909090909091,1.0,3.4444444444444446,0,"n/ 안녕하세요. 전국의 (5학년)/(오 학년) 친구들, 좋은 아침이에요. 다들 잘 잤나요?","안녕하세요. 전국의 학년) 친구들, 좋은 아침이에요. 다들 잘 잤나요?"
5,1,0.2,1.0,3.0,0,실제 n/ 각의 크기를 구합니다.,실제 각의 크기를 구합니다.
24,1,0.041666666666666664,0.9565217391304348,2.9130434782608696,0,"긴 줄넘기의 길이가 얼만큼인지 묻고 있어요. 이 문제에서 말하는 긴 줄넘기는요. 우리 친구들이 저번에 가지고 왔던 혼자 뛸수 있는 줄넘기가 아니라 여러 명이 양쪽,","긴 줄넘기의 길이가 얼만큼인지 묻고 있어요. 문제에서 말하는 긴 줄넘기는요. 우리 친구들이 저번에 가지고 왔던 혼자 뛸수 있는 줄넘기가 아니라 여러 명이 양쪽,"
12,0,0.0,1.0,2.8,1,(5번)/(오 번) 문제 풀어 볼게요. 예준이가 가진 동전이 책상 위에 놓여 있습니다.,문제 풀어 볼게요. 예준이가 가진 동전이 책상 위에 놓여 있습니다.
7,0,0.0,1.0,3.857142857142857,1,진희야. 눈사람은 아무래도 냉동실에서 재미없게 사는 것보다.,진희야. 눈사람은 아무래도 냉동실에서 재미없게 사는 것보다.
8,1,0.125,0.8571428571428571,2.2857142857142856,0,n/ 흥겹게 신나게 올쑥 절쑥 올쑥 오호 호.,흥겹게 신나게 올쑥 절쑥 올쑥 오호 호.
23,0,0.0,0.9545454545454546,3.0454545454545454,1,아웅/ 왜 자꾸 날개를 그래 날개를 널+ 여러분이 그동안 얼마나 상상력을+ 상상력을 중요하게 생각했는지 상상을 좋아하는지 알 수가 있어. 선생님이 어저께 등굽은 나무,왜 자꾸 날개를 그래 날개를 널+ 여러분이 그동안 얼마나 상상력을+ 상상력을 중요하게 생각했는지 상상을 좋아하는지 알 수가 있어. 선생님이 어저께 등굽은 나무
5,0,0.0,1.0,2.25,1,"(0.8)/(영 쩜 팔)이 가장 크고,","쩜 팔)이 가장 크고,"
24,2,0.08333333333333333,0.9523809523809523,3.4285714285714284,0,"발효 식품이에요. 그렇죠. 그런데 이 발효식품이 무엇을 (했냐고요)/(했냐구요)? 암을 예방했대요. 와, 옛날부터 이런 걸 어떻게 알았을까 그리고 또 있어요. 이 발효식품 우리나라의 대표적인 발효식품","발효 식품이에요. 그렇죠. 그런데 발효식품이 무엇을 암을 예방했대요. 와, 옛날부터 이런 걸 어떻게 알았을까 그리고 또 있어요. 발효식품 우리나라의 대표적인 발효식품"
9,0,0.0,1.0,3.8,1,"그다음에 (5)/(오), (35)/(삼십 오)에다가 (1)/(일) 더하면 (16)/(십 육)이 되겠죠?",그다음에 오)에다가 더하면 육)이 되겠죠?
31,0,0.0,0.8148148148148148,2.4814814814814814,1,"그럼 삼 분의 구는 (그렇죠)/(그렇쵸). (이제)/(인제) 대답잘하네요 가분수죠 그렇기 때문에 (X)/(엑스) (그리고)/(그리구) 삼 분의 십 은 당연히 안되죠. 왜냐? 삼 분의 수 보다 작아야 되니까 그래서 우리가 들어갈 수 있는 대분수는,","그럼 삼 분의 구는 대답잘하네요 가분수죠 그렇기 때문에 삼 분의 십 은 당연히 안되죠. 왜냐? 삼 분의 수 보다 작아야 되니까 그래서 우리가 들어갈 수 있는 대분수는,"
4,0,0.0,1.0,3.5,1,깔끔한 걸 좋아하기 때문이에요.,깔끔한 걸 좋아하기 때문이에요.
3,0,0.0,1.0,4.333333333333333,1,쓰레기 문제도 심각해졌다죠?,쓰레기 문제도 심각해졌다죠?
3,0,0.0,1.0,2.3333333333333335,1,더 말해도 되지!,더 말해도 되지!
11,1,0.09090909090909091,1.0,2.3333333333333335,0,n/ 오직 나 (1)/(하나)만을 위해서 왔다니 나는 넋이 나갈 것만 같았다.,오직 나 위해서 왔다니 나는 넋이 나갈 것만 같았다.
2,0,0.0,1.0,4.0,1,계속 읽어볼게요.,계속 읽어볼게요.
37,1,0.02702702702702703,0.7647058823529411,2.823529411764706,0,자/ 그래서 그다음에* 아저씨가 인사를 하는 장면이 있죠. 이렇게 버꾹아. 연이야 그리고 모두들 안녕. 저녁에 보자 라고 인사를 할 때 있죠. 자/ 그래서 이렇게 인사를 할 때 나는 이/ 모두들이라는 말속에 나도 들어간다 라고 생각을 하게 되지요.,그래서 그다음에* 아저씨가 인사를 하는 장면이 있죠. 이렇게 버꾹아. 연이야 그리고 모두들 안녕. 저녁에 보자 라고 인사를 할 때 있죠. 그래서 이렇게 인사를 할 때 나는 모두들이라는 말속에 나도 들어간다 라고 생각을 하게 되지요.
9,1,0.1111111111111111,1.0,3.125,0,어/ 눈에 금방 하나 띄는 고유어가 있네요. 바로 누리꾼이에요.,눈에 금방 하나 띄는 고유어가 있네요. 바로 누리꾼이에요.
2,0,0.0,1.0,7.0,1,(600이요)(육백 이야).,(600이요)(육백 이야).
9,0,0.0,1.0,2.7777777777777777,1,선생님 저는요 글씨를 예쁘게 쓰고 싶은데요 그게 잘 안돼요.,선생님 저는요 글씨를 예쁘게 쓰고 싶은데요 그게 잘 안돼요.
6,1,0.16666666666666666,1.0,2.8,0,"어/ 받는 사람, 첫 인사, 자기소개.","받는 사람, 첫 인사, 자기소개."
18,1,0.05555555555555555,0.9375,2.9375,0,그럼 이 직사각형의 경우에는 (4변)/(네 변)의 길이가 같은 게 아니라 이렇게 마주보는 변의 길이가 같다 라고 얘기를 하잖아요.,그럼 직사각형의 경우에는 변)의 길이가 같은 게 아니라 이렇게 마주보는 변의 길이가 같다 라고 얘기를 하잖아요.
7,2,0.2857142857142857,0.8,2.4,0,n/ 그 덩치에 아직도 엄마 엄마 게?,덩치에 아직도 엄마 엄마 게?
19,1,0.05263157894736842,0.9411764705882353,2.6470588235294117,0,이유는 바로 여기 빙긋이 웃으시며 아까 우리 빙긋이 웃어 봤으니까 이 문제 풀 수 있어요. 자/ 그러면 그림은 볼까요?,이유는 바로 여기 빙긋이 웃으시며 아까 우리 빙긋이 웃어 봤으니까 문제 풀 수 있어요. 그러면 그림은 볼까요?
4,0,0.0,1.0,2.0,1,"자 인싸, 짱, 핵,","자 인싸, 짱, 핵,"
15,0,0.0,1.0,3.066666666666667,1,"리듬감을 찾기 위해서는 비슷한 짜임이 반복되거나 표현, 그리고 글자 수가 일정한 것을 살펴보면 되는 거예요.","리듬감을 찾기 위해서는 비슷한 짜임이 반복되거나 표현, 그리고 글자 수가 일정한 것을 살펴보면 되는 거예요."
3,1,0.3333333333333333,1.0,3.5,0,"n/ 오늘의 모험도,","오늘의 모험도,"
2,0,0.0,1.0,3.0,1,(7번)/(칠 번).,번).
6,2,0.3333333333333333,1.0,4.5,0,n/ 안녕하세요. 요리조리 글쓰기 n/ 쌤입니다.,안녕하세요. 요리조리 글쓰기 쌤입니다.
13,1,0.07692307692307693,0.9166666666666666,3.0833333333333335,0,그렇죠. 조상들의 슬기를 n/알아볼 수 있는 예로 제시를 한 것이죠 맞습니다. 조상들의 슬기였죠.,그렇죠. 조상들의 슬기를 수 있는 예로 제시를 한 것이죠 맞습니다. 조상들의 슬기였죠.
1,0,0.0,0.0,0.0,1,(5)/(다섯).,
10,0,0.0,1.0,3.6666666666666665,1,무엇에 대해서 설명하고 있나. 이걸 생각하시면 됩니다. 자/ 보여주세요. 여기는,무엇에 대해서 설명하고 있나. 이걸 생각하시면 됩니다. 보여주세요. 여기는
6,0,0.0,1.0,3.0,1,저희들 상자는 그것보다 더 큰 상자입니다.,저희들 상자는 그것보다 더 큰 상자입니다.
5,0,0.0,1.0,3.6,1,그렇다면 독해력은 어떻게 길러야 하나요?,그렇다면 독해력은 어떻게 길러야 하나요?
10,0,0.0,1.0,3.5,1,"따라서 땅이 가까웠다는, 뛰어올랐다가 다시 내려올 때. 와 연결해주면 좋겠네요.","따라서 땅이 가까웠다는, 뛰어올랐다가 다시 내려올 때. 와 연결해주면 좋겠네요."
11,0,0.0,1.0,2.727272727272727,1,네모 안에 들어갈 수 있는 수는 모두 몇 개인지를 구해보도록 하겠습니다.,네모 안에 들어갈 수 있는 수는 모두 몇 개인지를 구해보도록 하겠습니다.
15,1,0.06666666666666667,1.0,2.8461538461538463,0,첫번째 그림이 뽀글뽀글 파마를 한 n/ 파마 머리에 사람이네요. 자/ 그럼 첫 번째 그림에 동그라미,첫번째 그림이 뽀글뽀글 파마를 한 파마 머리에 사람이네요. 그럼 첫 번째 그림에 동그라미
22,0,0.0,0.8888888888888888,3.0555555555555554,1,"원주, 원주가 (y)/(와이)라면 원의 지름, 지름 곱하기 무엇이었죠? 반지, 쌈지 기억나시죠? 그렇죠 (3.14)/(삼 점 일 사) 곱하기 지름이었습니다. 지름 대신 (x)/(엑스)를 (둘게요)/(돌게요).","원주, 원주가 원의 지름, 지름 곱하기 무엇이었죠? 반지, 쌈지 기억나시죠? 그렇죠 점 일 사) 곱하기 지름이었습니다. 지름 대신"
6,1,0.16666666666666666,1.0,2.4,0,"이 몫이 바로 답이 되는 거니까,","몫이 바로 답이 되는 거니까,"
7,0,0.0,1.0,3.142857142857143,1,으르렁 드르렁 드르르르 푸우. 발을 구르는 거예요.,으르렁 드르렁 드르르르 푸우. 발을 구르는 거예요.
11,0,0.0,0.8,3.1,1,"몇백에 가깝게 생각을 하느냐, 백구십사 를 (200)/(이 백)에 가깝게 생각을 합니다,","몇백에 가깝게 생각을 하느냐, 백구십사 를 백)에 가깝게 생각을 합니다,"
24,0,0.0,0.6428571428571429,3.642857142857143,1,"작은 눈금을 세겠습니다 (1칸)/(한 칸), (2칸)/(두 칸), (3칸)/(세 칸), (4칸)/(네 칸), (5칸)/(다섯 칸), (6칸)/(여섯 칸), (7칸)/(일곱 칸)이에요 (7칸)/(일곱 칸)인데 (1칸)/(한 칸)은 (5%)/(오 퍼센트)다. 그러므로.","작은 눈금을 세겠습니다 칸), 칸), 칸), 칸), 칸), 칸), 칸)이에요 칸)인데 칸)은 퍼센트)다. 그러므로."
24,1,0.041666666666666664,0.9473684210526315,2.789473684210526,0,n/ 자/ (4번)/(사 번)도 정답이 되겠습니다. (5번)/(오 번) 볼게요. 요즘 말을 잘 안 들어서 속상하다고 하셨나요? 그거 아니라는 걸 친구들 잘 알 수 있습니다.,번)도 정답이 되겠습니다. 볼게요. 요즘 말을 잘 안 들어서 속상하다고 하셨나요? 그거 아니라는 걸 친구들 잘 알 수 있습니다.
12,0,0.0,1.0,3.0,1,그러니까 생활 속에서 시계를 여러분이 직접 보세요 초바늘이 움직이는 게 보일 거예요.,그러니까 생활 속에서 시계를 여러분이 직접 보세요 초바늘이 움직이는 게 보일 거예요.
27,1,0.037037037037037035,0.8181818181818182,3.0,0,"자리번호를 나타낸 거예요. 즉 이 바탕 그림은요, 어디에 모양과 같으냐면 (1층)/(일 층) 에 쌓여져 있는 모양과 같습니다. (1층)/(일 층) 의 모양과 같습니다. 자/ (이걸)/(요걸) 가지고 꾸욱 눌렀어.","자리번호를 나타낸 거예요. 즉 바탕 그림은요, 어디에 모양과 같으냐면 층) 에 쌓여져 있는 모양과 같습니다. 층) 의 모양과 같습니다. 가지고 꾸욱 눌렀어."
33,3,0.09090909090909091,0.9615384615384616,2.730769230769231,0,자/ 바로 n/ 이어서 이제 (3번)/(삼 번) 문제 볼게요. 이 시를 읽고 떠오르는 장면으로 가장 알맞은 것 어느 것인지 묻고 있죠? 자/ 이럴 때는 우리 보기를 보면서 하나씩 하나씩 비교해 보도록 하겠습니다. n/,바로 이어서 이제 문제 볼게요. 시를 읽고 떠오르는 장면으로 가장 알맞은 것 어느 것인지 묻고 있죠? 이럴 때는 우리 보기를 보면서 하나씩 하나씩 비교해 보도록 하겠습니다.
10,1,0.1,0.8888888888888888,2.6666666666666665,0,n/ 가장 큰 곱과 가장 작은 곱의 차를 구하시오라는 문제예요.,가장 큰 곱과 가장 작은 곱의 차를 구하시오라는 문제예요.
5,1,0.2,1.0,2.0,0,n/한창남 왜 윗옷을 안 벗니?,왜 윗옷을 안 벗니?
7,1,0.14285714285714285,1.0,3.3333333333333335,0,n/ 손님이 오시면 안녕하세요. 하고 인사를 해야지,손님이 오시면 안녕하세요. 하고 인사를 해야지
20,0,0.0,1.0,3.176470588235294,1,자/ (1번)/(한 번) 뒤집어볼까요 이렇게 왼쪽으로 뒤집습니다 그랬더니 처음 주어진 도형의 왼쪽과 오른쪽이 반대로 바뀌었구나 라는 걸 알 수 있어요.,뒤집어볼까요 이렇게 왼쪽으로 뒤집습니다 그랬더니 처음 주어진 도형의 왼쪽과 오른쪽이 반대로 바뀌었구나 라는 걸 알 수 있어요.
11,1,0.09090909090909091,0.8571428571428571,3.0,0,그 다음에 이렇게 이렇게 하면은 마이너스 (2A)/(이 에이) (3)/(세) 제곱 (X)/(엑스),다음에 이렇게 이렇게 하면은 마이너스 에이) 제곱
13,1,0.07692307692307693,1.0,2.4,0,o/ n/ 너무 길어지면 안 돼요. 길지 않게 간단하게 쉽게 쓰는 것이 (중요하고요)/(중요하구요).,너무 길어지면 안 돼요. 길지 않게 간단하게 쉽게 쓰는 것이
8,0,0.0,0.8,2.8,1,바로 다음에 있는 (2)/(이) 다음에 (3)/(삼) (3)/(삼)이 되네요.,바로 다음에 있는 다음에 되네요.
5,1,0.2,1.0,4.5,0,어/ 그러면 (여기)/(요기)다가 (ㅁ)/(미음)하나 써줘야겠다.,그러면 써줘야겠다.
10,1,0.1,1.0,3.6666666666666665,0,n/ 그러고는 다짜고짜 모래성 쌓기를 하고 있는 아이들의 놀잇감을 빼앗았습니다.,그러고는 다짜고짜 모래성 쌓기를 하고 있는 아이들의 놀잇감을 빼앗았습니다.
14,1,0.07142857142857142,0.9230769230769231,3.076923076923077,0,"여기 정사각형 모양이 있는데요, 이 정사각형 모양 안에 가능한 크고 정확한 원을 그려보려고 해요.","여기 정사각형 모양이 있는데요, 정사각형 모양 안에 가능한 크고 정확한 원을 그려보려고 해요."
5,0,0.0,1.0,3.6,1,스믈스믈 이렇게 표현하는 친구도 있어요.,스믈스믈 이렇게 표현하는 친구도 있어요.
1,0,0.0,0.0,0.0,1,(봐요)/(봐여).,
9,1,0.1111111111111111,1.0,3.7142857142857144,0,자/ 우리 친구들이 이/ 표시가 끝났으면요 바로 삼각자를 이용해서요.,우리 친구들이 표시가 끝났으면요 바로 삼각자를 이용해서요.
26,2,0.07692307692307693,0.9166666666666666,3.0416666666666665,0,n/ 보면 어떻게 될까요? 보시기 전에 이 문제가 뭐가 나올 거냐면 각기둥을 고르고 원기둥을 고르는 그런 문제가 나올 겁니다. 일단 각기둥과 원기둥에 대한 설명을 비교해 보겠습니다.,보면 어떻게 될까요? 보시기 전에 문제가 뭐가 나올 거냐면 각기둥을 고르고 원기둥을 고르는 그런 문제가 나올 겁니다. 일단 각기둥과 원기둥에 대한 설명을 비교해 보겠습니다.
13,2,0.15384615384615385,1.0,3.0,0,자/ 삼각형 종류 우리 친구들 n/ 변의 길이에 따라서 (2개)/(두 개)를 n/ 배웠습니다.,삼각형 종류 우리 친구들 변의 길이에 따라서 개)를 배웠습니다.
16,0,0.0,1.0,2.5,1,와/ (1번)/(일 번)에 정답이 딱 나와 있습니다. 여러분 (1번)/(일 번) 정답이라는 걸 쉽게 알 수 있죠?,번)에 정답이 딱 나와 있습니다. 여러분 정답이라는 걸 쉽게 알 수 있죠?
7,0,0.0,1.0,2.5714285714285716,1,"어기는 안 하냐 속상하지 않아 꿈꾸는 동안,","어기는 안 하냐 속상하지 않아 꿈꾸는 동안,"
16,1,0.0625,1.0,3.75,0,n/ 우리 친구들이라면 해낼 줄 알았어요. 자/ (5행시)/(오 행시)가 완성되었습니다. 여러분의 경험이 듬뿍 담겨있는 (5행시)/(오 행시).,우리 친구들이라면 해낼 줄 알았어요. 행시)가 완성되었습니다. 여러분의 경험이 듬뿍 담겨있는 행시).
3,1,0.3333333333333333,1.0,3.0,0,"n/ 기준이 되는,","기준이 되는,"
7,0,0.0,0.8,2.6,1,아이구/! 우리 꽃돼지 왔어? 아이구/! 우리 돼지.,우리 꽃돼지 왔어? 우리 돼지.
5,1,0.2,1.0,2.6666666666666665,0,자/ 그 다음 두 번째는요.,다음 두 번째는요.
22,1,0.045454545454545456,1.0,3.1052631578947367,0,n/ 자/ 요거부터는 맨 앞에 네오 나온 내용이 주인공이 되겠는데요. 따라서 여기에는 친절한 사람은 이웃에게 관심을 가지는 사람이다. 바로 이런 말이 (되겠고요)/(되겠구요).,요거부터는 맨 앞에 네오 나온 내용이 주인공이 되겠는데요. 따라서 여기에는 친절한 사람은 이웃에게 관심을 가지는 사람이다. 바로 이런 말이
25,2,0.08,0.9047619047619048,3.3333333333333335,0,"재미도 (있고요)/(있구요), 그리고 전래동화는 교훈도 담겨 있다니까요. n/ 그래서 우리 친구들이 전래동화를 다 좋아하잖아요. 정답은 n/ 바로 바로 바로 (5번)/(오 번)입니다. 여러분 아주 잘 하셨네요.",재미도 그리고 전래동화는 교훈도 담겨 있다니까요. 그래서 우리 친구들이 전래동화를 다 좋아하잖아요. 정답은 바로 바로 바로 번)입니다. 여러분 아주 잘 하셨네요.
4,0,0.0,1.0,2.5,1,자/ 이게 뭐냐면 짜자잔/,이게 뭐냐면
5,0,0.0,1.0,2.6,1,아야 아파. 내 책임 아니거든?,아야 아파. 내 책임 아니거든?
6,1,0.16666666666666666,1.0,3.0,0,n/ 나하고 같이 가서 먹지 않았겠느냐?,나하고 같이 가서 먹지 않았겠느냐?
5,1,0.2,1.0,3.25,0,번호 순서대로 썼으니 이 사이에는,번호 순서대로 썼으니 사이에는
8,1,0.125,1.0,3.0,0,n/ (4)/(넷) (5)/(다섯) (6)/(여섯) (6송이)/(여섯 송이)씩 꽃병 (1)/(하나),송이)씩 꽃병
4,0,0.0,1.0,4.333333333333333,1,자/ 친구들 덧셈과 마찬가지로요.,친구들 덧셈과 마찬가지로요.
23,0,0.0,1.0,3.0,1,자/ 먼저 (1시간)/(한 시간)에 이시+ (20)/(이십)과 오 분의 사 (l)/(리터)씩 물이 나온다고 했는데요. 알고자 하는 건 (1시간)/(한 시간) (15분)/(십오 분)입니다. (1시간)/(한 시간)을 넘어섰죠?,먼저 시간)에 이시+ 오 분의 사 물이 나온다고 했는데요. 알고자 하는 건 시간) 분)입니다. 시간)을 넘어섰죠?
14,1,0.07142857142857142,0.9090909090909091,3.1818181818181817,0,그렇죠. n/ (150원)/(백 오십 원)과 같겠죠? 지우개 값은 남은 돈과 같습니다. (150원)/(백 오십 원)입니다.,그렇죠. 오십 원)과 같겠죠? 지우개 값은 남은 돈과 같습니다. 오십 원)입니다.
16,1,0.0625,1.0,3.357142857142857,0,"아/ 고걸 생각하면 혹시 이런 모습은 아닐까 생각해볼 수가 있겠지. 자/ 성성하다, 군데군데 희끗희끗하다 그런 뜻이야.","고걸 생각하면 혹시 이런 모습은 아닐까 생각해볼 수가 있겠지. 성성하다, 군데군데 희끗희끗하다 그런 뜻이야."
21,1,0.047619047619047616,1.0,2.7058823529411766,0,옆면 그리고 높이 이/ (3가지)/(세 가지)는 기본적으로 여러분들이 꼭 알고 있어야 하는 내용 이고 거기에 (1)/(하나) 덧붙여서 (1)/(하나) 더 뭘 알아라.,옆면 그리고 높이 가지)는 기본적으로 여러분들이 꼭 알고 있어야 하는 내용 이고 거기에 덧붙여서 더 뭘 알아라.
4,1,0.25,1.0,3.0,0,n/ 그게 무슨 음식이죠?,그게 무슨 음식이죠?
4,0,0.0,1.0,4.75,1,초등학교 교실. 우리가 초등학생이잖아요.,초등학교 교실. 우리가 초등학생이잖아요.
24,0,0.0,0.8,2.533333333333333,1,"그래요. 그래서 자/ (6)/(육) 분의 (2)/(이)와 [육] 분의 (6)/(육) 분의(3)/(삼)은요. (6)/(육) 분의 (1)/(일)보다는 크고, 그리고 (6)/(육) 분의 (4)/(사)보다는 작은 분수라는 것을 알 수 있겠죠.","그래요. 그래서 분의 [육] 분의 분의 크고, 그리고 분의 작은 분수라는 것을 알 수 있겠죠."
15,0,0.0,0.9285714285714286,3.142857142857143,1,자/ 여기까지 내용 익히면서 지금까지 배운 내용 우리 고순이하고 다람이는 어떻게 정리를 했는지 한번 볼까요?,여기까지 내용 익히면서 지금까지 배운 내용 우리 고순이하고 다람이는 어떻게 정리를 했는지 한번 볼까요?
11,1,0.09090909090909091,1.0,2.125,0,(40)/(사십)으로 나누면 그 몫 (3)/(삼)이 됩니다 라고 말할 수 있는 거죠.,나누면 몫 됩니다 라고 말할 수 있는 거죠.
33,0,0.0,0.9354838709677419,3.0,1,자/ 우리 그게 안되면 다시 푸는 거에요. 예상하고+ 예상하면 얼마를 내야 됩니까. 이걸 선생님이요. 쉽게 얘기하면 여러분 찍기 하죠 찍기 야/ 수학 문제 몰라 그럼 찍어 이렇게 얘기하잖아요. 이것도 찍기에요. 예상을 하는 거에요.,우리 그게 안되면 다시 푸는 거에요. 예상하고+ 예상하면 얼마를 내야 됩니까. 이걸 선생님이요. 쉽게 얘기하면 여러분 찍기 하죠 찍기 수학 문제 몰라 그럼 찍어 이렇게 얘기하잖아요. 이것도 찍기에요. 예상을 하는 거에요.
23,0,0.0,0.8571428571428571,2.6666666666666665,1,여기 보니 몇 묶음으로 똑같이 나누었을 때 (1묶음)/(한 묶음)의 수 구하기 라는 표현이 주어져 있네요 여기서는 (1묶음)/(한 묶음)의 수 라는 것을 살펴야 합니다.,여기 보니 몇 묶음으로 똑같이 나누었을 때 묶음)의 수 구하기 라는 표현이 주어져 있네요 여기서는 묶음)의 수 라는 것을 살펴야 합니다.
3,1,0.3333333333333333,1.0,4.0,0,n/ o/ 누구지?,누구지?
8,1,0.125,1.0,3.0,0,"어/ 꼭 문제가 아예 없는, 그런 명판결이기만 했을까?","꼭 문제가 아예 없는, 그런 명판결이기만 했을까?"
13,1,0.07692307692307693,0.9166666666666666,2.6666666666666665,0,지금 주민이의 말에 n/ 뭐하고 있는 거예요? 다시 한번 공감을 하고 있는 것이죠?,지금 주민이의 말에 뭐하고 있는 거예요? 다시 한번 공감을 하고 있는 것이죠?
21,0,0.0,0.9333333333333333,2.7333333333333334,1,(8)/(팔)의 배수 들어본 적이 없잖아요 그런데 우리가 알기로 (2)/(이) 이걸 이걸 제 (2)/(이)의 (A)/(에이) 더하기 (2)/(이) (B)/(비) 제곱하고 똑같은 것 아닙니까?,배수 들어본 적이 없잖아요 그런데 우리가 알기로 이걸 이걸 제 더하기 제곱하고 똑같은 것 아닙니까?
5,1,0.2,1.0,3.0,0,n/ 한글이네 집엔 (ㅂ)/(비읍)자도 있지.,한글이네 집엔 있지.
3,0,0.0,1.0,4.333333333333333,1,서술어에는 무엇이 무엇이다.,서술어에는 무엇이 무엇이다.
26,0,0.0,0.9565217391304348,2.9565217391304346,1,책 값은 아까 (3500원)/(삼천 오백 원)이나 썼죠? 그리고 끝으로 저금. 자/ 저금액은 (3000원)/(삼천 원)이었으니까 이렇게 붙여주고요. 우리 친구들은 아마 이렇게 자를 대고 직접 그려야 할 건데요.,책 값은 아까 오백 원)이나 썼죠? 그리고 끝으로 저금. 저금액은 원)이었으니까 이렇게 붙여주고요. 우리 친구들은 아마 이렇게 자를 대고 직접 그려야 할 건데요.
3,1,0.3333333333333333,1.0,4.0,0,그래도 먹어야지. n/,그래도 먹어야지.
11,2,0.18181818181818182,1.0,3.3333333333333335,0,그런데! n/ 이 도끼에 죽은 것은 검은 고양이가 아니라 자신의 아내였습니다.,그런데! 도끼에 죽은 것은 검은 고양이가 아니라 자신의 아내였습니다.
4,0,0.0,1.0,3.5,1,됐죠. 이게 두번째 방법이에요.,됐죠. 이게 두번째 방법이에요.
16,0,0.0,0.9375,3.0625,1,우리 지난 시간에는 제곱근의 곱셈과 나눗셈 혼합 계산까지 다뤄봤는데 계산이 참 많아서 우리 친구들 힘들었을 거예요.,우리 지난 시간에는 제곱근의 곱셈과 나눗셈 혼합 계산까지 다뤄봤는데 계산이 참 많아서 우리 친구들 힘들었을 거예요.
6,1,0.16666666666666666,1.0,3.2,0,n/ 이야기를 꾸몄을 때 생각할 점입니다.,이야기를 꾸몄을 때 생각할 점입니다.
7,0,0.0,1.0,4.0,1,그렇죠. 오늘의 정답은 눈입니다. 그렇다면 힌트 정리해볼까요?,그렇죠. 오늘의 정답은 눈입니다. 그렇다면 힌트 정리해볼까요?
8,1,0.125,1.0,3.5,0,자/ 그러면 이 문단에서는 과연 무엇이 중심 문장일까요?,그러면 문단에서는 과연 무엇이 중심 문장일까요?
7,0,0.0,1.0,3.8333333333333335,1,(60)/(육십)이지요 왜냐고? (10의 자리)(십 의 자리)에 있으니까.,왜냐고? (10의 자리)(십 의 자리)에 있으니까.
24,0,0.0,0.9166666666666666,3.0416666666666665,1,해야 한답니다. 우리 조사한 결과를 표로 정리 할 때 주의할 점은 자료를 빠트리거나 중복되지 않도록 중복되지 않도록 세워서 나타내야 하는데요. 빠트리는 자료가 있으면 그것은,해야 한답니다. 우리 조사한 결과를 표로 정리 할 때 주의할 점은 자료를 빠트리거나 중복되지 않도록 중복되지 않도록 세워서 나타내야 하는데요. 빠트리는 자료가 있으면 그것은
4,0,0.0,0.75,2.5,1,둘째 근거 둘째 나왔죠?,둘째 근거 둘째 나왔죠?
10,2,0.2,1.0,3.2,0,n/ 자/ 이제 우리 어/ 받침 글자들을 (1번)/(한 번) 만들어볼까?,이제 우리 받침 글자들을 만들어볼까?
20,0,0.0,0.7142857142857143,2.5714285714285716,1,자/ 어린이 (1명)/(한 명)일 때 어른은 (5)/(다섯) 명이 되겠죠? 그러면 (2명)/(두 명)일 때 (3명)/(세 명)일 때 (4)/(네) 명일 때같이 볼게요.,어린이 명)일 때 어른은 명이 되겠죠? 그러면 명)일 때 명)일 때 명일 때같이 볼게요.
10,0,0.0,1.0,2.5,1,남들 걸 보고 따라 하지만 말고 니 스스로 알아서 찾아내야지.,남들 걸 보고 따라 하지만 말고 니 스스로 알아서 찾아내야지.
12,1,0.08333333333333333,1.0,3.0,0,삼각형이니까 대응점 대응변 대응각 이 각각 (3쌍)/(세 쌍)씩 있음을 알 수 있습니다.,삼각형이니까 대응점 대응변 대응각 각각 쌍)씩 있음을 알 수 있습니다.
5,0,0.0,1.0,3.8,1,다른 그림들도 보면서 이야기를 만들어봐요.,다른 그림들도 보면서 이야기를 만들어봐요.
23,6,0.2608695652173913,0.9375,3.4375,0,o/ 맞습니다. n/ 그래서 세종대왕도 계시고 n/ 이순신장군도 계시고 n/ 링컨대통령 퀴리부인 n/ 이 모두가 n/ 우리에게 좋은 선생님이 될 수 있는 것이죠.,맞습니다. 그래서 세종대왕도 계시고 이순신장군도 계시고 링컨대통령 퀴리부인 모두가 우리에게 좋은 선생님이 될 수 있는 것이죠.
9,1,0.1111111111111111,1.0,2.75,0,그렇죠. 그러면 우리가 여기서 이 사실을 알 수 있어요.,그렇죠. 그러면 우리가 여기서 사실을 알 수 있어요.
3,0,0.0,1.0,3.0,1,"있는 것을 살펴보니,","있는 것을 살펴보니,"
25,1,0.04,0.8571428571428571,2.238095238095238,0,자/ 모눈 (1칸)/(한 칸)을 단위 넓이로 했을 때 이 모눈 (1칸)/(한 칸)이 각+ 각의 몇 개가 들어가 있는지 세보면 각+ 각의 크기를 알 수 있겠죠.,모눈 칸)을 단위 넓이로 했을 때 모눈 칸)이 각+ 각의 몇 개가 들어가 있는지 세보면 각+ 각의 크기를 알 수 있겠죠.
20,1,0.05,1.0,3.4444444444444446,0,"자/ 그러면 이제 평행사변형 삼각형. 요것에 대해서 알아봤으니까, 우리 한번 새로운 것에 도전해 보도록 하죠. 함께 보시겠습니다. 도형 n/ 나와주세요!","그러면 이제 평행사변형 삼각형. 요것에 대해서 알아봤으니까, 우리 한번 새로운 것에 도전해 보도록 하죠. 함께 보시겠습니다. 도형 나와주세요!"
2,0,0.0,1.0,2.5,1,다 됐어요?,다 됐어요?
3,0,0.0,1.0,3.3333333333333335,1,아침에 했어요. 아침.,아침에 했어요. 아침.
14,2,0.14285714285714285,1.0,3.272727272727273,0,"b/ 다섯번째는요, n/ 상대편을 배려하는 말이나 행동을 합니다 라고 생각해 볼 수 있습니다. n/","다섯번째는요, 상대편을 배려하는 말이나 행동을 합니다 라고 생각해 볼 수 있습니다."
17,1,0.058823529411764705,1.0,3.533333333333333,0,이 문제에서는요 직육면체의 모든 모서리의 길이의 합이 주어져 있고요 우리 (3종류)/(세 종류)의 모서리중에서 한 종류의 모서리를 모릅니다.,문제에서는요 직육면체의 모든 모서리의 길이의 합이 주어져 있고요 우리 종류)의 모서리중에서 한 종류의 모서리를 모릅니다.
3,0,0.0,1.0,4.0,1,상자모양이 됩니다. 그러면,상자모양이 됩니다. 그러면
8,1,0.125,1.0,4.0,0,n/ 마다 이렇게 나눴어요. 어때요? 나눴습니다. 자/ (여기는)/(요기는)?,마다 이렇게 나눴어요. 어때요? 나눴습니다.
3,0,0.0,1.0,3.0,1,곱하기 (1)/(일)을 (해주고요)/(해주구요).,곱하기
9,0,0.0,1.0,2.4444444444444446,1,그러면 마주 보는 변 선생님 길이가 같은 거 맞잖아요.,그러면 마주 보는 변 선생님 길이가 같은 거 맞잖아요.
4,1,0.25,1.0,2.0,0,음 / b/ 그래,그래
9,0,0.0,1.0,3.0,1,자/ 그러면 이제 두 번째 학습내용으로 넘어가 보도록 할게요.,그러면 이제 두 번째 학습내용으로 넘어가 보도록 할게요.
9,0,0.0,1.0,3.4444444444444446,1,우리도 통일에 대해 관심을 가져야 한다고 생각하면서 쭉 적어놓으셨는데.,우리도 통일에 대해 관심을 가져야 한다고 생각하면서 쭉 적어놓으셨는데.
26,1,0.038461538461538464,0.9333333333333333,2.6,0,"이+ (ㅌ)/(티긑) (ㅋ)/(키역) (ㅎ)/(히읗)을 밑면으로 해서 한번 접어볼까요 그러면 이것이 세어지니까 어떻게 될까요 네/ 점 (ㅍ)/(피읖)과 만나게 (되고요)/(되구요) 또 자/ 이 변 (ㄱ)/(기역) (ㅇ)/(이응)과 변 (ㅈ)/(지읒),",이+ 밑면으로 해서 한번 접어볼까요 그러면 이것이 세어지니까 어떻게 될까요 점 만나게 또 변 변
10,0,0.0,1.0,1.8571428571428572,1,"(1)/(일) 의 자리의 값이 (1)/(일) 인 경우를 제외 (하고요)/(하구요) ,","의 자리의 값이 인 경우를 제외 ,"
9,1,0.1111111111111111,1.0,3.0,0,n/ 아휴 맛있겠네. 삼촌 근데 아까부터 (왜)/(와) (저를)/(지를) (부르시나요)/(부르는기요)?,아휴 맛있겠네. 삼촌 근데 아까부터
3,0,0.0,1.0,3.0,1,"왜? 좋아서 아니죠,","왜? 좋아서 아니죠,"
6,1,0.16666666666666666,1.0,2.4,0,n/ 아이가 엄마랑 숲 속에 갔어.,아이가 엄마랑 숲 속에 갔어.
13,0,0.0,0.9230769230769231,3.230769230769231,1,"찾아서 동그라미 표하라고 했으니까, 우리는 세 번째 수에 이렇게 동그라미 표시해주면 되는 거예요.","찾아서 동그라미 표하라고 했으니까, 우리는 세 번째 수에 이렇게 동그라미 표시해주면 되는 거예요."
6,1,0.16666666666666666,0.8,2.8,0,"이 무렵 우리의 겨레, 우리의 민족은","무렵 우리의 겨레, 우리의 민족은"
5,1,0.2,1.0,3.0,0,n/ / 자/ 문장 볼게요.,문장 볼게요.
20,2,0.1,0.8235294117647058,2.588235294117647,0,음 짝이 되는 개가 있다 반려묘 그러면 짝이 되는 애완동물로 키우는 음 고양이가 있다 이런 뜻이지 날 좀 키워보라구 l/.,짝이 되는 개가 있다 반려묘 그러면 짝이 되는 애완동물로 키우는 고양이가 있다 이런 뜻이지 날 좀 키워보라구
5,0,0.0,1.0,3.6,1,왔던 길로 되돌아가라고 했어요? 아니오.,왔던 길로 되돌아가라고 했어요? 아니오.
8,1,0.125,1.0,3.0,0,"n/ 직선을 반으로 잘랐으니 반 반자를 써서, 반직선!","직선을 반으로 잘랐으니 반 반자를 써서, 반직선!"
21,0,0.0,1.0,2.7142857142857144,1,그네를 막 서너 명이 한 번에 달려붙 달라붙어서 타거나 이런 것들을 볼 수 있잖아요 그러니까 놀이터에 있는 시설을 함부로 훼손하지 맙시다.,그네를 막 서너 명이 한 번에 달려붙 달라붙어서 타거나 이런 것들을 볼 수 있잖아요 그러니까 놀이터에 있는 시설을 함부로 훼손하지 맙시다.
12,0,0.0,1.0,3.4166666666666665,1,여러분 이러한 그림을 뭐라고 했죠? 지난 시간에 공부했는데 네. 직육면체의 겨냥도라고 합니다.,여러분 이러한 그림을 뭐라고 했죠? 지난 시간에 공부했는데 네. 직육면체의 겨냥도라고 합니다.
15,3,0.2,1.0,2.9,0,"n/ 요렇게 나는 뚜껑의 n/ 진화. 캔 따개의 (진화였고요)/(진화였구요), 다는 n/ 과학 원리였습니다. 자/ 그다음",요렇게 나는 뚜껑의 진화. 캔 따개의 다는 과학 원리였습니다. 그다음
23,1,0.043478260869565216,0.8666666666666667,3.533333333333333,0,자/ 그럼 보기 볼까요? 웃는 목소리로 정답게 말합니다. (이것)/(요곳)이 정답이죠. 자/ 정답은 n/ (1번)/(일 번). 자/ (2번)/(이 번) 보세요. 울먹이는 목소리로 힘없이 말합니다.,그럼 보기 볼까요? 웃는 목소리로 정답게 말합니다. 정답이죠. 정답은 번). 보세요. 울먹이는 목소리로 힘없이 말합니다.
10,3,0.3,0.8333333333333334,2.8333333333333335,0,b/ 내가 뭐 했었지? 아/ 기억이 안 난다. 뭐 했었지?,내가 했었지? 기억이 안 난다. 했었지?
5,0,0.0,1.0,4.0,1,공약수겠구나라는 것을 우리가 알아야 됩니다.,공약수겠구나라는 것을 우리가 알아야 됩니다.
13,0,0.0,1.0,4.0,1,아래(것도)/(껏도) 마찬가지 (35)/(삼십 오)분의 (3)/(삼)으로 표현이 되는구나. 나눗셈식 (2가지)/(두 가지)를 만들고 계산해 보았답니다.,마찬가지 오)분의 표현이 되는구나. 나눗셈식 가지)를 만들고 계산해 보았답니다.
29,2,0.06896551724137931,1.0,2.6956521739130435,0,"n/ 그리고 또 (1)/(하나)의 뜻이 있어요 어떤 뜻이냐, 하면 모범이나 교훈이 될만한 사실 즉 본보기를 뜻하는 말 이죠, 자/ 그렇다면 이 시점에서 우리 문제 (1)/(하나) 풀고 갈게요 자/ 문제는.","그리고 또 뜻이 있어요 어떤 뜻이냐, 하면 모범이나 교훈이 될만한 사실 즉 본보기를 뜻하는 말 이죠, 그렇다면 시점에서 우리 문제 풀고 갈게요 문제는."
10,0,0.0,0.8,1.9,1,삼 분의 오 그럼 빼 주니까 삼 분의 사가 되네요.,삼 분의 오 그럼 빼 주니까 삼 분의 사가 되네요.
3,0,0.0,1.0,3.6666666666666665,1,이게 무슨 게임이냐고요?,이게 무슨 게임이냐고요?
21,0,0.0,0.9411764705882353,3.0,1,자/ (90)/(구십)과 (85)/(팔십 오)를 비교하니까 (90)/(구십)이 더 크잖아요. 그러니까 어느 자동차가 더 빠른 거예요? 가 자동차입니다 라고 답을 구할 수가 있습니다.,오)를 비교하니까 더 크잖아요. 그러니까 어느 자동차가 더 빠른 거예요? 가 자동차입니다 라고 답을 구할 수가 있습니다.
9,1,0.1111111111111111,1.0,2.4285714285714284,0,n/ 초바늘이 시계를 (5바퀴)/(다섯 바퀴) 돈 시간은 몇 분?,초바늘이 시계를 바퀴) 돈 시간은 몇 분?
3,0,0.0,1.0,4.0,1,으쓱으쓱 이렇게 올렸겠죠.,으쓱으쓱 이렇게 올렸겠죠.
17,1,0.058823529411764705,1.0,2.75,0,"어/ 내가 여우랑 같이 약속을 했어. 토끼네 집에 놀러 가자고. 이런 개인적인 약속이 아니라 국가와 국가 간에,","내가 여우랑 같이 약속을 했어. 토끼네 집에 놀러 가자고. 이런 개인적인 약속이 아니라 국가와 국가 간에,"
4,0,0.0,1.0,3.0,1,이걸 가지고 싸운다는 거죠.,이걸 가지고 싸운다는 거죠.
15,1,0.06666666666666667,1.0,2.75,0,자/ 이 수들의 합을 구하는 방법에는 여러 가지가 있을 텐데 자/ 먼저 어떤 방법이 있을까요?,수들의 합을 구하는 방법에는 여러 가지가 있을 텐데 먼저 어떤 방법이 있을까요?
6,0,0.0,1.0,2.4,1,(9개)/(아홉 개) 무게를 구할 수 있어요.,개) 무게를 구할 수 있어요.
3,1,0.3333333333333333,1.0,2.5,0,n/ 김치 만두.,김치 만두.
24,1,0.041666666666666664,0.9565217391304348,2.9565217391304346,0,n/ 수강후기 게시판에 정답을 많이 많이 올려 주세요 여러분들이 수학과 친한 친구가 되는 그날까지 선생님이 함께 하겠습니다 그러면 우리는 다음 시간에 또 만나요 안녕.,수강후기 게시판에 정답을 많이 많이 올려 주세요 여러분들이 수학과 친한 친구가 되는 그날까지 선생님이 함께 하겠습니다 그러면 우리는 다음 시간에 또 만나요 안녕.
12,1,0.08333333333333333,1.0,3.8,0,N/ 자 그러면 그 자음자와 모음자가 만나서 어떻게 글자가 만들어지는지 알아보도록 하겠습니다.,자 그러면 자음자와 모음자가 만나서 어떻게 글자가 만들어지는지 알아보도록 하겠습니다.
12,1,0.08333333333333333,1.0,2.3333333333333335,0,n/ (24)/(이십 사) 나누기 (3)/(삼)을 해도 여기 네모의 값을 구할 수 있어요.,사) 나누기 해도 여기 네모의 값을 구할 수 있어요.
16,1,0.0625,1.0,3.0,0,"n/(1)/(하나),n/(2)/(둘),n/(3)/(셋) 아하/ 몇 (cm)/(센티미터) (6cm)/(육 센티미터) (12)/(십 이)의 (6분의 3)/(육분의 삼) (6)/(육)이구나라는 것을 확인할 수 있겠습니다.",몇 센티미터) 이)의 (6분의 삼) 것을 확인할 수 있겠습니다.
13,4,0.3076923076923077,1.0,3.4444444444444446,0,n/ 아/ 그런데요 우리는 지금 그 계절를 알아야 하는데요. 그 계절이 도대체 뭐냐고요.,그런데요 우리는 지금 계절를 알아야 하는데요. 계절이 도대체 뭐냐고요.
23,0,0.0,0.8421052631578947,2.8421052631578947,1,자/ 합동인 도형을 만들 때는 종이를 적절하게 잘라서 만들어볼 수 있는데요. 자/ 먼저 서로 합동인 (3)/(삼)각형 (2개)/(두 개)를 만들면 이렇게 만들 수 있습니다.,합동인 도형을 만들 때는 종이를 적절하게 잘라서 만들어볼 수 있는데요. 먼저 서로 합동인 개)를 만들면 이렇게 만들 수 있습니다.
12,1,0.08333333333333333,1.0,3.5,0,그래서 이 선대칭도형의 전체의 둘레는 (28cm)/(이십 팔 센티미터) 이렇게 적어주면 되는 것입니다.,그래서 선대칭도형의 전체의 둘레는 팔 센티미터) 이렇게 적어주면 되는 것입니다.
18,1,0.05555555555555555,0.9411764705882353,3.1176470588235294,0,"이 이야기가 어떤 이야기인지 딱 한 문장으로 정리해보면요, 시골을 배경으로 한 소년과 소녀의 순수한 사랑을 담은 소설 소나기를,","이야기가 어떤 이야기인지 딱 한 문장으로 정리해보면요, 시골을 배경으로 한 소년과 소녀의 순수한 사랑을 담은 소설 소나기를,"
13,0,0.0,0.9090909090909091,2.8181818181818183,1,(2번)/(이 번) 선지에서 소비 학파의 견해에 해당되는 내용을 생산 학파에 해당되는 것인 양,선지에서 소비 학파의 견해에 해당되는 내용을 생산 학파에 해당되는 것인 양
9,1,0.1111111111111111,1.0,3.125,0,우리 지난 시간에 쌩글이 선생님이 어떻게 설명을 하셨더라. n/,우리 지난 시간에 쌩글이 선생님이 어떻게 설명을 하셨더라.
24,1,0.041666666666666664,0.9545454545454546,3.227272727272727,0,초과 미만이 서로 짝을 지어있습니다. 왜 그렇게 짝을 지었는지 그 비밀을 캐어보도록 하겠습니다. 먼저 우리 친구들 교재 준비되셨죠. (60쪽)/(육십 쪽) 보면서 이상과 이하 알아볼게요.,초과 미만이 서로 짝을 지어있습니다. 왜 그렇게 짝을 지었는지 비밀을 캐어보도록 하겠습니다. 먼저 우리 친구들 교재 준비되셨죠. 쪽) 보면서 이상과 이하 알아볼게요.
16,0,0.0,1.0,2.5625,1,분해하는 거라고 했잖아요 그러니까 엔진 분해 유리 타이어 핸들 차체 요런 것 따위로 나눌 수가 있죠.,분해하는 거라고 했잖아요 그러니까 엔진 분해 유리 타이어 핸들 차체 요런 것 따위로 나눌 수가 있죠.
6,0,0.0,1.0,2.8333333333333335,1,그래서 영석이가 한 윗목 일으키기의 수.,그래서 영석이가 한 윗목 일으키기의 수.
5,1,0.2,1.0,3.0,0,그런데 어/ 친구들을 잘 보세요.,그런데 친구들을 잘 보세요.
38,1,0.02631578947368421,0.9615384615384616,2.8076923076923075,0,이거 직각 (3각형)/(삼각형)이네요. 그리고 (3점)/(세 점) (D)/(디) (E)/(이) (F)/(에프) 는 접점이라고 하고 선분 (A)/(에이) (B)/(비) (A)/(에이) 길이는 (12)/(십 이) 센티미터 그리고 내접원에 자/ 이거는 잠깐 밑줄 그어 놓을 게요. 내접원의 넓이가 (4)/(사) 파이 제곱 [일곱] 센티미터야. 어/ 그러면,이거 직각 그리고 점) 는 접점이라고 하고 선분 길이는 이) 센티미터 그리고 내접원에 이거는 잠깐 밑줄 그어 놓을 게요. 내접원의 넓이가 파이 제곱 [일곱] 센티미터야. 그러면
12,0,0.0,0.9,3.1,1,"인형이 (4)/(넷), 인형이 모두 (4개)/(네 개)네요. 이것을 곱셈식으로 어떻게 나타낼 수 있죠?",인형이 인형이 모두 개)네요. 이것을 곱셈식으로 어떻게 나타낼 수 있죠?
10,0,0.0,1.0,2.7142857142857144,1,"자/ 그럼, 우리 두 번째 옷 살펴볼게요.(60)/(육십) 나누기 (9)/(구)를 계산할거에요.","그럼, 우리 두 번째 옷 나누기 계산할거에요."
11,0,0.0,1.0,3.0,1,(90도)/(구십 도) 곱하기 (4)/(사) 이기 때문에 그렇죠 (360도)/(삼백 육십 도)가 되겠습니다.,도) 곱하기 이기 때문에 그렇죠 육십 도)가 되겠습니다.
5,0,0.0,1.0,3.4,1,여러분이 원하시는 걸 고르시면 되고요.,여러분이 원하시는 걸 고르시면 되고요.
25,0,0.0,0.96,3.04,1,음식을 만들거나 집을 따뜻하게 하려고 불을 밝히려고 가스나 전기를 쓴다. 또 자동차를 타고 다니려면 석유가 필요하며 공장에서 생활에 필요한 물건을 만들 때도 많은 전기를 사용한다.,음식을 만들거나 집을 따뜻하게 하려고 불을 밝히려고 가스나 전기를 쓴다. 또 자동차를 타고 다니려면 석유가 필요하며 공장에서 생활에 필요한 물건을 만들 때도 많은 전기를 사용한다.
5,1,0.2,1.0,2.0,0,n/ 그럼 뿌미도 잘 봐.,그럼 뿌미도 잘 봐.
5,1,0.2,1.0,2.0,0,n/ 어우/ 율동 잘 알죠!,율동 잘 알죠!
6,0,0.0,1.0,2.4,1,"목. 예 묘목. 묘목이 (뭐라고요)/(뭐라구요) 어린,","목. 예 묘목. 묘목이 어린,"
29,0,0.0,0.9090909090909091,3.409090909090909,1,(1km)/(일 킬로미터)가 (1000m)/(천 미터)와 같다라고 했으니까 (3km)/(삼 킬로미터)는 (3000m)/(삼천 미터)와 같은 거예요 이게 (3000m)/(삼천 미터)와 같군요 그런데 그보다 (400m)/(사백 미터)가 더 긴 길이이기 때문에 (3400m)/(삼천 사백 미터)로 나타내주면 돼요.,킬로미터)가 미터)와 같다라고 했으니까 킬로미터)는 미터)와 같은 거예요 이게 미터)와 같군요 그런데 그보다 미터)가 더 긴 길이이기 때문에 사백 미터)로 나타내주면 돼요.
15,1,0.06666666666666667,0.9285714285714286,3.0714285714285716,0,여기에도 맞춰보고 또 자기 맞춰보고 같은 모양이 있는 자리를 골라내서 그 자리에 꽉 집어넣으면 된다고요.,여기에도 맞춰보고 또 자기 맞춰보고 같은 모양이 있는 자리를 골라내서 자리에 꽉 집어넣으면 된다고요.
4,0,0.0,1.0,3.0,1,b/ 나는 어떤 모습이야?,나는 어떤 모습이야?
23,0,0.0,1.0,2.6315789473684212,1,"자/ 다시 (1번)/(한 번) 정리해 볼게요. 단위 분수는 분모의 크기가 작을수록 더 큰 수다 라는 것을 알 수 있습니다. 자/ 생각해 보세요. 친구들,","다시 정리해 볼게요. 단위 분수는 분모의 크기가 작을수록 더 큰 수다 라는 것을 알 수 있습니다. 생각해 보세요. 친구들,"
2,1,0.5,1.0,5.0,0,"n/ 너희들을,","너희들을,"
8,0,0.0,1.0,2.875,1,네모 안에 알맞은 수를 구하면 되는 겁니다. 정리됐죠?,네모 안에 알맞은 수를 구하면 되는 겁니다. 정리됐죠?
5,0,0.0,1.0,3.4,1,방송은 아이들에게 영향을 많이 주잖아.,방송은 아이들에게 영향을 많이 주잖아.
45,3,0.06666666666666667,0.9428571428571428,3.0,0,n/ 다음 문제 (3번)/(삼 번)은요. 분모가 (6)/(육)인 대분수입니다. 대분수는 자연수와 아/ 진분수로 표현을 할 수가 있습니다. 자/ 그런데 너무 많아요. 너무 많으니까 몇 개만 표시해라 (3개)/(세 개)만 써라. 자/ 그 외 선생님이 쓴 것 말고도 다른 것들이 있어요. 그런데 선생님은 (1)/(일)과 (6분의 1)/(육 분의 일).,다음 문제 번)은요. 분모가 대분수입니다. 대분수는 자연수와 진분수로 표현을 할 수가 있습니다. 그런데 너무 많아요. 너무 많으니까 몇 개만 표시해라 개)만 써라. 외 선생님이 쓴 것 말고도 다른 것들이 있어요. 그런데 선생님은 (6분의 분의 일).
12,0,0.0,1.0,3.3636363636363638,1,따라서 이러한 소비자들의 마음을 설득하려면 여러 가지 다양한 표현 방법을 사용하겠죠. 자/,따라서 이러한 소비자들의 마음을 설득하려면 여러 가지 다양한 표현 방법을 사용하겠죠.
9,0,0.0,1.0,2.7142857142857144,1,또 하나는 (18)/(열 여덟) 개를 (9)/(아홉) 묶음으로 묶어 주세요.,또 하나는 여덟) 개를 묶음으로 묶어 주세요.
15,2,0.13333333333333333,0.9230769230769231,3.230769230769231,0,아들이 말합니다. 이 추운 겨울에 산딸기가 어디 있겠습니까? 어/ 여기 중요한 낱말 산딸기가 또 나오네요.,아들이 말합니다. 추운 겨울에 산딸기가 어디 있겠습니까? 여기 중요한 낱말 산딸기가 또 나오네요.
16,0,0.0,1.0,2.9285714285714284,1,야/ 그렇게 얼굴은 까맣고 이는 하야니까 기억이 남아 이런 뜻 이에요 자/ 인상적이라는 말은 기억에 남는다.,그렇게 얼굴은 까맣고 이는 하야니까 기억이 남아 이런 뜻 이에요 인상적이라는 말은 기억에 남는다.
15,1,0.06666666666666667,1.0,2.642857142857143,0,"n/ 명월 부인은 옥으로 만든 염주를 하늘로 던지고, 양손에 들고 있던 부채를 불 속에 던졌다.","명월 부인은 옥으로 만든 염주를 하늘로 던지고, 양손에 들고 있던 부채를 불 속에 던졌다."
18,0,0.0,0.9411764705882353,2.6470588235294117,1,이렇게 색칠을 해줄 수가 있어요. 우리 친구들도 이렇게 반으로 갈라서 (35분)/(삼십 오 분)까지를 잘 색칠 해 주는 거예요.,이렇게 색칠을 해줄 수가 있어요. 우리 친구들도 이렇게 반으로 갈라서 오 분)까지를 잘 색칠 해 주는 거예요.
11,0,0.0,1.0,3.0,1,(1)/(일) 제곱 미터의 벽면을 칠하는 데 사용한 페인트는 몇 리터인지 구해보세요.,제곱 미터의 벽면을 칠하는 데 사용한 페인트는 몇 리터인지 구해보세요.
3,0,0.0,1.0,3.3333333333333335,1,독립을 바란 것입니다.,독립을 바란 것입니다.
7,0,0.0,1.0,3.4285714285714284,1,선생님은 껄껄 웃으며 나를 집안으로 데리고 들어갔어요.,선생님은 껄껄 웃으며 나를 집안으로 데리고 들어갔어요.
10,1,0.1,1.0,3.2222222222222223,0,문장 수준에서 어려운 말 아닙니다. 이 문장을 바꿔봐라 이런 뜻이에요.,문장 수준에서 어려운 말 아닙니다. 문장을 바꿔봐라 이런 뜻이에요.
19,0,0.0,0.8947368421052632,3.210526315789474,1,반지름의 뜻. 여러분들이 반지름의 뜻만 안다면은 그리고 반지름의 길이는 어떻다? 모두 같다라는 사실만 알면은 쉽게 구할 수 있는 문제였잖아요.,반지름의 뜻. 여러분들이 반지름의 뜻만 안다면은 그리고 반지름의 길이는 어떻다? 모두 같다라는 사실만 알면은 쉽게 구할 수 있는 문제였잖아요.
9,0,0.0,1.0,2.888888888888889,1,선생님이 지금부터 펭수를 설명하는 글을 칠판에 써 볼 거예요.,선생님이 지금부터 펭수를 설명하는 글을 칠판에 써 볼 거예요.
11,2,0.18181818181818182,1.0,3.8333333333333335,0,"그렇죠, 이/ (10)/(십)이니까 이 (10)/(십)의 자리수가 몇씩? 그렇죠 (1)/(일)씩 커지면 되겠습니다.","그렇죠, 자리수가 몇씩? 그렇죠 커지면 되겠습니다."
26,0,0.0,0.9047619047619048,2.857142857142857,1,토마토의 수만큼 모형을 준비 했어요. 모형이 낱개가 (10개)/(열 개)가 모여서 (10개)/(열 개)씩 묶음이 (1)/(하나)가 되었네요. 그런데 (10개)/(열 개)씩 묶음이 (1)/(하나)만 있는 게 아니라 몇 개 있나요?,토마토의 수만큼 모형을 준비 했어요. 모형이 낱개가 개)가 모여서 개)씩 묶음이 되었네요. 그런데 개)씩 묶음이 있는 게 아니라 몇 개 있나요?
4,0,0.0,1.0,4.25,1,여러분들 설렜는지 상당히 궁금하네요.,여러분들 설렜는지 상당히 궁금하네요.
15,0,0.0,0.875,3.125,1,자/ 이번에는 (A)/(에이) 교집합 (B)/(비)의 여집합 또는 (A)/(에이) 차집합 (B)/(비)예요. 그러면 (A)/(에이) 차집합 (B)/(비)가 어디야?,이번에는 교집합 여집합 또는 차집합 그러면 차집합 어디야?
4,1,0.25,1.0,3.5,0,n/ 아이고/ 향기도 집어넣고,향기도 집어넣고
24,1,0.041666666666666664,0.8947368421052632,2.526315789473684,0,(1번)/(일 번) 에 있는 말과 (2번)/(이 번) 에 있는 말은 그 뜻이 전혀 달라. 생김새만 같아 마치 쌍둥이 같애. 이런건 뭐라고? 바로 동형어가 되겠네.,에 있는 말과 에 있는 말은 뜻이 전혀 달라. 생김새만 같아 마치 쌍둥이 같애. 이런건 뭐라고? 바로 동형어가 되겠네.
4,0,0.0,1.0,3.25,1,철저하다 무슨 뜻이 었을까요?,철저하다 무슨 뜻이 었을까요?
6,1,0.16666666666666666,1.0,3.0,0,n/ o/ 와/ 제목은 정말 멋지다.,제목은 정말 멋지다.
5,1,0.2,1.0,3.25,0,사실 이 문제는 조금 어렵습니다.,사실 문제는 조금 어렵습니다.
18,0,0.0,1.0,2.6470588235294117,1,자 그러면 우리 이제 배수도 구할 수 있겠죠 배수의 관계는 어떻게 적나요 그렇죠 이걸 반대로 생각해서 (12)/(십 이)는.,자 그러면 우리 이제 배수도 구할 수 있겠죠 배수의 관계는 어떻게 적나요 그렇죠 이걸 반대로 생각해서 이)는.
8,1,0.125,1.0,3.2,0,n/ 따라서 (A)/(에이)(PLUS)/(플러스)(B)/(비)는 얼마가 된다? (3)/(삼)이 된다는 거예요.,따라서 얼마가 된다? 된다는 거예요.
4,1,0.25,1.0,3.0,0,*1000)/(천) 이 (3개)/(세 개).,개).
15,1,0.06666666666666667,1.0,2.4285714285714284,0,n/ 하지만 오늘 새로 진정한 친구를 만들어 준 것이 바로 비 오는 날이고 또 우산이었다.,하지만 오늘 새로 진정한 친구를 만들어 준 것이 바로 비 오는 날이고 또 우산이었다.
28,1,0.03571428571428571,0.9545454545454546,2.4545454545454546,0,"(3번)/(삼 번) (4시)/(네 시) (30분)/(삼십 분) 입니다 우리 친구들 보아 하니까 바로 요 각을 우리가 생각을 해야겠죠 밖에 각을 생각하면 안 됩니다 이것은 (90도)/(구십 도) 보다 n/ 작은,","시) 분) 입니다 우리 친구들 보아 하니까 바로 요 각을 우리가 생각을 해야겠죠 밖에 각을 생각하면 안 됩니다 이것은 도) 보다 작은,"
6,1,0.16666666666666666,1.0,4.0,0,n/ 그러나 가짜 옹고집은 태연하게 대답했습니다.,그러나 가짜 옹고집은 태연하게 대답했습니다.
7,0,0.0,1.0,3.5,1,대전으로 가는 대전행은 (6분)/(육 분)마다 출발을 한대요.,대전으로 가는 대전행은 분)마다 출발을 한대요.
24,2,0.08333333333333333,1.0,2.9,0,네모 안에 알맞은 수를 써넣으세요. (3.5)/(삼 점 오) 나누기 (2)/(이)에요. 아/ 보니까요? 어떤 방법으로 지금 계산을 한 거예요? 음/ 분수의 나눗셈으로 바꿔 계산한 거죠.,네모 안에 알맞은 수를 써넣으세요. 점 오) 나누기 보니까요? 어떤 방법으로 지금 계산을 한 거예요? 분수의 나눗셈으로 바꿔 계산한 거죠.
30,2,0.06666666666666667,0.9629629629629629,3.074074074074074,0,"지금 이 그림에서요, 기자가 기사문을 쓸 때 잘못한 점은 무엇입니까? 라고 n/ 말하고 있습니다. 선생님이 아까 (4번)/(사 번)그림 나올 때 핵심이니까 잘 보라고 했죠? 그, 그림 떠올리면서 정답 찾아보도록 할게요.","지금 그림에서요, 기자가 기사문을 쓸 때 잘못한 점은 무엇입니까? 라고 말하고 있습니다. 선생님이 아까 번)그림 나올 때 핵심이니까 잘 보라고 했죠? 그, 그림 떠올리면서 정답 찾아보도록 할게요."
5,0,0.0,1.0,2.25,1,(7)/(칠) 이라고 쓸 수 있어요.,이라고 쓸 수 있어요.
23,0,0.0,0.9,3.2,1,"서점을 지나서 어디를 갑니까, 학교까지 갈 겁니다. 이런 경우 (1km 800m)/(일 킬로미터 팔백 미터)에 (1km)/(일 킬로미터)를 더 하니까 (2km 800m)/(이 킬로미터 팔백 미터),","서점을 지나서 어디를 갑니까, 학교까지 갈 겁니다. 이런 경우 (1km 킬로미터 팔백 미터)에 킬로미터)를 더 하니까 (2km 킬로미터 팔백 미터),"
6,0,0.0,1.0,2.0,1,"자/ (8)/(팔) (9)/(구) (72)/(칠십 이) 아,","이) 아,"
7,0,0.0,1.0,2.857142857142857,1,깃대의 달린 기를 깃발이라고 하는 거예요. 으음,깃대의 달린 기를 깃발이라고 하는 거예요. 으음
4,1,0.25,1.0,3.0,0,다음 n/ 문제도 볼게요.,다음 문제도 볼게요.
36,1,0.027777777777777776,0.8787878787878788,2.6666666666666665,0,자/ 우리 이야기 변신 극장을 보고 친구들은 어떤 생각을 했나요? 혹시 여기 이야기 속에 나온 듯 늑대 같은 그런 친구는 없을까요? l/ 소문에 의하면요. 소문에 의하면 우리 늑대 어/ 밥도 안 먹고 책을 읽느라고 정신이 없대네요.,우리 이야기 변신 극장을 보고 친구들은 어떤 생각을 했나요? 혹시 여기 이야기 속에 나온 듯 늑대 같은 그런 친구는 없을까요? 소문에 의하면요. 소문에 의하면 우리 늑대 밥도 안 먹고 책을 읽느라고 정신이 없대네요.
4,1,0.25,1.0,2.3333333333333335,0,n/ 도전 오늘의 문제,도전 오늘의 문제
30,1,0.03333333333333333,0.9310344827586207,2.9310344827586206,0,중심 내용은 항상 문장이랑 똑같이만 써야 하나요? 아니에요. 간추려서 쓸 수도 있고 그리고 요약해서 쓸 수도 있습니다. 하지만 이 경우에는 그대로 문장을 쓰는 것도 괜찮을 것 같아요. 다음 문제 풀어볼까요?,중심 내용은 항상 문장이랑 똑같이만 써야 하나요? 아니에요. 간추려서 쓸 수도 있고 그리고 요약해서 쓸 수도 있습니다. 하지만 경우에는 그대로 문장을 쓰는 것도 괜찮을 것 같아요. 다음 문제 풀어볼까요?
7,0,0.0,1.0,3.142857142857143,1,이제 니가 진짜 왕자임을 증명하는 마지막 관문이다.,이제 니가 진짜 왕자임을 증명하는 마지막 관문이다.
19,2,0.10526315789473684,1.0,2.7058823529411766,0,"이/ 점은 이/ 부분을 잡고 반대편 부분으로 그대로 이어 붙였을 때 우리는 원이 완성이 되는데, 결국 그말은 고리의 원주.","점은 부분을 잡고 반대편 부분으로 그대로 이어 붙였을 때 우리는 원이 완성이 되는데, 결국 그말은 고리의 원주."
9,0,0.0,1.0,2.75,1,와/ 너희는 이미 다 들어와 있었구나 나만 지각했네 미안해,너희는 이미 다 들어와 있었구나 나만 지각했네 미안해
11,0,0.0,1.0,2.875,1,(ㄱ)/(기억)을 듣고 나의 기분은 어떻게 변했는지 쓰세요. 자/ (ㄱ)/(기억) 찾아 봐요.,듣고 나의 기분은 어떻게 변했는지 쓰세요. 찾아 봐요.
7,1,0.14285714285714285,1.0,2.6666666666666665,0,n/ 파리스 역시 쉽게 결정하지 못 했어요.,파리스 역시 쉽게 결정하지 못 했어요.
1,0,0.0,0.0,0.0,1,"(4)/(넷),",
5,0,0.0,1.0,3.75,1,자/ 그럼 예방이라는 것은 무엇일까요?,그럼 예방이라는 것은 무엇일까요?
6,0,0.0,1.0,3.5,1,(20)/(이십) 으로 나누어도 나머지가 (1)/(일)이라고 했어요.,으로 나누어도 나머지가 했어요.
3,0,0.0,1.0,4.666666666666667,1,점점점점 퍼져나가죠. 그래서.,점점점점 퍼져나가죠. 그래서.
15,1,0.06666666666666667,0.9285714285714286,2.5,0,그 의견들 인물들의 의견들을 비교해 볼 수 있는 또 기회가 또 있 거든요 한번 보겠습니다.,의견들 인물들의 의견들을 비교해 볼 수 있는 또 기회가 또 있 거든요 한번 보겠습니다.
2,0,0.0,1.0,4.0,1,(6)/(육) 입니다.,입니다.
22,0,0.0,1.0,2.9444444444444446,1,그러면은 여기에 모자라는 자리는 (0)/(영)으로 채우고요. 소수점 앞에 (0)/(영)을 마저 써주면 (0.040)/(영 점 영 사 영)이 되는데 마지막 (0)/(영)은 지워서 생각하시면 됩니다.,그러면은 여기에 모자라는 자리는 채우고요. 소수점 앞에 마저 써주면 점 영 사 영)이 되는데 마지막 지워서 생각하시면 됩니다.
2,0,0.0,0.0,0.0,1,(4번)/(사 번),
5,1,0.2,1.0,3.3333333333333335,0,"자/ 이렇게 이 주제를 향해서,","이렇게 주제를 향해서,"
1,0,0.0,0.0,0.0,1,"(2)/(이),",
32,3,0.09375,0.8571428571428571,2.8095238095238093,0,"n/ (100)/(백)의 자리 숫자가 (4)/(사)고 (10)/(십)의 자리 숫자는 (2)/(이), (1)/(일)의 자리 숫자는 (5)/(오)인 수로 n/ (3자리수)/(세 자리수)가 될 거예요. 바로 이렇게 말이죠. 그런데 이 (3자리수)/(세 자리수)를 우리 다시 한번 써서 나타내 볼게요.",자리 숫자가 자리 숫자는 자리 숫자는 수로 자리수)가 될 거예요. 바로 이렇게 말이죠. 그런데 자리수)를 우리 다시 한번 써서 나타내 볼게요.
7,1,0.14285714285714285,1.0,3.3333333333333335,0,n/ 도루묵을 먹으니까 배도 부르고 기분이 좋구만.,도루묵을 먹으니까 배도 부르고 기분이 좋구만.
5,0,0.0,1.0,3.5,1,"(요렇게)/(요로케) (2)/(이) 라고 (써주고요)/(써주구요) 그다음에,","라고 그다음에,"
3,0,0.0,1.0,3.5,1,자/ 뭐가 있었나요?,뭐가 있었나요?
7,0,0.0,1.0,4.142857142857143,1,방금 선생님과 수모형 놓았던거 생각하면서 붙임딱지로 붙여볼게요.,방금 선생님과 수모형 놓았던거 생각하면서 붙임딱지로 붙여볼게요.
20,0,0.0,1.0,3.5,1,가리키는 우리가 수를 읽어보도록 하면 될 거예요 자/ 오른쪽에 기준선이라고 했으니까 여기서부터 (0)/(영)이죠 (0)/(영) (10)/(십) (20)/(이십) (30)/( 삼십) 쭉 올라가니까.,가리키는 우리가 수를 읽어보도록 하면 될 거예요 오른쪽에 기준선이라고 했으니까 여기서부터 삼십) 쭉 올라가니까.
27,1,0.037037037037037035,0.8571428571428571,3.1904761904761907,0,"그럼 약분을 하니까 (1)/(일)이고 (2)/(이)가 됐어요. 그럼 얼마다? (40)/(사십). 아/ 그럼 이건 기준량이 (100)/(백)이니까 우리 백분율 표시를 해줍시다. 그래서 (40%)/(사십 퍼센트) 이렇게 나타내는 거예요. 자, 그럼 정리할게요.","그럼 약분을 하니까 됐어요. 그럼 얼마다? 그럼 이건 기준량이 우리 백분율 표시를 해줍시다. 그래서 퍼센트) 이렇게 나타내는 거예요. 자, 그럼 정리할게요."
26,0,0.0,0.9615384615384616,3.4615384615384617,1,여기에서 태풍 이름 이름은 여자 이름으로만 붙이는 것에 반대를 하였습니다. 여성운동단체에서 한 행동은 반대입니다. 반대를 했다는 건 뭐예요? 무엇인가 여자의 인권에 뭔가 명예에 나쁜영향을 끼쳤다는 말이지요?,여기에서 태풍 이름 이름은 여자 이름으로만 붙이는 것에 반대를 하였습니다. 여성운동단체에서 한 행동은 반대입니다. 반대를 했다는 건 뭐예요? 무엇인가 여자의 인권에 뭔가 명예에 나쁜영향을 끼쳤다는 말이지요?
6,1,0.16666666666666666,1.0,2.6,0,n/ 느끼하다 싶을 때는 그때 김치.,느끼하다 싶을 때는 그때 김치.
9,0,0.0,1.0,3.0,1,경험을 (떠올리며)/(또올리며) 작품을 읽으면 좋은 점에는 어떤 것들이 있을까요?,경험을 작품을 읽으면 좋은 점에는 어떤 것들이 있을까요?
16,2,0.125,1.0,3.5454545454545454,0,어/ 이 문제 (1번)/(한 번) 풀어보세요. 왜냐하면 우리 친구들이 (2가지)/(두 가지) 답변으로 나눠질 가능성이 있는 문제예요.,문제 풀어보세요. 왜냐하면 우리 친구들이 가지) 답변으로 나눠질 가능성이 있는 문제예요.
26,0,0.0,0.8461538461538461,2.8461538461538463,1,"비례식으로 나타낼 수 있는 건데요 여기 다 비지만, 여기 다 비지만 아무거나 넣는다고 되는게 아니에요. 뭐가 같아야 해요 비의 값이 같아야 됩니다. 비의 값은 어떻게 구하는데요?","비례식으로 나타낼 수 있는 건데요 여기 다 비지만, 여기 다 비지만 아무거나 넣는다고 되는게 아니에요. 뭐가 같아야 해요 비의 값이 같아야 됩니다. 비의 값은 어떻게 구하는데요?"
10,0,0.0,1.0,3.2,1,뜨거운 액체 상태의 유리로 병뿐만 아니라 다양한 모양의 장식품도 만들었다.,뜨거운 액체 상태의 유리로 병뿐만 아니라 다양한 모양의 장식품도 만들었다.
4,1,0.25,1.0,2.6666666666666665,0,n/ 라고 묻는 거예요.,라고 묻는 거예요.
18,1,0.05555555555555555,0.875,2.5625,0,음/그래 여기는 사뿐사뿐 이렇게 한 발짝 한 발짝 딛고 내려와야 돼 알겠어 안 그렇고 여기에서 야/ 나는 슈퍼맨이다,여기는 사뿐사뿐 이렇게 한 발짝 한 발짝 딛고 내려와야 돼 알겠어 안 그렇고 여기에서 나는 슈퍼맨이다
11,0,0.0,0.9,3.3,1,자/ 선생님이 자꾸 버려요 버려요 라고 이야기를 했는데요 버림을 활용한 것이예요.,선생님이 자꾸 버려요 버려요 라고 이야기를 했는데요 버림을 활용한 것이예요.
10,1,0.1,1.0,4.428571428571429,0,n/ 그럼 (3째마당부터)/(세 째마당부터) (5째마당까지)/(다섯 째마당까지) 어떤 내용들을 공부했었는지 살펴볼까?,그럼 째마당부터) 째마당까지) 어떤 내용들을 공부했었는지 살펴볼까?
7,1,0.14285714285714285,1.0,3.5,0,"그/ 제목이 좀 어려우니까 우리 어린이들이 읽기에는,","제목이 좀 어려우니까 우리 어린이들이 읽기에는,"
24,1,0.041666666666666664,0.8181818181818182,2.772727272727273,0,예. 선생님이 지금 음/ 비의 성질 (2가지)/(두 가지)를 다 이용했네요. 비의 성질 첫 번째와 비의 성질 두 번째를 이용해서 간단한 자연수의 비로 나타내 보았습니다.,예. 선생님이 지금 비의 성질 가지)를 다 이용했네요. 비의 성질 첫 번째와 비의 성질 두 번째를 이용해서 간단한 자연수의 비로 나타내 보았습니다.
3,0,0.0,1.0,3.6666666666666665,1,키워줄 생각 씨앗입니다.,키워줄 생각 씨앗입니다.
8,1,0.125,1.0,2.142857142857143,0,n/ 반드시 내 꿈이 이뤄질 날이 올 거야.,반드시 내 꿈이 이뤄질 날이 올 거야.
5,1,0.2,1.0,2.5,0,단위를 꼭 n/확인하고 써야 됩니다.,단위를 꼭 써야 됩니다.
12,0,0.0,1.0,3.0,1,둘을 만들수 있는 방법 이야기 해줬죠 그때 수인이가 그것에 대해서 어떻게 생각했어요?,둘을 만들수 있는 방법 이야기 해줬죠 그때 수인이가 그것에 대해서 어떻게 생각했어요?
24,2,0.08333333333333333,1.0,2.9411764705882355,0,"자/ 그래서 아/ 사각형하면 어/ 그렇지 (4)/(사) (4개)/(네 개). 변+ 변이 (4개)/(네 개), 꼭지점이 (4개)/(네 개) 도형을 말하는 거지, 라고 생각 해볼 수 있는거랍니다.","그래서 사각형하면 그렇지 개). 변+ 변이 개), 꼭지점이 개) 도형을 말하는 거지, 라고 생각 해볼 수 있는거랍니다."
19,1,0.05263157894736842,0.7857142857142857,2.357142857142857,0,자/ (2 분의 1)/(이 분의 일)은 (1)/(일)보다 큰 수예요 그럼 그 결과도 (8 분의 5)/(팔 분의 오) 보다 커지니까.,(2 분의 분의 일)은 큰 수예요 그럼 결과도 (8 분의 분의 오) 보다 커지니까.
11,1,0.09090909090909091,1.0,3.0,0,(이거)/(요고) 주의해서 살펴두고 n/ 또 전개도를 접었을 때 몇 번 강조했어요.,주의해서 살펴두고 또 전개도를 접었을 때 몇 강조했어요.
3,1,0.3333333333333333,1.0,4.5,0,그럼 n/ 생각해보세요.,그럼 생각해보세요.
17,0,0.0,1.0,2.9411764705882355,1,"불은 갑자기 어디에서 온 거고 밤하늘의 별자리에는 어떤 사연이 숨겨져 있는지, 바다 이름이 왜 저렇게 붙었는지 말이죠.","불은 갑자기 어디에서 온 거고 밤하늘의 별자리에는 어떤 사연이 숨겨져 있는지, 바다 이름이 왜 저렇게 붙었는지 말이죠."
8,0,0.0,1.0,2.25,1,내 짝꿍 왕방울 눈 울보가 오늘 전학을 갔다.,내 짝꿍 왕방울 눈 울보가 오늘 전학을 갔다.
15,0,0.0,1.0,3.2857142857142856,1,"자/ 여기서 오르락내리락 킹콩, 왔다 갔다 아기오리, 후루룩 짭짭 라면 길이는 도대체 어떻게 해결하는 것일까요?","여기서 오르락내리락 킹콩, 왔다 갔다 아기오리, 후루룩 짭짭 라면 길이는 도대체 어떻게 해결하는 것일까요?"
5,0,0.0,1.0,3.2,1,색종이 가운데 구멍이 뻥 뚫려있네요.,색종이 가운데 구멍이 뻥 뚫려있네요.
6,0,0.0,1.0,3.0,1,선생님이 (3초)/(삼 초) 생각할 시간 줄게요.,선생님이 초) 생각할 시간 줄게요.
10,0,0.0,1.0,2.4444444444444446,1,o/ 이렇게 생각과 의견을 잘 적어 주고 난 다음에 인데요.,이렇게 생각과 의견을 잘 적어 주고 난 다음에 인데요.
4,0,0.0,1.0,1.3333333333333333,1,더 좋은 것 (같아요)/(같애요).,더 좋은 것
2,0,0.0,1.0,5.0,1,자/ 이번에는요,이번에는요
31,1,0.03225806451612903,0.9285714285714286,2.4285714285714284,0,o/ 맞습니다. 안내가 사랑과 희망의 끈을 놓지 않았던 그 개인의 모습도 안네의 일기를 통해서 볼 수 (있고요)/(있구요). 나치의 억압 탄압 이런 모습 즉 역사에 대한 내용 그림도 함께 볼 수 있었죠.,맞습니다. 안내가 사랑과 희망의 끈을 놓지 않았던 개인의 모습도 안네의 일기를 통해서 볼 수 나치의 억압 탄압 이런 모습 즉 역사에 대한 내용 그림도 함께 볼 수 있었죠.
17,1,0.058823529411764705,1.0,2.857142857142857,0,용의 등에 타기 전에 이 친구가 한 말이에요. 자/ 먼저 인물의 마음을 짐작해 볼게요. 어떤 마음일까요. 허어/,용의 등에 타기 전에 친구가 한 말이에요. 먼저 인물의 마음을 짐작해 볼게요. 어떤 마음일까요.
6,2,0.3333333333333333,1.0,3.5,0,"어/ 우리 친구들, 밤하늘? 음/ 밤하늘.","우리 친구들, 밤하늘? 밤하늘."
7,2,0.2857142857142857,1.0,2.6,0,n/ 어/ 오늘도 엄청 어려운 낱말들 같아,오늘도 엄청 어려운 낱말들 같아
13,1,0.07692307692307693,1.0,2.7,0,이것 아니네요. (2번)/(이 번) 병훈 이 시를 통해서 어떤 이야기를 하고 싶은 걸까?,이것 아니네요. 병훈 시를 통해서 어떤 이야기를 하고 싶은 걸까?
8,0,0.0,1.0,2.4,1,자/ 몇 개를 그리면 돼요? (4개)/(네 개). (1)/(하나).,몇 개를 그리면 돼요? 개).
13,1,0.07692307692307693,1.0,2.9166666666666665,0,혼자 선 나무가 같이 말타기 놀이하자고 이야기한 것을 그렇지. 이 친구는 상상한 거지.,혼자 선 나무가 같이 말타기 놀이하자고 이야기한 것을 그렇지. 친구는 상상한 거지.
20,0,0.0,0.9166666666666666,2.1666666666666665,1,"다음, 이번에는 (4)/(사)와 어떤 수의 합이 (1)/(일) , (2)/(이), 삼, (4)/(사), (5)/(오), (4)/(사) 와 (5)/(오)의 합이 (9)/(구) 가 되는 거에요.","다음, 이번에는 어떤 수의 합이 , 삼, 와 합이 가 되는 거에요."
27,2,0.07407407407407407,1.0,2.7083333333333335,0,n/ 자/ 그런데 국어를 굉장히 잘하는 우리 친구들은 난 누가 좋아하고 이렇게 딱 끝나는게 아니라 왜 좋아하는지 그 이유까지 쭉 이야기를 할 수 있어야 그게 제대로 된거죠.,그런데 국어를 굉장히 잘하는 우리 친구들은 난 누가 좋아하고 이렇게 딱 끝나는게 아니라 왜 좋아하는지 이유까지 쭉 이야기를 할 수 있어야 그게 제대로 된거죠.
9,0,0.0,0.8888888888888888,3.3333333333333335,1,그야 기관차가 기관사 없이 기관차가 어떻게 가겠어라고 대답을 했어요.,그야 기관차가 기관사 없이 기관차가 어떻게 가겠어라고 대답을 했어요.
2,0,0.0,1.0,4.0,1,(3)/(삼)이 됐어요.,됐어요.
9,1,0.1111111111111111,1.0,3.25,0,"어/ 모든 친구들이 서영이 글을 보고 어떻게 생각했나요? 그렇죠,","모든 친구들이 서영이 글을 보고 어떻게 생각했나요? 그렇죠,"
15,1,0.06666666666666667,1.0,3.076923076923077,0,자/ 그러면요. 이제 이 숲속의 멋쟁이 곤충의 주요 내용을 우리가 쓰면서 정리를 한번 해보려고 합니다.,그러면요. 이제 숲속의 멋쟁이 곤충의 주요 내용을 우리가 쓰면서 정리를 한번 해보려고 합니다.
25,1,0.04,0.9,2.65,0,자/ 요 언어 예절도 매우 중요한 (거예요)/(거에요). 우리가 말만 (높임)/(노핌) 표현을 사용해서 말한다고 끝이 아니라 이런 언어 예절도 함께 갖춰야 그 사람이 굉장히 하/ 정말로,요 언어 예절도 매우 중요한 우리가 말만 표현을 사용해서 말한다고 끝이 아니라 이런 언어 예절도 함께 갖춰야 사람이 굉장히 정말로
10,1,0.1,1.0,3.6666666666666665,0,n/ 이거 이해하셔야 돼요. 전체 곱하기 그게 얼마만큼 차지하느냐* 비율입니다.,이거 이해하셔야 돼요. 전체 곱하기 그게 얼마만큼 차지하느냐* 비율입니다.
7,0,0.0,1.0,2.5,1,"자/ (2*4)/(이 곱하기 사) (는요)/(는여), (8)/(팔) (이지요)/(이지여).",곱하기 사)
4,0,0.0,1.0,3.75,1,내가 세연이 장난감을 망가뜨려서.,내가 세연이 장난감을 망가뜨려서.
27,0,0.0,0.95,2.95,1,"더했어요. 그랬더니 몇 시간? (7시간)/(일곱 시간)이 나왔어요. 그렇습니다. 그랬다면 정리를 좀 해 보면 (X)/(엑스) 더하기 (4)/(사)는 (7)/(칠)이라고 적을 수 있겠죠. 자/ 그렇다면 (이렇게)/(요로케)적을 수 있고, (이렇게)/(요로케) 적어","더했어요. 그랬더니 몇 시간? 시간)이 나왔어요. 그렇습니다. 그랬다면 정리를 좀 해 보면 더하기 적을 수 있겠죠. 그렇다면 수 있고, 적어"
12,0,0.0,1.0,2.9166666666666665,1,동현이가 아침에 일어나서 창문을 바라보고 있죠 자 어떤 일이 일어났나 말 해볼까요?,동현이가 아침에 일어나서 창문을 바라보고 있죠 자 어떤 일이 일어났나 말 해볼까요?
24,2,0.08333333333333333,1.0,3.0476190476190474,0,n/ 우리가 글냥이 글에 고개가 끄덕여지는 것은 글냥이가 사용한 속담 때문이죠. 자/ 이렇게 주장에 대한 근거로 속담을 사용한다면 튼튼한 주장을 가질 수 n/ 있어요.,우리가 글냥이 글에 고개가 끄덕여지는 것은 글냥이가 사용한 속담 때문이죠. 이렇게 주장에 대한 근거로 속담을 사용한다면 튼튼한 주장을 가질 수 있어요.
30,2,0.06666666666666667,1.0,2.9285714285714284,0,만약에 공감하지 못했다면 뭐/ 그런 일로 화를 내고 그래라고 이야기를 했을 테지만 그게 아니라 마음의 공감을 했기 때문에 태일이는 아 그랬구나 그럴 때는 나라도 화났을 거야라고 이해해 주고 있는 것입니다.,만약에 공감하지 못했다면 그런 일로 화를 내고 그래라고 이야기를 했을 테지만 그게 아니라 마음의 공감을 했기 때문에 태일이는 그랬구나 그럴 때는 나라도 화났을 거야라고 이해해 주고 있는 것입니다.
16,1,0.0625,1.0,2.8666666666666667,0,이렇게 겹치는 선분 또는 만나는 점 찾으라고 하면요 우리 이 전개도를 접었다고 생각 해주면 되는 것입니다.,이렇게 겹치는 선분 또는 만나는 점 찾으라고 하면요 우리 전개도를 접었다고 생각 해주면 되는 것입니다.
5,1,0.2,1.0,5.0,0,n/ 그래요. l/ 둔각삼각형이라고 하죠?,그래요. 둔각삼각형이라고 하죠?
3,0,0.0,1.0,3.3333333333333335,1,아저씨 이거 얼마에요?,아저씨 이거 얼마에요?
9,1,0.1111111111111111,1.0,3.2857142857142856,0,"색칠되어 있는 세 칸, n/ 마찬가지로 (요렇게)/(요로케) 색칠해주면 되겠죠.","색칠되어 있는 세 칸, 마찬가지로 색칠해주면 되겠죠."
10,0,0.0,1.0,2.6666666666666665,1,"이렇게 (3)/(삼)을 놓았을 때, (3)/(삼)하고 (5)/(오)를 곱한 값은 (15)/(십 오)고,","이렇게 놓았을 때, 곱한 값은 오)고,"
4,0,0.0,1.0,3.3333333333333335,1,몇 개였나요? (9개)/(아홉 개)니까,몇 개였나요? 개)니까
11,0,0.0,1.0,3.0,1,선분 (ㄴ)/(니은) (ㄷ)/(디귿)과 일치시킨다는 건 우리 친구들. 와/ 보이나요 잘 보여요?,선분 일치시킨다는 건 우리 친구들. 보이나요 잘 보여요?
24,0,0.0,1.0,2.857142857142857,1,(133쪽)/(백 삼십 삼 쪽) (5번)/(오 번) 문제를 보세요. 증요 표시 있는 문제네요. 계산 결과를 비교하여 빈칸 안에 크기 비교 부호를 알맞게 써넣으세요 라고 되어있습니다.,삼십 삼 쪽) 문제를 보세요. 증요 표시 있는 문제네요. 계산 결과를 비교하여 빈칸 안에 크기 비교 부호를 알맞게 써넣으세요 라고 되어있습니다.
10,0,0.0,1.0,2.888888888888889,1,자/ 원은 구분 선으로만 이루어져 있는 도형인데 굽은 선이 없어요.,원은 구분 선으로만 이루어져 있는 도형인데 굽은 선이 없어요.
4,1,0.25,1.0,3.6666666666666665,0,n/우리 친구들 모두 준비됐나요.,친구들 모두 준비됐나요.
22,1,0.045454545454545456,1.0,3.3684210526315788,0,짝짝 도사님 이/ 줄줄이 선생님과 함께 이름을 지어보도록 (하자고요)/(하자구요) b/ 그렇다면 짝짝이 도사님께 찾아온 사각형 어떤 사각형인지 꼬비를 불러서 알아보도록 할까요 꼬비야.,짝짝 도사님 줄줄이 선생님과 함께 이름을 지어보도록 그렇다면 짝짝이 도사님께 찾아온 사각형 어떤 사각형인지 꼬비를 불러서 알아보도록 할까요 꼬비야.
15,0,0.0,1.0,2.8666666666666667,1,그러면 이러한 광고에 나타난 표현 특성 다양하게 활용된다고 했죠 이에 대해 좀 더 꼼꼼하게 살펴볼게요.,그러면 이러한 광고에 나타난 표현 특성 다양하게 활용된다고 했죠 이에 대해 좀 더 꼼꼼하게 살펴볼게요.
7,0,0.0,1.0,2.4285714285714284,1,좀 화해를 하고 싶은 마음이 들어가 있죠?,좀 화해를 하고 싶은 마음이 들어가 있죠?
18,0,0.0,0.8333333333333334,3.3333333333333335,1,"집에서 도서관에 여기에 가려면요. 우리가 분명히 이쪽에서 이렇게 오거나, 또는 이쪽에서 이렇게 오는 방법이 있을텐데요. 그런데 이렇게 오거","집에서 도서관에 여기에 가려면요. 우리가 분명히 이쪽에서 이렇게 오거나, 또는 이쪽에서 이렇게 오는 방법이 있을텐데요. 그런데 이렇게 오거"
7,0,0.0,1.0,3.3333333333333335,1,자/ 선생님이 상자 모양을 한번 이렇게 그려볼게요.,선생님이 상자 모양을 한번 이렇게 그려볼게요.
20,1,0.05,0.9230769230769231,3.076923076923077,0,n/ 그렇다면 요렇게 (6묶음)/(여섯 묶음)으로 고르면 (1묶음)/(한 묶음) 에 그렇죠 (4개)/(네 개)씩 들어갈 수가 있어요 (1)/(하나) (2묶음)/(두 묶음) (3묶음)/(세 묶음).,그렇다면 요렇게 묶음)으로 고르면 묶음) 에 그렇죠 개)씩 들어갈 수가 있어요 묶음) 묶음).
6,1,0.16666666666666666,1.0,3.0,0,이/ 위기에서 과연 벗어날 수 있을까요?,위기에서 과연 벗어날 수 있을까요?
28,1,0.03571428571428571,1.0,3.25,0,n/ 자/ 그런데 (1번)/(한 번) 가격을 볼까요. (6600원)/(육천 육백 원)을 냈대요. 벌써 답이 나왔는데요. 그래도 이쪽도 빈칸이 있으니 같이 해볼게요. 자/ (1500)/(천 오백) 곱하기 여기는 (3)/(세) 명이라고 했고요.,그런데 가격을 볼까요. 육백 원)을 냈대요. 벌써 답이 나왔는데요. 그래도 이쪽도 빈칸이 있으니 같이 해볼게요. 오백) 곱하기 여기는 명이라고 했고요.
13,0,0.0,1.0,2.4166666666666665,1,그런데 (29)/(이십 구)에는 속이 꽉 찬 동그라미 그리고 그것보다 큰 수 그럼 뭐죠?,그런데 구)에는 속이 꽉 찬 동그라미 그리고 그것보다 큰 수 그럼 뭐죠?
2,1,0.5,1.0,3.0,0,"n/ 면을,","면을,"
7,1,0.14285714285714285,1.0,3.0,0,나 너 사랑해. 그래요. n/ 좋다. 사랑하다.,나 너 사랑해. 그래요. 좋다. 사랑하다.
14,2,0.14285714285714285,1.0,3.1818181818181817,0,n/ 자/ 우리 친구들이 가지고 있는 바로 이 놀잇감 되어 사각형의 불완전성이 숨어져 있습니다.,우리 친구들이 가지고 있는 바로 놀잇감 되어 사각형의 불완전성이 숨어져 있습니다.
12,0,0.0,1.0,2.6666666666666665,1,모둠 수에 따른 학생 수와 비커 수를 나눗셈으로 비교해 보세요 라는 문제예요.,모둠 수에 따른 학생 수와 비커 수를 나눗셈으로 비교해 보세요 라는 문제예요.
8,1,0.125,1.0,4.2,0,n/ 자/ (4번)/(사 번)볼게요. 어머니 옆집 아줌마가 놀러오래요.,번)볼게요. 어머니 옆집 아줌마가 놀러오래요.
4,0,0.0,1.0,3.3333333333333335,1,흰 치즈의 개수였어요. b/,흰 치즈의 개수였어요.
6,0,0.0,1.0,3.75,1,"(ㄱ)/(기역)에는 그래서, (ㄴ)/(니은)에는 하지만이 들어갈 거예요.","그래서, 하지만이 들어갈 거예요."
14,1,0.07142857142857142,1.0,3.4166666666666665,0,o/ 선생님이 이렇게 포근하고 따스한 상상이 어떤걸로 변신을 했는지 n/ 궁금하시죠 네 함께 보겠습니다.,선생님이 이렇게 포근하고 따스한 상상이 어떤걸로 변신을 했는지 궁금하시죠 네 함께 보겠습니다.
6,0,0.0,1.0,3.5,1,그래요 선분으로만 둘러싸인 도형 이것을 우리는.,그래요 선분으로만 둘러싸인 도형 이것을 우리는.
8,1,0.125,1.0,2.4285714285714284,0,n/ 당장 이리 와서 콜린의 등을 보게 해줘요.,당장 이리 와서 콜린의 등을 보게 해줘요.
11,1,0.09090909090909091,0.9,3.3,0,n/ 어* 생각났다. 오늘의 동작 포인트* 고미니의 고민을 해결할 오늘의 포인트!,어* 생각났다. 오늘의 동작 포인트* 고미니의 고민을 해결할 오늘의 포인트!
4,0,0.0,1.0,2.6666666666666665,1,(6)/(여섯)을 숫자로는 이렇게 써,숫자로는 이렇게 써
5,0,0.0,1.0,3.0,1,요롷게 가위도 그려볼 거야. b/,요롷게 가위도 그려볼 거야.
5,0,0.0,1.0,3.5,1,분자인 (18)/(십 팔)에서 (3)/(삼) 빼(고요)/(구여).,분자인 팔)에서
7,1,0.14285714285714285,1.0,3.8333333333333335,0,"n/ 우리가 첫번째는요, 정확한 사실을 바탕으로 씁니다.","우리가 첫번째는요, 정확한 사실을 바탕으로 씁니다."
2,1,0.5,1.0,6.0,0,n/ 용서하세요.,용서하세요.
9,2,0.2222222222222222,1.0,3.4285714285714284,0,이 친구는 아 할머니가 계셔서 기쁘다. 이런 생각이 들었대요.,친구는 할머니가 계셔서 기쁘다. 이런 생각이 들었대요.
10,0,0.0,1.0,2.888888888888889,1,자 이제 오늘의 첫번째 (mission)/(미션)을 해결하기 위한 마지막 문제 풀어볼까요?,자 이제 오늘의 첫번째 해결하기 위한 마지막 문제 풀어볼까요?
3,0,0.0,1.0,3.0,1,공감이 되고 있대요.,공감이 되고 있대요.
23,1,0.043478260869565216,0.95,2.55,0,n/ 우리 (10개)/( 열 개)씩 (포장하고요)/(포장하구요). 남은 감자는 포장을 할 수가 없죠 남은 걸 활용할 수 없을 때 버림 이용한다라고 했었으니까 문제 해결해볼게요.,우리 열 개)씩 남은 감자는 포장을 할 수가 없죠 남은 걸 활용할 수 없을 때 버림 이용한다라고 했었으니까 문제 해결해볼게요.
4,0,0.0,1.0,3.25,1,다음 문제 보도록 하겠습니다.,다음 문제 보도록 하겠습니다.
1,0,0.0,0.0,0.0,1,(3)/(삼),
15,1,0.06666666666666667,1.0,3.4166666666666665,0,n/ 자/ 그러면요. 자/ 이렇게 확인 문제까지 알아보았으니까요. 여러분들이 수강 후기 열심히 올려 준 친구들,그러면요. 이렇게 확인 문제까지 알아보았으니까요. 여러분들이 수강 후기 열심히 올려 준 친구들
19,1,0.05263157894736842,1.0,3.176470588235294,0,n/ 당근 덕분에 싫어하는 반찬도 맛있다는 걸 알게 된 아기천사는 골고루 먹었고 o/ 점점 튼튼해져서 다른 친구들처럼 하늘을 날아다녔대.,당근 덕분에 싫어하는 반찬도 맛있다는 걸 알게 된 아기천사는 골고루 먹었고 점점 튼튼해져서 다른 친구들처럼 하늘을 날아다녔대.
16,1,0.0625,0.6428571428571429,2.857142857142857,0,"n/ 우리 조상들은요, 좋은 일을 하면 좋은 결과가 (오고요)/(오구요), 나쁜 일을 하면 나쁜 결과가 온다고 생각했습니다.","우리 조상들은요, 좋은 일을 하면 좋은 결과가 나쁜 일을 하면 나쁜 결과가 온다고 생각했습니다."
7,0,0.0,1.0,2.857142857142857,1,질문에 대해서 생각을 나누고 있을 때 누군가가.,질문에 대해서 생각을 나누고 있을 때 누군가가.
12,1,0.08333333333333333,0.5454545454545454,2.5454545454545454,0,그래요. 그럼 선생님의 선택은 두구 두구 두구 두구 두구 두구 두구. 어/,그래요. 그럼 선생님의 선택은 두구 두구 두구 두구 두구 두구 두구.
4,0,0.0,1.0,2.0,1,우와/ 진짜 많다 (그렇지)/(그치)?,진짜 많다
10,0,0.0,1.0,2.857142857142857,1,(1번)/(일 번)이 (해결되었고요)/(해결되었구요). 계산한 결과가 (53)/(오십 삼)임을 알 수 있습니다.,번)이 계산한 결과가 삼)임을 알 수 있습니다.
11,2,0.18181818181818182,1.0,3.0,0,n/ 어/ 쏙쏙이 속상하겠다. 거의 이길 뻔 했는데 넘어져서 아쉽게 졌네.,쏙쏙이 속상하겠다. 거의 이길 뻔 했는데 넘어져서 아쉽게 졌네.
6,0,0.0,1.0,3.3333333333333335,1,(54)/(오십 사)에서 (30)/(삼십) 뺐더니 (24)/(이십 사).,사)에서 뺐더니 사).
23,2,0.08695652173913043,1.0,3.0526315789473686,0,n/ 자/ 이 시가 주는 느낌은 어떠합니까? 했어요. 항상 시의 전체적인 분위기를 잘 생각하면서 문제를 풀어야 한다는 거 다시 기억하세요. 자/ 보 볼게요.,시가 주는 느낌은 어떠합니까? 했어요. 항상 시의 전체적인 분위기를 잘 생각하면서 문제를 풀어야 한다는 거 다시 기억하세요. 보 볼게요.
6,1,0.16666666666666666,1.0,3.2,0,n/ 이상 글쓰기 비법 아삭 뉴스였습니다.,이상 글쓰기 비법 아삭 뉴스였습니다.
6,0,0.0,1.0,3.0,1,세 번째로 넘어갑니다. 연의 구별이 없다.,세 번째로 넘어갑니다. 연의 구별이 없다.
3,0,0.0,1.0,3.6666666666666665,1,관용 표현이라고 합니다.,관용 표현이라고 합니다.
14,0,0.0,1.0,3.0,1,이것도 (54)/(오십 사)를 (6)/(육)으로 나누면 되겠어요. 그랬더니 몫이 (9)/(구)가 된다 라고 말할 수 있겠습니다.,이것도 사)를 나누면 되겠어요. 그랬더니 몫이 된다 라고 말할 수 있겠습니다.
13,0,0.0,1.0,3.125,1,(24)/(이십 사)를 (7번)/(일곱 번) 더하는 것이다. (24)/(이십 사) 곱하기 (7)/(칠) 이라고 하면 되는구나.,사)를 더하는 것이다. 사) 곱하기 이라고 하면 되는구나.
13,1,0.07692307692307693,1.0,3.0833333333333335,0,그렇다면 의태어란 n/ 사물의 모양이나 또 움직임을 잘 드러내는 그런 말을 의태어라고 하죠.,그렇다면 의태어란 사물의 모양이나 또 움직임을 잘 드러내는 그런 말을 의태어라고 하죠.
3,1,0.3333333333333333,1.0,3.5,0,n/ 초코에요 초코+,초코에요 초코+
23,0,0.0,0.875,2.8125,1,(27)/(이십 칠) 곱하기 (13)/(십 삼)은 이거 (1)/(하나)라고 생각하라고 했어요. 자/ 네모 빼기 (6)/(육). 이건 (1)/(하나)예요. 이거 곱하기 (9)/(구)와 같다. 이것을 지금 계산하면 되죠.,칠) 곱하기 삼)은 이거 생각하라고 했어요. 네모 빼기 이건 이거 곱하기 같다. 이것을 지금 계산하면 되죠.
7,0,0.0,1.0,3.4,1,자/ (178)/(백 칠십 팔)을 올림해서 나타낼볼 건데요.,칠십 팔)을 올림해서 나타낼볼 건데요.
36,1,0.027777777777777776,0.7857142857142857,3.5,0,n/ (1)/(일) 제곱 (센티미터와)/(센치미터와) (1)/(일) 제곱 미터는 특별한 관계가 있는데요. 바로 (1)/(일) 제곱 미터는 (10000제곱)/(만 제곱) 센티미터와 같습니다. 따라서 제곱미터를 제곱 센티미터로 고쳐줄 때는요. (10000)/(만)을 곱해주면 되고. 반대로 제곱 센티미터를 제곱미터로 고칠 때는요. (10000)/(만)으로 나눠주면 되겠습니다.,제곱 제곱 미터는 특별한 관계가 있는데요. 바로 제곱 미터는 제곱) 센티미터와 같습니다. 따라서 제곱미터를 제곱 센티미터로 고쳐줄 때는요. 곱해주면 되고. 반대로 제곱 센티미터를 제곱미터로 고칠 때는요. 나눠주면 되겠습니다.
5,1,0.2,1.0,5.0,0,어/ 대표적으로 (Richter)/(리히터) 규모로 나타내는데요.,대표적으로 규모로 나타내는데요.
11,1,0.09090909090909091,1.0,2.888888888888889,0,n/ 이렇게 (V)/(브이)자 모양이 규칙적으로 반복되고 있다라는 걸 알 수 있네요.,이렇게 모양이 규칙적으로 반복되고 있다라는 걸 알 수 있네요.
9,0,0.0,1.0,3.375,1,네/ 지금 밑줄 그은 부분은요. 사회자가 말한 부분에 해당하는데요.,지금 밑줄 그은 부분은요. 사회자가 말한 부분에 해당하는데요.
6,0,0.0,1.0,3.75,1,o/ 마법같은 변화를 우리에게 주잖아요 아하/.,마법같은 변화를 우리에게 주잖아요
8,0,0.0,1.0,3.5,1,선생님 힘드시다면 제가 이번에는 (1번)/(한 번) 해 보겠습니다.,선생님 힘드시다면 제가 이번에는 해 보겠습니다.
15,1,0.06666666666666667,1.0,2.6153846153846154,0,n/ 자/ 그럼 우리 친구들 다음 시간에 두 번째 교과서 개념 다지기 강의에서 만나요. 안녕.,그럼 우리 친구들 다음 시간에 두 번째 교과서 개념 다지기 강의에서 만나요. 안녕.
4,0,0.0,1.0,2.75,1,상상을 해야 해요. 상상+,상상을 해야 해요. 상상+
12,1,0.08333333333333333,0.9090909090909091,2.727272727272727,0,이 막대 자를 가지고 가로 또는 세로로 이렇게 한 직선을 이렇게 그어주세요.,막대 자를 가지고 가로 또는 세로로 이렇게 한 직선을 이렇게 그어주세요.
5,0,0.0,1.0,3.2,1,그리고 물론 밖으로도 나가지 못했죠.,그리고 물론 밖으로도 나가지 못했죠.
26,2,0.07692307692307693,0.8421052631578947,2.9473684210526314,0,(그렇죠)/(그렇쵸). 지금 이 원의 크기는 모두 같고 이 (8개)/(여덟 개)의 원의 반지름의 길이는 (3cm)/(삼 센티미터) 로 모두 같기 때문에 결국 이쪽에도 (3cm)/(삼 센티미터) 여기도 (3cm)/(삼 센티미터).,지금 원의 크기는 모두 같고 개)의 원의 반지름의 길이는 센티미터) 로 모두 같기 때문에 결국 이쪽에도 센티미터) 여기도 센티미터).
13,0,0.0,1.0,2.5,1,o/ 한마디로 정리할 수 있을 것 같아요. 역시 일기 쓰기 싫다. 이거죠. 뭐.,한마디로 정리할 수 있을 것 같아요. 역시 일기 쓰기 싫다. 이거죠. 뭐.
13,0,0.0,1.0,3.076923076923077,1,게다가 슬슬 왕좌 노릇에 적응이 되어가고 있고 사람들도 자신이 왕자라는 것을 믿어주고 있어요.,게다가 슬슬 왕좌 노릇에 적응이 되어가고 있고 사람들도 자신이 왕자라는 것을 믿어주고 있어요.
8,0,0.0,1.0,3.1666666666666665,1,한 모서리 길이가 (3CM)/(삼 센티미터)인 요기가 (3)/(삼) 이요.,한 모서리 길이가 센티미터)인 요기가 이요.
4,1,0.25,1.0,3.5,0,n/ (975)/(구백 칠십 오)이고.,칠십 오)이고.
16,0,0.0,1.0,3.2,1,자/ 팥쥐 성격 우리 어떻다고 생각할수 있겠어요? 팥쥐는 심술궂고 욕심이 많고 게으르구나 이렇게 생각할 수 있겠네요.,팥쥐 성격 우리 어떻다고 생각할수 있겠어요? 팥쥐는 심술궂고 욕심이 많고 게으르구나 이렇게 생각할 수 있겠네요.
9,1,0.1111111111111111,1.0,3.25,0,n/ 자신의 음악을 이해해주는 가장 좋은 친구를 잃었기 때문이다.,자신의 음악을 이해해주는 가장 좋은 친구를 잃었기 때문이다.
15,0,0.0,1.0,2.75,1,"(16)/(십 육) (17)/(십 칠) 그러니까 모두 몇 개? (17개)/(열 일곱 개)입니다 라고 답하면 된다, 해결됐죠.","육) 칠) 그러니까 모두 몇 개? 일곱 개)입니다 라고 답하면 된다, 해결됐죠."
11,2,0.18181818181818182,1.0,4.2,0,아/ 예/ 정말 아름답습니다. n/ 네/ 참/ 무엇을 속삭이고 있을까요? 네/.,정말 아름답습니다. 무엇을 속삭이고 있을까요?
6,0,0.0,1.0,2.6666666666666665,1,수로는 이렇게 나타낼 수 있을 거예요.,수로는 이렇게 나타낼 수 있을 거예요.
9,0,0.0,1.0,3.888888888888889,1,이번에는요. 인물의 삶과 시대 상황과의 관계를 파악하는 방법입니다. 첫째는요.,이번에는요. 인물의 삶과 시대 상황과의 관계를 파악하는 방법입니다. 첫째는요.
21,0,0.0,1.0,3.45,1,와/ 햇볕이 따뜻해 보이고 사람들도 즐거워 보이네요. 보기를 보니까 사람들이 한가롭게 쉬고 있는 모습이 평화로워 보인다라고 했어요. 고미니는 어떤 생각이 들었나요?,햇볕이 따뜻해 보이고 사람들도 즐거워 보이네요. 보기를 보니까 사람들이 한가롭게 쉬고 있는 모습이 평화로워 보인다라고 했어요. 고미니는 어떤 생각이 들었나요?
23,0,0.0,0.9,2.7,1,자/ 전체를 몇개로 나눠졌냐면 (8개)/(여덟 개) 로 나눈 것 중에 색칠된 부분이 (7개)/(일곱 개) 야 기준량이 전체가 되고 비교하는 양이 색칠한 부분이 되겠어요.,전체를 몇개로 나눠졌냐면 개) 로 나눈 것 중에 색칠된 부분이 개) 야 기준량이 전체가 되고 비교하는 양이 색칠한 부분이 되겠어요.
13,1,0.07692307692307693,0.9090909090909091,3.727272727272727,0,자/ 그리고 관점이란 우리 새로운 관점이 잘 나타난 표현들도 인상적인데요. 관점이란 n/ 뭐+뭐냐하면.,그리고 관점이란 우리 새로운 관점이 잘 나타난 표현들도 인상적인데요. 관점이란 뭐+뭐냐하면.
22,0,0.0,0.9523809523809523,3.0952380952380953,1,자/ 그러면 여름을 기다리는 마음으로 우리 오늘 공부도 열심히 했으면 좋겠습니다. 오늘 공부 시작해보도록 할까요? 첫 번째 순서 이렇게 좋은 말이 시간입니다.,그러면 여름을 기다리는 마음으로 우리 오늘 공부도 열심히 했으면 좋겠습니다. 오늘 공부 시작해보도록 할까요? 첫 번째 순서 이렇게 좋은 말이 시간입니다.
35,0,0.0,0.9,2.7666666666666666,1,자/ 오늘 우리가 알아본 것 중에서 (1kg)/(일 키로그램)은 (1000g)/(천 그램)과 같다는 사실 그리고 (1l)/(일 리터)는 (1000ml)/(천 미리리터)와 같다는 사실만 알면 우리가 필요할 때 받아 내림 혹은 받아 올림을 하면 덧셈과 뺄셈을 쉽게 할 수 있겠지요.,오늘 우리가 알아본 것 중에서 키로그램)은 그램)과 같다는 사실 그리고 리터)는 미리리터)와 같다는 사실만 알면 우리가 필요할 때 받아 내림 혹은 받아 올림을 하면 덧셈과 뺄셈을 쉽게 할 수 있겠지요.
12,1,0.08333333333333333,1.0,3.1818181818181817,0,n/ 옛말에 위험한 나라에는 들어가지도 말고 어지러운 나라에 머물 수도 말라 했습니다.,옛말에 위험한 나라에는 들어가지도 말고 어지러운 나라에 머물 수도 말라 했습니다.
5,0,0.0,0.8,4.0,1,프린트를 이제 시험기간이에요. 제가 프린트를,프린트를 이제 시험기간이에요. 제가 프린트를
38,3,0.07894736842105263,0.8518518518518519,2.925925925925926,0,(113점)/(백 십 삼 점)이 나옵니다 자/ 다음에 (8번)/(여덟 번)을 던졌다고 n/ 가정할게요 그러면 역시 (5점)/(오 점)짜리는 n/ (11번)/(열 한 번)을 던진 게 되고 점수는 n/ 역시 (7점)/(칠 점)짜리가 줄어드니까 (2점씩)/(이 점씩) 줄어들겠죠 따라서 (111점)/(백 십 일 점)이 되겠고요.,십 삼 점)이 나옵니다 다음에 번)을 던졌다고 가정할게요 그러면 역시 점)짜리는 한 번)을 던진 게 되고 점수는 역시 점)짜리가 줄어드니까 점씩) 줄어들겠죠 따라서 십 일 점)이 되겠고요.
11,1,0.09090909090909091,1.0,2.6,0,또 넷째. n/ 토론에서 어떻게 활용 할 수 있을지도 생각하여 본다.,또 넷째. 토론에서 어떻게 활용 할 수 있을지도 생각하여 본다.
5,1,0.2,1.0,3.75,0,이 그림의 동그라미 해주면 되겠어요.,그림의 동그라미 해주면 되겠어요.
5,1,0.2,1.0,2.5,0,어/ 바른 자세 잊지 말구요.,바른 자세 잊지 말구요.
8,1,0.125,1.0,2.857142857142857,0,n/ 부자가 탄식하자 큰 아들이 분하다는 듯 말했다.,부자가 탄식하자 큰 아들이 분하다는 듯 말했다.
9,1,0.1111111111111111,1.0,3.75,0,n/ 우리 한의원에서는 오장육부에 대해서 자세히 설명해 드리고 있습니다.,우리 한의원에서는 오장육부에 대해서 자세히 설명해 드리고 있습니다.
20,0,0.0,0.85,3.35,1,수다쟁이. 수다장이가 아니라 수다쟁이라는 거죠. 수다쟁이. 수다를 잘 떠는 사람. 두 번째 예입니다. 멋쟁이. 멋을 잘 부리는 사람. 선생님처럼 말이에요.,수다쟁이. 수다장이가 아니라 수다쟁이라는 거죠. 수다쟁이. 수다를 잘 떠는 사람. 두 번째 예입니다. 멋쟁이. 멋을 잘 부리는 사람. 선생님처럼 말이에요.
20,1,0.05,1.0,2.6666666666666665,0,"n/ 기록할 기자에 사는 일사자 또 문은 글월 문자로서 사실을 보고 듣고 느낀 대로 쓴 글을 말합니다. 오늘 (3강)/(삼 강)에서는요,","기록할 기자에 사는 일사자 또 문은 글월 문자로서 사실을 보고 듣고 느낀 대로 쓴 글을 말합니다. 오늘 강)에서는요,"
13,1,0.07692307692307693,1.0,3.0833333333333335,0,"산은 경제적인 이익을 준다. 그 예로 나무, 열매, 석탄, 양봉, 목축업, 이렇게 했어요.","산은 경제적인 이익을 준다. 예로 나무, 열매, 석탄, 양봉, 목축업, 이렇게 했어요."
2,0,0.0,1.0,5.0,1,내보내셔+ 주셨어요.,내보내셔+ 주셨어요.
5,1,0.2,1.0,5.5,0,n/ 호랑애벌레는 마주치는 애벌레마다 속삭였습니다.,호랑애벌레는 마주치는 애벌레마다 속삭였습니다.
2,0,0.0,1.0,3.0,1,(21)/(이십 일)?,일)?
28,0,0.0,0.9285714285714286,2.4285714285714284,1,같은 물건의 길이를 잴 때 재는 물건에 따라 재는 횟수가 달라질 수 있다라는 거. 요거 확인해 두고 이제 이어서 우리는 이제+ 이제 문제를 좀 해결해야 될 필요가 있어요.,같은 물건의 길이를 잴 때 재는 물건에 따라 재는 횟수가 달라질 수 있다라는 거. 요거 확인해 두고 이제 이어서 우리는 이제+ 이제 문제를 좀 해결해야 될 필요가 있어요.
12,0,0.0,0.9,3.0,1,(2번)/(이 번) 글에 대한 인물의 행동에 대한 생각이나 느낌을 쓰는 지문이 나왔습니다.,글에 대한 인물의 행동에 대한 생각이나 느낌을 쓰는 지문이 나왔습니다.
20,0,0.0,0.9411764705882353,2.7058823529411766,1,자/ 그럼 기사문을 쓸 때 주의할 점 우리 구름 기자가 알아보러 갔다고 하는데요. 구름 기자 (1번)/(한 번) 불러 볼까요? 구름기자.,그럼 기사문을 쓸 때 주의할 점 우리 구름 기자가 알아보러 갔다고 하는데요. 구름 기자 불러 볼까요? 구름기자.
3,1,0.3333333333333333,1.0,2.0,0,n/ 하나 둘.,하나 둘.
13,1,0.07692307692307693,1.0,3.75,0,n/ 자/ (1번)/(일 번) 오른쪽과 같이 (2각)/(두 각)을 합쳐서 각의 크기를 재어보면이라고 나왔거든요.,오른쪽과 같이 각)을 합쳐서 각의 크기를 재어보면이라고 나왔거든요.
18,0,0.0,1.0,3.611111111111111,1,"네, 여러분 시간더하기 시간이 왜 시간인지 이해 가셨어요? 문제를 통해서 하셔야 되는데 몇시간동안 공부를 했는지 알아봤으니까 몇시간이다 대답했어요.","네, 여러분 시간더하기 시간이 왜 시간인지 이해 가셨어요? 문제를 통해서 하셔야 되는데 몇시간동안 공부를 했는지 알아봤으니까 몇시간이다 대답했어요."
10,1,0.1,1.0,2.888888888888889,0,"하지만 n/ 겸손한 태도를 가진다면 자신의 능력은 빛을 발할 거고,","하지만 겸손한 태도를 가진다면 자신의 능력은 빛을 발할 거고,"
20,0,0.0,0.9411764705882353,3.6470588235294117,1,"[(4번)/(사 번) 동생의 생김새, 동생의 생김새 어때요? 내가 지금 자기소개하는데 안녕하세요 저는 누구누구입니다 저희 동생은 이렇게 생겼습니다 (이렇게)/(요로케) 하면 아닌데요.","동생의 생김새, 동생의 생김새 어때요? 내가 지금 자기소개하는데 안녕하세요 저는 누구누구입니다 저희 동생은 이렇게 생겼습니다 하면 아닌데요."
6,0,0.0,1.0,3.3333333333333335,1,작가가 책 속에 탁탁탁탁 써놓지는 않았습니다.,작가가 책 속에 탁탁탁탁 써놓지는 않았습니다.
1,0,0.0,0.0,0.0,1,(3)/(삼).,
6,0,0.0,1.0,2.8333333333333335,1,대분수의 뺄셈을 할 경우에는 분수 부분이,대분수의 뺄셈을 할 경우에는 분수 부분이
11,0,0.0,0.9090909090909091,2.5454545454545454,1,뒤에 이제 여러분이 정적분의 넓이를 배우게 되면 한 번에 이제 계산이,뒤에 이제 여러분이 정적분의 넓이를 배우게 되면 한 번에 이제 계산이
8,0,0.0,1.0,2.625,1,눈은 반짝 귀는 쫑긋 자세는 바르게. 준비 되었죠?,눈은 반짝 귀는 쫑긋 자세는 바르게. 준비 되었죠?
5,0,0.0,1.0,3.6666666666666665,1,그래요. (1번)/(한 번) 확인해 볼까요?,그래요. 확인해 볼까요?
4,1,0.25,1.0,3.3333333333333335,0,n/ 멋진 자가 완성됐어요.,멋진 자가 완성됐어요.
5,0,0.0,1.0,4.25,1,"선생님께. 선생님 안녕하세요? 자/ 하고,","선생님께. 선생님 안녕하세요? 하고,"
22,2,0.09090909090909091,0.9,3.2,0,스피드스케이팅에서 마찰력을 줄이기 위한 방법은 무엇일까요 자 요기 스피드 스케이팅 일단 어/스케이트를 크게 만든다 무겁게 만든다 나를 높게 만든다 이 말이 아니었고요.,스피드스케이팅에서 마찰력을 줄이기 위한 방법은 무엇일까요 자 요기 스피드 스케이팅 일단 크게 만든다 무겁게 만든다 나를 높게 만든다 말이 아니었고요.
13,2,0.15384615384615385,1.0,3.2,0,"수일이 n/ 방은 (2층)/(이 층)으로 오르는 나무 층계, 계단에 중간쯤에 있는 n/ 다락방이다.","수일이 방은 층)으로 오르는 나무 층계, 계단에 중간쯤에 있는 다락방이다."
12,0,0.0,0.8181818181818182,2.8181818181818183,1,이게 바로 정답 이네요. 그런데 친구가 왔어요. 안 왔어요. 아이구/ 안 왔잖아요.,이게 바로 정답 이네요. 그런데 친구가 왔어요. 안 왔어요. 안 왔잖아요.
8,1,0.125,1.0,3.8333333333333335,0,"자/ 아/ 선생님이 이해했어요. 쉬워요. 하는 친구도 있는데,","선생님이 이해했어요. 쉬워요. 하는 친구도 있는데,"
17,3,0.17647058823529413,1.0,3.076923076923077,0,n/ 음/ 색칠한 도형의 넓이를 구하여 제곱 (cm)/(센치미터)로 나타내시오 라는 문제입니다 그러면 도형을 한번 n/ 보도록 하죠.,색칠한 도형의 넓이를 구하여 제곱 나타내시오 라는 문제입니다 그러면 도형을 한번 보도록 하죠.
11,1,0.09090909090909091,0.9,2.9,0,또 여기 이렇게 부리도 그려줘. 날개? 음/ 날개는 이렇게 그려주면 되지.,또 여기 이렇게 부리도 그려줘. 날개? 날개는 이렇게 그려주면 되지.
10,0,0.0,1.0,3.3333333333333335,1,(33)/(삼십 삼) 쪽에 (4)/(사) 번 문제를 풀어보도록 할게요. (33)/(삼십 삼)쪽.,삼) 쪽에 문제를 풀어보도록 할게요. 삼)쪽.
7,1,0.14285714285714285,1.0,3.25,0,(10개)/(열 개)씩 묶음이 (6개)/(여섯 개)이므로 모두 n/,개)씩 묶음이 개)이므로 모두
9,0,0.0,1.0,3.3333333333333335,1,그런데 계산의 결과는 기약분수로 나타내어라 라고 얘기를 했단 말이죠.,그런데 계산의 결과는 기약분수로 나타내어라 라고 얘기를 했단 말이죠.
26,0,0.0,1.0,2.84,1,토마토를 잘 먹었으면 좋겠어. 자/ 엄마의 말씀을 통해서 나의 이름이 은주인 것을 알 수가 있네요. 그런데 어머니께서는 지금 어떤 내용에 대해서 얘기 했어요. 토마토의 좋은 점,토마토를 잘 먹었으면 좋겠어. 엄마의 말씀을 통해서 나의 이름이 은주인 것을 알 수가 있네요. 그런데 어머니께서는 지금 어떤 내용에 대해서 얘기 했어요. 토마토의 좋은 점
10,0,0.0,1.0,3.111111111111111,1,자/ 친구들 이렇게 우리가 문제 풀어 봤는데요. 이제 알까요? 좋아요.,친구들 이렇게 우리가 문제 풀어 봤는데요. 이제 알까요? 좋아요.
22,1,0.045454545454545456,1.0,2.7777777777777777,0,"o/ 오늘은 상상력을 아주 많이 동원해 봐야 할 것 같아요. n/ 글감, 바람. 우리가 바람이 되었다고 (1번)/(한 번) 상상을 해보는 건 어떨까요?","오늘은 상상력을 아주 많이 동원해 봐야 할 것 같아요. 글감, 바람. 우리가 바람이 되었다고 상상을 해보는 건 어떨까요?"
7,0,0.0,1.0,3.4285714285714284,1,생태계 생태계가 평형을 이루고 있다라고 표현을 합니다.,생태계 생태계가 평형을 이루고 있다라고 표현을 합니다.
8,0,0.0,1.0,3.142857142857143,1,"해결사. 자/ 그런데요, 선생님 별명이 하나 더 있어요.","해결사. 그런데요, 선생님 별명이 하나 더 있어요."
3,0,0.0,1.0,4.666666666666667,1,역시 책방글방 친구들다운데요?,역시 책방글방 친구들다운데요?
3,0,0.0,1.0,2.6666666666666665,1,네. 오늘의 속담.,네. 오늘의 속담.
12,0,0.0,1.0,2.8181818181818183,1,우리는 평균 한시간에 (3.6회)/(삼 점 육 회)나 얼굴을 만든다는 연구 결과도 있는데요.,우리는 평균 한시간에 점 육 회)나 얼굴을 만든다는 연구 결과도 있는데요.
6,0,0.0,1.0,2.6666666666666665,1,우리 친구들이 준비해야 될 것 뭘까요?,우리 친구들이 준비해야 될 것 뭘까요?
19,0,0.0,0.9473684210526315,2.8947368421052633,1,만약에 이와 같은 유형의 문제가 나온다면요. 대각선의 수를 일일이 구하지 않아도 대각선의 수가 가장 많은 다각형을 찾을 수 있어요.,만약에 이와 같은 유형의 문제가 나온다면요. 대각선의 수를 일일이 구하지 않아도 대각선의 수가 가장 많은 다각형을 찾을 수 있어요.
34,2,0.058823529411764705,0.90625,3.09375,0,아/ 그거 였군요. 일단 차근차근 좋아하는 이야기를 쭉 떠올려보고 그리고 그중에서도 재미있었던 장면도 한번 떠올려보고 또 등장인물 중에서 어떤 등장인물이 좋을지 한번 더 생각도 해보고 그리고 나서 왜 좋은지 그 이유에 대해서도 생각을 해보고.,그거 였군요. 일단 차근차근 좋아하는 이야기를 쭉 떠올려보고 그리고 그중에서도 재미있었던 장면도 한번 떠올려보고 또 등장인물 중에서 어떤 등장인물이 좋을지 한번 더 생각도 해보고 그리고 나서 왜 좋은지 이유에 대해서도 생각을 해보고.
3,0,0.0,1.0,3.6666666666666665,1,그렇죠 시각적인 자료니까,그렇죠 시각적인 자료니까
26,0,0.0,1.0,3.15,1,자/ 이렇게 해서 분수가 어떤 수냐라는 거 배웠으니까 이번에는 문제를 (1번)/(한 번) 풀어보도록 해야 되겠네요. 맛보기 문제입니다. (145쪽)/(백 사십 오 쪽)에 문제 (4번)/(사 번) 함께 풀어봐요.,이렇게 해서 분수가 어떤 수냐라는 거 배웠으니까 이번에는 문제를 풀어보도록 해야 되겠네요. 맛보기 문제입니다. 사십 오 쪽)에 문제 함께 풀어봐요.
13,1,0.07692307692307693,0.9166666666666666,2.8333333333333335,0,n/ 이렇게 서로 묶어보는 활동을 통하여 새로운 의미 새로운 표현을 찾을 수 있습니다.,이렇게 서로 묶어보는 활동을 통하여 새로운 의미 새로운 표현을 찾을 수 있습니다.
24,0,0.0,0.9285714285714286,3.0,1,자/ (5)/(오) 곱하기 (7)/(칠)은 (5)/(오) (7)/(칠)의 (35)/(삼십 오) 그다음에 순서대로 다 계산을 해주면 되겠죠? (63)/(육십 삼) 빼기 (35)/(삼십 오) 더하기 (2)/(이)는 정답은 (30)/(삼십)이* 되겠습니다.,곱하기 오) 그다음에 순서대로 다 계산을 해주면 되겠죠? 삼) 빼기 오) 더하기 정답은 되겠습니다.
13,0,0.0,0.6666666666666666,2.2222222222222223,1,(65도)/(육십 오 도) 더하기 (70도)/(칠십 도) 더하기 (45도)/(사십 오 도)는 (180도)/(백 팔십 도).,오 도) 더하기 도) 더하기 오 도)는 팔십 도).
21,0,0.0,1.0,3.1,1,"자/ 이렇게 기사문에 대해서 공부를 모두 마쳐보았습니다. 첫번째 기사문의 특성 제목, 본문, 보충 자료로 이루어진다. 그리고 기사문을 쓸 때 주의할 점","이렇게 기사문에 대해서 공부를 모두 마쳐보았습니다. 첫번째 기사문의 특성 제목, 본문, 보충 자료로 이루어진다. 그리고 기사문을 쓸 때 주의할 점"
22,1,0.045454545454545456,1.0,3.25,0,n/ 여러분이 완성한 웹툰은요 인터넷 검색창에 (EBS)/(이 비 에스) 초등이라고 치고 들어와서 많이+ 많이 남겨주시고요. 우리는 다음 시간 즐거운 마음으로 다시 만나요.,여러분이 완성한 웹툰은요 인터넷 검색창에 비 에스) 초등이라고 치고 들어와서 많이+ 많이 남겨주시고요. 우리는 다음 시간 즐거운 마음으로 다시 만나요.
11,1,0.09090909090909091,1.0,2.9,0,n/ 오늘은 우리 어떤 글을 읽을까요? 생각의 힘을 키워줄 생각 씨앗은요.,오늘은 우리 어떤 글을 읽을까요? 생각의 힘을 키워줄 생각 씨앗은요.
7,1,0.14285714285714285,1.0,3.25,0,n/ 그리고 (1)/(일) 모형이 (5)/(다섯 개)가 있어요.,그리고 모형이 개)가 있어요.
4,0,0.0,1.0,2.75,1,송알송알 싸리 잎에 은구슬,송알송알 싸리 잎에 은구슬
13,2,0.15384615384615385,0.8888888888888888,3.5555555555555554,0,o/ l/ 네 알겠습니다 경칩이군요 네 개구리가 n/ 겨울잠에서 깨어난다 n/ 라는 말인데요.,네 알겠습니다 경칩이군요 네 개구리가 겨울잠에서 깨어난다 라는 말인데요.
10,0,0.0,1.0,3.2222222222222223,1,정말 수가 큽니다. 자/ 이럴수록 침착하게 문제를 해결해 보도록 할게요.,정말 수가 큽니다. 이럴수록 침착하게 문제를 해결해 보도록 할게요.
5,0,0.0,1.0,3.6,1,이렇게 생긴 도약을 알아볼까요? 인데요.,이렇게 생긴 도약을 알아볼까요? 인데요.
3,0,0.0,1.0,3.3333333333333335,1,"문제를 풀며 확인해요,","문제를 풀며 확인해요,"
8,0,0.0,1.0,2.5714285714285716,1,와/ 굉장히 많은 학생들이 들어와 있는 걸 보니까,굉장히 많은 학생들이 들어와 있는 걸 보니까
30,2,0.06666666666666667,0.8888888888888888,2.5185185185185186,0,o/ 어머니와 엄마를 함께 쓸 수 있지만 어떤 가족간에 일어나 어떤 사소한 상황을 n/ 정리하는 글을 쓸 때에는 읽는 사람도 n/ 좀 자연스럽게 느낄 수 있는 그런 호칭을 써야 하니까.,어머니와 엄마를 함께 쓸 수 있지만 어떤 가족간에 일어나 어떤 사소한 상황을 정리하는 글을 쓸 때에는 읽는 사람도 좀 자연스럽게 느낄 수 있는 그런 호칭을 써야 하니까.
17,0,0.0,1.0,3.1538461538461537,1,(6)/(육)을 두번 더한 것이기 때문에 곱셈식으로 나타내면 (6)/(육) 곱하기 (2)/(이)는 (12)/(십 이)와 같습니다. 라고 표현을 하게 됩니다.,두번 더한 것이기 때문에 곱셈식으로 나타내면 곱하기 이)와 같습니다. 라고 표현을 하게 됩니다.
27,0,0.0,0.9629629629629629,3.2962962962962963,1,"청국장 단백질에서 생성되는 아미노산들은, 명령 체계를 강화 해 주고요, 청국장에 들어있는 칼슘 철 무엇이 있다고요? 칼슘과 철 등의 무기질은 건강을 유지하는데 필수적인 물질들을 공급해 줍니다 라고 했습니다,","청국장 단백질에서 생성되는 아미노산들은, 명령 체계를 강화 해 주고요, 청국장에 들어있는 칼슘 철 무엇이 있다고요? 칼슘과 철 등의 무기질은 건강을 유지하는데 필수적인 물질들을 공급해 줍니다 라고 했습니다,"
3,0,0.0,1.0,2.5,1,자/ 잘 보세요.,잘 보세요.
18,1,0.05555555555555555,1.0,3.625,0,"n/ (3)/(삼) 학년 여러분 안녕하세요? 너무 반가워요. 여러분의 국어선생님 쌩그리 선생님 이에요. 우리 친구들 여름방학 잘 보냈어요? 선생님은요,","학년 여러분 안녕하세요? 너무 반가워요. 여러분의 국어선생님 쌩그리 선생님 이에요. 우리 친구들 여름방학 잘 보냈어요? 선생님은요,"
4,0,0.0,1.0,4.25,1,잘했습니다. 다음 개념 떠올려볼게요.,잘했습니다. 다음 개념 떠올려볼게요.
25,1,0.04,0.8333333333333334,3.25,0,n/ 아기별이 쫓겨난 건 사실이지만 바위나리를 만나러 다니다가 들켜서 쫓겨난 건 아닌지. 바위나리를 만나지 못하는 슬픔 때문에 눈물을 흘리던 아기별이 빛을 잃었기때문에 쫓겨 갔던 거라고!,아기별이 쫓겨난 건 사실이지만 바위나리를 만나러 다니다가 들켜서 쫓겨난 건 아닌지. 바위나리를 만나지 못하는 슬픔 때문에 눈물을 흘리던 아기별이 빛을 잃었기때문에 쫓겨 갔던 거라고!
9,1,0.1111111111111111,1.0,3.857142857142857,0,b/ n/ 그런데 이와 대비되는 인물이 나타납니다. 바로 레어티스지요.,그런데 이와 대비되는 인물이 나타납니다. 바로 레어티스지요.
6,0,0.0,1.0,3.4,1,자/ 그럼 여자친구는 어떻게 말해야 할까요?,그럼 여자친구는 어떻게 말해야 할까요?
13,2,0.15384615384615385,0.8,2.0,0,"어/ 야, 너 이거 좀 먹어 봐. 그러면 아/ 싫어. 아이/ 먹어 봐.","야, 너 이거 좀 먹어 봐. 그러면 싫어. 먹어 봐."
8,1,0.125,1.0,4.285714285714286,0,방학을 맞이하여 국립한글박물관에 갔어요. 정답. n/ 국립 한글박물관.,방학을 맞이하여 국립한글박물관에 갔어요. 정답. 국립 한글박물관.
12,0,0.0,1.0,3.0,1,그렇죠 우리 대응변을 찾아주면 되는 것입니다 역시 합동의 성질 정말 중요한 문제였죠.,그렇죠 우리 대응변을 찾아주면 되는 것입니다 역시 합동의 성질 정말 중요한 문제였죠.
25,1,0.04,0.75,2.75,0,(9)/(아홉) 다음에는 바로 이 수를 (10)/(십) 이라고 읽을 수도 있지만 어떻게 읽을 수 있어요? (10)/(열) 이라고 읽을 수도 있으므로 우리 빈칸의 (10)/(열) 이라고 써주면 되겠네요.,다음에는 바로 수를 이라고 읽을 수도 있지만 어떻게 읽을 수 있어요? 이라고 읽을 수도 있으므로 우리 빈칸의 이라고 써주면 되겠네요.
27,2,0.07407407407407407,0.72,2.68,0,이번엔 네가 술래야 네가 술래야 이러는 거야 그러면 이 친구가 지 고개를 딱 수그리는 거지 그러면 뒤에 목에다가 이 친구가 딱 찌르는데 이번엔 두번째 손가락으로 딱 찔렀어,이번엔 네가 술래야 네가 술래야 이러는 거야 그러면 친구가 지 고개를 딱 수그리는 거지 그러면 뒤에 목에다가 친구가 딱 찌르는데 이번엔 두번째 손가락으로 딱 찔렀어
21,0,0.0,1.0,3.2857142857142856,1,리듬이 있는 형식으로 나타낸 글이라 그랬죠? 그래서요 노래처럼요 반복되는 말들이 꽤나 많답니다. 그럼 지금부터 동시를 다시 한번 살펴보면서 어떤 말이 반복되는지,리듬이 있는 형식으로 나타낸 글이라 그랬죠? 그래서요 노래처럼요 반복되는 말들이 꽤나 많답니다. 그럼 지금부터 동시를 다시 한번 살펴보면서 어떤 말이 반복되는지
21,1,0.047619047619047616,1.0,3.473684210526316,0,"아유/ 마법세계에는요 이 편지라는게 없어요. 편지글이라는 건 내 마음을 상대방에게 글로 표현 하는 거잖아요. 마법학교에서는요 그냥 눈빛만 봐도 알아. 마법을 확,","마법세계에는요 편지라는게 없어요. 편지글이라는 건 내 마음을 상대방에게 글로 표현 하는 거잖아요. 마법학교에서는요 그냥 눈빛만 봐도 알아. 마법을 확,"
30,2,0.06666666666666667,0.9166666666666666,2.5416666666666665,0,그래서 우리가 (1학기)/(일 학기) 때 배운 각기둥과 비교를 해보는 거예요. 자/ 이런 문제 풀 때 자/ 어떻게 풀지 딱 보니까요 문제에 밑면이 (나오고요)/(나오구요). 옆면 뭐/ 꼭짓점 뭐/ 이런 게 나옵니다.,그래서 우리가 학기) 때 배운 각기둥과 비교를 해보는 거예요. 이런 문제 풀 때 어떻게 풀지 딱 보니까요 문제에 밑면이 옆면 꼭짓점 이런 게 나옵니다.
7,1,0.14285714285714285,0.8,2.8,0,n/ 이번엔 코끼리 (1마리)/(한 마리)가 쿵쾅 쿵쾅,이번엔 코끼리 마리)가 쿵쾅 쿵쾅
13,0,0.0,0.9166666666666666,2.75,1,"그리고 선 처리는 이렇게 칸에 선 처리, 말풍선에 선처리, 이런 선처리를 말하는 (것이고요)/(것이구요).","그리고 선 처리는 이렇게 칸에 선 처리, 말풍선에 선처리, 이런 선처리를 말하는"
8,0,0.0,0.875,2.5,1,받침이 없나요 무슨 소리 예요 받침이 있잖아요 동,받침이 없나요 무슨 소리 예요 받침이 있잖아요 동
8,1,0.125,1.0,3.2857142857142856,0,n/ 토끼쯤은 죽어도 괜찮다고 생각한 용왕이 가장 나쁘죠.,토끼쯤은 죽어도 괜찮다고 생각한 용왕이 가장 나쁘죠.
35,2,0.05714285714285714,0.8461538461538461,3.1538461538461537,0,"즉, 세모, 어/ 선생님 세모는요. 네모에서 나누기 (2)/(이)를 해주면 (바로)/(바루) 세모가 나오겠죠? (18)/(십 팔) 나누기 (2)/(이)를 해주면 (9)/(구)잖아요. 또는 네모는 세모에? 그렇죠. (2배)/(두 배)를 해주면 n/ 곱하기 (2)/(이)를 해주면 네모가 나온다라고 말을 할 수가 있습니다.","즉, 세모, 선생님 세모는요. 네모에서 나누기 해주면 세모가 나오겠죠? 팔) 나누기 해주면 또는 네모는 세모에? 그렇죠. 배)를 해주면 곱하기 해주면 네모가 나온다라고 말을 할 수가 있습니다."
2,0,0.0,1.0,4.0,1,"(9)/(구) 곱하기,","곱하기,"
7,0,0.0,1.0,2.8333333333333335,1,비슷한 문제를 (1)/(하나) 더 풀면서 연습해 봅시다.,비슷한 문제를 더 풀면서 연습해 봅시다.
4,0,0.0,1.0,5.0,1,(10cm)/(십 센티미터)라는 것까지 알았어요.,센티미터)라는 것까지 알았어요.
10,0,0.0,1.0,3.4444444444444446,1,"자/ 반언어적인 표현. 여러분, 반어적인 표현이 뭐예요? 반은 언어인 것들,","반언어적인 표현. 여러분, 반어적인 표현이 뭐예요? 반은 언어인 것들,"
28,2,0.07142857142857142,0.7142857142857143,1.9523809523809523,0,자/ 그럼 우리 친구들 (1)/(일)과 육 분의 오 (2)/(이)와 육 분의 일 색칠한 것을 비교해보니깐 어느 쪽이 더 큰가요 (2)/(이)와 육 분의 일 이 더 크죠 아하/ n/.,그럼 우리 친구들 육 분의 오 육 분의 일 색칠한 것을 비교해보니깐 어느 쪽이 더 큰가요 육 분의 일 더 크죠
39,2,0.05128205128205128,0.90625,2.84375,0,자/ 차가 (4)/(사)가 된다라고 얘기를 했습니다. 그러면 큰 수에서 작은 수를 뺐을 때 (4)/(사)가 된다라는 거니까 이 그림을 이용해서 아/ 이렇게 (4)/(사)가 되도록 할 거예요. 그렇다면 지금 전체 다섯 거기서 하나만큼은 빼주면 (4개)/(네 개)가 된다라고 얘기를 할 수가 있겠죠.,차가 된다라고 얘기를 했습니다. 그러면 큰 수에서 작은 수를 뺐을 때 된다라는 거니까 그림을 이용해서 이렇게 되도록 할 거예요. 그렇다면 지금 전체 다섯 거기서 하나만큼은 빼주면 개)가 된다라고 얘기를 할 수가 있겠죠.
9,0,0.0,0.875,2.5,1,자/ 이렇게 밑에 물건을 받치는 거. 물건을 대는 거는,이렇게 밑에 물건을 받치는 거. 물건을 대는 거는
10,2,0.2,1.0,4.142857142857143,0,"일반인들은 그 의의+ 의미를 이해하기가 어렵다고 했습니다. n/ 자/ 그다음,","일반인들은 의의+ 의미를 이해하기가 어렵다고 했습니다. 그다음,"
9,0,0.0,1.0,2.3333333333333335,1,원 위의 두 점을 이은 선분이면서 무얼 지나고 있죠?,원 위의 두 점을 이은 선분이면서 무얼 지나고 있죠?
4,1,0.25,1.0,3.5,0,그 값은 (45)/(사십 오)에요.,값은 오)에요.
3,0,0.0,1.0,3.3333333333333335,1,그다음 빼주면 되겠죠.,그다음 빼주면 되겠죠.
7,1,0.14285714285714285,1.0,3.25,0,n/ 곱하기 (25)/(이십 오) 분의 (10)/(십)으로 바꿔줍니다.,곱하기 오) 분의 바꿔줍니다.
5,0,0.0,1.0,2.2,1,준비 됐나요 다 함께 출발!,준비 됐나요 다 함께 출발!
3,0,0.0,1.0,3.5,1,그렇죠 (4개)/(네 개)죠.,그렇죠 개)죠.
8,1,0.125,0.75,3.25,0,n/ (2)/(이) 곱하기 (2)/(이) 곱하기 (5)/(오)는 얼마가 될까요?,곱하기 곱하기 얼마가 될까요?
4,0,0.0,1.0,3.0,1,먼저 상자 모양부터 볼게요.,먼저 상자 모양부터 볼게요.
9,0,0.0,1.0,3.125,1,자/ 올림 버림 활용해서 문제를 해결해 보이도록+ 보도록 하죠.,올림 버림 활용해서 문제를 해결해 보이도록+ 보도록 하죠.
1,0,0.0,0.0,0.0,1,l/그럴까요?l/,
2,1,0.5,1.0,3.0,0,"n/ 은행,","은행,"
4,0,0.0,1.0,2.5,1,그럼 어떻게 해야 하죠?,그럼 어떻게 해야 하죠?
2,0,0.0,1.0,3.5,1,그건 말이에요.,그건 말이에요.
14,1,0.07142857142857142,1.0,3.230769230769231,0,n/ 마지막으로 가분수는 대분수로 고쳐 나타내고 약분이 되면 약분하여 기약 분수로 나타내 주면 되겠죠?,마지막으로 가분수는 대분수로 고쳐 나타내고 약분이 되면 약분하여 기약 분수로 나타내 주면 되겠죠?
19,2,0.10526315789473684,1.0,3.5625,0,어/ 깨끗한 기름을 사용한다는 정보가 있었어요. 그런 다음에는 이 광고만의 특징 중요하게 특별히* 강조하는 것은 무엇인지 살펴보는 거예요. b/,깨끗한 기름을 사용한다는 정보가 있었어요. 그런 다음에는 광고만의 특징 중요하게 특별히* 강조하는 것은 무엇인지 살펴보는 거예요.
28,1,0.03571428571428571,0.7391304347826086,2.217391304347826,0,즉 우리 친구들이 (1)/(일)과 육 분의 육과 육 분의 이 가 합쳐지면 일(1)/(일)과 육 분의 팔에서 (1)/(일)과 육 분의 사를 빼주는 것이 됩니다. 그럼 여기서 (X)/(엑스) 를 해줄게요.,즉 우리 친구들이 육 분의 육과 육 분의 가 합쳐지면 육 분의 팔에서 육 분의 사를 빼주는 것이 됩니다. 그럼 여기서 를 해줄게요.
5,0,0.0,1.0,2.2,1,우리 문제 풀어 볼 거예요.,우리 문제 풀어 볼 거예요.
20,0,0.0,1.0,3.55,1,"이랬죠. 그때 어땠다고 했나요? 심각한 상황이었는데 조금 재미있었다고 했습니다. 방언을 사용하면요. 즐거움도 주고, 재미도 있고. 또 같은 지역 사람끼리 친근감,","이랬죠. 그때 어땠다고 했나요? 심각한 상황이었는데 조금 재미있었다고 했습니다. 방언을 사용하면요. 즐거움도 주고, 재미도 있고. 또 같은 지역 사람끼리 친근감,"
6,1,0.16666666666666666,1.0,3.75,0,"n/ 컴퍼스를 (5cm)/(오 센티미터) 만큼 벌리고,","컴퍼스를 센티미터) 만큼 벌리고,"
29,0,0.0,0.9230769230769231,2.576923076923077,1,한 가지 팁을 발견할 수가 있어요 (40)/(사십) 대 (100)/(백) 이라는 비를 여러분들이 이제 알게 된거죠 무엇을 통해서 백분의(40)/(사십) 이라는 백분율을 통해서 알 수 있게 되었고 이것이 의미하는 게 무엇일까.,한 가지 팁을 발견할 수가 있어요 대 이라는 비를 여러분들이 이제 알게 된거죠 무엇을 통해서 이라는 백분율을 통해서 알 수 있게 되었고 이것이 의미하는 게 무엇일까.
23,4,0.17391304347826086,0.9444444444444444,2.2777777777777777,0,o/ n/ 그런데 지금 보니까 n/ 뭔가 좀 아닌 것 같아요. n/ 음/ 두 번째 힌트를 보면서 좀 더 얘기를 해보는 건 어떨까요?,그런데 지금 보니까 뭔가 좀 아닌 것 같아요. 두 번째 힌트를 보면서 좀 더 얘기를 해보는 건 어떨까요?
12,0,0.0,1.0,3.4,1,자/ 이번에는요. 지우네 학교 학생들이 (배우고)/(배우구) 싶은 악기를 조사하여 나타낸 원 그래프래요.,이번에는요. 지우네 학교 학생들이 싶은 악기를 조사하여 나타낸 원 그래프래요.
31,0,0.0,0.8275862068965517,2.8275862068965516,1,o/ 그렇다면 문장으로도 고칠 수 있겠죠. 그렇죠. 어떻게 얼굴이 달아오른 채 주먹을 꽉 쥐고 맞아요. 주먹을 꽉 쥐고 있었어요. 그리고 이제 달려 나가는 모습은 (1)/(하나)도 흐트러지지 않았다 라고 고칠 수 있군요.,그렇다면 문장으로도 고칠 수 있겠죠. 그렇죠. 어떻게 얼굴이 달아오른 채 주먹을 꽉 쥐고 맞아요. 주먹을 꽉 쥐고 있었어요. 그리고 이제 달려 나가는 모습은 흐트러지지 않았다 라고 고칠 수 있군요.
4,0,0.0,1.0,3.75,1,선생님은 이렇게 계획을 세웠어요.,선생님은 이렇게 계획을 세웠어요.
11,0,0.0,1.0,3.4444444444444446,1,(1)/(일)부터 (9)/(구)까지의 수가 순서대로 첫째부터 아홉째까지의 말로 나타내질 수 있다는 거였어요.,수가 순서대로 첫째부터 아홉째까지의 말로 나타내질 수 있다는 거였어요.
13,0,0.0,1.0,2.6666666666666665,1,o/ 여러 가지 자연에 있는 소재들을 완벽하게 글로 멋지게 풀어낼 수 있을 겁니다.,여러 가지 자연에 있는 소재들을 완벽하게 글로 멋지게 풀어낼 수 있을 겁니다.
4,1,0.25,1.0,2.6666666666666665,0,n/ 네가 항소를 한다면,네가 항소를 한다면
33,1,0.030303030303030304,0.9259259259259259,2.8518518518518516,0,"그/ 이유가 그렇게 만들 수 있는 이유가, 바로 음악 같은 소리에 반복, 리듬감 때문이라는 거고요, 또 (1)/(하나) 글자수도 반복이 됩니다, 자/ 여기 한번 볼까요? (4글자)/(네 글자) (4글자)/(네 글자) (3글자)/(세 글자) 이렇게 돼 있잖아요,","이유가 그렇게 만들 수 있는 이유가, 바로 음악 같은 소리에 반복, 리듬감 때문이라는 거고요, 또 글자수도 반복이 됩니다, 여기 한번 볼까요? 글자) 글자) 글자) 이렇게 돼 있잖아요,"
27,0,0.0,1.0,3.0384615384615383,1,그런데 왜 무지개떡일까요? 딱 떡 모양만 봐도 알 수가 있죠? 무지개처럼 색깔이 여러 가지 색이기 때문에 무지개 떡이라고 불러요. 자/ 따라서 요렇게 무지개를 따다가 무지개떡을 만든다는 것은.,그런데 왜 무지개떡일까요? 딱 떡 모양만 봐도 알 수가 있죠? 무지개처럼 색깔이 여러 가지 색이기 때문에 무지개 떡이라고 불러요. 따라서 요렇게 무지개를 따다가 무지개떡을 만든다는 것은.
26,4,0.15384615384615385,1.0,3.0,0,n/ (2)/(둘) 자/ 그다음에요 삼 분의 이 (라고)/(라구) 했으니깐 n/ 나머지 직사각형 (1)/(하나)를 똑같이 (3개)/(세 개)로 나눈 것 중에 (2개)/(두 개)를 색칠해야 n/ 됩니다. 그렇다면 (1)/(하나).,그다음에요 삼 분의 했으니깐 나머지 직사각형 똑같이 개)로 나눈 것 중에 개)를 색칠해야 됩니다. 그렇다면
15,1,0.06666666666666667,1.0,2.5,0,"네. 이제는요, 여러분의 교재 (71쪽)/(칠십 일 쪽) 에 나와 있는 (12번)/(십 이 번) 볼게요. b/","네. 이제는요, 여러분의 교재 일 쪽) 에 나와 있는 볼게요."
22,1,0.045454545454545456,0.6,2.8,0,"n/ 또 (1)/(하나)를 이렇게 담아 (주고요)/(주구요). 또 (1)/(하나)를 이렇게 담아주고, 번갈아가면서 (1씩)/(하나 씩) 또 요렇게 담아주고, 또 (1)/(하나)를 첫번째 접시에 이렇게 (놓고요)/(놓구요).","또 이렇게 담아 또 이렇게 담아주고, 번갈아가면서 씩) 또 요렇게 담아주고, 또 첫번째 접시에 이렇게"
4,0,0.0,1.0,3.5,1,"병아리를 귀여워하는 마음이 잘,","병아리를 귀여워하는 마음이 잘,"
12,0,0.0,1.0,3.111111111111111,1,"그러니까 (4)/(사)가 (3)/(삼)이 되고, 받아 내림 하면서 (10)/(십)을 일의 자리 위에다가 적어줍니다.","그러니까 되고, 받아 내림 하면서 일의 자리 위에다가 적어줍니다."
13,1,0.07692307692307693,0.8181818181818182,2.5454545454545454,0,그래서 삼 분의 십 고치면 대분수로 (3)/(삼)과 n/ 삼 분의 일이 나오게 되겠습니다.,그래서 삼 분의 십 고치면 대분수로 삼 분의 일이 나오게 되겠습니다.
1,0,0.0,0.0,0.0,1,(5)/(오)는,
19,1,0.05263157894736842,0.9090909090909091,3.0,0,n/ (3시)/(세 시) (8분)/(팔 분) (5초)/(오 초)였대요. 시작 시각이. b/ 자/ 그런데 통화를 한 시간이 (4분)/(사 분) (10초)/(십 초)래요.,시) 분) 초)였대요. 시작 시각이. 그런데 통화를 한 시간이 분) 초)래요.
25,0,0.0,0.9166666666666666,2.9583333333333335,1,자/ 선생님이 미리 지적했던 여러분들이 종종 하기 쉬웠던 그런 실수들까지도 미리 기억해서 수학에 있어서도 약속도 잘 지키고 또 질서를 잘 지키는 그러한 어린이 되기 바랍니다.,선생님이 미리 지적했던 여러분들이 종종 하기 쉬웠던 그런 실수들까지도 미리 기억해서 수학에 있어서도 약속도 잘 지키고 또 질서를 잘 지키는 그러한 어린이 되기 바랍니다.
10,0,0.0,1.0,2.4444444444444446,1,자/ 이럴 때 간단하게 간결하게 이렇게 얘기 할 수 있어요.,이럴 때 간단하게 간결하게 이렇게 얘기 할 수 있어요.
17,1,0.058823529411764705,1.0,4.375,0,선생님도 감기조심하세요라고 보내주셨습니다. 우리 친구들 환기+ 어/ 환절기니까 모두모두 감기조심하고요. 다음 시간에도 건강한 모습으로 다시 만났으면 좋겠어요.,선생님도 감기조심하세요라고 보내주셨습니다. 우리 친구들 환기+ 환절기니까 모두모두 감기조심하고요. 다음 시간에도 건강한 모습으로 다시 만났으면 좋겠어요.
19,1,0.05263157894736842,1.0,3.0588235294117645,0,자/ 그다음 쪄서 어/ 찐다는 것도 나왔죠? 뜨거운 김으로 익혀서 초장에 찍어 먹어도 맛있지 선생님은 이렇게 브로콜리를 자주 먹어요.,그다음 쪄서 찐다는 것도 나왔죠? 뜨거운 김으로 익혀서 초장에 찍어 먹어도 맛있지 선생님은 이렇게 브로콜리를 자주 먹어요.
28,1,0.03571428571428571,0.9629629629629629,3.111111111111111,0,"야 너무 멋있다. 누가? 땅이. 그래서 땅은 하늘이 시샘하는 것을 지켜보며 중요한 것을 깨달았대요. 이 깨달은 내용이 뭘까요? 바로, 하늘만 멋있는게 아니야. 나도 멋있어. 이런 거를 깨닫게 된거지요.","야 너무 멋있다. 누가? 땅이. 그래서 땅은 하늘이 시샘하는 것을 지켜보며 중요한 것을 깨달았대요. 깨달은 내용이 뭘까요? 바로, 하늘만 멋있는게 아니야. 나도 멋있어. 이런 거를 깨닫게 된거지요."
2,1,0.5,1.0,4.0,0,n/ 만점왕.,만점왕.
8,0,0.0,1.0,2.75,1,낱개 (9개)/(아홉 개)? (9)/(구). 그래서 (99)/(구십 구). b/,낱개 개)? 그래서 구).
9,1,0.1111111111111111,1.0,3.0,0,자/ 이 글자와 다가 붙어서 바로 기본형 먹다가 된거에요.,글자와 다가 붙어서 바로 기본형 먹다가 된거에요.
8,1,0.125,1.0,2.5,0,b/ 네모 안에 알맞은 수를 써 넣으세요. n/,네모 안에 알맞은 수를 써 넣으세요.
14,0,0.0,1.0,3.0,1,자/ (4명)/(네 명) 이라고 했으니까 나누는 수는 (4)/(사) 입니다. 자/ 몫은 몰라요 네모로 줄께요.,명) 이라고 했으니까 나누는 수는 입니다. 몫은 몰라요 네모로 줄께요.
17,2,0.11764705882352941,1.0,3.4615384615384617,0,이거는 부끄러운 일이 n/ 아니라요. 정말 자랑하고 싶은 일이죠? 그래서 (4번)/(사 번)이 정답이고요. n/ (5번)/(오 번)도 볼게요.,이거는 부끄러운 일이 아니라요. 정말 자랑하고 싶은 일이죠? 그래서 번)이 정답이고요. 번)도 볼게요.
1,0,0.0,0.0,0.0,1,(6)/(여섯),
5,1,0.2,1.0,2.0,0,"는 강아지 네/ 를, n/.","는 강아지 를,"
5,3,0.6,1.0,3.5,0,그걸로 이/ 이 끝부분에 그/.,그걸로 끝부분에
5,0,0.0,1.0,3.3333333333333335,1,u/ 값은 그냥 (X)/(엑스) 제곱이고요.,값은 그냥 제곱이고요.
16,1,0.0625,1.0,2.9166666666666665,0,n/ (우리도요)/(우리두요) 주변에서 어떠한 (상황)/(사항)이 벌어졌을 때 사람에 따라서 생각과 느낌이 다르다는 (걸)/(것) 알 수 있습니다.,주변에서 어떠한 벌어졌을 때 사람에 따라서 생각과 느낌이 다르다는 알 수 있습니다.
21,0,0.0,1.0,3.4,1,자/ 예약 번호는 심각한 사회 문제입니다. 분명하다. 이를 해결하기 위해 소비자들의 이기적인 태도를 개선하고 사회적 장치를 보완하는데 모두가 관심을 가져야 한다.,예약 번호는 심각한 사회 문제입니다. 분명하다. 이를 해결하기 위해 소비자들의 이기적인 태도를 개선하고 사회적 장치를 보완하는데 모두가 관심을 가져야 한다.
4,1,0.25,1.0,3.3333333333333335,0,아/ 늘이 들어가면 되겠다.,늘이 들어가면 되겠다.
6,0,0.0,1.0,3.3333333333333335,1,그렇다면 주어진 것들은 어떤 것들이 있을까요.,그렇다면 주어진 것들은 어떤 것들이 있을까요.
5,0,0.0,1.0,2.4,1,라고 얘기를 할 수가 있겠죠.,라고 얘기를 할 수가 있겠죠.
3,1,0.3333333333333333,1.0,3.0,0,n/ (1번)/(일 번).,번).
7,0,0.0,1.0,2.8333333333333335,1,첫번째 (3 변)/(세 변)의 길이를 알아야 하는것,첫번째 (3 변)의 길이를 알아야 하는것
2,0,0.0,0.0,0.0,1,자/ (ㄱ)/(기역)은.,
8,1,0.125,1.0,2.4285714285714284,0,n/이번에는 아래 부분에 찍는 걸 한번 해 보겠습니다.,아래 부분에 찍는 걸 한번 해 보겠습니다.
10,1,0.1,1.0,3.2222222222222223,0,"면의 수와 꼭지점의 수가 같으면 뭐다? 그렇죠, 이 친구는 각뿔입니다.","면의 수와 꼭지점의 수가 같으면 뭐다? 그렇죠, 친구는 각뿔입니다."
25,3,0.12,1.0,2.9523809523809526,0,어/ 생활속에서 자연을 보호할 수 있는 실천을 해야 합니다 그 실천 방안으로 저는 두 가지를 주장하고 싶습니다 자/ 그러면 이 뒤에 어떤 내용이 오겠다 눈치채셨나요?,생활속에서 자연을 보호할 수 있는 실천을 해야 합니다 실천 방안으로 저는 두 가지를 주장하고 싶습니다 그러면 뒤에 어떤 내용이 오겠다 눈치채셨나요?
6,0,0.0,1.0,3.0,1,그리고 각의 크기는 (60도)/(육십 도) 였는데요.,그리고 각의 크기는 도) 였는데요.
19,1,0.05263157894736842,1.0,2.5294117647058822,0,"n/ 종선아, 미안해. 내가 널 좋아하는 건 너도 알지? 치/ 그러면 뭐해? 난 걔한테 하나도 도움이 되지 않는 걸.","종선아, 미안해. 내가 널 좋아하는 건 너도 알지? 그러면 뭐해? 난 걔한테 하나도 도움이 되지 않는 걸."
12,2,0.16666666666666666,0.875,3.25,0,n/ 그런데 보통 이 번호는 (1번)/(일 번)부터 붙이지 않고 (10번)/(십 번)부터 붙입니다.,그런데 보통 번호는 번)부터 붙이지 않고 번)부터 붙입니다.
13,2,0.15384615384615385,1.0,3.3636363636363638,0,n/ n/ 평면도형 뒤집기 뒤집는 방향에 따라서 왼쪽 오른쪽이 바뀌거나 아래쪽 윗쪽이 바뀝니다.,평면도형 뒤집기 뒤집는 방향에 따라서 왼쪽 오른쪽이 바뀌거나 아래쪽 윗쪽이 바뀝니다.
30,0,0.0,0.9333333333333333,2.8333333333333335,1,지방 관리가 백성을 다스려야 할 때 지켜야 할 윤리에 대한 내용인 목민심서. 모든 사람이 공평하게 법의 보호를 받아야 한다고 주장한 흠흠신서. 백성을 다스리는 방법이 변해야 한다는 내용을 적은 경세유표 등,지방 관리가 백성을 다스려야 할 때 지켜야 할 윤리에 대한 내용인 목민심서. 모든 사람이 공평하게 법의 보호를 받아야 한다고 주장한 흠흠신서. 백성을 다스리는 방법이 변해야 한다는 내용을 적은 경세유표 등
23,0,0.0,0.9090909090909091,2.8636363636363638,1,"국, 수, 사, 과 이렇게 진행이 될 예정이에요. 우리 친구들 벌써 외웠죠. 특히 사회와 과학은 우리 친구들 (3학년)/(삼 학년) 올라와서 처음 배우는 과목이잖아요.","국, 수, 사, 과 이렇게 진행이 될 예정이에요. 우리 친구들 벌써 외웠죠. 특히 사회와 과학은 우리 친구들 학년) 올라와서 처음 배우는 과목이잖아요."
7,0,0.0,1.0,3.0,1,(100원)/(백 원)짜리 동전이 (3개)/(세 개) 있으면 몇(100)/(백)?,원)짜리 동전이 개) 있으면
3,0,0.0,1.0,3.6666666666666665,1,비늘이 아름다운 물고기.,비늘이 아름다운 물고기.
8,1,0.125,1.0,3.1666666666666665,0,음/ 그러면 바로 출발 할까요? 자/ 알쏭달쏭 우리말.,그러면 바로 출발 할까요? 알쏭달쏭 우리말.
2,0,0.0,1.0,4.0,1,여기에서 시작해서,여기에서 시작해서
7,0,0.0,1.0,3.7142857142857144,1,우리 친구들의 활약으로 두번째 미션을 성공하게 되었는데요!,우리 친구들의 활약으로 두번째 미션을 성공하게 되었는데요!
19,1,0.05263157894736842,1.0,2.8125,0,"직각삼각형이 아닌 것은 (ㄴ)/(니은)입니다. 그 이유는 뭐라고 하면 될까요? 지금 말한 것 속에 다 있어요. (이렇게)/(요렇게) 쓰세요. 직각 삼각형은,","직각삼각형이 아닌 것은 이유는 뭐라고 하면 될까요? 지금 말한 것 속에 다 있어요. 쓰세요. 직각 삼각형은,"
21,0,0.0,0.95,2.5,1,해결해 줄 수 있죠. 사실 이거는요 누구만 보면 되는 건가요 끝에 있는 (40초)/(사십 초) 요것만 보면 돼요 그런 문제가 해결된단 말이죠.,해결해 줄 수 있죠. 사실 이거는요 누구만 보면 되는 건가요 끝에 있는 초) 요것만 보면 돼요 그런 문제가 해결된단 말이죠.
2,0,0.0,1.0,4.0,1,어떻게 구하나요?,어떻게 구하나요?
25,0,0.0,1.0,2.176470588235294,1,(25)/(이십 오) (36)/(삼 십 육) (이와)/(위와) (같이)/(가치) 표현된 (것을)/(거슬) 보니까 각 단계별로 가장 가운데 있는 수를 (2번)/(두 번) 곱한 것과 (같구나)/(가꾸나) 라고 말할 수 있죠.,오) 십 육) 표현된 보니까 각 단계별로 가장 가운데 있는 수를 곱한 것과 라고 말할 수 있죠.
18,1,0.05555555555555555,0.9166666666666666,3.5833333333333335,0,n/ 무엇이었죠? 그렇죠. (1)/(한) 밑면. 자/ 여기 점선으로 표시를 (한다면)/(핸다면) (1)/(한) 밑면의 넓이였습니다. (1)/(한) 밑면의 넓이 곱하기 높이.,무엇이었죠? 그렇죠. 밑면. 여기 점선으로 표시를 밑면의 넓이였습니다. 밑면의 넓이 곱하기 높이.
8,2,0.25,1.0,2.5,0,"n/ 오늘 내가 n/ 가장 맛있게 먹은 낱말은,","오늘 내가 가장 맛있게 먹은 낱말은,"
24,2,0.08333333333333333,0.9411764705882353,2.588235294117647,0,그 다음 건 어때요 (1층)/(일 층)에 (5)/(다섯) 그 다음 (6)/(여섯) (7)/(일곱) 이와 같이 표현이 되었어요 수들의 규칙을 보니 (3씩)/(삼 씩) 커지는 수의 규칙이 있군요.,다음 건 어때요 층)에 다음 이와 같이 표현이 되었어요 수들의 규칙을 보니 씩) 커지는 수의 규칙이 있군요.
15,0,0.0,1.0,3.0833333333333335,1,자/ 그렇다면 (19번)/(십 구 번) 도표는 무엇인지 찾아 기호를 쓰래요. 아까 도표가 뭐였어요? 요기서 바로?,그렇다면 구 도표는 무엇인지 찾아 기호를 쓰래요. 아까 도표가 뭐였어요? 요기서 바로?
18,0,0.0,1.0,3.125,1,자/ 말을 주고받을 때 지켜야 할 예절로 알맞지 않은 것을 물어봤어요. 자/ 우리 선택지 바로 살펴보면서 확인하도록 하겠습니다.,말을 주고받을 때 지켜야 할 예절로 알맞지 않은 것을 물어봤어요. 우리 선택지 바로 살펴보면서 확인하도록 하겠습니다.
16,0,0.0,0.8333333333333334,2.0833333333333335,1,자/ 그다음 여기도 역시 (180도)/(백 팔십 도)에서 (95도)/(구십 오 도) 를 빼주면 (85도)/(팔십 오 도) .,그다음 여기도 역시 팔십 도)에서 오 도) 를 빼주면 오 도) .
35,1,0.02857142857142857,0.9666666666666667,3.1666666666666665,0,"자/ 선생님이 관련 부분을 이렇게 준비를 해 봤는데요. 여기에서 다희가 바위나리에게 느낀 마음, 어디에 나와있는지 우리 같이 찾아볼까요. 선생님 꼭 따라와야 돼요, 여러분. 자/ 연필 (들고요)/(들구요). 교재에서 밑줄 같이 치도록 해요. 자/ 먼저 이 부분이요.","선생님이 관련 부분을 이렇게 준비를 해 봤는데요. 여기에서 다희가 바위나리에게 느낀 마음, 어디에 나와있는지 우리 같이 찾아볼까요. 선생님 꼭 따라와야 돼요, 여러분. 연필 교재에서 밑줄 같이 치도록 해요. 먼저 부분이요."
2,1,0.5,1.0,5.0,0,n/ 두드려봐.,두드려봐.
6,0,0.0,1.0,2.2,1,여러분 정말 하고 싶은 말이 (무엇이라고요)/(무엇이라구요).,여러분 정말 하고 싶은 말이
1,0,0.0,0.0,0.0,1,"(100)/(백),",
22,3,0.13636363636363635,1.0,2.9411764705882355,0,이거야말로 역시 또 중요하지요. 이것도 빼 놓으면 안되겠구요. 어/ 그러면 n/ 네 번째 (1번)/(한 번) 볼까요? 이 나라의 공주가 몇 명이 있을까?,이거야말로 역시 또 중요하지요. 이것도 빼 놓으면 안되겠구요. 그러면 네 번째 볼까요? 나라의 공주가 몇 명이 있을까?
13,1,0.07692307692307693,0.9090909090909091,2.8181818181818183,0,n/ (2학년)/(이학년) 친구들 모두 안녕하세요. 반갑습니다. 더 쉽고 더 신나는 수학을 함께 할.,친구들 모두 안녕하세요. 반갑습니다. 더 쉽고 더 신나는 수학을 함께 할.
3,2,0.6666666666666666,1.0,3.0,0,n/ 아/ 그럼.,그럼.
13,0,0.0,0.9166666666666666,3.4166666666666665,1,나하고 말을 했다니까요. 나는 알아들었어요. 덕실이가 나한테 나는 말하면 안 되니? b/ 그랬어요.,나하고 말을 했다니까요. 나는 알아들었어요. 덕실이가 나한테 나는 말하면 안 되니? 그랬어요.
10,1,0.1,1.0,3.4444444444444446,0,이 반론이라는 것은 무엇이냐. 다른 사람의 의견에 반박하는 것을 말합니다.,반론이라는 것은 무엇이냐. 다른 사람의 의견에 반박하는 것을 말합니다.
21,1,0.047619047619047616,1.0,3.2222222222222223,0,"그래서 햇볕에 말려서 예/ 준비를 해놓고 그다음에 쪽들이고 잇드리니 청홍이 색색이라. 쪽, 이게 푸른색 그/ 염료입니다. 잇, (이거는)/(요거는) 이제 붉은 색이죠.","그래서 햇볕에 말려서 준비를 해놓고 그다음에 쪽들이고 잇드리니 청홍이 색색이라. 쪽, 이게 푸른색 염료입니다. 잇, 이제 붉은 색이죠."
11,0,0.0,1.0,3.5,1,네/ 아이고/ 고맙습니다. 이영+ 이(*)/(별)영 친구 열심히 지금 하고 있답니다. 잘했어요.,고맙습니다. 이영+ 친구 열심히 지금 하고 있답니다. 잘했어요.
3,0,0.0,1.0,3.5,1,"(1개)/(한 개)를 꺼내고,","개)를 꺼내고,"
4,0,0.0,1.0,4.5,1,여기 연화에게로 옮겨본다고 생각할게요.,여기 연화에게로 옮겨본다고 생각할게요.
2,0,0.0,1.0,4.0,1,자/ 이렇게.,이렇게.
9,1,0.1111111111111111,0.8571428571428571,2.857142857142857,0,n/ 자/ 여기도 직각 여기도 직각이 있을 테니까 말이죠.,여기도 직각 여기도 직각이 있을 테니까 말이죠.
5,0,0.0,1.0,3.0,1,"심지어는 포기하게 할 수도 있는데,","심지어는 포기하게 할 수도 있는데,"
9,1,0.1111111111111111,1.0,3.25,0,그래요. 아무래도 그/ 전쟁 하면 또 우리는 우리나라 현실에서는.,그래요. 아무래도 전쟁 하면 또 우리는 우리나라 현실에서는.
13,1,0.07692307692307693,0.9166666666666666,3.0833333333333335,0,n/ 어땠어요? 우리 친구들 오늘 찾은 수학 보물 우리 주변의 찾아보며는 매우매우 많습니다.,어땠어요? 우리 친구들 오늘 찾은 수학 보물 우리 주변의 찾아보며는 매우매우 많습니다.
11,0,0.0,1.0,3.875,1,예/ 뭘까요? 예/ 소리가 작고 걱정스러운 말투가 어울리겠죠. 자/ 그래서 정답은요.,뭘까요? 소리가 작고 걱정스러운 말투가 어울리겠죠. 그래서 정답은요.
27,1,0.037037037037037035,0.96,3.12,0,"n/ 시간이 지나 여인이 잠들었는가 싶더니, 갑자기 짐 꾸러미에서 비수 (1자루)/(한 자루)가 튀어나오더니 박 씨에게로 날아왔다. 그러나 박 씨가 준비해 둔 매운 재를 뿌리자 비수는 방바닥으로 떨어졌다.","시간이 지나 여인이 잠들었는가 싶더니, 갑자기 짐 꾸러미에서 비수 자루)가 튀어나오더니 박 씨에게로 날아왔다. 그러나 박 씨가 준비해 둔 매운 재를 뿌리자 비수는 방바닥으로 떨어졌다."
4,0,0.0,1.0,4.333333333333333,1,"(그렇죠)/(그러쵸) 첫번째로 튀어오른 높이에서,","첫번째로 튀어오른 높이에서,"
10,0,0.0,1.0,3.3333333333333335,1,해준 다음에 겹쳐진 부분 얼마만큼요? (4분의3)/(사 분의 삼)만큼을 빼주는 거예요.,해준 다음에 겹쳐진 부분 얼마만큼요? 분의 삼)만큼을 빼주는 거예요.
6,0,0.0,1.0,4.333333333333333,1,이번에는 최소공배수를 구하는 방법이 문제로 나와있습니다.,이번에는 최소공배수를 구하는 방법이 문제로 나와있습니다.
29,0,0.0,0.7037037037037037,2.5925925925925926,1,"주황색 끈의 길이는 (30.08cm)/(삼십 점 영 팔 센티미터), 초록색 끈의 길이는 (9.4cm)/(구 점 사 센티미터) 입니다. 주황색 끈의 길이는 초록색의 끈의 길이의 몇 배인가요? 몇 배인가요 를 묻는 문제.","주황색 끈의 길이는 점 영 팔 센티미터), 초록색 끈의 길이는 점 사 센티미터) 입니다. 주황색 끈의 길이는 초록색의 끈의 길이의 몇 배인가요? 몇 배인가요 를 묻는 문제."
4,1,0.25,1.0,2.3333333333333335,0,n/ 자 그리고 원래.,자 그리고 원래.
6,0,0.0,1.0,3.0,1,장미가 선물 받은 선물은 무엇인지 쓰세요.,장미가 선물 받은 선물은 무엇인지 쓰세요.
2,0,0.0,1.0,4.0,1,기억하고 (있지요)/(있지여)?,기억하고
9,0,0.0,1.0,2.8,1,자/ 우리 마지막 계산왕 비밀노트 (1번)/(한 번) 보고 (갈까요)/(갈까여)?,우리 마지막 계산왕 비밀노트 보고
9,1,0.1111111111111111,1.0,3.142857142857143,0,n/ 자/ 조사 발표하기의 과정을 한번 정리해 보도록 할게요.,조사 발표하기의 과정을 한번 정리해 보도록 할게요.
15,0,0.0,1.0,3.4166666666666665,1,"내 머릿속에 있는 컴퓨터를 켜라! 안녕하세요, 전국의 수학을 사랑하는 (EBS)/(이비에스) (3학년)/(삼 학년), (4학년)/(사 학년) 친구들.","내 머릿속에 있는 컴퓨터를 켜라! 안녕하세요, 전국의 수학을 사랑하는 학년), 학년) 친구들."
14,1,0.07142857142857142,1.0,3.3636363636363638,0,n/ 실수하기 쉬운 부분들 놓치지 (마시고요)/(마시구요). 그려보겠습니다. 자/ 실제 선이 이렇게 되어 있었다고 하고요.,실수하기 쉬운 부분들 놓치지 그려보겠습니다. 실제 선이 이렇게 되어 있었다고 하고요.
3,1,0.3333333333333333,1.0,2.0,0,n/ 그것 봐.,그것 봐.
2,0,0.0,1.0,4.0,1,이런 마을이래요.,이런 마을이래요.
1,0,0.0,0.0,0.0,1,(2)/(이)더하기,
3,0,0.0,1.0,4.5,1,b/ 그림도 그려봤어요.,그림도 그려봤어요.
15,1,0.06666666666666667,1.0,2.8333333333333335,0,이 도화지에 둘레가 (24.3/이 십 사 쩜 삼) (cm)/(센티미터)일 때 도화지의 넓이를 구해보세요 라고 되어있습니다.,도화지에 둘레가 십 사 쩜 삼) 때 도화지의 넓이를 구해보세요 라고 되어있습니다.
8,0,0.0,1.0,3.25,1,마침 그때 누구를 만났을까요? 노랑 애벌레를 만나게 됩니다.,마침 그때 누구를 만났을까요? 노랑 애벌레를 만나게 됩니다.
11,0,0.0,0.875,4.0,1,"자/ (1 층)/(일 층)인지, (2 층)/(이 층)인지, 오른쪽인지, 왼쪽인지, 위인지 말이죠.","(1 층)인지, (2 층)인지, 오른쪽인지, 왼쪽인지, 위인지 말이죠."
5,0,0.0,1.0,2.8,1,예순 아홉 이렇게 읽으면 됩니다.,예순 아홉 이렇게 읽으면 됩니다.
11,0,0.0,1.0,3.0,1,하고 다 궁금해 할거야. 알겠어. (hint)/(힌트). 먹을 걸로 유인하세요. 자/ 그러면,하고 다 궁금해 할거야. 알겠어. 먹을 걸로 유인하세요. 그러면
15,3,0.2,1.0,3.4166666666666665,0,"이 글에서 설명하는 내용은 무엇일까요 무엇에 대해서 설명하고 있어요 법이죠 그러니까 n/정답은(1번)/(일 번). 그 다음,","글에서 설명하는 내용은 무엇일까요 무엇에 대해서 설명하고 있어요 법이죠 그러니까 번). 다음,"
3,0,0.0,1.0,3.0,1,그림부터 읽어 (볼게요)/(볼께요).,그림부터 읽어
12,0,0.0,1.0,2.909090909090909,1,나 (Fx)/(에프 엑스)란 애가 있었어. 일단 모양부터 벌써 이상하지. 함수가 어떻게 돼?,나 엑스)란 애가 있었어. 일단 모양부터 벌써 이상하지. 함수가 어떻게 돼?
4,1,0.25,1.0,2.6666666666666665,0,n/ 그런 걸 달라구요.,그런 걸 달라구요.
11,0,0.0,1.0,2.6363636363636362,1,바닥이 평평한 면이 바닥으로 가도록 쌓으면 이렇게 잘 싸울 수 있어요.,바닥이 평평한 면이 바닥으로 가도록 쌓으면 이렇게 잘 싸울 수 있어요.
2,0,0.0,0.0,0.0,1,"(ㅂ)/(비읍), (ㅅ)/(시옷)입니다.",
3,1,0.3333333333333333,1.0,3.5,0,n/ 유관순 열사에게,유관순 열사에게
16,0,0.0,0.8666666666666667,3.1333333333333333,1,그러니까 우리가 (3)/(삼) 학년 때부터 나눗셈을 굉장히 열심히 했잖아요. 나눗셈을 열심히 한 데는 다 이유가 있다니까요.,그러니까 우리가 학년 때부터 나눗셈을 굉장히 열심히 했잖아요. 나눗셈을 열심히 한 데는 다 이유가 있다니까요.
5,0,0.0,1.0,4.8,1,수호의 운동화 색깔이 개나리꽃처럼 노란색이었잖아요.,수호의 운동화 색깔이 개나리꽃처럼 노란색이었잖아요.
21,1,0.047619047619047616,0.9411764705882353,3.5294117647058822,0,원기둥이 되기 위한 조건은 (2가지)/(두 가지)가 있는데요 일단 선생님이요. (2면)/(두 면) 적을게요. 어/ (2면)/(두 면) 무엇인지 모르겠죠. 그다음은 모양을 적겠어요. 모양.,원기둥이 되기 위한 조건은 가지)가 있는데요 일단 선생님이요. 면) 적을게요. 면) 무엇인지 모르겠죠. 그다음은 모양을 적겠어요. 모양.
29,0,0.0,0.7619047619047619,2.4285714285714284,1,"자/ 여기서는 (2개)/(두 개), (3개)/(세 개). (3개)/(세 개)가 더 (1개)/(한 개)가 더 많은 (쪽이므로)/(쪽이무로*) (3개)/(세 개)가 있는 (100)/(백) 모형이 하나가 더 많죠? 따라서 이쪽이 더 큰 수가 되는 것이죠.","여기서는 개), 개). 개)가 더 개)가 더 많은 개)가 있는 모형이 하나가 더 많죠? 따라서 이쪽이 더 큰 수가 되는 것이죠."
30,1,0.03333333333333333,0.8620689655172413,2.5517241379310347,0,이런 문제 예상과 확인을 하고 정확한 식을 골라내면 되는데요 우리가 그 예상과 확인을 할 때에도요 계산 할 수 있는 것들은 계산을 하여서 정확한 값을 찾는 훈련을 해 주는 것이 좋답니다.,이런 문제 예상과 확인을 하고 정확한 식을 골라내면 되는데요 우리가 예상과 확인을 할 때에도요 계산 할 수 있는 것들은 계산을 하여서 정확한 값을 찾는 훈련을 해 주는 것이 좋답니다.
15,0,0.0,1.0,3.4166666666666665,1,"그렇죠 삼각형의 수에 (3)/(삼)을 곱하면 사각형의 수가 되었잖아요 그러니까 삼각형이 (10개)/(열 개)일 때는요 (3)/(삼) 곱하기,","그렇죠 삼각형의 수에 곱하면 사각형의 수가 되었잖아요 그러니까 삼각형이 개)일 때는요 곱하기,"
9,0,0.0,1.0,3.142857142857143,1,자/ 그러면 사는곳 말고 예/ 모양+ 모양. 모습은 어떨까요?,그러면 사는곳 말고 모양+ 모양. 모습은 어떨까요?
12,0,0.0,1.0,2.3333333333333335,1,마당 한 쪽 텃밭에 가면 빨갛게 익은 토마토 나를 쳐다본 다 했습니다.,마당 한 쪽 텃밭에 가면 빨갛게 익은 토마토 나를 쳐다본 다 했습니다.
38,0,0.0,0.8947368421052632,3.1052631578947367,1,예 그러니까요 머리는 앞쪽에 있잖아요. 사람 머리는 요렇게 문단의 앞쪽에 있으면 두괄식의 문단이다 이런 말도 씁니다. 그런데 혀로 먹이를 잡아 삼키는 동물이 있습니다가 만약에 맨 마지막에 있다 있다면 요럴 때는요 미괄식 이란 말도 씁니다. 참고로 알아두시고요. 문제 넘어갈게요.,예 그러니까요 머리는 앞쪽에 있잖아요. 사람 머리는 요렇게 문단의 앞쪽에 있으면 두괄식의 문단이다 이런 말도 씁니다. 그런데 혀로 먹이를 잡아 삼키는 동물이 있습니다가 만약에 맨 마지막에 있다 있다면 요럴 때는요 미괄식 이란 말도 씁니다. 참고로 알아두시고요. 문제 넘어갈게요.
22,1,0.045454545454545456,0.9444444444444444,2.2222222222222223,0,n/ (4)/(사) 가 되네요 그래서 백 분의 이백 삼십 사 (고요)/(구요) 소수로 바꾸면 (2.34)/(이 점 삼 사) 가 됩니다 어때요 이번에도 똑같죠?,가 되네요 그래서 백 분의 이백 삼십 사 소수로 바꾸면 점 삼 사) 가 됩니다 어때요 이번에도 똑같죠?
22,1,0.045454545454545456,1.0,2.6,0,자/ 그럼 두 번째 장면 함께 볼게요. n/ 남자아이가 이렇게 말합니다. 와! 네 목소리 정말 좋다. 나도 너처럼 노래를 잘 부르고 싶어.,그럼 두 번째 장면 함께 볼게요. 남자아이가 이렇게 말합니다. 와! 네 목소리 정말 좋다. 나도 너처럼 노래를 잘 부르고 싶어.
6,1,0.16666666666666666,1.0,3.8,0,옷의 n/ 형태와 관련된 이야기는 아니었습니다.,옷의 형태와 관련된 이야기는 아니었습니다.
4,1,0.25,1.0,2.6666666666666665,0,n/ 템이 많은 호랑이가,템이 많은 호랑이가
6,1,0.16666666666666666,1.0,3.0,0,n/ 오늘의 고민을 해결할 동작 포인트!,오늘의 고민을 해결할 동작 포인트!
6,0,0.0,1.0,3.3333333333333335,1,"인내심과 어려움이 닥쳐도 포기하지 않는 마음,","인내심과 어려움이 닥쳐도 포기하지 않는 마음,"
2,1,0.5,1.0,7.0,0,n/주제는 달팽이입니다.,달팽이입니다.
6,1,0.16666666666666666,1.0,4.0,0,n/ 자/ 다음 문제입니다.(7번)/(칠 번) 문제인데요.,다음 문제인데요.
29,2,0.06896551724137931,0.9583333333333334,2.9583333333333335,0,자/ 곱셈과 나눗셈이 한꺼번에 있을 때 함께 섞여있는 식의 계산은 앞에서부터 차례대로 그래요 곱셈을 먼저 해줘야 됩니다 그러니까 n/ 우리 친구들 (7)/(칠) 곱하기 (5)/(오) 를 먼저 계산해 n/ 줘야겠죠.,곱셈과 나눗셈이 한꺼번에 있을 때 함께 섞여있는 식의 계산은 앞에서부터 차례대로 그래요 곱셈을 먼저 해줘야 됩니다 그러니까 우리 친구들 곱하기 를 먼저 계산해 줘야겠죠.
6,0,0.0,1.0,3.4,1,그런데 이걸 시간으로 나타내려면 어떻게 (하라고요)/(하라구요)?,그런데 이걸 시간으로 나타내려면 어떻게
10,1,0.1,1.0,2.4444444444444446,0,과연 누가 이 순서에 맞게 말을 잘하고 있을까요? 몇 번?,과연 누가 순서에 맞게 말을 잘하고 있을까요? 몇 번?
6,0,0.0,1.0,2.2,1,(7)/(일곱)은 이렇게 쓰지 여기다 써 볼까,이렇게 쓰지 여기다 써 볼까
9,1,0.1111111111111111,0.8,2.4,0,n/ (40도)/(사십 도) 더하기 (60도)/(육십 도) 하면 (100도)/(백 도).,도) 더하기 도) 하면 도).
8,1,0.125,1.0,3.2857142857142856,0,n/ 오늘이 벌써 꽁꽁 초등국어문법 다섯 번째 시간이에요.,오늘이 벌써 꽁꽁 초등국어문법 다섯 번째 시간이에요.
8,0,0.0,1.0,4.0,1,부드럽고 촉촉하며 달다. 어떻게 이렇게 푸딩을 감각적으로 표현했을까요?,부드럽고 촉촉하며 달다. 어떻게 이렇게 푸딩을 감각적으로 표현했을까요?
10,1,0.1,1.0,3.4444444444444446,0,n/ 토론의 절차 순서죠. 절차와 방법에 대우+ 대해서 배우겠습니다. 이상.,토론의 절차 순서죠. 절차와 방법에 대우+ 대해서 배우겠습니다. 이상.
13,0,0.0,1.0,3.1538461538461537,1,말판의 모양에 따라 이렇게 여러가지 고누의 종류가 있네요. 이런 내용도 여러분 잘 기억하시고요.,말판의 모양에 따라 이렇게 여러가지 고누의 종류가 있네요. 이런 내용도 여러분 잘 기억하시고요.
12,0,0.0,0.9090909090909091,2.1818181818181817,1,빼기 (1과 6 분의 5)/(일과 육 분의 오) 계산해 주면 되는 거예요.,빼기 (1과 6 분의 육 분의 오) 계산해 주면 되는 거예요.
9,0,0.0,1.0,2.75,1,o/ 그걸 (1번)/(한 번) 빌려서 (1번)/(한 번) 해 봤습니다.,그걸 빌려서 해 봤습니다.
17,0,0.0,0.8666666666666667,2.6,1,(3수)/(세 수)의 덧셈은 뒤에 (2수)/(두 수)를 먼저 더해도 된다고 했으니까 선생님은 뒤에 수 를 먼저 더 해볼래요.,수)의 덧셈은 뒤에 수)를 먼저 더해도 된다고 했으니까 선생님은 뒤에 수 를 먼저 더 해볼래요.
17,1,0.058823529411764705,1.0,3.0833333333333335,0,n/ 니은을 알맞게 나타낸 그림에 동그라미 표시 하세요. 자/ 그럼 니은 다시 (1번)/(한 번) 읽어봐요. (여기)/(요기)가 니은인데,니은을 알맞게 나타낸 그림에 동그라미 표시 하세요. 그럼 니은 다시 읽어봐요. 니은인데
3,1,0.3333333333333333,1.0,3.0,0,n/ 더하기 (10)/(십).,더하기
8,1,0.125,1.0,3.25,0,"n/ 맞아요 잘 찾았어요. (11)/(십 일)에서 (1)/(하나), (2)/(둘).",맞아요 잘 찾았어요. 일)에서
16,0,0.0,1.0,2.8181818181818183,1,(24)/(이십 사)를 더하니까 (74)/(칠십 사)가 되죠. (2배)/(두 배)를 했더니 (148)/(백 사십 팔) 제곱 (cm)/(센티미터)가 되는 거예요.,사)를 더하니까 사)가 되죠. 배)를 했더니 사십 팔) 제곱 되는 거예요.
8,0,0.0,1.0,2.625,1,즉 이렇게 뜻이 비슷한 낱말을 생각 보자는 겁니다.,즉 이렇게 뜻이 비슷한 낱말을 생각 보자는 겁니다.
2,0,0.0,1.0,4.5,1,"아버지는 신조어를,","아버지는 신조어를,"
7,1,0.14285714285714285,1.0,2.5,0,n/ 평행선을 긋기 위해 준비해야 할 것.,평행선을 긋기 위해 준비해야 할 것.
4,0,0.0,1.0,2.25,1,규칙 없으면 안 되나?,규칙 없으면 안 되나?
8,0,0.0,1.0,2.857142857142857,1,자 이렇게 오늘의 첫 번째 (mission)/(미션) 멋지게 해결했는데요.,자 이렇게 오늘의 첫 번째 멋지게 해결했는데요.
16,1,0.0625,1.0,3.2857142857142856,0,(1번)/(일 번)에이 나와있어요. 일본의 침략을 받고 있었다. 어떻습니까? 전기문 통해서 그 시대 상황을 알 수 있습니다.,번)에이 나와있어요. 일본의 침략을 받고 있었다. 어떻습니까? 전기문 통해서 시대 상황을 알 수 있습니다.
15,2,0.13333333333333333,1.0,3.4,0,네모 n/(2개)/(두 개)를 더해 (20cm)/(이십 센티미터)니까 n/네모 (1개)/(한 개)는 이처럼 (10cm)/(십 센티미터)로 나타내 주면 돼요.,네모 개)를 더해 센티미터)니까 개)는 이처럼 센티미터)로 나타내 주면 돼요.
2,1,0.5,1.0,4.0,0,아/ 기장님!,기장님!
12,1,0.08333333333333333,1.0,3.2857142857142856,0,(8)/(팔) (9)/(구) (10)/(십) (11)/(십 일) 같은 것이 이 범위에 해당되는 자연수들이 되겠네요.,일) 같은 것이 범위에 해당되는 자연수들이 되겠네요.
10,0,0.0,1.0,2.7,1,일단 여기 보니까 구름의 어떤 수인지부터 알아봐야 할 것 같아요.,일단 여기 보니까 구름의 어떤 수인지부터 알아봐야 할 것 같아요.
6,1,0.16666666666666666,1.0,2.25,0,n/ 까에 (ㅇ)/(이응)을 붙여서 글자 깡.,까에 붙여서 글자 깡.
11,1,0.09090909090909091,1.0,2.5555555555555554,0,n/ 그럼 오늘 (1걸음)/(한 걸음) 더 마당 평가도 끝까지 열심히 하기다.,그럼 오늘 걸음) 더 마당 평가도 끝까지 열심히 하기다.
6,0,0.0,1.0,3.0,1,둘째 마당에선 상상력에 대해 많이 배웠지?,둘째 마당에선 상상력에 대해 많이 배웠지?
23,0,0.0,0.782608695652174,2.217391304347826,1,띠 막대를 보고 몇 분의 몇 분모와 분자를 보고 몇 부분 중에 몇 부분 확인하는 법 문제를 통해서 좀 더 확실하게 다져보도록 하죠.,띠 막대를 보고 몇 분의 몇 분모와 분자를 보고 몇 부분 중에 몇 부분 확인하는 법 문제를 통해서 좀 더 확실하게 다져보도록 하죠.
8,1,0.125,1.0,3.2857142857142856,0,n/ 그러면 여기서 오늘의 첫 문제부터 살펴보도록 할게요.,그러면 여기서 오늘의 첫 문제부터 살펴보도록 할게요.
28,0,0.0,1.0,3.409090909090909,1,(ㄱ)/(기역)의 까닭으로+ 끼닭+ 까닭을 알맞게 짐작한 것은 무엇이냐라고 묻고 있네요? b/ 선생님 우리 친구들을 위해 밑에 준비 했어요. (ㄱ은)/(기역은) b/ 유관순의 마음이(뜨거워졌다는)/(뜨거워졌다른) 다른 내용이었네요. b/ 왜 마음이 뜨거워졌을까요?,까닭으로+ 끼닭+ 까닭을 알맞게 짐작한 것은 무엇이냐라고 묻고 있네요? 선생님 우리 친구들을 위해 밑에 준비 했어요. 유관순의 다른 내용이었네요. 왜 마음이 뜨거워졌을까요?
12,0,0.0,0.8181818181818182,2.5454545454545454,1,나 지금 배고파 이렇게 이야기하는 것보다는 허/ 나 지금 배가 너무 고파.,나 지금 배고파 이렇게 이야기하는 것보다는 나 지금 배가 너무 고파.
9,1,0.1111111111111111,1.0,3.5,0,n/ 학급 임원제도는 반드시 필요하다고 할 수 없습니다. 반대합니다.,학급 임원제도는 반드시 필요하다고 할 수 없습니다. 반대합니다.
10,1,0.1,0.4,2.2,0,"n/ 자/ 점 (ㄱ)/(기역)을 지나고, 점 (ㄱ)/(기역), 점 (ㄱ)/(기역)을 지나고,","점 지나고, 점 점 지나고,"
2,1,0.5,1.0,3.0,0,"n/ 손님,","손님,"
26,0,0.0,0.8260869565217391,2.652173913043478,1,가 접시에는 사탕이 (1개)/(한 개) 있을 때 나 접시에는 (7개)/(일곱 개)가 있었대요. 이번에는 우리 가 접시에 사탕을 몇 개 놓아 볼까요? 선생님은 사탕을 (2개)/(두 개) 놓을래요.,가 접시에는 사탕이 개) 있을 때 나 접시에는 개)가 있었대요. 이번에는 우리 가 접시에 사탕을 몇 개 놓아 볼까요? 선생님은 사탕을 개) 놓을래요.
7,0,0.0,1.0,2.5,1,아까 (10)/(십) 모형이 (10개)/(열 개)인 수가 (100)/(백)이었죠?,아까 모형이 개)인 수가
16,0,0.0,1.0,2.8,1,(3번)/(삼 번). 같은 내용을 과거 현재 미래로 모두 표현하면 무엇이 정확한 시간 표현인지 아무도 모를 거예요.,번). 같은 내용을 과거 현재 미래로 모두 표현하면 무엇이 정확한 시간 표현인지 아무도 모를 거예요.
6,1,0.16666666666666666,1.0,1.75,0,"있다 할 때 이 낱말, (담력)/(담녁),","있다 할 때 낱말,"
5,0,0.0,1.0,2.75,1,치는 거예요. 자/ 그런데 이때,치는 거예요. 그런데 이때
8,1,0.125,1.0,2.8333333333333335,0,자/ 변하지 않는 부분은 바로 삶 이 부분이에요.,변하지 않는 부분은 바로 삶 부분이에요.
16,2,0.125,1.0,2.7857142857142856,0,그건 아니에요 왜냐면 이 문제에서 우리가 구하려는 것은요 구한 합의 크기를 다시 비교해서 그 합이 더,그건 아니에요 왜냐면 문제에서 우리가 구하려는 것은요 구한 합의 크기를 다시 비교해서 합이 더
21,1,0.047619047619047616,0.8947368421052632,3.1052631578947367,0,그런데 만약에 삼차함수가 이렇게 있었는데 여기가 n/ (X)/(엑스) 축이었다. 그러면 꺾고 올려봐. 그럼 미분 불가능한 게 많잖아 안 된다고요. 안 된다고요.,그런데 만약에 삼차함수가 이렇게 있었는데 여기가 축이었다. 그러면 꺾고 올려봐. 그럼 미분 불가능한 게 많잖아 안 된다고요. 안 된다고요.
18,1,0.05555555555555555,1.0,2.5555555555555554,0,n/ (3)/(삼)으로 약분되죠 (3)/(삼) (3)/(삼)은 (9)/(구) 그리고 (3)/(삼) (4)/(사) (12)/(십 이)가 됩니다 따라서 삼 분의 이십 팔이 (되고요)/(되구요).,약분되죠 그리고 이)가 됩니다 따라서 삼 분의 이십 팔이
5,0,0.0,1.0,2.75,1,또 컴퓨터 모니터도 사각형 (모양이구요)/(모양이고요).,또 컴퓨터 모니터도 사각형
11,0,0.0,1.0,2.2,1,자/ 그러면 우리 중요 표시 있는 문제 다시 하나 더 볼게요.,그러면 우리 중요 표시 있는 문제 다시 하나 더 볼게요.
12,0,0.0,1.0,3.1666666666666665,1,이런 단정적인 표현은 주장하는 글에서 설득력이 있지 않아요 그래서 어떻게 하면 좋습니까?,이런 단정적인 표현은 주장하는 글에서 설득력이 있지 않아요 그래서 어떻게 하면 좋습니까?
15,0,0.0,1.0,3.5384615384615383,1,공동체문화에 대한 사에+ 생각이 글쓴이와 비슷한 친구 (2사람)/(두 사람)의 이름을 쓰라 합니다. 보여주세요. (2사람)/(두 사람).,공동체문화에 대한 사에+ 생각이 글쓴이와 비슷한 친구 사람)의 이름을 쓰라 합니다. 보여주세요. 사람).
13,0,0.0,1.0,3.25,1,이번에는 와/문장 주어져 있어요. 어떻게 할까요. 구하려는 것과 주어진 조건을 생각해 봐야 되겠죠.,이번에는 주어져 있어요. 어떻게 할까요. 구하려는 것과 주어진 조건을 생각해 봐야 되겠죠.
14,0,0.0,1.0,2.5454545454545454,1,(500)/(오 백) 나누기 (48)/(사십 팔)인 경우에 여기 보면 몫의 위치 (1)/(일)을 여기다 써 줬거든요.,백) 나누기 팔)인 경우에 여기 보면 몫의 위치 여기다 써 줬거든요.
14,1,0.07142857142857142,1.0,3.5,0,n/ 자/ (3)/(삼)과 (5)/(오)를 곱해서 (15)/(십 오)가 되었는데요 이것이 바로 네/ 최대 공약수가 되겠습니다.,곱해서 오)가 되었는데요 이것이 바로 최대 공약수가 되겠습니다.
5,1,0.2,1.0,3.75,0,어/ 요기 아이쿠가 있던 자리였잖아요.,요기 아이쿠가 있던 자리였잖아요.
25,0,0.0,0.9583333333333334,3.1666666666666665,1,"선생님은 이렇게 바둑 돌을 준비했어요. 우리 친구들도 집에 바둑 돌이 있다면 같이 해보면 좋겠네요. 바둑돌이 아니더라도 괜찮아요. 공깃돌도 (괜찮고요)/(괜찮구요). 하지만 이런게 다 없다 하는 친구들은,","선생님은 이렇게 바둑 돌을 준비했어요. 우리 친구들도 집에 바둑 돌이 있다면 같이 해보면 좋겠네요. 바둑돌이 아니더라도 괜찮아요. 공깃돌도 하지만 이런게 다 없다 하는 친구들은,"
19,2,0.10526315789473684,1.0,2.6875,0,"자/ 선생님이랑 말놀이 공부를 계속해서 하고 있는데요, 이 다음 시간에는 어떤 n/ 말 놀이를 할 지 더 기대가 되죠.","선생님이랑 말놀이 공부를 계속해서 하고 있는데요, 다음 시간에는 어떤 말 놀이를 할 지 더 기대가 되죠."
34,3,0.08823529411764706,0.9615384615384616,3.3461538461538463,0,(1번)/(일 번)은 아니고 그럼 (2번)/(이 번) 설명하는 물건의 특징을 찾아 봅니다. 그렇죠. 자/ 이 글에서 옛날 전화기의 색깔이나 모양에 대해 설명하고 있었는데 그 특징을 자세하게 찾아보아야 하겠죠. n/ 그래서 정답은 바로 (2번)/(이 번)이 되겠습니다.,번)은 아니고 그럼 설명하는 물건의 특징을 찾아 봅니다. 그렇죠. 글에서 옛날 전화기의 색깔이나 모양에 대해 설명하고 있었는데 특징을 자세하게 찾아보아야 하겠죠. 그래서 정답은 바로 번)이 되겠습니다.
12,0,0.0,1.0,3.125,1,(6)/(육) (8)/(팔)에 (48)/(사십 팔)이니까는 탁구공이 모두 (48개)/(사십 팔 개) 있다는 뜻이 되겠네요.,팔)이니까는 탁구공이 모두 팔 개) 있다는 뜻이 되겠네요.
26,1,0.038461538461538464,0.9444444444444444,2.6666666666666665,0,자/ 여기 직사각형 (1)/(하나)가 모두 완벽하게 색칠 되어 있으니까 (1)/(일) 이 (되고요)/(되구요) 여기는 자/ (5등분)/(다섯 등분)으로 나눈 것 중에 (4개)/(네 개)가 색칠 되었으니까 오 분의 사.,여기 직사각형 모두 완벽하게 색칠 되어 있으니까 여기는 등분)으로 나눈 것 중에 개)가 색칠 되었으니까 오 분의 사.
15,2,0.13333333333333333,0.8333333333333334,2.6666666666666665,0,n/ 나누어야 돼. 다시. n/ 생각은 달라. 그러니까 나누어야 돼. 우리 다 같이 한번 (춰볼까요)/(춰보까요)?,나누어야 돼. 다시. 생각은 달라. 그러니까 나누어야 돼. 우리 다 같이 한번
7,0,0.0,1.0,3.0,1,양동이에요 (16L)/(십 육 리터)의 물이 들어 있습니다,양동이에요 육 리터)의 물이 들어 있습니다
9,1,0.1111111111111111,1.0,2.75,0,그런데 이 자식도 나중에 결혼을 할 거 아니에요 그렇죠?,그런데 자식도 나중에 결혼을 할 거 아니에요 그렇죠?
7,0,0.0,1.0,2.7142857142857144,1,그리고 그걸로 사실은 미래 일기를 쓸 거예요.,그리고 그걸로 사실은 미래 일기를 쓸 거예요.
3,0,0.0,0.0,0.0,1,(2)/(이) (3)/(삼)은 (6)/(육).,
23,1,0.043478260869565216,1.0,3.6,0,자/ 시묘살이가 무엇인가? 조선시대에는 부모님이 돌아가시면 (3년)/(삼 년)간 그 무덤 앞에서 움막 작은 집을 짓고 살면서 부모님의 명복을 비는 것이 무엇이라고요? 시묘살이라고 합니다.,시묘살이가 무엇인가? 조선시대에는 부모님이 돌아가시면 년)간 무덤 앞에서 움막 작은 집을 짓고 살면서 부모님의 명복을 비는 것이 무엇이라고요? 시묘살이라고 합니다.
15,1,0.06666666666666667,1.0,3.1538461538461537,0,우리는 이 (2개)/(두 개)의 수직선에 모두 해당되는 수들을 찾을 거예요. 어디서 많이 본 유형이죠 무엇입니까?,우리는 개)의 수직선에 모두 해당되는 수들을 찾을 거예요. 어디서 많이 본 유형이죠 무엇입니까?
5,1,0.2,1.0,3.5,0,"그래서 (5)/(와) (12분의)/(십 이 분의),","그래서 분의),"
2,0,0.0,1.0,3.0,1,(15번)/(십 오번),오번)
7,0,0.0,1.0,3.0,1,(30m)/(삼십 미터)라고 우리 예상해볼 수 있는 것이죠.,미터)라고 우리 예상해볼 수 있는 것이죠.
13,0,0.0,1.0,3.4166666666666665,1,자/ 이렇게 해서 평행사변형의 성질을 이용한 문제였는데요 다음 문제는 또 어떤 것일까요 보여주세요.,이렇게 해서 평행사변형의 성질을 이용한 문제였는데요 다음 문제는 또 어떤 것일까요 보여주세요.
14,0,0.0,1.0,1.9090909090909092,1,짠 (6)/(육) 과 (3)/(삼) 은 모으기 했을 때 (9)/(구)가 된다는 것을 알 수 있었어요.,짠 과 은 모으기 했을 때 된다는 것을 알 수 있었어요.
5,1,0.2,1.0,3.5,0,n/ 그래서 계산하기 불편하단 말씀.,그래서 계산하기 불편하단 말씀.
8,0,0.0,1.0,2.6666666666666665,1,이런 경우의 비율은요. 자/ (이렇게)/(요로케) 세로 분의 가로,이런 경우의 비율은요. 세로 분의 가로
9,1,0.1111111111111111,1.0,3.5,0,n/ (5)/(오) (6)/(육) (7)/(칠) (8)/(팔) (9)/(구) 자/ 이렇게 쓸게요.,이렇게 쓸게요.
5,0,0.0,1.0,4.0,1,인물의 마음을 생각하면서 글을 읽어볼꺼에요.,인물의 마음을 생각하면서 글을 읽어볼꺼에요.
10,1,0.1,1.0,2.6,0,n/ (6)/(육) 분의 (5)/(오) 나누기 (2)/(이)를 한번 확인해 보도록 (할게요)/(할께요).,분의 나누기 한번 확인해 보도록
8,1,0.125,1.0,2.857142857142857,0,그 날부터 나는 밤마다 진돗개 꿈을 꿀 정도였대요.,날부터 나는 밤마다 진돗개 꿈을 꿀 정도였대요.
11,0,0.0,1.0,2.090909090909091,1,"원 안에서 그을 수 있는 선분 중에서 가장 길이가 긴 것은,","원 안에서 그을 수 있는 선분 중에서 가장 길이가 긴 것은,"
19,0,0.0,0.6875,2.5625,1,그렇죠 여기 있는 (ㅁ)/(미음)과 만나게 (되고요)/(되구요) 여기 양쪽에 있는 점은 접었을 때 그렇죠 여기에 있는 (ㅇ)/(이응)과 만나게 되는 것입니다.,그렇죠 여기 있는 만나게 여기 양쪽에 있는 점은 접었을 때 그렇죠 여기에 있는 만나게 되는 것입니다.
14,1,0.07142857142857142,1.0,3.9166666666666665,0,자/오늘의 핵심 정리는 여기까지입니다. 선생님과 함께 신나게 공부해봤는데요 문제를 확인해 봐야겠죠? 문제로 확인해. n/,핵심 정리는 여기까지입니다. 선생님과 함께 신나게 공부해봤는데요 문제를 확인해 봐야겠죠? 문제로 확인해.
19,0,0.0,1.0,2.7333333333333334,1,우리는 (20분)/(이십 분) (쉬고요)/(쉬구요) (9시)/(아홉 시) (50분)/(오십 분)에 수학 시간에 또 열심히 공부합시다. 우리 친구들 잠시 뒤에 만나요. 안녕.,우리는 분) 시) 분)에 수학 시간에 또 열심히 공부합시다. 우리 친구들 잠시 뒤에 만나요. 안녕.
9,1,0.1111111111111111,0.875,3.375,0,이 문제는요 다리의 수를 이용해서 동물의 수를 구한다라고 했어요.,문제는요 다리의 수를 이용해서 동물의 수를 구한다라고 했어요.
4,1,0.25,1.0,4.666666666666667,0,아닙니다. 이 매체를 활용할때에는,아닙니다. 매체를 활용할때에는
16,2,0.125,1.0,3.2857142857142856,0,짜자잔 바로 이 꽃이 장미꽃이죠? 붉고 아름다운 꽃 장미꽃 거기에다가 향기까지 좋다니 음/ 장미꽃은 정말 좋겠어요.,짜자잔 바로 꽃이 장미꽃이죠? 붉고 아름다운 꽃 장미꽃 거기에다가 향기까지 좋다니 장미꽃은 정말 좋겠어요.
13,0,0.0,1.0,3.0833333333333335,1,"자/ 결과는 뻔 했습니다. 어떤 결과일까요? 조선 수군은 졌어요, 그것도 대박 크게 졌어요.","결과는 뻔 했습니다. 어떤 결과일까요? 조선 수군은 졌어요, 그것도 대박 크게 졌어요."
17,1,0.058823529411764705,1.0,2.923076923076923,0,자/ 보기 (1번)/(일 번)을 봤더니 아/ 힘을 겨루는 놀이이다라는 거 나와있네요. 자/ 이런 내용 어디 나와 있어요?,보기 번)을 봤더니 힘을 겨루는 놀이이다라는 거 나와있네요. 이런 내용 어디 나와 있어요?
18,0,0.0,0.9444444444444444,2.7222222222222223,1,잘 나와있지 않지만 이쪽에는 우리가 열심히 열심히 뛰어 놓을 수 있는 체육관도 있을 수가 있어. 굉장히 큰 건물들이야.,잘 나와있지 않지만 이쪽에는 우리가 열심히 열심히 뛰어 놓을 수 있는 체육관도 있을 수가 있어. 굉장히 큰 건물들이야.
4,0,0.0,1.0,3.6666666666666665,1,"맞습니다. @/ 김별지 친구,","맞습니다. 김별지 친구,"
9,0,0.0,1.0,3.7142857142857144,1,(9)/(구) 번 문제예요. 수를 쓰고 짝수인지 홀수인지 동그라미 표하세요.,문제예요. 수를 쓰고 짝수인지 홀수인지 동그라미 표하세요.
6,1,0.16666666666666666,1.0,3.0,0,뭔가 이 회사에서 감추고 있는 거예요.,뭔가 회사에서 감추고 있는 거예요.
15,1,0.06666666666666667,0.9166666666666666,3.5,0,자/ 이렇게 사전적 의미 문맥적 의미 알아봤는데요. 자/ 그러면 이제 문제를 한번 알아봐+ 아/ 풀어보겠습니다.,이렇게 사전적 의미 문맥적 의미 알아봤는데요. 그러면 이제 문제를 한번 알아봐+ 풀어보겠습니다.
7,1,0.14285714285714285,1.0,3.0,0,그렇죠 (3개)/(세 개)를 n/ 만들 수가 있습니다.,그렇죠 개)를 만들 수가 있습니다.
9,0,0.0,1.0,2.7777777777777777,1,보기에서 어떤 것을 써 놔야 될까요 쏙쏙아 실력을 발휘해줘.,보기에서 어떤 것을 써 놔야 될까요 쏙쏙아 실력을 발휘해줘.
9,1,0.1111111111111111,1.0,3.5,0,"n/ 네, 백화점에서 엘리베이터 문은 이렇게 안내 방송이 나오잖아요?","네, 백화점에서 엘리베이터 문은 이렇게 안내 방송이 나오잖아요?"
4,0,0.0,1.0,3.5,1,"그러면, 여러분이 큰 스님에게,","그러면, 여러분이 큰 스님에게,"
18,0,0.0,1.0,2.411764705882353,1,"그렇게 하기에는 조금 시간이 걸릴 것 같은데 b/ 좀 더 쉽게, 다른 방법으로 셀 수 있는 방법이 없을까요?","그렇게 하기에는 조금 시간이 걸릴 것 같은데 좀 더 쉽게, 다른 방법으로 셀 수 있는 방법이 없을까요?"
11,2,0.18181818181818182,1.0,2.7777777777777777,0,"작다, 이/ 미생물은 현미경이 발명 되면서 n/ 알게 된 동물 이라네,","작다, 미생물은 현미경이 발명 되면서 알게 된 동물 이라네,"
15,2,0.13333333333333333,1.0,3.25,0,n/ 자/ 지금 굉장히 귀여운 친구가 잘* 기다리고 있거든요? 그 친구 이름 불러볼게요. 호 나와주세요.,지금 굉장히 귀여운 친구가 잘* 기다리고 있거든요? 친구 이름 불러볼게요. 호 나와주세요.
27,1,0.037037037037037035,0.875,2.5,0,o/ 자/ 이제 오늘의 글감 개학을 정해졌죠. 이 개학을 가지고 어떤 글 요리를 맛있게 할 건지 드디어 글감 주방으로 가 봐야겠죠. 그렇죠. 일단 주방 톡 톡 톡.,이제 오늘의 글감 개학을 정해졌죠. 개학을 가지고 어떤 글 요리를 맛있게 할 건지 드디어 글감 주방으로 가 봐야겠죠. 그렇죠. 일단 주방 톡 톡 톡.
8,1,0.125,1.0,2.6666666666666665,0,n/ b/ 그러면 또 다른 방법은 뭐가 있을까요?,그러면 또 다른 방법은 뭐가 있을까요?
24,2,0.08333333333333333,1.0,3.5454545454545454,0,그 다음 볼게요. 남한에서는 이 질이라는 말이 직업이나 직책에 비하하는 뜻을 더하는 접미사인데 비하는 한마디로* 이거죠. 낮추고 낮춤 업신여긴다 이런 거에요. 업신여기 낮추다 이런거요.,다음 볼게요. 남한에서는 질이라는 말이 직업이나 직책에 비하하는 뜻을 더하는 접미사인데 비하는 한마디로* 이거죠. 낮추고 낮춤 업신여긴다 이런 거에요. 업신여기 낮추다 이런거요.
9,1,0.1111111111111111,1.0,3.4285714285714284,0,자/ 그럼 그 내용을 기억하면서 또박또박 이야기를 하는 거예요.,그럼 내용을 기억하면서 또박또박 이야기를 하는 거예요.
11,0,0.0,1.0,3.272727272727273,1,이러한 어린이 교통사고를 줄이기 위해서 어떻게 해야되냐? 안전 의식을 키워야 된다.,이러한 어린이 교통사고를 줄이기 위해서 어떻게 해야되냐? 안전 의식을 키워야 된다.
12,0,0.0,1.0,2.5833333333333335,1,나는 가격 비교를 해서 가장 저렴한 제품 구입 할 거야. 이것도 아니었어요.,나는 가격 비교를 해서 가장 저렴한 제품 구입 할 거야. 이것도 아니었어요.
5,0,0.0,1.0,2.8,1,이렇게 쓰면 정답이 되는 거예요.,이렇게 쓰면 정답이 되는 거예요.
4,1,0.25,1.0,3.0,0,n/ 콕 집어 집어먹는다.,콕 집어 집어먹는다.
17,2,0.11764705882352941,1.0,2.7857142857142856,0,어떤 수가 처음에 있었습니다. 그런데 이 수에 원래 (12분의5)/(십 이 분의 오)를 더해야 할 것을 잘못해서 뺐대요.,어떤 수가 처음에 있었습니다. 그런데 수에 원래 분의 오)를 더해야 할 것을 잘못해서 뺐대요.
26,0,0.0,1.0,2.423076923076923,1,다른 친구가 와서 아이구 아야 하고 피가 날 수도 있다고 했지. 그러니까 요 사물함 문을 꼭 잘 닫아놔야 해. 요거 뭔지 알아? 이게 바로 너희들의 이름이야.,다른 친구가 와서 아이구 아야 하고 피가 날 수도 있다고 했지. 그러니까 요 사물함 문을 꼭 잘 닫아놔야 해. 요거 뭔지 알아? 이게 바로 너희들의 이름이야.
19,3,0.15789473684210525,0.8461538461538461,3.1538461538461537,0,방금 들린 그 흥겨운 노래가 이 혹에서 나오는거냐? 그 혹에서 노래가 나온다고 생각을 해서. 자/ 그럼 (1번)/(일 번) 볼게요.,방금 들린 흥겨운 노래가 혹에서 나오는거냐? 혹에서 노래가 나온다고 생각을 해서. 그럼 볼게요.
9,0,0.0,1.0,2.6666666666666665,1,밖에 나가서 아이들하고 공도 차며 실컷 놀고 싶단 말이야.,밖에 나가서 아이들하고 공도 차며 실컷 놀고 싶단 말이야.
4,0,0.0,1.0,5.0,1,자/여기 힌트가 있습니다.단서가 있어요.,힌트가 있습니다.단서가 있어요.
3,0,0.0,1.0,3.0,1,자/ 여기에 쓰는건,여기에 쓰는건
1,0,0.0,0.0,0.0,1,(80)/(팔십).,
8,1,0.125,1.0,3.4285714285714284,0,n/ 그런데 여기저기서 막 당황해 하는 소리가 들리는한데요.,그런데 여기저기서 막 당황해 하는 소리가 들리는한데요.
10,0,0.0,1.0,3.6,1,이어준 다음에 처음부터 끝까지 전체길이가 얼만큼인지를 줄자로 재보면 되는 것이죠.,이어준 다음에 처음부터 끝까지 전체길이가 얼만큼인지를 줄자로 재보면 되는 것이죠.
3,0,0.0,1.0,2.5,1,그다음은 (5)/(오) .,그다음은 .
18,0,0.0,1.0,3.0,1,자/ 바로 윗자리인 (10l/(십)의 자리로 받아 올려주면 (10)/(십)의 자리 위에 (2)/(이)를 작게 (적어주고요)/(적어주구요). 나머지 (5)/(오)를 (1)/(일)의 자리에 적어줄게요.,바로 윗자리인 자리로 받아 올려주면 자리 위에 작게 나머지 자리에 적어줄게요.
1,0,0.0,0.0,0.0,1,(ㄱ)/(기역).,
9,1,0.1111111111111111,1.0,3.25,0,왼쪽과 오른쪽의 위치가 서로 바뀝니다. 음/ 이건 무슨 얘기일까?,왼쪽과 오른쪽의 위치가 서로 바뀝니다. 이건 무슨 얘기일까?
4,0,0.0,1.0,3.5,1,"주말에 잠만 주무시는 잠꾸러기,","주말에 잠만 주무시는 잠꾸러기,"
9,0,0.0,1.0,3.5,1,(2)/(이)번 문제는요 (ㄱ)/(기억)과 (ㄴ)/(니은) 색종이의 넓이를 비교하면 되는 거예요.,문제는요 색종이의 넓이를 비교하면 되는 거예요.
10,0,0.0,1.0,2.9,1,어떤 친구들은 개학이 연기가 되니까 막 되게 좋아하는 거예요. 방학이,어떤 친구들은 개학이 연기가 되니까 막 되게 좋아하는 거예요. 방학이
3,0,0.0,1.0,3.0,1,"이렇게 잘라서 펼친,","이렇게 잘라서 펼친,"
13,0,0.0,1.0,3.230769230769231,1,저희 모둠에서 설문 조사한 초등학생들 사이에서 자주 사용하는 신조어나 줄임 말에 대한 결과입니다.,저희 모둠에서 설문 조사한 초등학생들 사이에서 자주 사용하는 신조어나 줄임 말에 대한 결과입니다.
7,0,0.0,0.8571428571428571,2.2857142857142856,1,나 이거 생각났어 여러분 이거 뭔지 알아,나 이거 생각났어 여러분 이거 뭔지 알아
12,0,0.0,1.0,3.0,1,"자/ 그렇다면 평행선 성질, 두 번째 (3번째)/(세 번째)는 아웅, 알았어. 꼬비 누미야!","그렇다면 평행선 성질, 두 번째 번째)는 아웅, 알았어. 꼬비 누미야!"
22,0,0.0,0.9411764705882353,3.0,1,자/ 그런데 집에 (8시)/(여덟 시) (40분)/(사십 분) 에 돌아오려면 그러니까 도착한 시각이 (8시)/(여덟 시) (40분)/(사십 분)이 되려면 알맞은 일정을 구하라는 그런 문제입니다.,그런데 집에 시) 분) 에 돌아오려면 그러니까 도착한 시각이 시) 분)이 되려면 알맞은 일정을 구하라는 그런 문제입니다.
22,0,0.0,0.9473684210526315,3.210526315789474,1,b/ 이어서 (38쪽)/(삼십 팔 쪽)에 가면요. (7번)/(칠 번)부터 국어 문제에 관련된 지문이 나와요. 선생님의 낭랑한 목소리로 함께 읽고 관련된 문제 풀어보도록 하겠습니다.,이어서 팔 쪽)에 가면요. 번)부터 국어 문제에 관련된 지문이 나와요. 선생님의 낭랑한 목소리로 함께 읽고 관련된 문제 풀어보도록 하겠습니다.
4,0,0.0,1.0,2.5,1,응? (EBS)/(이비에스) (1학년)/(일 학년),응? 학년)
8,0,0.0,1.0,3.0,1,단순히 치과에 갔던 경험만을 말해주고 있는 게 아니에요.,단순히 치과에 갔던 경험만을 말해주고 있는 게 아니에요.
18,0,0.0,1.0,3.0,1,"대분수로 고쳐야죠. 그러니까 (40)/(사십)은 (59)/(오십 구)에 (1번)/(한 번) 들어가고 남은 값, (40분의19)/(사십 분의 십 구) 적어주면 되는 거예요.","대분수로 고쳐야죠. 그러니까 구)에 들어가고 남은 값, 분의 십 구) 적어주면 되는 거예요."
19,0,0.0,0.9444444444444444,3.0,1,선생님과 함께 풀지 못한 문제들은 꼭 스스로 풀어보고 특히 교재의 원리 부분과 계산 부분을 꼼꼼히 복습하기로 선생님과 약속하도록 (해요)/(해여).,선생님과 함께 풀지 못한 문제들은 꼭 스스로 풀어보고 특히 교재의 원리 부분과 계산 부분을 꼼꼼히 복습하기로 선생님과 약속하도록
13,1,0.07692307692307693,0.8333333333333334,2.75,0,"n/ 야호! 두들 한글 두들 두드리며 불러봐, 뛰어봐, 굴러봐 변신 두드리 퐁! 퐁!","야호! 두들 한글 두들 두드리며 불러봐, 뛰어봐, 굴러봐 변신 두드리 퐁! 퐁!"
1,0,0.0,0.0,0.0,1,(10)/(십),
12,1,0.08333333333333333,1.0,3.375,0,"이 (56)/(오십 육)과 (42)/(사십 이)를 (0)/(영)으로 나눈다는 자체가 성립이 되지가 않아요, 알겠죠?","육)과 이)를 나눈다는 자체가 성립이 되지가 않아요, 알겠죠?"
9,1,0.1111111111111111,1.0,3.0,0,"n/ 몸과 표정, 목소리로 감정 표현을 능숙하게 하기 때문에,","몸과 표정, 목소리로 감정 표현을 능숙하게 하기 때문에,"
24,0,0.0,0.8095238095238095,2.6666666666666665,1,(y MINUS t 분의 lnt)/(와이 마이너스 티 분의 엘 엔 티) (equal)/(이퀄) 기울기 괄호 열고 (x MINUS t)/(엑스 마이너스 티). 그러면 기울기 어떻게 구합니까?,(y MINUS t 분의 마이너스 티 분의 엘 엔 티) 기울기 괄호 열고 (x MINUS 마이너스 티). 그러면 기울기 어떻게 구합니까?
15,0,0.0,1.0,2.4166666666666665,1,그러면 (735)/(칠백 삼십 오) 빼기 (312)/(삼백 십 이) 부터 계산을 해요. (이)/(요) 아래에다 써 볼게요.,그러면 삼십 오) 빼기 십 이) 부터 계산을 해요. 아래에다 써 볼게요.
17,1,0.058823529411764705,1.0,2.8125,0,재고 싶은 물건을 적어보고 그리고 예상해 본 다음에 직접 줄자로 재보고 그 결과를 표에다가 써주면 되는 거예요.,재고 싶은 물건을 적어보고 그리고 예상해 본 다음에 직접 줄자로 재보고 결과를 표에다가 써주면 되는 거예요.
15,1,0.06666666666666667,1.0,2.7,0,이게 바로 우리는 (1000)/(천)이다라고 얘기를 했잖아요. 그래서 n/ (100)/(백)이 (10)/(십)이면 (1000)/(천)이라고 이렇게 쓸 수 있어요.,이게 바로 우리는 얘기를 했잖아요. 그래서 이렇게 쓸 수 있어요.
6,0,0.0,1.0,3.0,1,(150)/(백 오십) 그램이라고 할 수 있겠네요.,오십) 그램이라고 할 수 있겠네요.
23,1,0.043478260869565216,1.0,2.9,0,"자/ 처음에는 이 탁구는요, 코르크나 고무 실을 감아서 만든 공을 나무판이나 손으로 또 치고 받았대요. 그런데 (1898년)/(천 팔백 구십 팔 년)의 현재와 비슷한,","처음에는 탁구는요, 코르크나 고무 실을 감아서 만든 공을 나무판이나 손으로 또 치고 받았대요. 그런데 팔백 구십 팔 년)의 현재와 비슷한,"
3,0,0.0,1.0,4.666666666666667,1,아리따운 외모로 탈바꿈합니다.,아리따운 외모로 탈바꿈합니다.
5,0,0.0,1.0,3.5,1,자/ 그러니까 이건 무슨 모양일까요?,그러니까 이건 무슨 모양일까요?
12,0,0.0,1.0,3.1818181818181817,1,딱 치고 넘어가죠 여기 중심 내용이죠 자/ 독수리는 튼튼하고 끝이 갈고리처럼 구부려진.,딱 치고 넘어가죠 여기 중심 내용이죠 독수리는 튼튼하고 끝이 갈고리처럼 구부려진.
3,0,0.0,1.0,5.0,1,(2번)/(이 번) 문제예요.,문제예요.
28,3,0.10714285714285714,0.96,2.6,0,아직 따뜻하구나. 이 알이 낳은 지 얼마 안 됐어. 하마터면 큰일 날 뻔 했지. 내가 잎싹이가 너 이 알을 품어주겠다고 했어요. 그리고 무서워 하지 마라. 하면서 이 알을,아직 따뜻하구나. 알이 낳은 지 얼마 안 됐어. 하마터면 큰일 날 뻔 했지. 내가 잎싹이가 너 알을 품어주겠다고 했어요. 그리고 무서워 하지 마라. 하면서 알을
3,0,0.0,1.0,5.0,1,"다시,다시 (하나)/(한)번. 응/","다시,다시"
9,0,0.0,0.875,3.5,1,관련되는 내용 먼저 듣고 문제풀이 하겠습니다. 자/ 내용 들어볼까요.,관련되는 내용 먼저 듣고 문제풀이 하겠습니다. 내용 들어볼까요.
7,0,0.0,1.0,3.857142857142857,1,맞아요. 친구들이 어린이 교통안전 체험장에 갔다고 했잖아요.,맞아요. 친구들이 어린이 교통안전 체험장에 갔다고 했잖아요.
6,0,0.0,1.0,3.4,1,(3각)/(삼 각)기둥이죠. 그럼 이제 다 됐습니다.,각)기둥이죠. 그럼 이제 다 됐습니다.
24,0,0.0,0.9090909090909091,2.772727272727273,1,그러면 배우가 열어야 되는 거예요 앉히고 열어야 되는 거예요. 자/ 고런 것들을 지시 해줍니다. 자/ 닐손씨 너도 같이 올라가서 경치 구경 할래 하고 대사를.,그러면 배우가 열어야 되는 거예요 앉히고 열어야 되는 거예요. 고런 것들을 지시 해줍니다. 닐손씨 너도 같이 올라가서 경치 구경 할래 하고 대사를.
25,0,0.0,0.8947368421052632,3.0526315789473686,1,"자/ 다음에 (445)/(사백 사십 오)에서 (300)/(삼백)을 빼 주니까 (145)/(백 사십 오), 거기에다가 (3)/(삼)을 어떻게 해 줘야 되겠어요? 그렇죠 더해서 (148)/(백 사십 팔) 이렇게 정리하시면 되겠습니다.","다음에 사십 오)에서 빼 주니까 사십 오), 거기에다가 어떻게 해 줘야 되겠어요? 그렇죠 더해서 사십 팔) 이렇게 정리하시면 되겠습니다."
8,0,0.0,1.0,3.6666666666666665,1,이것도 역시 (3자릿수)/(세 자릿수)를 (2자릿수)/(두 자릿수)로 나누는 문제죠.,이것도 역시 자릿수)를 자릿수)로 나누는 문제죠.
19,0,0.0,0.9444444444444444,3.3333333333333335,1,"사진이나 도표가 되겠습니다. 우리 (5학년)/(오 학년) 친구들 잘 기억해 주세요. 그리고 이번에는요, 두번째 특징에 대해서 우리 함께 살펴보도록 할게요.","사진이나 도표가 되겠습니다. 우리 학년) 친구들 잘 기억해 주세요. 그리고 이번에는요, 두번째 특징에 대해서 우리 함께 살펴보도록 할게요."
34,1,0.029411764705882353,0.875,2.875,0,다른 말로 하면 인상적인 부+부분 어 / 인상적인 부분 인상적인 표현. 요런 것들을 독서 감상문에 넣는 거죠. 나는 이게 가장 인상적이었어요 라고 얘기를 하는 겁니다. 요것도 굉장히 좋은 독서 감상문에 넣어야 될 내용이 되겠죠.,다른 말로 하면 인상적인 부+부분 인상적인 부분 인상적인 표현. 요런 것들을 독서 감상문에 넣는 거죠. 나는 이게 가장 인상적이었어요 라고 얘기를 하는 겁니다. 요것도 굉장히 좋은 독서 감상문에 넣어야 될 내용이 되겠죠.
8,2,0.25,1.0,2.8,0,자/ 이 점 염두에 두고 정답 찾아볼까요? n/,점 염두에 두고 정답 찾아볼까요?
15,1,0.06666666666666667,0.9090909090909091,3.3636363636363638,0,그렇다면요 우리가 구해야 할 것은 (8)/(팔)이 (24)/(이십 사)의 (12분의 몇)/(십 이 분의 몇)인지를 구해야 되겠지요.,그렇다면요 우리가 구해야 할 것은 사)의 (12분의 분의 몇)인지를 구해야 되겠지요.
13,0,0.0,1.0,3.0,1,일단 우리가 구하고자 하는 변의 길이 (ㄴ)/(니은) (ㄹ)/(리을)을 네모라고 두고 대응변 찾아보도록 합시다.,일단 우리가 구하고자 하는 변의 길이 네모라고 두고 대응변 찾아보도록 합시다.
26,1,0.038461538461538464,1.0,2.789473684210526,0,자/ 그럼 우리 이것 분수의 나누셈으로 (1번)/(한 번) 바꿔 볼게요. (10)/(십)분의(84)/(팔십 사) 나누기 (8)/(팔)인데 어/ 이렇게 하면 계산이 안 돼요. 그러니까 분모 분자에 (10)/(십)을 곱해 줘야겠죠.,그럼 우리 이것 분수의 나누셈으로 바꿔 볼게요. 사) 나누기 이렇게 하면 계산이 안 돼요. 그러니까 분모 분자에 곱해 줘야겠죠.
26,2,0.07692307692307693,0.8571428571428571,2.761904761904762,0,"(6면)/(여섯 면)의 넓이의 합을 역시 구해 줄 겁니다. 그런데 이 때 그 (6면)/(여섯 면)이 서로 합동이란 말입니다. 따라서 이런 경우는 (6면)/(여섯 면)의 넓이의 합을 구하면 되는데,","면)의 넓이의 합을 역시 구해 줄 겁니다. 그런데 때 면)이 서로 합동이란 말입니다. 따라서 이런 경우는 면)의 넓이의 합을 구하면 되는데,"
12,2,0.16666666666666666,1.0,3.3,0,n/ 음/ 제* 머리가* 컴퓨터였으면 좋겠다는 생각을 해요. 모조리 다 기억해 버리게.,제* 머리가* 컴퓨터였으면 좋겠다는 생각을 해요. 모조리 다 기억해 버리게.
3,1,0.3333333333333333,1.0,2.5,0,n/ 이번엔 낙지,이번엔 낙지
26,0,0.0,0.9583333333333334,2.625,1,"여기 보면은 모선이 요렇게 나와 있죠. 원뿔의 꼭지점과 뭐? 밑면. 밑면이 무슨 모양? 원이죠. 원 둘레에 어떤 (1점)/(한 점) 어떤 (1점)/(한 점)을 지금 이어준 것이 바로,","여기 보면은 모선이 요렇게 나와 있죠. 원뿔의 꼭지점과 뭐? 밑면. 밑면이 무슨 모양? 원이죠. 원 둘레에 어떤 점) 어떤 점)을 지금 이어준 것이 바로,"
5,1,0.2,1.0,2.75,0,이 친구가 잘한 점을 쓰세요.,친구가 잘한 점을 쓰세요.
7,0,0.0,1.0,1.8571428571428572,1,두 번째 이런 문제 풀 때 어떻게?,두 번째 이런 문제 풀 때 어떻게?
11,0,0.0,0.8181818181818182,3.1818181818181817,1,"원인은 잘 모르겠지만 한꺼번에 나타나는 한꺼번에 나타나는 여러 가지 병적인 증세,","원인은 잘 모르겠지만 한꺼번에 나타나는 한꺼번에 나타나는 여러 가지 병적인 증세,"
4,0,0.0,1.0,3.0,1,안 돼요. 싫어요. 선생님은,안 돼요. 싫어요. 선생님은
16,0,0.0,1.0,2.9375,1,동물들이 무리하게 길을 건너려 다가 크게 다치거나 죽는 까닭은 무엇인가요? 왜 이런 일이 생기게 되죠? 그래요.,동물들이 무리하게 길을 건너려 다가 크게 다치거나 죽는 까닭은 무엇인가요? 왜 이런 일이 생기게 되죠? 그래요.
35,1,0.02857142857142857,0.9032258064516129,3.0,0,자/ 지금 요기까지했는데요. 어떤 내용이 나올까요? 지금 축구 (때문에)/(땜에) 싸웠잖아요. 일단 다른 팀이 된 것까지만 알았지 구체적으로 왜 싸우게 되었는지는 알지 못 했어요. 그러니까 뒷이야기는 왜 싸우게 되었는지 그 이유에 대한 것이 나올 것 (같아요)/(같애요).,지금 요기까지했는데요. 어떤 내용이 나올까요? 지금 축구 싸웠잖아요. 일단 다른 팀이 된 것까지만 알았지 구체적으로 왜 싸우게 되었는지는 알지 못 했어요. 그러니까 뒷이야기는 왜 싸우게 되었는지 이유에 대한 것이 나올 것
8,1,0.125,1.0,3.7142857142857144,0,n/ 오늘도 여러분의 국어 공부를 도와드리도록 하겠습니다. 혹시,오늘도 여러분의 국어 공부를 도와드리도록 하겠습니다. 혹시
6,0,0.0,1.0,2.5,1,우선 다람쥐의 수 부터 세어 볼게요.,우선 다람쥐의 수 부터 세어 볼게요.
6,0,0.0,1.0,1.6666666666666667,1,"자/ 세 번째 (100)/(백)의 자리 (5)/(오)는요,",세 번째 자리
13,0,0.0,1.0,2.6153846153846154,1,소방관이 어떤 일을 하는지 좀 더 자세히 알고 싶어 인터넷에서 검색을 해 보았대요.,소방관이 어떤 일을 하는지 좀 더 자세히 알고 싶어 인터넷에서 검색을 해 보았대요.
9,0,0.0,1.0,2.625,1,친구들! 우리 미션 꼭 해결해서 원 모양의 부품들을 지켜내자(고요)/(구요).,친구들! 우리 미션 꼭 해결해서 원 모양의 부품들을
9,1,0.1111111111111111,1.0,3.1666666666666665,0,"n/나무꾼 자 (2번)/(이 번) 그림을 보니까요 맛있는 떡이네요. 떡이,","자 그림을 보니까요 맛있는 떡이네요. 떡이,"
15,1,0.06666666666666667,0.9166666666666666,2.5,0,친구를 보면 그 사람을 안다 말 뜻 한 번 알아봐야겠네요. 자/ 무슨 말 일까요? 이거,친구를 보면 사람을 안다 말 뜻 한 알아봐야겠네요. 무슨 말 일까요? 이거
12,0,0.0,1.0,2.3333333333333335,1,다른 말로 우리말로 바꿀 수 있는 게 없다 그러면 그냥 그건 외래어다.,다른 말로 우리말로 바꿀 수 있는 게 없다 그러면 그냥 그건 외래어다.
24,1,0.041666666666666664,1.0,3.35,0,"n/ 엄마는 드러낸 귀지를 내 눈앞에 내보인다고 했어요. 여기서 (ㄱ)/(기역)에 해당되는 뜻을 찾는 문제죠. 한번 선택지를 통해서 확인할게요. (1번)/(한 번), 잠들지 말라는 뜻이었나요? 으음/","엄마는 드러낸 귀지를 내 눈앞에 내보인다고 했어요. 여기서 해당되는 뜻을 찾는 문제죠. 한번 선택지를 통해서 확인할게요. 번), 잠들지 말라는 뜻이었나요?"
9,0,0.0,1.0,2.625,1,자/ 여러분 세 분수를 통분할 때 어떻게 한다고 했었죠?,여러분 세 분수를 통분할 때 어떻게 한다고 했었죠?
15,1,0.06666666666666667,0.8571428571428571,3.2857142857142856,0,그러니까 여러분이 잘 한 거예요. 잘하고 있습니다. 이 수업은 누가 만들어요? 여러분이 수업을 만드는 거예요.,그러니까 여러분이 잘 한 거예요. 잘하고 있습니다. 수업은 누가 만들어요? 여러분이 수업을 만드는 거예요.
36,1,0.027777777777777776,0.9230769230769231,3.076923076923077,0,n/ 자/ 어디 보자. 어디 보자. 자/ 이구/ 나이를 먹으면 잘 안 보여요. 자/ b/ 우리 (4학년)/(사 학년) 친구들 b/ 그동안 공부한 거 머릿속에 쏙쏙쏙 박혀 있는지 확인을 해야지요. b/ 무엇으로 확인할까요? 그렇지요. b/ 문제로. 그렇지.,어디 보자. 어디 보자. 나이를 먹으면 잘 안 보여요. 우리 학년) 친구들 그동안 공부한 거 머릿속에 쏙쏙쏙 박혀 있는지 확인을 해야지요. 무엇으로 확인할까요? 그렇지요. 문제로. 그렇지.
5,1,0.2,1.0,3.5,0,아/ 도저히 어려워서 나 못하겠어요.,도저히 어려워서 나 못하겠어요.
10,1,0.1,1.0,4.142857142857143,0,자/ (3번째)/(세 번째) 붙임딱지는 아/ 친구들이랑 오순도순 떡볶이를 나눠먹고 있어요.,번째) 붙임딱지는 친구들이랑 오순도순 떡볶이를 나눠먹고 있어요.
5,0,0.0,1.0,3.6666666666666665,1,"(46)/(사십 육) 곱하기 (2)/(이)의 경우에는요,","육) 곱하기 경우에는요,"
8,0,0.0,1.0,3.125,1,동시에 대해서 함께 살펴보고 나서 문제 보도록 하겠습니다.,동시에 대해서 함께 살펴보고 나서 문제 보도록 하겠습니다.
25,3,0.12,0.9047619047619048,3.3333333333333335,0,어/ 중국사신이 (3가지)/(세 가지) 문제를 냈거든요. 그거를 풀었어야 했는데 임금님이 그 문제를 못 푼 거죠. 소년은요 어머니의 도움으로 이 문제를 풀어내죠. 그래서 결국 어떻게 되나요?,중국사신이 가지) 문제를 냈거든요. 그거를 풀었어야 했는데 임금님이 문제를 못 푼 거죠. 소년은요 어머니의 도움으로 문제를 풀어내죠. 그래서 결국 어떻게 되나요?
20,0,0.0,1.0,2.8947368421052633,1,"꽃병의 수와 필요한 장미의 수 사이에는 어떤 대응 관계가 있는지, 자/ 우리 방금 했던 것처럼 표를 이용해서 알아보세요 라는 문제입니다.","꽃병의 수와 필요한 장미의 수 사이에는 어떤 대응 관계가 있는지, 우리 방금 했던 것처럼 표를 이용해서 알아보세요 라는 문제입니다."
14,1,0.07142857142857142,1.0,3.3333333333333335,0,자/ 그럼 우리의 실력을 쑥쑥 n/ 기르러 가보겠습니다. 첫번째 문제 어떤 문제인지 살펴보도록 할게요.,그럼 우리의 실력을 쑥쑥 기르러 가보겠습니다. 첫번째 문제 어떤 문제인지 살펴보도록 할게요.
10,0,0.0,1.0,3.125,1,만든 두 수로 (3자릿수)/(세 자릿수) 곱하기 (2자릿수)/(두 자릿수)를 만들려고 한대요.,만든 두 수로 자릿수) 곱하기 자릿수)를 만들려고 한대요.
19,1,0.05263157894736842,1.0,3.1333333333333333,0,자/ 선생님이 한 군데를 보니까 고치고 싶은 부분이 있는데요. 어딘가 하면 바로/ 이 부분입니다. 그렇게+ 되면+ 자/ 그렇게 되면,선생님이 한 군데를 보니까 고치고 싶은 부분이 있는데요. 어딘가 하면 부분입니다. 그렇게+ 되면+ 그렇게 되면
8,0,0.0,1.0,3.75,1,잠자는 사자의 장면을 몸짓으로 표현하려면 두 인물을 생각해야겠어요.,잠자는 사자의 장면을 몸짓으로 표현하려면 두 인물을 생각해야겠어요.
7,0,0.0,1.0,2.8333333333333335,1,꼭지점의 수는 네모 더하기 (1)/(일)로 구한다는 것.,꼭지점의 수는 네모 더하기 구한다는 것.
24,0,0.0,0.9565217391304348,3.0869565217391304,1,섬의 곳곳에 유리 공방이 있었다. 자/ 친구들 공방 무엇일까요? 공방이란 바로 공예품을 만드는 곳을 공방이라고 합니다. 유리 공예품으로 유명한 곳이니 공방도 여러 곳 있겠죠,섬의 곳곳에 유리 공방이 있었다. 친구들 공방 무엇일까요? 공방이란 바로 공예품을 만드는 곳을 공방이라고 합니다. 유리 공예품으로 유명한 곳이니 공방도 여러 곳 있겠죠
16,1,0.0625,0.7272727272727273,2.8181818181818183,0,어/ 일년에 쌀이 (10000석)/(만 석)이 나오면 (10000석)/(만 석) 꾼. (1000석)/(천 석)이 나오면 (1000석)/(천 석) 꾼이야. 그러니까,일년에 쌀이 석)이 나오면 석) 꾼. 석)이 나오면 석) 꾼이야. 그러니까
13,0,0.0,1.0,3.0,1,자/ 면담할 때 항상 그냥 얼굴에다가 마이크 들이대고 찍으면 안되고 무엇을 해야 된다고요.,면담할 때 항상 그냥 얼굴에다가 마이크 들이대고 찍으면 안되고 무엇을 해야 된다고요.
10,0,0.0,1.0,3.0,1,선생님 저는 이거 너무 쉬운데요? 이렇게 생각할 수도 있지만 선생님께서,선생님 저는 이거 너무 쉬운데요? 이렇게 생각할 수도 있지만 선생님께서
22,5,0.22727272727272727,0.8461538461538461,2.076923076923077,0,자/ n/ 칠 분의 삼 은 (1)/(하나) n/ (2)/(둘) (3)/(셋) n/ 이만큼만 돼요. 네 여기서 칠 분의 이 를 n/ 빼주게 된다면요,칠 분의 삼 은 이만큼만 돼요. 네 여기서 칠 분의 를 빼주게 된다면요
9,0,0.0,1.0,3.111111111111111,1,멸종위기에 이것인 팔색조가 있답니다. 여덟 가지 색을 가진 새죠.,멸종위기에 이것인 팔색조가 있답니다. 여덟 가지 색을 가진 새죠.
11,0,0.0,0.9090909090909091,4.181818181818182,1,법과 권리와 관련된 말들로 친구들이 짧은 글짓기를 했습니다. (1)(하나) (1)(하나) 알아볼까요.,법과 권리와 관련된 말들로 친구들이 짧은 글짓기를 했습니다. (1)(하나) (1)(하나) 알아볼까요.
31,1,0.03225806451612903,1.0,3.2857142857142856,0,n/ 운동회. 운동회 날 전교생이 운동장에 모였다. 운동장은 아이들과 어른들로 가득 찼다. 오전 단체 경기가 끝나고 이어 달리기를 하려고 할 때였다. 멀쩡했던 하늘에 시커먼 구름이 밀려들더니 빗방울이 (1)/(하나) (2)/(둘) 떨어지기 시작했다.,운동회. 운동회 날 전교생이 운동장에 모였다. 운동장은 아이들과 어른들로 가득 찼다. 오전 단체 경기가 끝나고 이어 달리기를 하려고 할 때였다. 멀쩡했던 하늘에 시커먼 구름이 밀려들더니 빗방울이 떨어지기 시작했다.
22,0,0.0,0.8571428571428571,2.9047619047619047,1,다음은 각각 어떤 인물의 특징이겠는지 인물의 이름을 보기에서 골라 기호를 쓰시오. 자/ 짱구 퉁 눈이 멋쟁이. 다 인물의 특징으로 이름을 지은 것이죠?,다음은 각각 어떤 인물의 특징이겠는지 인물의 이름을 보기에서 골라 기호를 쓰시오. 짱구 퉁 눈이 멋쟁이. 다 인물의 특징으로 이름을 지은 것이죠?
5,1,0.2,1.0,2.5,0,n/ 뭐가 보이니 아우 궁금해,뭐가 보이니 아우 궁금해
17,1,0.058823529411764705,1.0,3.3333333333333335,0,이렇게 얼마나 약을 먹어야 하는지 그것이 용량입니다. 그러니까 할머니께 안내문을 통해서 이 (2)/(두) 가지를 확인 하라고 했어요.,이렇게 얼마나 약을 먹어야 하는지 그것이 용량입니다. 그러니까 할머니께 안내문을 통해서 가지를 확인 하라고 했어요.
18,0,0.0,1.0,3.0625,1,대표 응용 (2번)/(이 번) 최대공약수를 이용하여 어떤 수 구하기 입니다 이번에는 최대 공약수의 의미를 알아야 하는 문제가 나왔네요.,대표 응용 최대공약수를 이용하여 어떤 수 구하기 입니다 이번에는 최대 공약수의 의미를 알아야 하는 문제가 나왔네요.
19,0,0.0,0.8125,2.875,1,"일단 부피를 구할때는요, 어떻게? 그렇죠. 지름이 (10)/(십)이니까요. 반지름 곱하기 반지름 곱하기 (3.14)/(삼 점 일 사) (이곳)/(요곳) 밑면의 넓이 곱하기","일단 부피를 구할때는요, 어떻게? 그렇죠. 지름이 반지름 곱하기 반지름 곱하기 점 일 사) 밑면의 넓이 곱하기"
13,1,0.07692307692307693,1.0,2.75,0,이런 것들은 플라스틱이잖아 그러니까 이런것 들만 이 통에 버릴 거야 한번 버려 볼게,이런 것들은 플라스틱이잖아 그러니까 이런것 들만 통에 버릴 거야 한번 버려 볼게
7,1,0.14285714285714285,1.0,2.2,0,그 뒤에 남은 (8)/(팔)도 빼 주는 것이죠.,뒤에 남은 빼 주는 것이죠.
4,1,0.25,1.0,3.3333333333333335,0,n/ 오늘 배울 개념입니다.,오늘 배울 개념입니다.
7,1,0.14285714285714285,1.0,2.8,0,와/ 그러면 만약에 음/ 병이 있으면 어떨까,그러면 만약에 병이 있으면 어떨까
8,1,0.125,1.0,3.0,0,자/ (205쪽)/(이백 오 쪽) (7번)/(칠 번) 문제입니다. n/,오 쪽) 문제입니다.
25,0,0.0,0.9444444444444444,3.2777777777777777,1,"자, 다음은요 돼지고기는 (1인분)/(일 인분)에 (1700원)/(천 칠백 원)이래요 그런데 우리는 (4인분)/(사 인분)이 필요하니까 (1700원)/(천 칠백 원)의 (4배)/(네 배) 즉 (1700)/(천 칠백) 곱하기 (4)/(사)를 해주면 되겠네요.","자, 다음은요 돼지고기는 인분)에 칠백 원)이래요 그런데 우리는 인분)이 필요하니까 칠백 원)의 배) 즉 칠백) 곱하기 해주면 되겠네요."
9,1,0.1111111111111111,1.0,2.2857142857142856,0,n/ 내가 만진 건 너무 말라서 튀어나온 뼈일 (거야)/(꺼야).,내가 만진 건 너무 말라서 튀어나온 뼈일
21,2,0.09523809523809523,1.0,3.2222222222222223,0,"영원하다. 오. 말 되네? 그러면 히야 이렇게요. 자/ 그 다음에 그 지역은 겹겹이 산에 가로막혀 있다고 했습니다. 겹겹히를 쓸까, 겹겹이를 쓸까?","영원하다. 오. 말 되네? 그러면 히야 이렇게요. 다음에 지역은 겹겹이 산에 가로막혀 있다고 했습니다. 겹겹히를 쓸까, 겹겹이를 쓸까?"
5,0,0.0,1.0,2.6666666666666665,1,그래요 (34)/(삼십 사) 더하기 (10)/(십),그래요 사) 더하기
9,1,0.1111111111111111,1.0,3.0,0,n/ 설명하려는 대상을 있는 그대로 정확하게 보여줄 수 있죠.,설명하려는 대상을 있는 그대로 정확하게 보여줄 수 있죠.
17,1,0.058823529411764705,0.9375,3.625,0,n/ 인과관계를 파악하는 방법입니다. 제일 먼저 중요한 사건을 찾아보세요. 그리고 원인이 되는 인물의 성격이나 사건을 찾아보셔도 되구요.,인과관계를 파악하는 방법입니다. 제일 먼저 중요한 사건을 찾아보세요. 그리고 원인이 되는 인물의 성격이나 사건을 찾아보셔도 되구요.
18,1,0.05555555555555555,0.9411764705882353,3.411764705882353,0,그리고 편지글이기 때문에 선생님이 알려주었던 편지의 형식 기억나지요. 받는 사람 첫인상 그 편지의 형식에 맞게 올바르게 써야 되겠습니다.,그리고 편지글이기 때문에 선생님이 알려주었던 편지의 형식 기억나지요. 받는 사람 첫인상 편지의 형식에 맞게 올바르게 써야 되겠습니다.
11,0,0.0,1.0,2.5,1,야/ 시간이 정말 빨리 가고 있다는 걸 새삼 실감할 수 있었답니다.,시간이 정말 빨리 가고 있다는 걸 새삼 실감할 수 있었답니다.
7,0,0.0,1.0,4.333333333333333,1,(1kg)/(일 키로그램) 올라갔더니 (1)/(일) 더하기 (1)/(일)은 (2)/(이).,키로그램) 올라갔더니 더하기
29,1,0.034482758620689655,0.9642857142857143,3.3214285714285716,0,선생님과 친구들은 끝까지 포기하지 않고 달리는 수현이를 향해서 뜨거운 박수를 보냈습니다. 그런데 잠시 후 그 친구가 결승점을 얼마 남기지 않고 경기를 포기했다는 사실을 알게 되었습니다. 수연이는 왠지 마음이 아팠습니다.,선생님과 친구들은 끝까지 포기하지 않고 달리는 수현이를 향해서 뜨거운 박수를 보냈습니다. 그런데 잠시 후 친구가 결승점을 얼마 남기지 않고 경기를 포기했다는 사실을 알게 되었습니다. 수연이는 왠지 마음이 아팠습니다.
21,0,0.0,1.0,3.0952380952380953,1,"할머니의 품, 새끼 양, 푹신한 이불 모두 포근함을 느낄 수 있는 것들이며 포근함은 보드랍고 그러니까 빳빳하지 않고 따뜻해서 편안한 기분이 포근함이래요.","할머니의 품, 새끼 양, 푹신한 이불 모두 포근함을 느낄 수 있는 것들이며 포근함은 보드랍고 그러니까 빳빳하지 않고 따뜻해서 편안한 기분이 포근함이래요."
15,0,0.0,0.9333333333333333,2.4,1,그럼 뜻은 뭐다? 이름을 가리키는 말. 그러면 예문은 뭐가 있다? 칠판 과자 이런 거 이런,그럼 뜻은 뭐다? 이름을 가리키는 말. 그러면 예문은 뭐가 있다? 칠판 과자 이런 거 이런
10,1,0.1,1.0,2.5555555555555554,0,"그런데요, 이 몇 십 이라고 하는 거 생각해보세요. 몆 십?","그런데요, 몇 십 이라고 하는 거 생각해보세요. 몆 십?"
3,0,0.0,1.0,3.0,1,즉 친구들. 이처럼.,즉 친구들. 이처럼.
6,0,0.0,1.0,3.2,1,중요한 부분은 여러 번 반복하여 말한다.,중요한 부분은 여러 반복하여 말한다.
15,2,0.13333333333333333,1.0,3.5,0,네/ 선생님+ 선생님이 이 말을 했으니까 이 말의 주인은 바로 선생님이에요 그래서 선생님께서라고 잘 높였죠?,선생님+ 선생님이 말을 했으니까 말의 주인은 바로 선생님이에요 그래서 선생님께서라고 잘 높였죠?
11,1,0.09090909090909091,1.0,3.888888888888889,0,"그러면, n/ 모음자도 볼게요. 모음은요. 자/ 여러분, 이거* 많이 들어보셨을 거예요.","그러면, 모음자도 볼게요. 모음은요. 여러분, 이거* 많이 들어보셨을 거예요."
7,0,0.0,1.0,2.2,1,자/ 몇 칸 (9칸)/(아홉 칸) 을 그려줍니다.,몇 칸 칸) 을 그려줍니다.
28,3,0.10714285714285714,1.0,3.4761904761904763,0,기준을 정하는 n/ 거 무척 중요하다고 선생님이 여러 번 강조했었죠? 이것도 맞는 n/ (내용이고요)/(내용이구요). (4번)/(사 번) 개인적인 생각이나 느낌을 강조합니다. 이거 어떤가요? 설명하는 n/ 글과는 관계가 없는 내용이지요?,기준을 정하는 거 무척 중요하다고 선생님이 여러 강조했었죠? 이것도 맞는 개인적인 생각이나 느낌을 강조합니다. 이거 어떤가요? 설명하는 글과는 관계가 없는 내용이지요?
11,0,0.0,1.0,2.909090909090909,1,코도 반짝. 입도 반짝반짝. 여기 반짝이 계속 반복되고 있죠. 이렇게 비슷한,코도 반짝. 입도 반짝반짝. 여기 반짝이 계속 반복되고 있죠. 이렇게 비슷한
19,0,0.0,1.0,2.764705882352941,1,시험에 나오면은 무조건 (1문제)/(한 문제) 씩 선생님들이 꼭 내는 문젠데요. 지난 우리 (1강)/(일 강) 때도 나왔던 수 카드 문제입니다.,시험에 나오면은 무조건 문제) 씩 선생님들이 꼭 내는 문젠데요. 지난 우리 강) 때도 나왔던 수 카드 문제입니다.
12,0,0.0,0.9166666666666666,2.5833333333333335,1,바다에 사는 것과 산에서 사는 것. 그래요. 정확하게 분류를 할 수 있네요.,바다에 사는 것과 산에서 사는 것. 그래요. 정확하게 분류를 할 수 있네요.
2,0,0.0,1.0,4.5,1,어디로 이동하나요?,어디로 이동하나요?
13,0,0.0,0.9166666666666666,3.6666666666666665,1,자/ 이럴 땐 어떻게 한다고 그랬어요? 그렇죠! 무량대수 할아버지를 불러와야 되겠죠? 무량대수 할아버지!,이럴 땐 어떻게 한다고 그랬어요? 그렇죠! 무량대수 할아버지를 불러와야 되겠죠? 무량대수 할아버지!
8,0,0.0,1.0,3.1666666666666665,1,자/ 위우는 뭐야? 야 우리 친구하자. 이겁니다. (그렇죠)/(그죠)?,위우는 뭐야? 야 우리 친구하자. 이겁니다.
14,1,0.07142857142857142,1.0,3.1666666666666665,0,"아/ 여기 설명문이 있습니다. 자/ 설명문을 읽을 때는 설명하는 방법 무엇이 있었나? 정의와 분류,","여기 설명문이 있습니다. 설명문을 읽을 때는 설명하는 방법 무엇이 있었나? 정의와 분류,"
7,1,0.14285714285714285,1.0,3.0,0,n/ 그러엄 사람들을 즐겁게 해주는 마술 종이.,그러엄 사람들을 즐겁게 해주는 마술 종이.
5,1,0.2,1.0,3.5,0,음/ 그럼 둘째인 친구는 누구일까요?,그럼 둘째인 친구는 누구일까요?
8,1,0.125,1.0,3.0,0,n/ 콜린은 방 안에 있을 때와 너무나 달라보였습니다.,콜린은 방 안에 있을 때와 너무나 달라보였습니다.
5,0,0.0,1.0,4.0,1,그래서 (16)/(십 육)이라는 답이 나왔습니다.,그래서 육)이라는 답이 나왔습니다.
23,3,0.13043478260869565,1.0,2.9444444444444446,0,n/ 자/ 의견들을 비교하고 문제 상황에 맞는 의견은 무엇인지 쓰시오 아까 선생님이 얘기 했죠 정답 n/ 보여주세요 가와 다 되겠습니다 자/ 그 다음.,의견들을 비교하고 문제 상황에 맞는 의견은 무엇인지 쓰시오 아까 선생님이 얘기 했죠 정답 보여주세요 가와 다 되겠습니다 다음.
16,0,0.0,1.0,3.1538461538461537,1,수의 순서에 맞게 알맞은 말을 써 넣으세요 라고 했네요. (2)/(두) 문제가 있는데요. (1)/(하나)씩 (1)/(하나)씩 차근차근 풀어볼게요.,수의 순서에 맞게 알맞은 말을 써 넣으세요 라고 했네요. 문제가 있는데요. 차근차근 풀어볼게요.
4,1,0.25,1.0,3.5,0,"o/ n/ 선분 ㄱ,ㄹ은.","선분 ㄱ,ㄹ은."
5,0,0.0,1.0,2.5,1,달걀의 수가 (1)/(하나) (2)/(둘) (2)/(둘)이에요.,달걀의 수가
13,0,0.0,1.0,2.8333333333333335,1,지금 오른쪽 색칠한 부분의 넓이를 구해야 하는데 원주율은 (3.14)/(삼 쩜 일 사)라고 되네요.,지금 오른쪽 색칠한 부분의 넓이를 구해야 하는데 원주율은 쩜 일 사)라고 되네요.
25,0,0.0,0.8947368421052632,3.1052631578947367,1,(4번)/(사 번) 자신이 좋아하는 것을 발표할 때 발표는 여러 사람이죠. (5번)/(오 번) 현장체험학습 소감을 발표할 때 이것도 맞아요 답은 (3번)/(삼 번) 입니다 그다음 문제 가보겠습니다.,자신이 좋아하는 것을 발표할 때 발표는 여러 사람이죠. 현장체험학습 소감을 발표할 때 이것도 맞아요 답은 입니다 그다음 문제 가보겠습니다.
3,1,0.3333333333333333,1.0,3.0,0,"n/ 듣는 사람을,","듣는 사람을,"
2,0,0.0,1.0,5.0,1,자/ 알았나요?,알았나요?
6,0,0.0,1.0,1.8,1,또 다시 (2)/(이)로 나눌 수 있죠.,또 다시 나눌 수 있죠.
28,0,0.0,0.9629629629629629,3.3703703703703702,1,"네, 우리 선생님과 함께 첫번째 개념을 정리해 봤는데요. 직육면체와 정육면체 겉넓이 구하는 방법은 확실하게 꿰고 있어야 되고요. 두번째 개념입니다. 부피비교하깁니다. 여러분 교재 (108쪽)/(백 팔 쪽) 이니까 함께 보실까요?","네, 우리 선생님과 함께 첫번째 개념을 정리해 봤는데요. 직육면체와 정육면체 겉넓이 구하는 방법은 확실하게 꿰고 있어야 되고요. 두번째 개념입니다. 부피비교하깁니다. 여러분 교재 팔 쪽) 이니까 함께 보실까요?"
11,2,0.18181818181818182,1.0,2.888888888888889,0,n/ 이 글을 읽고 알 수 있는 내용에 동그라미를 하래요. 보여주세요.,글을 읽고 알 수 있는 내용에 동그라미를 하래요. 보여주세요.
4,0,0.0,1.0,3.5,1,끔찍한 경쟁에 내몰리게 됩니다.,끔찍한 경쟁에 내몰리게 됩니다.
31,1,0.03225806451612903,0.8888888888888888,3.0,0,"그러니까 전부 벼슬을 버리고 떠났다. 자/ 이거 뭡니까? 벼슬을 버리고 떠났고요. 자/ 그다음에 이거 또 무슨 뜻이에요? (이거는)/(요고는) 사직, 사표 내고 떠났다, 이런 얘기예요. 그럼 떠나서 이 양반들 다 어디 갔습니까?","그러니까 전부 벼슬을 버리고 떠났다. 이거 뭡니까? 벼슬을 버리고 떠났고요. 그다음에 이거 또 무슨 뜻이에요? 사직, 사표 내고 떠났다, 이런 얘기예요. 그럼 떠나서 양반들 다 어디 갔습니까?"
8,1,0.125,1.0,3.0,0,n/ 자/ 여기 (2)/(두) 대각선의 길이가 같은 사각형은,여기 대각선의 길이가 같은 사각형은
1,0,0.0,1.0,6.0,1,점심시간에*,점심시간에*
18,1,0.05555555555555555,1.0,2.8823529411764706,0,n/ 어때? 돼지와 왜가리가 다정한 친구인 것 처럼 같은 모양의 글자가 숨어있지. 이제 반짝 반짝한 부분에 글자를 써볼까?,어때? 돼지와 왜가리가 다정한 친구인 것 처럼 같은 모양의 글자가 숨어있지. 이제 반짝 반짝한 부분에 글자를 써볼까?
46,5,0.10869565217391304,0.9487179487179487,3.1025641025641026,0,"그다음, 가능한 한 많은 자료를 활용하여 발표합니다 라고 했는데 b/ 이 자료들 어떻게 하라고 했습니까? 잘 정리하라고 했습니다. 나에게 꼭 필요한 자료인지 아닌지, b/ 그래서 아/ 많은 양의 자료 필요 없어요. 나에게 어/ 발표 내용을 보다 효과적으로 전할 수 있는 자료들만 골라서 어/ 활용해주시면 되겠습니다. n/","그다음, 가능한 한 많은 자료를 활용하여 발표합니다 라고 했는데 자료들 어떻게 하라고 했습니까? 잘 정리하라고 했습니다. 나에게 꼭 필요한 자료인지 아닌지, 그래서 많은 양의 자료 필요 없어요. 나에게 발표 내용을 보다 효과적으로 전할 수 있는 자료들만 골라서 활용해주시면 되겠습니다."
34,0,0.0,0.8148148148148148,2.5185185185185186,1,자/ (1층)/(일 층) 에는 몇 개가 필요할까? 맨 아래 있는 거보다 쌓기나무 갯수가 (1개)/(한 개) 가 더 있으면 되겠죠. 자/ 그래서 맨 아래에는 몇 개? 쌓기나무 (6개)/(여섯 개) 가 올라올 것입니다. (1번)/(한 번) 볼까요?,층) 에는 몇 개가 필요할까? 맨 아래 있는 거보다 쌓기나무 갯수가 개) 가 더 있으면 되겠죠. 그래서 맨 아래에는 몇 개? 쌓기나무 개) 가 올라올 것입니다. 볼까요?
13,0,0.0,1.0,3.5,1,u/ 처럼 무엇무엇 같이. 무엇무엇양 이라는 말을 쓰면요. 직접 빗대었기 때문에 직유법의 표현입니다.,처럼 무엇무엇 같이. 무엇무엇양 이라는 말을 쓰면요. 직접 빗대었기 때문에 직유법의 표현입니다.
11,0,0.0,1.0,2.888888888888889,1,한 명에게 (몇 마리)/(면 마리) (6 마리씩)/(여섯 마리씩) 준다는 조건이 있습니다.,한 명에게 (몇 마리) (6 마리씩) 준다는 조건이 있습니다.
12,0,0.0,1.0,2.875,1,그다음 보자. 보 봅시다. 자/ (3)/(삼)에서 (7)/(칠)이 되려면 더하기 (4)/(사)를 해야 됩니다.,그다음 보자. 보 봅시다. 되려면 더하기 해야 됩니다.
18,1,0.05555555555555555,1.0,3.0,0,"그리고 난 다음에 곱셈과 나눗셈의 관계를 이용하여, 그러니 이 나눗셈식을 가지고 곱셈식을 만들 수 (있다는)/(있다라는) 것을 뜻하는 거고,","그리고 난 다음에 곱셈과 나눗셈의 관계를 이용하여, 그러니 나눗셈식을 가지고 곱셈식을 만들 수 것을 뜻하는 거고,"
6,0,0.0,1.0,3.3333333333333335,1,맞아요. 공 모양이라 했죠. 그래서 동그라미.,맞아요. 공 모양이라 했죠. 그래서 동그라미.
32,0,0.0,0.96875,2.65625,1,"뺄 수 있는지를 잘 계산을 해 봐야겠죠? 만약에 뒤에 빼는 수가 더 크다면, 이런 경우는 받아내림을 해주거나, 혹은 가분수로 바꿔서 계산해야 된다는 거 잊지 마시기 바랍니다. 그럼 다음 화면 한번 더 보시죠.","뺄 수 있는지를 잘 계산을 해 봐야겠죠? 만약에 뒤에 빼는 수가 더 크다면, 이런 경우는 받아내림을 해주거나, 혹은 가분수로 바꿔서 계산해야 된다는 거 잊지 마시기 바랍니다. 그럼 다음 화면 한번 더 보시죠."
17,0,0.0,1.0,3.357142857142857,1,직(6)/(육)면체에서 마주 보는 면이 합동인지* 만나는 모서리의 길이가 같은지 겹치거나 모자라는 면은 없는지 (1)/(하나)씩 (1)/(하나)씩 확인해보기 바랍니다.,마주 보는 면이 합동인지* 만나는 모서리의 길이가 같은지 겹치거나 모자라는 면은 없는지 확인해보기 바랍니다.
5,0,0.0,1.0,2.5,1,b/ 보고 온 친구들 있어요?,보고 온 친구들 있어요?
48,4,0.08333333333333333,0.8536585365853658,2.902439024390244,0,"그림을 보고 네모 안에 알맞은 수를 써 넣으세요. 라고 되어있고 지금 띠 막대 (12 cm)/(십 이 센티미터)짜리가 나와 있습니다. 첫 번째 문제는요 (12 cm)/(십 이 센티미터)의 사 분의 일 을 구하라고 하고, 두 번째는 (12 cm)/(십 이 센티미터)의 삼 분의 이 만큼을 구해보라는 문제네요. 첫 번째 문제부터 살펴볼게요.","그림을 보고 네모 안에 알맞은 수를 써 넣으세요. 라고 되어있고 지금 띠 막대 (12 센티미터)짜리가 나와 있습니다. 첫 번째 문제는요 (12 센티미터)의 사 분의 일 을 구하라고 하고, 두 번째는 (12 센티미터)의 삼 분의 만큼을 구해보라는 문제네요. 첫 번째 문제부터 살펴볼게요."
3,0,0.0,1.0,2.0,1,자/ 우리 (친구들도)/(친구들또),우리
13,1,0.07692307692307693,1.0,3.1,0,b/ 지금 가라는 조건을 활용해서 아/ (Fx)/(에프 엑스)가 삼차식이구나 라는 걸 찾아준 거야.,지금 가라는 조건을 활용해서 엑스)가 삼차식이구나 라는 걸 찾아준 거야.
30,1,0.03333333333333333,0.6875,2.625,0,(10)/(십) 이 (8)/(팔) 아까 (8개)/(여덟 개) 있다고 그랬죠? (10원)/(십 원)이 (8개)/(여덟 개)면 우리가 (80원)/(팔십 원) 자/ (100원)/(백 원)이 (6개)/(여섯 개)이면 (600원)/(육 백 원) (1000원)/(천 원)이 (4개)/(네 개) 있으면 (4000원)/(사천 원),아까 개) 있다고 그랬죠? 원)이 개)면 우리가 원) 원)이 개)이면 백 원) 원)이 개) 있으면 원)
8,0,0.0,1.0,3.2857142857142856,1,(2)/(두) 분수의 분모는 같습니다 라고 되어 있습니다. 여러분.,분수의 분모는 같습니다 라고 되어 있습니다. 여러분.
14,1,0.07142857142857142,1.0,2.769230769230769,0,늙다리 아저씨에게 휴가를 주어서 고향에 가서 이 병을 고칠 수 있도록 하는 것이 좋습니다.,늙다리 아저씨에게 휴가를 주어서 고향에 가서 병을 고칠 수 있도록 하는 것이 좋습니다.
11,1,0.09090909090909091,1.0,2.7,0,여러분이 볼 때 아/ 이건 정말 잘 드러났다 하시면 써주시면 되겠어요.,여러분이 볼 때 이건 정말 잘 드러났다 하시면 써주시면 되겠어요.
3,0,0.0,1.0,2.5,1,(9)/(구)로 모두 같죠.,모두 같죠.
9,0,0.0,1.0,3.375,1,자/ 그럼 자신의 생각을 알맞은 크기의 띠리리링 분명하게 말합니다.,그럼 자신의 생각을 알맞은 크기의 띠리리링 분명하게 말합니다.
1,0,0.0,1.0,6.0,1,소심이에요.,소심이에요.
22,0,0.0,0.8571428571428571,3.2857142857142856,1,"자/ 가위 (1번)/(한 번) 잘랐더니 도막이 (2)/(두) 도막, 그다음 (2)/(두) 번 잘랐더니 (3)/(세) 도막이 나왔죠? 그렇다면 도막 수가 (1)/(하나)씩 더 늘어난다는 얘기겠네요.","가위 잘랐더니 도막이 도막, 그다음 잘랐더니 도막이 나왔죠? 그렇다면 도막 수가 더 늘어난다는 얘기겠네요."
5,0,0.0,1.0,4.0,1,그래서 (680)/(육백 팔십) (600)/(육백) 적어줍니다.,그래서 팔십) 적어줍니다.
5,0,0.0,1.0,3.6,1,하지만 이야기를 곰곰이 한번 읽어보세요.,하지만 이야기를 곰곰이 한번 읽어보세요.
11,0,0.0,1.0,2.4,1,자/ 그러면 슬퍼요와 바꾸어 쓸 수 있는 말 우리 계속 했잖아요.,그러면 슬퍼요와 바꾸어 쓸 수 있는 말 우리 계속 했잖아요.
17,0,0.0,1.0,2.769230769230769,1,이것은(2번)/(이 번) 사람이 하는 말이라고 할 수 있겠습니다. 자/ (ㄷ)/디귿으로 넘어가요. 아니 왜 말도 없이 그냥 가십니까?,사람이 하는 말이라고 할 수 있겠습니다. 넘어가요. 아니 왜 말도 없이 그냥 가십니까?
3,1,0.3333333333333333,1.0,4.0,0,n/ (9)/(구)가 되고요.,되고요.
12,0,0.0,1.0,3.3333333333333335,1,네. 첫째는요. 여러분들 개념의 나타나 있는데요. 인물이 한 일을 시간 순서대로 정리합니다.,네. 첫째는요. 여러분들 개념의 나타나 있는데요. 인물이 한 일을 시간 순서대로 정리합니다.
5,0,0.0,1.0,2.0,1,그럼 (5)/(다섯) 개에서(3)/(세) 개를 빼면,그럼 개를 빼면
27,1,0.037037037037037035,0.9230769230769231,2.8846153846153846,0,두번째 방법으로는 그 주어진 평면 도형을 포함하는 큰 직사각형 만든 후에 빈 공간만큼인 작은 직사각형을 빼주면 바로 우리가 구하고자 하니 주어진 평면 도형의 넓이를 구할 수 있습니다.,두번째 방법으로는 주어진 평면 도형을 포함하는 큰 직사각형 만든 후에 빈 공간만큼인 작은 직사각형을 빼주면 바로 우리가 구하고자 하니 주어진 평면 도형의 넓이를 구할 수 있습니다.
26,0,0.0,1.0,2.75,1,(4씩)/(사 씩) (6묶음)/(여섯 묶음) (4)/(사)의 (6배)/(여섯 배) 그리고 (4)/(사)를 (6번)/(여섯 번) 더 하였습니다. 이것을 모두 우리는 (4)/(사) 곱하기 (6)/(육) 이라고 하는 곱셈으로 표현해줄 수 있게 (되고요)/(되구요).,씩) 묶음) 배) 그리고 더 하였습니다. 이것을 모두 우리는 곱하기 이라고 하는 곱셈으로 표현해줄 수 있게
1,0,0.0,1.0,7.0,1,만들었는데요.,만들었는데요.
4,0,0.0,0.75,3.0,1,끼리 끼리 잘 기억해야겠죠.,끼리 끼리 잘 기억해야겠죠.
7,0,0.0,1.0,3.6,1,이것을 (1봉지)/(한 봉지)에 (6개)/(여섯 개)씩 담았다고 하네요.,이것을 봉지)에 개)씩 담았다고 하네요.
23,2,0.08695652173913043,0.9047619047619048,2.5714285714285716,0,어/ 이 친구들이 또 지금 남자 여자 남자 여자 이렇게 주고 받으면서 읽고 있어요 이건 좀 정답인것 같다 체크를 해두고 선생님이 뭐라고 했죠?,친구들이 또 지금 남자 여자 남자 여자 이렇게 주고 받으면서 읽고 있어요 이건 좀 정답인것 같다 체크를 해두고 선생님이 뭐라고 했죠?
27,2,0.07407407407407407,0.8695652173913043,2.6956521739130435,0,자/ 이 글은요 여러분이 무엇에 대해서 요약을 할 수 있냐면 바로 여러 가지 잠의 종류에 n/ 대해서 정리 요약을 할 수가 있겠습니다. 자/ 잠에는 어떤 종류가 있을까요?,글은요 여러분이 무엇에 대해서 요약을 할 수 있냐면 바로 여러 가지 잠의 종류에 대해서 정리 요약을 할 수가 있겠습니다. 잠에는 어떤 종류가 있을까요?
23,0,0.0,1.0,3.1666666666666665,1,자 (1번)/(일 번)부터 (4번)/(사 번) 모두 제시되지 않은 지어낸 내용입니다. 관련없는 내용이구요. (5번)/(오 번) 온 가족이 할머니 앞에서 겨울인 것 처럼 행동하였기 때문에.,자 번)부터 모두 제시되지 않은 지어낸 내용입니다. 관련없는 내용이구요. 온 가족이 할머니 앞에서 겨울인 것 처럼 행동하였기 때문에.
2,0,0.0,1.0,4.0,1,바꾸고 뒤집는다.,바꾸고 뒤집는다.
10,1,0.1,1.0,2.888888888888889,0,이 친구는 책방 글방을 열심히 보는 친구가 틀림없는 것 같은데요.,친구는 책방 글방을 열심히 보는 친구가 틀림없는 것 같은데요.
6,1,0.16666666666666666,1.0,3.75,0,n/ 자/ 이번에도 생각났어요 흐름흐름 동작,이번에도 생각났어요 흐름흐름 동작
23,0,0.0,0.9333333333333333,3.2,1,"(4)/(사)와 (16)/(십 육). (1)/(일), (4)/(사). 얼마입니까? 바로. 이렇게 써주면 (20%)/(이십 퍼센트). 자/ 그러면 (24%)/(이십 사 퍼센트)와 (20%)/(이십 퍼센트). 어떤 게 비율이 더 높아요?",육). 얼마입니까? 바로. 이렇게 써주면 퍼센트). 그러면 사 퍼센트)와 퍼센트). 어떤 게 비율이 더 높아요?
6,0,0.0,1.0,3.2,1,평행사변형과 삼각형은 각각 서로 다른 (도형이고요)/(도형이구요).,평행사변형과 삼각형은 각각 서로 다른
2,0,0.0,1.0,3.5,1,이렇게 씁니다.,이렇게 씁니다.
28,4,0.14285714285714285,0.8636363636363636,3.0,0,n/ 그 다음 문장+ 그 다음 문제+ 문제를 볼게요. 다음 문장이 각각 알맞은 문장 부호를 쓰세요. 자/ 문장 부호 뭐/ 마침표 (3개)/(세 개) 선생님이 얘기해줬죠. 온점과 물음표와 느낌표.,다음 문장+ 다음 문제+ 문제를 볼게요. 다음 문장이 각각 알맞은 문장 부호를 쓰세요. 문장 부호 마침표 개) 선생님이 얘기해줬죠. 온점과 물음표와 느낌표.
4,0,0.0,1.0,4.0,1,와/ (4거리)/(네 거리)를 지났어.,거리)를 지났어.
14,2,0.14285714285714285,0.9166666666666666,2.5,0,n/ 아이고 숨차다 숨차 아니 그 미라는 자꾸 왜 나만 나만 따라오고 그러는 거야.,아이고 숨차다 숨차 아니 미라는 자꾸 왜 나만 나만 따라오고 그러는 거야.
26,1,0.038461538461538464,0.9523809523809523,3.0476190476190474,0,"(980g)/(구백 팔십 그램)입니다. 그런데 물이 들어 있다 라고 이야기를 했어요. 자/ 이/ 물이 든 물병의 총 무게는 (3kg)/(삼 킬로그램) (320g)/(삼백 이십 글램)입니다. 그렇다면 우리 치+ 친구들,","팔십 그램)입니다. 그런데 물이 들어 있다 라고 이야기를 했어요. 물이 든 물병의 총 무게는 킬로그램) 이십 글램)입니다. 그렇다면 우리 치+ 친구들,"
8,0,0.0,1.0,3.375,1,문제를 풀며 실력을 다지는 시간입니다 일반 문제부터 풀어볼까요,문제를 풀며 실력을 다지는 시간입니다 일반 문제부터 풀어볼까요
6,0,0.0,1.0,2.6,1,그리고 앞에 있는 (1)/(일)과 더하면 얼마?,그리고 앞에 있는 더하면 얼마?
25,2,0.08,0.8695652173913043,3.4347826086956523,0,n/ 안녕하세요 여러분. 재미있는 국어 시간 쌩그리 선생님입니다. 우리 지난 시간에요 동시에 대해서 공부했었죠? 오늘도요 지난 시간에 이어서 동시에 대해서 공부를 해볼 거예요. 어/ 선생님은요,안녕하세요 여러분. 재미있는 국어 시간 쌩그리 선생님입니다. 우리 지난 시간에요 동시에 대해서 공부했었죠? 오늘도요 지난 시간에 이어서 동시에 대해서 공부를 해볼 거예요. 선생님은요
35,0,0.0,0.65,3.05,1,"(6)/(육), (9)/(구)가 될 거예요. 자/ 색을 좀 다르게 해서요, (x)/(엑스)가 (2배)/(두 배)가 됐어요, (3배)/(세 배)가 됐어요. 얘도 (3)/(삼)에서 (6)/(육), (2배)/(두 배)가 됐어요. (3)/(삼)에서 (9)/(구), (3배)/(세 배)가 됐어요. 허/ 그러네요, (2배)/(두 배)가 되니까 얘도 (2배)/(두 배),","될 거예요. 색을 좀 다르게 해서요, 배)가 됐어요, 배)가 됐어요. 얘도 배)가 됐어요. 배)가 됐어요. 그러네요, 배)가 되니까 얘도 배),"
13,0,0.0,1.0,3.0,1,삼촌이라고 써주면 되겠네요. 우리 더 많은 수들의 크기도 다음 문제에서 한번 비교해 볼까요?,삼촌이라고 써주면 되겠네요. 우리 더 많은 수들의 크기도 다음 문제에서 한번 비교해 볼까요?
11,0,0.0,1.0,2.888888888888889,1,(1)/(일)이 되고 정답을 쓸 때는 단위까지. (1명)/(한 명) 이렇게 써주는 것이지요.,되고 정답을 쓸 때는 단위까지. 명) 이렇게 써주는 것이지요.
13,1,0.07692307692307693,0.9,3.0,0,n/ 그리고 이쪽은 (3각형)/(삼 각형) 또 하나도 (3각형)/(삼 각형) 이렇게 해서 나누어 보았습니다.,그리고 이쪽은 각형) 또 하나도 각형) 이렇게 해서 나누어 보았습니다.
15,2,0.13333333333333333,1.0,3.5454545454545454,0,어/ 그/ 정신이 흐려가지고 나랑 같이 묻어줘. 이랬단 말이죠. 자/ 그래서 정답은 (1번)/(일 번)이* 되겠습니다.,정신이 흐려가지고 나랑 같이 묻어줘. 이랬단 말이죠. 그래서 정답은 번)이* 되겠습니다.
4,1,0.25,1.0,4.333333333333333,0,n/ 책방글방 친구들이 드립니다.,책방글방 친구들이 드립니다.
21,0,0.0,1.0,2.769230769230769,1,(5)/(오)를 (5번)/(다섯 번) 빼면 (0)/(영)이 된다 그래서 (25)/(이십 오) 나누기 (5)/(오)는 (5)/(오)와 같습니다 그러므로 (5일)/(오 일)이 걸립니다 라고 답할 수 있겠다.,빼면 된다 그래서 오) 나누기 같습니다 그러므로 일)이 걸립니다 라고 답할 수 있겠다.
13,0,0.0,1.0,2.5454545454545454,1,통분하면 (15분의35)/(십 오분의 삼십 오) 더하기 (15분의27)/(십 오 분의 이십 칠)이 되는 거예요.,통분하면 오분의 삼십 오) 더하기 오 분의 이십 칠)이 되는 거예요.
21,0,0.0,0.8947368421052632,2.3157894736842106,1,선생님이 이렇게 수 카드를 보여줄 거예요. 그러면 우리 친구들이 (1)/(일)만큼 더 작은 수 와 (!)/(일)만큼 더 큰 수를 대답에 보면 돼요.,선생님이 이렇게 수 카드를 보여줄 거예요. 그러면 우리 친구들이 더 작은 수 와 더 큰 수를 대답에 보면 돼요.
3,0,0.0,1.0,4.0,1,그래서 각도기의 중심은요.,그래서 각도기의 중심은요.
5,0,0.0,1.0,3.0,1,"네, 선생님 혹시 요리 좋아하세요?","네, 선생님 혹시 요리 좋아하세요?"
2,0,0.0,1.0,3.0,1,먹을 거라고?,먹을 거라고?
10,0,0.0,1.0,2.6666666666666665,1,뭐냐면은 (A)/(에이)의 (A)/(에이) 더하기 (1)/(일)의 (3)/(세)제곱 이란 점 지나는 겁니다,뭐냐면은 더하기 이란 점 지나는 겁니다
1,0,0.0,0.0,0.0,1,(맞아)/(맞어).,
6,1,0.16666666666666666,1.0,3.0,0,자/ 우리 친구들. 어/ 잘 보셨나요?,우리 친구들. 잘 보셨나요?
9,1,0.1111111111111111,1.0,2.4285714285714284,0,여기서 이 (100)/(백)의 자리 숫자 일이 어디로 간 겁니까?,여기서 자리 숫자 일이 어디로 간 겁니까?
26,0,0.0,1.0,3.5238095238095237,1,"뒷부분도 읽어보면 (4번)/(사 번) 다른 사람들에게 멋있게 보이기 위해서, (5번)/(오 번) 땅을 짚고 다닐 튼튼한 지팡이가 필요해서. 쇠 막대기와 전혀 관련없는 내용들이지요? 그러므로 정답은 (3번)/(삼 번)입니다.","뒷부분도 읽어보면 다른 사람들에게 멋있게 보이기 위해서, 땅을 짚고 다닐 튼튼한 지팡이가 필요해서. 쇠 막대기와 전혀 관련없는 내용들이지요? 그러므로 정답은 번)입니다."
2,0,0.0,1.0,3.0,1,"보호를 위해,n/",보호를
5,1,0.2,1.0,4.5,0,(40)/(사십) 곱하기 (40)/(사십) n/ 계산합니다.,곱하기 계산합니다.
25,2,0.08,0.9523809523809523,3.142857142857143,0,"n/ 글자는 이렇게 만들어 봤는데요. 이제 몇 개가 남았죠? 맞아요, (2개)/(두 개)의 글자가 남았어요. 이 (2개)/(두 개) 글자는 더 쉽게 만들 수가 있습니다. 계속해서 만들어볼게요.","글자는 이렇게 만들어 봤는데요. 이제 몇 개가 남았죠? 맞아요, 개)의 글자가 남았어요. 개) 글자는 더 쉽게 만들 수가 있습니다. 계속해서 만들어볼게요."
10,1,0.1,0.8888888888888888,3.4444444444444446,0,바로 이 치수가 누구냐면 서희의 아버지고요 별당아씨가 바로 서희 엄마입니다,바로 치수가 누구냐면 서희의 아버지고요 별당아씨가 바로 서희 엄마입니다
2,0,0.0,1.0,4.0,1,잘했다는 뜻이야.,잘했다는 뜻이야.
39,0,0.0,1.0,3.2857142857142856,1,"자/ 부모님 연말하니 수의를 유의하고. 자/ 부모에 대한 유교적 윤리, 효죠, 효. 대표적으로. (그렇지)/(그지)? 효를 농민에게 강조하는 것이다. 맞죠? 그럼 (1)/(일) (2)/(이) (3번)/(삼 번) 일단 다 맞습니다. 적절하지 않은 것, (4번)/(사 번) 아니면 (5번)/(오 번)이 답이겠네요. 자/ 이따 확인하고요.","부모님 연말하니 수의를 유의하고. 부모에 대한 유교적 윤리, 효죠, 효. 대표적으로. 효를 농민에게 강조하는 것이다. 맞죠? 그럼 일단 다 맞습니다. 적절하지 않은 것, 아니면 번)이 답이겠네요. 이따 확인하고요."
18,0,0.0,1.0,3.0,1,(그렇죠)/(그쵸). 그래서 이게 (2번)/(이 번) 서술자의 개입이다 라고 체크를 하시면 될 것 같습니다. 네/ 여러분들 이제 헷갈리지 않겠죠?,그래서 이게 서술자의 개입이다 라고 체크를 하시면 될 것 같습니다. 여러분들 이제 헷갈리지 않겠죠?
9,1,0.1111111111111111,1.0,3.25,0,"이 플랜더스의 개가 어떤 종인지 정확하게 알려져 있지는 않지만,","플랜더스의 개가 어떤 종인지 정확하게 알려져 있지는 않지만,"
28,1,0.03571428571428571,0.9629629629629629,3.259259259259259,0,아저씨 그 위의 말을 보세요. 장난감 고양이와 친해질 수 있었지만 했습니다. 장난감 고양이 는 가능해요. 그리고 꼬마의 소원을 들어주고 싶어요. 왜? 순수하고 착하고 고양이를 사랑하는 마음이 너무 귀여우니까.,아저씨 위의 말을 보세요. 장난감 고양이와 친해질 수 있었지만 했습니다. 장난감 고양이 는 가능해요. 그리고 꼬마의 소원을 들어주고 싶어요. 왜? 순수하고 착하고 고양이를 사랑하는 마음이 너무 귀여우니까.
25,0,0.0,1.0,2.95,1,자/ 멸치 떼가 있는 곳에 그물을 던져서 잡은 멸치이다. 자/ 일단 설치를 한 후에 거기에 들어온 멸치를 잡는다고는 돼있지만 (이건)/(요건) 아니에요. 그래서 (3번)/(삼 번) 볼까요.,멸치 떼가 있는 곳에 그물을 던져서 잡은 멸치이다. 일단 설치를 한 후에 거기에 들어온 멸치를 잡는다고는 돼있지만 아니에요. 그래서 볼까요.
5,0,0.0,1.0,3.3333333333333335,1,또 (A)/(에이)제곱 사라지니까 마이너스 (A)/(에이),또 사라지니까 마이너스
34,3,0.08823529411764706,0.9642857142857143,2.75,0,"어/ 이때 우리, 가로가 세로가 (1cm)/(일 센치미터)인 작은 정사각형 하나. 이거 (1 제곱 센티미터)/(일 제곱 센치 미터)를 n/ 단위 넓이로 하여 넓이를 한번 구해보도록 할게요. 이런 것이 모두 n/ 몇 개 있나요? 가로로는 (1)/(하나),","이때 우리, 가로가 세로가 센치미터)인 작은 정사각형 하나. 이거 (1 제곱 제곱 센치 미터)를 단위 넓이로 하여 넓이를 한번 구해보도록 할게요. 이런 것이 모두 몇 개 있나요? 가로로는"
16,0,0.0,1.0,2.75,1,그래요 뒤에 나누기 자연수 한것을 바로 아래에 있는 분모에다가 곱해서 써도 같은 결과가 나타나는 거 맞죠?,그래요 뒤에 나누기 자연수 한것을 바로 아래에 있는 분모에다가 곱해서 써도 같은 결과가 나타나는 거 맞죠?
33,2,0.06060606060606061,0.8571428571428571,3.2142857142857144,0,"자/ 이렇게 어/ 얼음이 열을 얻으면 물이 되고요. 물이 다시 열을 얻으면 수증기가 된답니다. 자/ 이렇게 물의 변신은 계속 이어진다라고 했는데요. 여기 변자가 상당히 재미있는 말이에요. 어/ 한자로 쓰면 요렇게, 예/ 요렇게 되는데요.","이렇게 얼음이 열을 얻으면 물이 되고요. 물이 다시 열을 얻으면 수증기가 된답니다. 이렇게 물의 변신은 계속 이어진다라고 했는데요. 여기 변자가 상당히 재미있는 말이에요. 한자로 쓰면 요렇게, 요렇게 되는데요."
14,0,0.0,0.9285714285714286,2.642857142857143,1,그렇죠 여러분 일단 가로 세로로 접어볼 수 있겠고 또 대각선으로 접어볼 수도 있는 것이죠.,그렇죠 여러분 일단 가로 세로로 접어볼 수 있겠고 또 대각선으로 접어볼 수도 있는 것이죠.
17,6,0.35294117647058826,1.0,3.4285714285714284,0,o/ 그런데 저는요. n/ 어/ 아/ 이 중에서 (1)/(하나)를 고르라는 조건을 n/ (1번)/(한 번) 해볼까 합니다. n/,그런데 저는요. 중에서 고르라는 조건을 해볼까 합니다.
7,1,0.14285714285714285,1.0,3.0,0,n/ 뒤에 든 게 돌멩이지? 달아나자! 달아나!,뒤에 든 게 돌멩이지? 달아나자! 달아나!
2,0,0.0,1.0,2.5,1,"여행 이것,","여행 이것,"
8,0,0.0,0.8333333333333334,3.0,1,(5분의3)/(오 분의 삼)의 (9분의4)/(구 분의 사)를 읽었다는 거에요.,분의 삼)의 분의 사)를 읽었다는 거에요.
18,3,0.16666666666666666,0.9166666666666666,1.75,0,"(4)/(사) 와 (3)/(삼) 의 비 해서 기호 뭐 대 앞에 있는 이 (4)/(사) 가 이 앞에 나와 있는데,","와 의 비 해서 기호 대 앞에 있는 가 앞에 나와 있는데,"
14,0,0.0,1.0,2.3076923076923075,1,어떤 수 인가요? 수를 순서대로 썼을 때 (49)/(사십 구)의 바로 뒤에 오는 수인 얼마?,어떤 수 인가요? 수를 순서대로 썼을 때 구)의 바로 뒤에 오는 수인 얼마?
15,0,0.0,1.0,2.6153846153846154,1,그걸 듣고 나서 다시 (1번)/(한 번) 자신의 주장을 아주 굳게 하는 것이 주장 다지기에 해당합니다.,그걸 듣고 나서 다시 자신의 주장을 아주 굳게 하는 것이 주장 다지기에 해당합니다.
6,0,0.0,1.0,3.2,1,낱개끼리 더해서 써주면 되는 거고요. b/,낱개끼리 더해서 써주면 되는 거고요.
6,0,0.0,1.0,3.5,1,공기가 있잖아요. 그러니까 입지 않아도 되지요.,공기가 있잖아요. 그러니까 입지 않아도 되지요.
6,0,0.0,1.0,3.6,1,(꿈개)/(꽁개)가 선생님께 거짓말을 했다가 들통이 났네요.,선생님께 거짓말을 했다가 들통이 났네요.
2,0,0.0,1.0,2.5,1,가로의 개수,가로의 개수
3,0,0.0,1.0,2.3333333333333335,1,평평 하기도 하고,평평 하기도 하고
10,0,0.0,1.0,2.7142857142857144,1,자/ 그럼 이번엔 오른쪽을 보니 (10개)/(열 개)씩 묶음 모형이 b/,그럼 이번엔 오른쪽을 보니 개)씩 묶음 모형이
3,0,0.0,1.0,3.3333333333333335,1,곱셈에서는 좀 달라요.,곱셈에서는 좀 달라요.
8,0,0.0,1.0,2.857142857142857,1,쌓기나무 (1개)/(한 개) 를 누가 몰래 이렇게 숨겨놨어요.,쌓기나무 개) 를 누가 몰래 이렇게 숨겨놨어요.
5,0,0.0,1.0,2.5,1,빛을 (반짝반짝)/(빤짝빤짝) 내고 있는 거예요.,빛을 내고 있는 거예요.
7,1,0.14285714285714285,1.0,2.6666666666666665,0,n/ 절대 일부러 그런 게 아니라는 건데요.,절대 일부러 그런 게 아니라는 건데요.
10,0,0.0,0.875,2.5,1,얼마? (9)/(구) (9)/(구) 그런데 왼쪽 방에 간 구슬의 개수는 얼마?,얼마? 그런데 왼쪽 방에 간 구슬의 개수는 얼마?
20,3,0.15,1.0,3.642857142857143,0,"o/ 음/ 일단은요, (이렇게)/(이키) 이성 친구를 사귀다보면은 공부 시간이 줄어드니까요. n/ 성적이 안 좋아지잖아요. l/ n/ 그래서 그러는 거 아닐까요?","일단은요, 이성 친구를 사귀다보면은 공부 시간이 줄어드니까요. 성적이 안 좋아지잖아요. 그래서 그러는 거 아닐까요?"
4,0,0.0,1.0,2.0,1,모든 경우의 수 분의,모든 경우의 수 분의
10,0,0.0,0.9,2.9,1,참다가 참다가 막 눈물이 흐르잖아요 우리 친구들도 그런 경험이 있나요,참다가 참다가 막 눈물이 흐르잖아요 우리 친구들도 그런 경험이 있나요
27,0,0.0,0.8260869565217391,2.652173913043478,1,이제 남은 바나나의 수를 구하기 위한 뺄셈식 완성해볼까요? (7)/(칠)빼기 (2개)/(두 개)를 먹었으므로 (2)/(이)는 자 이제 몇 개 남았나요? 남은 바나나의 수를 세어 (5)/(오)라고 쓸 수 있는 거에요.,이제 남은 바나나의 수를 구하기 위한 뺄셈식 완성해볼까요? 개)를 먹었으므로 자 이제 몇 개 남았나요? 남은 바나나의 수를 세어 쓸 수 있는 거에요.
7,0,0.0,1.0,3.1666666666666665,1,그림을 잘 설명하고 있는 문장은 (2번)/(이 번)이에요.,그림을 잘 설명하고 있는 문장은 번)이에요.
19,1,0.05263157894736842,1.0,2.764705882352941,0,o/ n/ 그렇습니다. 중요한 내용만 간추려서 짧게 쓰는 것도 좋은 일기가 될 수 있다는 거 꼭 기억해 두시기 바라겠습니다.,그렇습니다. 중요한 내용만 간추려서 짧게 쓰는 것도 좋은 일기가 될 수 있다는 거 꼭 기억해 두시기 바라겠습니다.
9,0,0.0,1.0,2.888888888888889,1,여유롭고 순박한. 착한 사람이라는 걸 알 수 있는 내용이구요.,여유롭고 순박한. 착한 사람이라는 걸 알 수 있는 내용이구요.
6,0,0.0,1.0,2.0,1,이런 생각을 하게 된 (것 이죠)/(거시져).,이런 생각을 하게 된 (것
27,0,0.0,1.0,3.423076923076923,1,"그다음에, 자/ 쭉 연결된+ 부분+ 연결된 부분 어디가 될까요? 그렇습니다. 이쪽 부분이 되겠죠? 그다음에? 네, 선생님 지금 마구+ 마구 헷갈리려고 하는데 우리 친구들도 헷갈리지 않도록 조심해주시기 바랍니다.","그다음에, 쭉 연결된+ 부분+ 연결된 부분 어디가 될까요? 그렇습니다. 이쪽 부분이 되겠죠? 그다음에? 네, 선생님 지금 마구+ 마구 헷갈리려고 하는데 우리 친구들도 헷갈리지 않도록 조심해주시기 바랍니다."
31,0,0.0,0.68,2.8,1,(4단)/(사 단) 곱셈 구구 그리고 (8단)/(팔 단) 곱셈 구구에 대해 공부했죠. 그리고 우리 마지막에 이런 약속했었어요. (4단)/(사 단) 곱셈 구구랑 (8단)/(팔 단) 곱셈 구구 하루에 (10번씩)/(열 번 씩) 연습해 오기로 했잖아요.,단) 곱셈 구구 그리고 단) 곱셈 구구에 대해 공부했죠. 그리고 우리 마지막에 이런 약속했었어요. 단) 곱셈 구구랑 단) 곱셈 구구 하루에 씩) 연습해 오기로 했잖아요.
6,0,0.0,1.0,2.6666666666666665,1,네 우리 친구들은 어떤 경험을 썼나요?,네 우리 친구들은 어떤 경험을 썼나요?
9,2,0.2222222222222222,1.0,2.75,0,b/ (63)/(육십 삼)은 아/ 여기 있다. (63)/(육십 삼). n/,삼)은 여기 있다. 삼).
27,1,0.037037037037037035,0.8333333333333334,3.0,0,n/ 자/ 선생님은요. 내일 하루 쉬고 우리 친구들 모레 만나러 올게요. 선생님 보고 싶은데 라고 해도 하루만 기다려요. 자/ 선생님 모레 다시 우리 친구들 멋진 모습으로 돌아오겠습니다.,선생님은요. 내일 하루 쉬고 우리 친구들 모레 만나러 올게요. 선생님 보고 싶은데 라고 해도 하루만 기다려요. 선생님 모레 다시 우리 친구들 멋진 모습으로 돌아오겠습니다.
3,0,0.0,1.0,2.3333333333333335,1,아주 잘 했어요.,아주 잘 했어요.
9,0,0.0,1.0,2.7777777777777777,1,"자 그러면 어떻게 구할수 있죠 맞아요 여기에 공통된 부분과,","자 그러면 어떻게 구할수 있죠 맞아요 여기에 공통된 부분과,"
3,1,0.3333333333333333,1.0,4.0,0,"n/ 어제도, 오늘도.","어제도, 오늘도."
2,1,0.5,1.0,3.0,0,n/ 어흐.,어흐.
25,1,0.04,0.9,3.0,0,자/ 그러자 대답이 어/ 아니요. 땅 위에 삽니다. 자/ 그렇다면 땅 위에 사는 동물 생각해볼 거야. 아직도 너무너무 많아요. 자/ 그래서 (3번째)/(세 번째) 질문 해야겠어요.,그러자 대답이 아니요. 땅 위에 삽니다. 그렇다면 땅 위에 사는 동물 생각해볼 거야. 아직도 너무너무 많아요. 그래서 번째) 질문 해야겠어요.
12,0,0.0,1.0,2.75,1,선생님은 말이죠. 글을 봐도 아무 말도 하지 못하고 자기 나라로 돌아갔다는 말.,선생님은 말이죠. 글을 봐도 아무 말도 하지 못하고 자기 나라로 돌아갔다는 말.
9,0,0.0,1.0,3.6666666666666665,1,"네, 간결하게라는 뜻은요, 간단하면서도 짜임새가 있게 써야 하는 뜻입니다.","네, 간결하게라는 뜻은요, 간단하면서도 짜임새가 있게 써야 하는 뜻입니다."
12,1,0.08333333333333333,1.0,3.3636363636363638,0,발원지 이/ 물의 한강의 발원지는 어딥니까? 한강물이 원래 어디서 왔습니까? 이런 뜻이죠.,발원지 물의 한강의 발원지는 어딥니까? 한강물이 원래 어디서 왔습니까? 이런 뜻이죠.
7,0,0.0,1.0,3.0,1,자/ 우리 친구들 이제 (2학년)/(이 학년)이 되면요.,우리 친구들 이제 학년)이 되면요.
24,1,0.041666666666666664,0.8695652173913043,2.9130434782608696,0,안녕하세요. 어린이 여러분 제 이름은 유관순이라고 해요. 자 오늘은 제 얘기를 해 드리려고 이 자리에 섰어요. 자 제가 누구인지 궁금하시죠? 자 그럼 저를 따라와.,안녕하세요. 어린이 여러분 제 이름은 유관순이라고 해요. 자 오늘은 제 얘기를 해 드리려고 자리에 섰어요. 자 제가 누구인지 궁금하시죠? 자 그럼 저를 따라와.
4,0,0.0,1.0,2.75,1,네 각이 모두 직각이네요.,네 각이 모두 직각이네요.
2,0,0.0,1.0,4.0,1,그림부터 볼게요.,그림부터 볼게요.
8,0,0.0,1.0,3.0,1,자/ 그리고 국어활동 책도 준비를 해야 해요. 친구들.,그리고 국어활동 책도 준비를 해야 해요. 친구들.
7,1,0.14285714285714285,1.0,3.8333333333333335,0,"그런데요, 이 똘똘이가요. 주황색 구슬을 더 얻었어요.","그런데요, 똘똘이가요. 주황색 구슬을 더 얻었어요."
11,0,0.0,0.75,3.375,1,자/ (1번째)/(첫 번째) 인물은 주무시고 계시는 아버지. (2번째)/(두 번째) 인물은 나예요.,번째) 인물은 주무시고 계시는 아버지. 번째) 인물은 나예요.
25,1,0.04,1.0,3.1904761904761907,0,여러분들 교재 (15쪽)/(십 오 쪽)에 나와 있는 문제 (6번)/(육 번)인데요 이 시에서 병아리들이 몸을 움직이며 싸우는 모습을 생생하게 표현한 내용을 (2가지)/(두 가지) 쓰시오라는 그런 문제입니다.,여러분들 교재 오 쪽)에 나와 있는 문제 번)인데요 시에서 병아리들이 몸을 움직이며 싸우는 모습을 생생하게 표현한 내용을 가지) 쓰시오라는 그런 문제입니다.
6,1,0.16666666666666666,1.0,3.0,0,"편지로 자신의 마음을 전했기 때문에 n/정답은,",편지로 자신의 마음을 전했기 때문에
6,0,0.0,1.0,2.6666666666666665,1,(85)/(팔십 오)가 (되고요)/(되구요). (1단계)/(일 단계) 끝.,오)가 단계) 끝.
7,1,0.14285714285714285,1.0,3.3333333333333335,0,n/ 오늘 엄마에게 동생이 생겼다는 소식을 들었다.,오늘 엄마에게 동생이 생겼다는 소식을 들었다.
8,1,0.125,1.0,2.5714285714285716,0,n/ 열심히 노력한 우리 친구들 정말 잘 했어요.,열심히 노력한 우리 친구들 정말 잘 했어요.
13,1,0.07692307692307693,1.0,2.9,0,"n/ 개념 아이들, u/ 콩나물 쏙쏙 시간이에요. 자/ 아주 기쁜 소식, 오늘 개념,","개념 아이들, 콩나물 쏙쏙 시간이에요. 아주 기쁜 소식, 오늘 개념,"
9,1,0.1111111111111111,1.0,3.3333333333333335,0,스러움 아니구요. (4번)/(사 번) 공부 잘하는 동생을 질투함? 음/,스러움 아니구요. 공부 잘하는 동생을 질투함?
16,0,0.0,1.0,3.4166666666666665,1,"(9m)/(구 미터)하고 (25cm)/(이십 오 센티미터)가 남으니까 이렇게 바꾼 게 맞는 것이죠. 마지막 (2m)/(이 미터) (7cm)/(칠 센티미터)는,","미터)하고 오 센티미터)가 남으니까 이렇게 바꾼 게 맞는 것이죠. 마지막 미터) 센티미터)는,"
9,0,0.0,1.0,4.0,1,글솜씨는 여전하시군요. 자/ 잘보세요 공주님. 틀린 글자가 보이지 않습니까?,글솜씨는 여전하시군요. 잘보세요 공주님. 틀린 글자가 보이지 않습니까?
9,0,0.0,1.0,2.857142857142857,1,"자/ 시, 분, 초 이렇게 (적어주고요)/(적어주구요). 초부터 하나씩 계산해보죠.","시, 분, 초 이렇게 초부터 하나씩 계산해보죠."
9,0,0.0,1.0,3.125,1,탈옥 시도로 (19년)/(십 구 년) 동안이나 감옥살이를 하게 되었습니다.,탈옥 시도로 구 년) 동안이나 감옥살이를 하게 되었습니다.
4,0,0.0,1.0,1.5,1,(1번)/(한 번) 더 원.,더 원.
7,0,0.0,1.0,3.2857142857142856,1,먼저 제목을 보니 동물원에 다녀와서 라고 쓰여있네요.,먼저 제목을 보니 동물원에 다녀와서 라고 쓰여있네요.
11,1,0.09090909090909091,1.0,3.875,0,자/ (이거)/(요거) 머릿속에 꼭 넣어두시고요. 가세높 곱하는 거 다음으로 n/ 넘어가겠습니다.,머릿속에 꼭 넣어두시고요. 가세높 곱하는 거 다음으로 넘어가겠습니다.
6,0,0.0,1.0,4.5,1,에이프릴이 말했어요. 슬프다. 마음을 나타내는 표현이지요?,에이프릴이 말했어요. 슬프다. 마음을 나타내는 표현이지요?
26,1,0.038461538461538464,0.92,2.68,0,n/ 글 요리 레시피 두 번째 왕따를 주제로 글을 쓸 때는 어른들에게 도움을 요청하는 글을 쓰는 경우가 있습니다. 이런 경우 있었던 일을 솔직하게 쓰는 것이 중요합니다.,글 요리 레시피 두 번째 왕따를 주제로 글을 쓸 때는 어른들에게 도움을 요청하는 글을 쓰는 경우가 있습니다. 이런 경우 있었던 일을 솔직하게 쓰는 것이 중요합니다.
20,0,0.0,0.9444444444444444,2.611111111111111,1,우리 친구들 (1)/(일) 부터 (9)/(구) 까지 수의 순서에 대해서 공부했을 때 이와 비슷한 문제를 많이 풀어봤어요. 수를 순서대로 썼을 때,우리 친구들 부터 까지 수의 순서에 대해서 공부했을 때 이와 비슷한 문제를 많이 풀어봤어요. 수를 순서대로 썼을 때
15,0,0.0,0.9090909090909091,2.272727272727273,1,"면 그리고 (ㄱ)/(기억), (ㅁ)/(미음), (ㄹ)/(리음)과 같이 (이렇게)/(요로케) 생긴 것과 같이 밑면과 만나는 면을 우리는 옆면",면 그리고 같이 생긴 것과 같이 밑면과 만나는 면을 우리는 옆면
16,2,0.125,0.8571428571428571,3.5714285714285716,0,"n/ 오늘 배울 개념입니다. 오늘 배울 것은요. 글자의 짜임, 그 다음 낱말의 기본형, 마지막으로 동음이의어가 되겠습니다.","오늘 배울 개념입니다. 오늘 배울 것은요. 글자의 짜임, 다음 낱말의 기본형, 마지막으로 동음이의어가 되겠습니다."
14,0,0.0,1.0,3.0714285714285716,1,이번에는 여러 낱말들을 국어사전에서 찾으려고 할 때 가장 먼저 어느 부분을 펼쳐야할지 묻고 있습니다.,이번에는 여러 낱말들을 국어사전에서 찾으려고 할 때 가장 먼저 어느 부분을 펼쳐야할지 묻고 있습니다.
14,1,0.07142857142857142,1.0,2.1,0,자/ (0.3)/(영 점 삼) 을 분수로 바꿔주면 n/ 십 분의 삼 곱하기 (8)/(팔)이 되죠?,점 삼) 을 분수로 바꿔주면 십 분의 삼 곱하기 되죠?
23,0,0.0,0.9523809523809523,2.8095238095238093,1,자/ 그럼 친구들 우리 이렇게 해서는 안 되겠죠? 높임 표현을 사용하는 경우에 어떤 언어 예절을 지켜야 하는지 우리 (4가지)/(네 가지) 함께 알아보도록 할게요.,그럼 친구들 우리 이렇게 해서는 안 되겠죠? 높임 표현을 사용하는 경우에 어떤 언어 예절을 지켜야 하는지 우리 가지) 함께 알아보도록 할게요.
31,0,0.0,0.9565217391304348,3.0869565217391304,1,"(cm)/(센티미터)가 나왔을 것이고, 계속 쭉/ 쭉/ 가다보면은 원 나의 반지름은 (20)/(이 십)에서 걸렸을 거예요. (20)/(이 십) 곱하기 (20)/(이 십)이 (400)/(사백)이니까. 그렇다면 여기는 반지름이(20cm)/(이 십 센티미터)라는 것을 여러분들이 알 수가 있을 거예요.","나왔을 것이고, 계속 가다보면은 원 나의 반지름은 십)에서 걸렸을 거예요. 십) 곱하기 십)이 그렇다면 여기는 십 센티미터)라는 것을 여러분들이 알 수가 있을 거예요."
10,1,0.1,1.0,3.5555555555555554,0,n/ 나무에 붙어있는 작고 까만 곤충들이 여러분에게 말을 걸어오지는 않았나요?,나무에 붙어있는 작고 까만 곤충들이 여러분에게 말을 걸어오지는 않았나요?
4,0,0.0,1.0,3.75,1,자 그다음 구술에서도 세어볼까요?,자 그다음 구술에서도 세어볼까요?
9,0,0.0,1.0,2.7777777777777777,1,그렇구나. 우리 시 도우미께서 정말 잘 알고 계신다. 그지?,그렇구나. 우리 시 도우미께서 정말 잘 알고 계신다. 그지?
2,0,0.0,1.0,3.0,1,여기 보세요.,여기 보세요.
4,0,0.0,1.0,2.0,1,이런 (친구도)/(친구두) 와도 되고,이런 와도 되고
10,1,0.1,1.0,3.375,0,n/ 허/ 선생님이라면 말이죠. 일단 손오공에게 이런 말을 하고 싶어요.,선생님이라면 말이죠. 일단 손오공에게 이런 말을 하고 싶어요.
13,0,0.0,1.0,3.0833333333333335,1,자/ 이렇게 초성에 있는 글자를 만드신 다음에 종성에 들어간 글자는 따로 만들지 아니하시고.,이렇게 초성에 있는 글자를 만드신 다음에 종성에 들어간 글자는 따로 만들지 아니하시고.
3,0,0.0,1.0,4.0,1,공감하는 말이죠. 맞아요.,공감하는 말이죠. 맞아요.
28,3,0.10714285714285714,0.9090909090909091,2.8636363636363638,0,아/ (3)/(세) 자릿수 끼리의 덧셈이구나 라는 것을 먼저 알아야 합니다 (3)/(세) 자릿수 끼리의 덧셈에서 이 선생님이 (2)/(두) 가지만 기억하라고 했죠 n/ 첫 번째는 같은 자리에 수끼리 더 해라.,자릿수 끼리의 덧셈이구나 라는 것을 먼저 알아야 합니다 자릿수 끼리의 덧셈에서 선생님이 가지만 기억하라고 했죠 첫 번째는 같은 자리에 수끼리 더 해라.
7,0,0.0,1.0,2.8333333333333335,1,(10시)/(열 시). 그런데 몇 분전에 도착한 거예요?,시). 그런데 몇 분전에 도착한 거예요?
5,0,0.0,1.0,3.0,1,그런데 이게 (2묶음)/(두 묶음) 있네요.,그런데 이게 묶음) 있네요.
20,1,0.05,1.0,3.3157894736842106,0,마지막은 보충 자료인데요. 이 보충자료는 여기서는 지금 도표 가 쓰였어요. 도표는 여러분이 수학시간에 배운 그래프라고 생각해주면 좀 쉬울 것 같아요.,마지막은 보충 자료인데요. 보충자료는 여기서는 지금 도표 가 쓰였어요. 도표는 여러분이 수학시간에 배운 그래프라고 생각해주면 좀 쉬울 것 같아요.
21,1,0.047619047619047616,0.8823529411764706,2.5294117647058822,0,쌀을 갖다 포대 (자루에)/(자루네) (넣고)/(놓고) 그냥 그/ 꺼내먹지? 옛날에 여기다가 쌀을 넣었어요. 쌀 그래서 쌀 (이러헤)/(이러케) 퍼서 먹은 게 바로 뒤주죠?,쌀을 갖다 포대 그냥 꺼내먹지? 옛날에 여기다가 쌀을 넣었어요. 쌀 그래서 쌀 퍼서 먹은 게 바로 뒤주죠?
10,0,0.0,0.7777777777777778,2.111111111111111,1,덩쿨 같은 친구 좋아 나랑 안 떨어지는 친구 좋아 b/.,덩쿨 같은 친구 좋아 나랑 안 떨어지는 친구 좋아
20,0,0.0,0.95,3.55,1,"시계, 리모컨, 무선 청소기, 휴대 전화 등의 생활용품을 사용하려면 전기가 반드시 필요했어요. 그렇죠? 그런데 이런 생활용품을 사용할 때는요. 무엇이 필요할까요?","시계, 리모컨, 무선 청소기, 휴대 전화 등의 생활용품을 사용하려면 전기가 반드시 필요했어요. 그렇죠? 그런데 이런 생활용품을 사용할 때는요. 무엇이 필요할까요?"
28,0,0.0,0.8214285714285714,3.0,1,"이와 비슷한 유형의 문제도 얼마든지 많이 낼 수 있습니다. 직사각형은 몇 개 보이는지, 정삼각형은 어+ 몇 개 보이는지, 직각삼각형을 몇 개 보이는지 다 이렇게 따로따로 나누어서 계산하면 되겠습니다.","이와 비슷한 유형의 문제도 얼마든지 많이 낼 수 있습니다. 직사각형은 몇 개 보이는지, 정삼각형은 어+ 몇 개 보이는지, 직각삼각형을 몇 개 보이는지 다 이렇게 따로따로 나누어서 계산하면 되겠습니다."
4,0,0.0,1.0,3.75,1,이렇게 정리하시면 된다라는 말씀.,이렇게 정리하시면 된다라는 말씀.
22,1,0.045454545454545456,1.0,2.789473684210526,0,n/ 맞아요. 자/ 그래서 우리는 알맞은 낱말을 사용해야 하는데요. 자/ 바로 서로 무슨 말을 하는지 오해 없이 분명하게 알 수 있기 때문이죠.,맞아요. 그래서 우리는 알맞은 낱말을 사용해야 하는데요. 바로 서로 무슨 말을 하는지 오해 없이 분명하게 알 수 있기 때문이죠.
4,0,0.0,1.0,1.6666666666666667,1,두 번째 보기 볼게요.n/,두 번째 보기
5,0,0.0,1.0,3.4,1,옆 반 코끼리 선생님한테 부탁해야겠다.,옆 반 코끼리 선생님한테 부탁해야겠다.
30,0,0.0,0.9545454545454546,2.3636363636363638,1,자/ (4)/(사) 이상 (5)/(오) 미만 의미를 떠올려 볼까요. (4)/(사) 보다 같거나 크고 (5)/(오) 보다 작은 수니까 결국 (4)/(사) 밖에 안 되겠죠. 따라서 (10)/(십)의 자리 숫자는 (4)/(사)라는 걸 알 수 있구요.,이상 미만 의미를 떠올려 볼까요. 보다 같거나 크고 보다 작은 수니까 결국 밖에 안 되겠죠. 따라서 자리 숫자는 걸 알 수 있구요.
36,4,0.1111111111111111,0.8064516129032258,3.129032258064516,0,자/ 먼저 n/ 어떤 일에 대해서 언제 어디에서 있었던 일인지를 생각해보는 거예요. 그리고 나서요. 그 있었던 일에 대해서 어/ 차례대로 일이 일어난 차례대로 정리를 해보는 거지요. 그런 다음에는 그 겪었던 일에 대한 자신의 느낌을 떠올려보는 거예요.,먼저 어떤 일에 대해서 언제 어디에서 있었던 일인지를 생각해보는 거예요. 그리고 나서요. 있었던 일에 대해서 차례대로 일이 일어난 차례대로 정리를 해보는 거지요. 그런 다음에는 겪었던 일에 대한 자신의 느낌을 떠올려보는 거예요.
9,1,0.1111111111111111,1.0,2.875,0,n/ 가만히 앉아서 보기만 해도 쑥쑥 늘어나는 글쓰기 실력.,가만히 앉아서 보기만 해도 쑥쑥 늘어나는 글쓰기 실력.
8,0,0.0,1.0,2.875,1,그러면 오늘의 마지막 개념 우리 또 살펴보도록 할게요.,그러면 오늘의 마지막 개념 우리 또 살펴보도록 할게요.
9,0,0.0,1.0,2.6666666666666665,1,자신이 하고 싶은 말을 실감나게 나타낼 수 있다는 것이죠.,자신이 하고 싶은 말을 실감나게 나타낼 수 있다는 것이죠.
13,2,0.15384615384615385,1.0,2.3,0,n/ 뒤에 있는 수 (7)/(칠)은 n/ 일곱 번째 역이다 라는 걸 말해주는 겁니다.,뒤에 있는 수 일곱 번째 역이다 라는 걸 말해주는 겁니다.
20,1,0.05,0.8235294117647058,2.764705882352941,0,"n/ 오/ 그래 그래 우리 하비랑 빼미랑 그만 (슬퍼하고)/(슬퍼하구) 우리 빨리 분수 친구에게 외롭지 않도록 쌍둥이 분수 형제들을 찾아주도록 해요,","그래 그래 우리 하비랑 빼미랑 그만 우리 빨리 분수 친구에게 외롭지 않도록 쌍둥이 분수 형제들을 찾아주도록 해요,"
21,1,0.047619047619047616,0.95,2.9,0,이 글을 쓴 친구는 감정이입을 굉장히 잘하는 것 같아요. 이렇게 감정이입을 하면 보이지 않는 것도 볼 수가 있거든요. 응? 감정이입이 뭐냐고?,글을 쓴 친구는 감정이입을 굉장히 잘하는 것 같아요. 이렇게 감정이입을 하면 보이지 않는 것도 볼 수가 있거든요. 응? 감정이입이 뭐냐고?
22,1,0.045454545454545456,0.95,3.5,0,"자/ 이 글은요, 여러분들의 교과서에 있는 로빈슨 크루소라는 글의 일부분입니다. 그렇다면 우리 로빈스는 어떤 생각을 하고 있으며 어떤 성격을 가진 사람인지 생각해볼까요?","글은요, 여러분들의 교과서에 있는 로빈슨 크루소라는 글의 일부분입니다. 그렇다면 우리 로빈스는 어떤 생각을 하고 있으며 어떤 성격을 가진 사람인지 생각해볼까요?"
10,0,0.0,1.0,2.2,1,대자? 좋아요. 이제 옷 다 맞을 수 있을 것 같은데요?,대자? 좋아요. 이제 옷 다 맞을 수 있을 것 같은데요?
25,1,0.04,0.9166666666666666,3.4583333333333335,0,음/ 대부분 주택이였거든요? 그래서 빨래를 밖에다가 널었어요. 요즘엔 우리 아파트 안에다가 널잖아요? 그래서 선생님이 엄마 심부름을 가끔 했는데요 그때 심부름을 하고도 야단을 맞았던 기억이 나요.,대부분 주택이였거든요? 그래서 빨래를 밖에다가 널었어요. 요즘엔 우리 아파트 안에다가 널잖아요? 그래서 선생님이 엄마 심부름을 가끔 했는데요 그때 심부름을 하고도 야단을 맞았던 기억이 나요.
6,0,0.0,1.0,3.1666666666666665,1,글을 써야 되겠죠. 기사문은 더욱더 그래요.,글을 써야 되겠죠. 기사문은 더욱더 그래요.
21,0,0.0,0.9375,2.5625,1,"방금 본 (X)/(엑스), (X)/(엑스)와 관련이 있습니다. 등호와 관련된 식 (X)/(엑스)와 관련된 식, 대체 어떤 식인지 두 번째 (math)/(매스) (play)/(플레이)에서 만나 보겠습니다.","방금 본 관련이 있습니다. 등호와 관련된 식 관련된 식, 대체 어떤 식인지 두 번째 만나 보겠습니다."
26,1,0.038461538461538464,0.96,2.6,0,이렇게 아영이처럼 다른 사람들 앞에서 말할 때 긴장되고 떨렸던 그 경험을 생각해 본다면 아영이의 마음을 또 글 속에서 인물의 마음을 더 잘 이해할 수 있을 겁니다.,이렇게 아영이처럼 다른 사람들 앞에서 말할 때 긴장되고 떨렸던 경험을 생각해 본다면 아영이의 마음을 또 글 속에서 인물의 마음을 더 잘 이해할 수 있을 겁니다.
10,1,0.1,1.0,3.0,0,(5월)/(오 월) (14일)/(십 사 일)이고* 고+ 어/ 친구들이 뭐하고 있어요?,월) 사 일)이고* 고+ 친구들이 뭐하고 있어요?
13,0,0.0,0.9166666666666666,2.6666666666666665,1,자 여기에 있는 정육면체를 잘 살펴 볼게요 잘 살펴봤더니 (3개)/(세 개)의 면이 그렇죠.,자 여기에 있는 정육면체를 잘 살펴 볼게요 잘 살펴봤더니 개)의 면이 그렇죠.
6,1,0.16666666666666666,1.0,4.0,0,(800만)/(팔백 만)이죠 그러니까는 n/ (800만)/(팔백 만).,만)이죠 그러니까는 만).
22,2,0.09090909090909091,0.9473684210526315,2.8421052631578947,0,"어때요. 벌써 앞서 읽었던 글과는 달리 이 앞 부분과 뒷 부분으로 나뉘어져서 훨씬 보기 좋죠. 자/ 그리고 민수는 좋겠다, 민수는 n/진짜 좋겠다.","어때요. 벌써 앞서 읽었던 글과는 달리 앞 부분과 뒷 부분으로 나뉘어져서 훨씬 보기 좋죠. 그리고 민수는 좋겠다, 민수는 좋겠다."
14,1,0.07142857142857142,1.0,3.8333333333333335,0,그리고 보충자료로 짜임이 이루어집니다. 이 (3가지)/(세 가지)가 기사문의 형식적 특성이에요. 먼저 제목을 한번 볼까요?,그리고 보충자료로 짜임이 이루어집니다. 가지)가 기사문의 형식적 특성이에요. 먼저 제목을 한번 볼까요?
15,3,0.2,1.0,2.909090909090909,0,n/ 자/ 아야 어/ 누가 아야했을까요? 아유 아파. 아/ 시에서 많은 이가 아프네. 왜 그럴까?,아야 누가 아야했을까요? 아유 아파. 시에서 많은 이가 아프네. 왜 그럴까?
5,0,0.0,1.0,2.25,1,주안행 열차 곧 (출발하겠다)/(출발하겠 다).,주안행 열차 곧 다).
14,0,0.0,0.75,2.625,1,(150)/(백 오십) 곱하기 (2)/(이) 와 같다. 자/ (150)/(백 오십) 곱하기 (2)/(이) 하면 (300)/(삼백) 이죠.,오십) 곱하기 와 같다. 오십) 곱하기 하면 이죠.
13,0,0.0,1.0,2.2,1,(317)/(삼백 십 칠) 곱하기 (3)/(삼)은 (951)/(구백 오십 일)이다 라는 것을 알 수 있어요.,십 칠) 곱하기 오십 일)이다 라는 것을 알 수 있어요.
4,0,0.0,1.0,3.5,1,길이의 합을 구하기도 했는데요.,길이의 합을 구하기도 했는데요.
6,3,0.5,1.0,2.3333333333333335,0,n/ 아/ 근데 점심 뭐 먹지?,근데 점심 먹지?
4,0,0.0,1.0,2.6666666666666665,1,"(1)/(일) 자처럼 생긴 풍선,","자처럼 생긴 풍선,"
25,0,0.0,0.7142857142857143,2.4285714285714284,1,(X)/(엑스)축 있었고 (Y축)/(와이 축) 있었어 근데 (X 분의 1)/(엑스 분의 일) 점점 점점 작아지는 요 그래프지. 그래서 얘가 (X 분의 1)/(엑스 분의 일) 그래프 였어.,있었고 축) 있었어 근데 (X 분의 분의 일) 점점 점점 작아지는 요 그래프지. 그래서 얘가 (X 분의 분의 일) 그래프 였어.
14,0,0.0,1.0,3.0,1,자/ 그럼 우리 친구들이 놀면서 어떻게 이것을 구별하고 있는지 (1번)/(한 번) 같이 보도록 할까요?,그럼 우리 친구들이 놀면서 어떻게 이것을 구별하고 있는지 같이 보도록 할까요?
15,0,0.0,1.0,3.2666666666666666,1,우와* 진짜 장끼는 화려하게 생겼군요. 보통 꿩하면 여러분 이런 모습을 떠올리는데 이게 바로 꿩의 수컷이었습니다.,우와* 진짜 장끼는 화려하게 생겼군요. 보통 꿩하면 여러분 이런 모습을 떠올리는데 이게 바로 꿩의 수컷이었습니다.
14,0,0.0,1.0,3.25,1,"그림 (2)/(이)가 뭐냐면요, 이거예요. 우리 친구들 아까 직접 해봤죠? 허/ 굉장히 화가 났었어요. 그러죠.","그림 뭐냐면요, 이거예요. 우리 친구들 아까 직접 해봤죠? 굉장히 화가 났었어요. 그러죠."
20,0,0.0,1.0,2.769230769230769,1,(2)/(이) (4)/(사) (6)/(육) (8)/(팔) (10)/(십) (12)/(십 이) 둘 씩 뛰어 세기를 했더니 하나씩 세었을 때와 마찬가지로 사과에서는 (12개)/(열 두 개)네요.,이) 둘 씩 뛰어 세기를 했더니 하나씩 세었을 때와 마찬가지로 사과에서는 두 개)네요.
11,0,0.0,0.9,3.4,1,내일 자/ 미래입니다. 친구를 만날 거야. 역시 미래입니다. 이것도 호응이 밎네요.,내일 미래입니다. 친구를 만날 거야. 역시 미래입니다. 이것도 호응이 밎네요.
9,0,0.0,1.0,3.0,1,"선생님 우리 어제 몽실이가 말을 해요 했잖아요 몽실이 아니고요,","선생님 우리 어제 몽실이가 말을 해요 했잖아요 몽실이 아니고요,"
22,3,0.13636363636363635,0.7333333333333333,2.1333333333333333,0,이것을 자/ 요거 이렇게 넘어오면 이 각 (X)/(엑스) 의 이 분의 일 각 (X)/(엑스)를 빼니까 이 분의 삼 각 (X)/(엑스) 이렇게 됩니다.,이것을 요거 이렇게 넘어오면 각 의 분의 일 각 빼니까 분의 삼 각 이렇게 됩니다.
24,1,0.041666666666666664,1.0,2.9565217391304346,0,n/ 이번에는 아주아주 재미있는 이야기 한 편을 읽고 장면을 떠올리는 방법에 대해서 알아볼 건데요. 거기에 내 생각과 느낌은 또 어떻게 말해야 하는지 함께 살펴볼게요.,이번에는 아주아주 재미있는 이야기 한 편을 읽고 장면을 떠올리는 방법에 대해서 알아볼 건데요. 거기에 내 생각과 느낌은 또 어떻게 말해야 하는지 함께 살펴볼게요.
15,0,0.0,1.0,2.3076923076923075,1,짝을 지을 수 없어서 b/ 홀로 남은 것이 있는 수. 바로 홀수라고 하는 거예요. b/,짝을 지을 수 없어서 홀로 남은 것이 있는 수. 바로 홀수라고 하는 거예요.
11,0,0.0,1.0,3.5,1,자/ 그렇다면 또다른 계산식에는 어떤 규칙이 있는지 우리 (1번)/(한 번) 만나볼까요?,그렇다면 또다른 계산식에는 어떤 규칙이 있는지 우리 만나볼까요?
9,1,0.1111111111111111,1.0,2.8,0,(9)/(구). 그러니까 (95)/(구십 오)가 n/ 가장 큰 수구요. b/,그러니까 오)가 가장 큰 수구요.
11,0,0.0,1.0,2.4,1,"자/ 그래서 보통의 해. 작년, 재작년, 다 그냥 보통 때 그런,","그래서 보통의 해. 작년, 재작년, 다 그냥 보통 때 그런,"
18,0,0.0,1.0,3.5625,1,자/ 쓰레기장은 지저분하다는 인식을 개선하기 위해 자/ 꽃이나 캐릭터를 분리수거함에 그려 넣은 거죠. 그래서 청결함이 유지될 수가 있었어요.,쓰레기장은 지저분하다는 인식을 개선하기 위해 꽃이나 캐릭터를 분리수거함에 그려 넣은 거죠. 그래서 청결함이 유지될 수가 있었어요.
7,0,0.0,1.0,3.5714285714285716,1,선생님 문맥이 뭔가요? 사전은 아는데 문맥은 모르겠어요.,선생님 문맥이 뭔가요? 사전은 아는데 문맥은 모르겠어요.
12,1,0.08333333333333333,1.0,3.625,0,n/ o/ 자/ 그런데요 오늘 아쉽게도 (1강)/(일 강)이 여기서 아쉽게 마무리를 해야합니다.,그런데요 오늘 아쉽게도 강)이 여기서 아쉽게 마무리를 해야합니다.
4,1,0.25,1.0,3.6666666666666665,0,이 글에 나오는 인물입니다.,글에 나오는 인물입니다.
8,0,0.0,0.875,2.75,1,종이 흔들흔들거리면서 땡 땡 소리가 날 거 아니에요.,종이 흔들흔들거리면서 땡 땡 소리가 날 거 아니에요.
4,0,0.0,1.0,2.0,1,즉 이때 (3각형)/(삼각형) 우리는,즉 이때 우리는
26,2,0.07692307692307693,0.9090909090909091,2.8181818181818183,0,그다. 직각보다 작은 각과 직각보다 큰 각을 알아보기. (이것)/(요것)도 시간이 되면 알아볼 건데요. 어/ (이게)/(요게) 굉장히 중요해요. 실제로 내가 어/ 각도기로 각을 그려 보는 것. 예.,그다. 직각보다 작은 각과 직각보다 큰 각을 알아보기. 시간이 되면 알아볼 건데요. 굉장히 중요해요. 실제로 내가 각도기로 각을 그려 보는 것. 예.
5,0,0.0,1.0,2.25,1,친구들 교재 (78쪽)/(칠십 팔 쪽).,친구들 교재 팔 쪽).
11,1,0.09090909090909091,1.0,2.9,0,선생님이 그런데 이 직선자를 항상 똑바로 세워야 된다는 말은 안 했지요?,선생님이 그런데 직선자를 항상 똑바로 세워야 된다는 말은 안 했지요?
5,0,0.0,1.0,2.6,1,대개 줄게 라고 읽어야 되겠죠?,대개 줄게 라고 읽어야 되겠죠?
20,1,0.05,1.0,3.0526315789473686,0,n/ 그런 분들에게* 이렇게 말하고 싶어요. 좋아하는 이성 친구에게 좋은 모습을 보여주기 위해 오히려 더 열심히 공부할 수도 있다. 이렇게요.,그런 분들에게* 이렇게 말하고 싶어요. 좋아하는 이성 친구에게 좋은 모습을 보여주기 위해 오히려 더 열심히 공부할 수도 있다. 이렇게요.
4,0,0.0,1.0,3.6666666666666665,1,자/ 여러분 방언이라는 건요.,여러분 방언이라는 건요.
12,0,0.0,1.0,3.3333333333333335,1,두번째 생명을 구하기도 합니다라고 했어요. 여기에 대한 근거가 또 있어요. 어떤 근거입니까?,두번째 생명을 구하기도 합니다라고 했어요. 여기에 대한 근거가 또 있어요. 어떤 근거입니까?
49,2,0.04081632653061224,0.85,2.975,0,"그러니까 우리 식에서도요, 이 걸린 시간 분에 (4바퀴)/(네 바퀴) 돌았다고 했으니 (4)/(사)를 해주면 돼요. 그런데 걸린 시간을 보니까 (2시간)/(두 시간) (14분)/(십 사 분)이에요. 그러면 (2시간)/(두 시간) (14분)/(십 사 분)에서 (5)/(오)를 나눌 수가 없어요. 그러면 일단 뭐부터 해야 될까요? 맞아요. 이 단위, 시간 단위를 통일해 줘서 시간을 분으로 바꿔줘야 합니다.","그러니까 우리 식에서도요, 걸린 시간 분에 바퀴) 돌았다고 했으니 해주면 돼요. 그런데 걸린 시간을 보니까 시간) 사 분)이에요. 그러면 시간) 사 분)에서 나눌 수가 없어요. 그러면 일단 뭐부터 해야 될까요? 맞아요. 단위, 시간 단위를 통일해 줘서 시간을 분으로 바꿔줘야 합니다."
8,1,0.125,1.0,3.5714285714285716,0,n/ 갑자기 베서자 박사가 팔을 들어 샤일록을 멈춰세웠습니다.,갑자기 베서자 박사가 팔을 들어 샤일록을 멈춰세웠습니다.
12,0,0.0,1.0,3.5,1,이렇게 마음 속으로 할 때는요. 큰따옴표를 사용하지 않고 작은따옴표를 사용한다는 것 알아두세요.,이렇게 마음 속으로 할 때는요. 큰따옴표를 사용하지 않고 작은따옴표를 사용한다는 것 알아두세요.
8,1,0.125,1.0,3.142857142857143,0,n/ 눈이 부시게 푸르른 날엔 그리운 사람을 그리워하자.,눈이 부시게 푸르른 날엔 그리운 사람을 그리워하자.
2,0,0.0,1.0,2.5,1,이렇게 해서,이렇게 해서
14,0,0.0,1.0,3.0,1,선생님에게 이렇게 이름이 여러 개 있는 것처럼 우리 친구들도 별명이 있을 거 같은데? 궁금해지는데?,선생님에게 이렇게 이름이 여러 개 있는 것처럼 우리 친구들도 별명이 있을 거 같은데? 궁금해지는데?
4,1,0.25,1.0,2.5,0,"n/ 냐웅, 나도 (박씨다)/(박씨다웅).","냐웅, 나도"
9,1,0.1111111111111111,1.0,2.857142857142857,0,자/ 여러분들은 이 짝꿍에 대해 더 궁금한 점이 있나요?,여러분들은 짝꿍에 대해 더 궁금한 점이 있나요?
9,0,0.0,1.0,2.5555555555555554,1,식을 만들고 필요 없는 숫자카드 찾는 거 잊지 마시고요!,식을 만들고 필요 없는 숫자카드 찾는 거 잊지 마시고요!
8,0,0.0,1.0,2.875,1,자 그럼 오늘은요 어떤 공부를 함께 해볼지 살펴볼까요?,자 그럼 오늘은요 어떤 공부를 함께 해볼지 살펴볼까요?
5,1,0.2,1.0,3.25,0,이 쌍동이. 이거 어떻게 할까요.,쌍동이. 이거 어떻게 할까요.
11,0,0.0,1.0,3.3,1,별난 이야기 극장은요 언제봐도 재미있는 것 같아요. 그렇죠 여러분? 자/ 이제요.,별난 이야기 극장은요 언제봐도 재미있는 것 같아요. 그렇죠 여러분? 이제요.
29,0,0.0,1.0,2.5555555555555554,1,라고 이렇게 읽어서 나타내 주는 거예요 그럼 우리 함께 써 보도록 (하자고요)/(하자구요) 어떻게 쓸거냐 점선이 주어져 있으니까 (1)/(일)은 숫자 요거는 크게 쓰세요 그리고 난 다음에 단위는 작게 쓸 거에요.,라고 이렇게 읽어서 나타내 주는 거예요 그럼 우리 함께 써 보도록 어떻게 쓸거냐 점선이 주어져 있으니까 숫자 요거는 크게 쓰세요 그리고 난 다음에 단위는 작게 쓸 거에요.
7,3,0.42857142857142855,1.0,3.5,0,"n/ 왼쪽으로 n/빙빙 오른쪽으로 n/ 빙빙. 음,","왼쪽으로 오른쪽으로 빙빙. 음,"
5,0,0.0,1.0,4.0,1,자/ (6)/(육)과 (7)/(칠)을 곱하는 것이니까.,곱하는 것이니까.
8,1,0.125,1.0,2.7142857142857144,0,그렇다면 마지막 남은 것은 n/ 네 길이 상관없이.,그렇다면 마지막 남은 것은 네 길이 상관없이.
6,1,0.16666666666666666,1.0,4.0,0,그러니까 이 사실은 꼭 선생님께 알려드려야겠어.,그러니까 사실은 꼭 선생님께 알려드려야겠어.
37,1,0.02702702702702703,0.8,2.9,0,n/ 정사각형도 있죠 (그런데)/(데) 바로 여기서 (4각)/(네 각) 의 크기가 같다 라고 그랬습니다 (4각)/(네 각) 의 크기 모두 같다 그런 것은 바로 직사항경+ 직사각형과 정사각형 자/ 정답 자/ (3가지)/(세 가지) 모두 조건을 만족하는 것은 직사각형 정사각형이 되겠습니다.,정사각형도 있죠 바로 여기서 각) 의 크기가 같다 라고 그랬습니다 각) 의 크기 모두 같다 그런 것은 바로 직사항경+ 직사각형과 정사각형 정답 가지) 모두 조건을 만족하는 것은 직사각형 정사각형이 되겠습니다.
30,1,0.03333333333333333,0.9615384615384616,3.0384615384615383,0,"오늘 배운 거 선생님 조금 아리까리해요 하는 친구들은요. 아래 주소에 와서 확인해 주도록 하세요. (1주)/(한 주) 동안 우리 친구들, 건강하게 어/ (있고요)/(있구요). 선생님은 (1주)/(한 주) 후에 다시 만나보도록 하겠습니다. 안녕.","오늘 배운 거 선생님 조금 아리까리해요 하는 친구들은요. 아래 주소에 와서 확인해 주도록 하세요. 주) 동안 우리 친구들, 건강하게 선생님은 주) 후에 다시 만나보도록 하겠습니다. 안녕."
10,0,0.0,1.0,3.0,1,우리 삼각형 (2개)/(두 개) 를 이용해서 넓이를 (1번)/(한 번) 구해볼게요.,우리 삼각형 개) 를 이용해서 넓이를 구해볼게요.
25,1,0.04,0.95,3.25,0,자/ 무관심 하다는 걸 알 수 있죠. 자/ 문제 풀어볼까요? (10번)/(십 번) 문제입니다*. 이걸로 짐작할 수 있는 내용으로 알맞은 것은 어느것인가요 했습니다. 정답을 찾아볼까요? n/,무관심 하다는 걸 알 수 있죠. 문제 풀어볼까요? 문제입니다*. 이걸로 짐작할 수 있는 내용으로 알맞은 것은 어느것인가요 했습니다. 정답을 찾아볼까요?
12,0,0.0,1.0,2.5833333333333335,1,그리고 먹는다 가 아니라 네 그렇죠 잡수신다 이런 표현을 쓰면 되는 거예요.,그리고 먹는다 가 아니라 네 그렇죠 잡수신다 이런 표현을 쓰면 되는 거예요.
21,0,0.0,1.0,2.625,1,"사랑 문구점에서는 (2500원)/(이천 오백 원)의 돈으로 (11자루)/(열 한 자루)를 살 수 있으니까. 가격은 (227점)/(이백 이십 칠 점) (2)/(이), (7원)/(칠 원)이 되죠.",사랑 문구점에서는 오백 원)의 돈으로 한 자루)를 살 수 있으니까. 가격은 이십 칠 점) 원)이 되죠.
19,2,0.10526315789473684,1.0,2.6875,0,b/ 셋째는요 n/ 상대편이 제시한 자료가 믿을만한 지+ 지 또 최근의 자료인지 질문할 때 잘 반박할 수 있습니다. n/,셋째는요 상대편이 제시한 자료가 믿을만한 지+ 지 또 최근의 자료인지 질문할 때 잘 반박할 수 있습니다.
7,0,0.0,1.0,2.6,1,(6번)/(육 번) 중요 표시가 있는 문제입니다 .,중요 표시가 있는 문제입니다 .
10,0,0.0,0.875,2.875,1,(1권)/(한 권) 남았죠? 그런데 여기에서 책을 (1권)/(한 권) 더 빼볼게요.,권) 남았죠? 그런데 여기에서 책을 권) 더 빼볼게요.
6,1,0.16666666666666666,1.0,3.2,0,그럼 함께 이 수들의 내용을 읽어볼게요.,그럼 함께 수들의 내용을 읽어볼게요.
23,3,0.13043478260869565,0.8947368421052632,2.4210526315789473,0,n/ 귀감 아/ 지금 귀감이란 말 내가 지금 처음 들었는데 이거 말고 다른 말이 있냐고? 아우/ 어려워. 아/ 몰라 몰라 몰라. 레드 써.,귀감 지금 귀감이란 말 내가 지금 처음 들었는데 이거 말고 다른 말이 있냐고? 어려워. 몰라 몰라 몰라. 레드 써.
28,0,0.0,0.7272727272727273,2.6818181818181817,1,자/ 여기 (10000석)/(만 석)이다. (10000)/(만)은 뭘까? (10000)/(만)은 우리 수학 시간에 배웠어. 드디어 우리가 수학 시간에 배운 걸 써먹을 수 있겠어. 우리 수학 시간에 (5자리)/(다섯 자리) 수 배웠잖아. (그렇죠)/(그쵸)?,여기 석)이다. 뭘까? 우리 수학 시간에 배웠어. 드디어 우리가 수학 시간에 배운 걸 써먹을 수 있겠어. 우리 수학 시간에 자리) 수 배웠잖아.
8,0,0.0,1.0,2.5,1,그림을 보고 네모 안에 알맞은 수를 써 넣으세요.,그림을 보고 네모 안에 알맞은 수를 써 넣으세요.
27,1,0.037037037037037035,0.8846153846153846,2.6538461538461537,0,"선생님, 저 글을 이제 요약할 수 있게 됐어요. 그런데 한 번만 더 설명해 주시면 안 돼요라고 얘기하는 친구들이 있더라고요. 글을 어떻게 하면 잘 요약할 수 있다고 했어요?","선생님, 글을 이제 요약할 수 있게 됐어요. 그런데 한 번만 더 설명해 주시면 안 돼요라고 얘기하는 친구들이 있더라고요. 글을 어떻게 하면 잘 요약할 수 있다고 했어요?"
15,2,0.13333333333333333,0.9090909090909091,3.0,0,자/n/어제 접은 종이학 n/(55)/(오십 오)와 오늘 n/접은 종이학 (37)/(삼십 칠)을 더하면 전체 종이학의 갯수가 나옵니다.,접은 종이학 오)와 오늘 종이학 칠)을 더하면 전체 종이학의 갯수가 나옵니다.
2,0,0.0,1.0,3.5,1,재채기가 났다.,재채기가 났다.
14,1,0.07142857142857142,1.0,2.5384615384615383,0,그리고 난 다음에 이것을 쫙 펴서 곧은 자를 사용하여 다시 그 길이를 재어 주는거죠.,그리고 난 다음에 이것을 쫙 펴서 곧은 자를 사용하여 다시 길이를 재어 주는거죠.
34,0,0.0,0.967741935483871,2.7096774193548385,1,"(4.8)/(사 점 팔) 을요 (6)/(육) 으로 나눈데요 사실은 우리 머릿속에서는요 나누기가 굉장히 힘든 수에요 왜냐면은요 나눠지고 있는 수가 나누는 수 보다 더 작기 때문에 이러한 작은 수를 (6)/(육) 으로 어떻게 나눠 라고 할지 모르겠지만,","점 팔) 을요 으로 나눈데요 사실은 우리 머릿속에서는요 나누기가 굉장히 힘든 수에요 왜냐면은요 나눠지고 있는 수가 나누는 수 보다 더 작기 때문에 이러한 작은 수를 으로 어떻게 나눠 라고 할지 모르겠지만,"
9,0,0.0,1.0,2.375,1,"그리고 나는요, 가족과 여행 한 곳을 발표 하는 (상황이고요)/(상황이구요).","그리고 나는요, 가족과 여행 한 곳을 발표 하는"
7,1,0.14285714285714285,1.0,3.0,0,"n/ 초롱초롱 구호 따라, 눈 맞추며 두근두근.","초롱초롱 구호 따라, 눈 맞추며 두근두근."
18,1,0.05555555555555555,1.0,2.764705882352941,0,친구의 공부 방법 볼게요 어떤 방법이 있냐 하면요 하루에 공부해야 되는 양을 정해놓고 그 날에 다 공부한다고 합니다.,친구의 공부 방법 볼게요 어떤 방법이 있냐 하면요 하루에 공부해야 되는 양을 정해놓고 날에 다 공부한다고 합니다.
9,1,0.1111111111111111,1.0,2.142857142857143,0,n/ 예를 들어 쓸 수 있겠죠? 자/ 써 봅시다.,예를 들어 쓸 수 있겠죠? 써 봅시다.
13,0,0.0,1.0,3.0,1,동물들은 자신만의 방법으로 소리를 낼 수 있다. 그러면 여기서 중심 문장은 과연 무엇일까요?,동물들은 자신만의 방법으로 소리를 낼 수 있다. 그러면 여기서 중심 문장은 과연 무엇일까요?
25,0,0.0,0.84,2.92,1,"글쓴이는 개미들이 싸우는 것을 보았을까? 아니면 집 짓는 거? 아니면 줄지어 가는 거? 나무에 오르는 거? 아니면 먹이를 옮기는 것? 무엇이 답일까? 빨리가서 글을 보자구요,","글쓴이는 개미들이 싸우는 것을 보았을까? 아니면 집 짓는 거? 아니면 줄지어 가는 거? 나무에 오르는 거? 아니면 먹이를 옮기는 것? 무엇이 답일까? 빨리가서 글을 보자구요,"
3,0,0.0,1.0,3.0,1,이렇게 읽으면 되죠.,이렇게 읽으면 되죠.
35,1,0.02857142857142857,0.6666666666666666,2.5185185185185186,0,자/ 그러면 가로에 (5줄)/(다섯 줄) 이라는 것은 (5cm)/(오 센티미터) 라고 볼 수 있고요. 세로에 (3줄)/(세 줄) 이 있다는 건 (3cm)/(삼 센티미터) 라고 볼 수 있고 높이가 (2층)/(이 층) 이라는 것은 (2cm)/(이 센티미터) 라고 할수 있죠.,그러면 가로에 줄) 이라는 것은 센티미터) 라고 볼 수 있고요. 세로에 줄) 있다는 건 센티미터) 라고 볼 수 있고 높이가 층) 이라는 것은 센티미터) 라고 할수 있죠.
1,0,0.0,0.0,0.0,1,(3)/(삼).,
9,1,0.1111111111111111,1.0,3.8333333333333335,0,이 복주머니 안에는요 (500원)/(오백 원)짜리 동전이 (100개)/(백 개)가 있었어요.,복주머니 안에는요 원)짜리 동전이 개)가 있었어요.
20,1,0.05,0.8823529411764706,2.823529411764706,0,자/ 그렇다면 사진은 아까 우리 친구들이 얘기했어요. 사진은 오/ 그 모습을 쉽게 볼 수 있다. 있는 그대로 보여줄 수 있습니다.,그렇다면 사진은 아까 우리 친구들이 얘기했어요. 사진은 모습을 쉽게 볼 수 있다. 있는 그대로 보여줄 수 있습니다.
5,1,0.2,1.0,3.0,0,n/ 엄마 물고기는 알을 낳아요.,엄마 물고기는 알을 낳아요.
18,0,0.0,1.0,3.2666666666666666,1,"네, 이럴 때는요. (75)/(칠십 오) 뒤에 숨어있는 소수점을 다시 불러냅니다. 그리고 나서 (1자리)/(한 자리) 오른쪽으로 이동을 (이렇게)/(요로케) 해주면서,","네, 이럴 때는요. 오) 뒤에 숨어있는 소수점을 다시 불러냅니다. 그리고 나서 자리) 오른쪽으로 이동을 해주면서,"
20,0,0.0,1.0,3.0,1,자/ 우리 영택이는요. 다리가 불편한 친구고 항상 목발을 에/ 짚고 다녔기 때문에 뭔가를 찬다는 것에 대해서 (좀)/(쫌) 두려움을 갖고 있었죠.,우리 영택이는요. 다리가 불편한 친구고 항상 목발을 짚고 다녔기 때문에 뭔가를 찬다는 것에 대해서 두려움을 갖고 있었죠.
8,1,0.125,1.0,2.7142857142857144,0,n/ 그럼 오늘은 어제보다 몇 시간 더 공부한거죠?,그럼 오늘은 어제보다 몇 시간 더 공부한거죠?
19,0,0.0,1.0,2.6,1,(2)/(이) (9)/(구) (18)/(십 팔)이니까 올림한 거랑 더해 주면 되는 거예요. 따라서 (216개)/(이백 열 여섯 개)입니다 라고 말할 수 있죠?,팔)이니까 올림한 거랑 더해 주면 되는 거예요. 따라서 열 여섯 개)입니다 라고 말할 수 있죠?
11,0,0.0,1.0,2.7,1,"네, 이렇게 (4번)/(사번) 문제를 했더니 우리 고붕이가 뭔가 생각을 했나 봐요.","네, 이렇게 문제를 했더니 우리 고붕이가 뭔가 생각을 했나 봐요."
20,0,0.0,0.7857142857142857,2.2142857142857144,1,(그렇다면)/(그러타면) (7)/(칠) (8)/(팔) (9)/(구) 도 역시 연속한 세 수 (죠)/(저). 그래서 우리가 찾을 수 있는 규칙은요 연속한 세 수(의)/(에) 합은요.,도 역시 연속한 세 수 그래서 우리가 찾을 수 있는 규칙은요 연속한 세 합은요.
15,0,0.0,1.0,3.142857142857143,1,정말 못 말리겠네요. 그렇죠 여러분? 아우/ 재미있는 남학생인데 말이지요. 우리 친구들 옥에 티 잘 찾았어요?,정말 못 말리겠네요. 그렇죠 여러분? 재미있는 남학생인데 말이지요. 우리 친구들 옥에 티 잘 찾았어요?
9,0,0.0,1.0,2.111111111111111,1,흐응 그래 나랑 똑 같은 반이 된 친구는 없어요.,흐응 그래 나랑 똑 같은 반이 된 친구는 없어요.
23,0,0.0,0.9523809523809523,3.0952380952380953,1,(ㄴ)/(니은) 머리 장신구 이것도 잘 했습니다. 그런데 (ㄷ)/(디귿) 학용품이라고 했는데 학용품과 머리 장신구가 섞여있네요. 이럴 때는 잘못 분류가 되었다라고 말할 수 있는 거예요.,머리 장신구 이것도 잘 했습니다. 그런데 학용품이라고 했는데 학용품과 머리 장신구가 섞여있네요. 이럴 때는 잘못 분류가 되었다라고 말할 수 있는 거예요.
8,0,0.0,1.0,3.0,1,문제 해결됐으니 오늘 배운 내용 다시 한번 정리해볼까요?,문제 해결됐으니 오늘 배운 내용 다시 한번 정리해볼까요?
7,0,0.0,1.0,3.25,1,자/ 여기서 우리 돌발 (quiz)/(퀴즈) (1)/(하나) 만나볼까요.,여기서 우리 돌발 만나볼까요.
23,0,0.0,1.0,3.3043478260869565,1,은지. 또박또박 말하여서 말하려는 내용이 잘 들렸다 친구를 칭찬하고 있습니다. 정훈이 친구들을 바라보고 말했지만 말할 내용을 미리 생각하고 준비해서 말했다면 더 좋았을 것이다.,은지. 또박또박 말하여서 말하려는 내용이 잘 들렸다 친구를 칭찬하고 있습니다. 정훈이 친구들을 바라보고 말했지만 말할 내용을 미리 생각하고 준비해서 말했다면 더 좋았을 것이다.
8,0,0.0,1.0,2.5714285714285716,1,(34쪽)/(삼십 사 쪽)에 연습할 수 있는 활동이 있습니다.,사 쪽)에 연습할 수 있는 활동이 있습니다.
25,1,0.04,1.0,2.75,0,자/ 다음에 동시에 축구를 하게 되는 나를 찾아야 되니까 (2)/(이)와 (3)/(삼)의 최소공배수를 찾아주면 되는데 이 (2)/(두) 수는 더 이상 나눌 수가 없어요 그러면 어떻게 해요.,다음에 동시에 축구를 하게 되는 나를 찾아야 되니까 최소공배수를 찾아주면 되는데 수는 더 이상 나눌 수가 없어요 그러면 어떻게 해요.
11,1,0.09090909090909091,1.0,2.5555555555555554,0,자/ 여기 섞여 있다 이 말은 다른 말로 혼합되어 있다. 그렇져?,여기 섞여 있다 말은 다른 말로 혼합되어 있다. 그렇져?
6,0,0.0,1.0,3.3333333333333335,1,궁금해졌어요. 한번 더 확인을 해 보겠습니다.,궁금해졌어요. 한번 더 확인을 해 보겠습니다.
16,0,0.0,1.0,2.3076923076923075,1,"자/ 그러면 계산해주면, (276.32)/(이백 칠십 육 점 삼 이) 제곱 (cm)/(센티미터)가 나오는 것을 알 수 있습니다.","그러면 계산해주면, 칠십 육 점 삼 이) 제곱 나오는 것을 알 수 있습니다."
3,0,0.0,1.0,2.0,1,o/ 다툰 날!,다툰 날!
3,0,0.0,1.0,2.0,1,바로 (40)/(사십) 에서,바로 에서
2,0,0.0,1.0,4.0,1,반으로 나누군요.,반으로 나누군요.
11,0,0.0,1.0,3.1818181818181817,1,얼굴도 같고 모습도 비슷한데 사실은 똑같은 사람이 아니죠. 전혀 다른 사람입니다.,얼굴도 같고 모습도 비슷한데 사실은 똑같은 사람이 아니죠. 전혀 다른 사람입니다.
19,0,0.0,0.8888888888888888,2.5555555555555554,1,(9)/(구)와 (6)/(육)을 (3)/(삼)으로 약분해 주면 (3)/(삼) (2)/(이)는 (6)/(육) (3)/(삼) (3)/(삼) (9)/(구) 해서 (3 분의 20)/(삼 분의 이십)이 되는 것이고.,약분해 주면 해서 (3 분의 분의 이십)이 되는 것이고.
4,0,0.0,1.0,3.0,1,(4시간)/(네 시간) 동안. 와/.,시간) 동안.
29,1,0.034482758620689655,1.0,3.0,0,n/ 열심히 적어준 친구는 우수 수강후기에 선정될 수도 있답니다. 옛날에 이런 말이 있습니다. 첫 숟갈에 배부르 랴 뭐든 (1번)/(한 번)에 쉽게 얻을 수 없다는 말인데요. 선대칭도형과 점대칭도형 헷갈리죠? 좀,열심히 적어준 친구는 우수 수강후기에 선정될 수도 있답니다. 옛날에 이런 말이 있습니다. 첫 숟갈에 배부르 랴 뭐든 번)에 쉽게 얻을 수 없다는 말인데요. 선대칭도형과 점대칭도형 헷갈리죠? 좀
17,0,0.0,1.0,3.066666666666667,1,그렇군요. 자/ 그런데요? 지금 이렇게 계속 (500원)/(오백 원)씩 나가고 있으니깐요. 뭔가를 그려서 하면 더 쉬울 것 같은데요.,그렇군요. 그런데요? 지금 이렇게 계속 원)씩 나가고 있으니깐요. 뭔가를 그려서 하면 더 쉬울 것 같은데요.
41,0,0.0,0.96875,2.75,1,"(32)/(삼십 이) 나누기 (8)/(팔)이 되어서 (8)/(팔)에 대한 곱셈 구호를 했을 때 (32)/(삼십 이)가 나오는 것, (8 4)/(팔 사) (32)/(삼십 이), 몫이 (4)/(사)가 되겠네요. 그러면 우리 (1 묶음)/(한 묶음)에 우리 (4 개)/(네 개)의 붙임 딱지가 들어가는데, 우리가 구해야 되는 것은 다섯 묶음이잖아요.","이) 나누기 되어서 대한 곱셈 구호를 했을 때 이)가 나오는 것, (8 사) 이), 몫이 되겠네요. 그러면 우리 (1 묶음)에 우리 (4 개)의 붙임 딱지가 들어가는데, 우리가 구해야 되는 것은 다섯 묶음이잖아요."
8,0,0.0,1.0,2.2857142857142856,1,그리고 여길로 뻥 이렇게 공이 가는 걸로 b/,그리고 여길로 뻥 이렇게 공이 가는 걸로
8,0,0.0,1.0,3.4285714285714284,1,오른쪽은 점 (ㅇ)/(이응) 을 대칭의 중심으로 하는 점대칭도형입니다.,오른쪽은 점 을 대칭의 중심으로 하는 점대칭도형입니다.
12,1,0.08333333333333333,1.0,3.272727272727273,0,감언이설에 속아 목숨을* 잃을 뻔한 토끼는 지혜를 발휘해 그 위기에서 벗어나게 됩니다.,감언이설에 속아 목숨을* 잃을 뻔한 토끼는 지혜를 발휘해 위기에서 벗어나게 됩니다.
9,1,0.1111111111111111,1.0,2.75,0,n/ 그럼 오늘은 여기까지 방글쌤이 다시 올 때까지 안녕!,그럼 오늘은 여기까지 방글쌤이 다시 올 때까지 안녕!
12,2,0.16666666666666666,0.8888888888888888,3.0,0,자/ 그럼 친구들. 우리 이 시를 배운 것이 이 시를 낭송하기 위해서거든요?,그럼 친구들. 우리 시를 배운 것이 시를 낭송하기 위해서거든요?
4,1,0.25,1.0,4.0,0,(3번)/(삼 번) 볼까요? n/,볼까요?
6,1,0.16666666666666666,1.0,1.5,0,이 직(4)/(사)각형의 몇 개 있냐 모두,몇 개 있냐 모두
10,0,0.0,1.0,3.4,1,그래서 여러분 자연수 나누기 자연수의 몫을 분수로 나타낸다라고 했을 때에는요.,그래서 여러분 자연수 나누기 자연수의 몫을 분수로 나타낸다라고 했을 때에는요.
5,1,0.2,1.0,4.0,0,n/ 허크가 맨손으로 흙을 파헤쳤습니다.,허크가 맨손으로 흙을 파헤쳤습니다.
19,1,0.05263157894736842,0.9166666666666666,3.1666666666666665,0,n/ (2)/(두) 수의 공약수가 (1)/(일) 뿐이니까 따라서 최소공배수는 (2)/(이) 곱하기 (2)/(이) 곱하기 (3)/(삼) (12)/(십 이)라는 것을 알 수 있습니다.,수의 공약수가 뿐이니까 따라서 최소공배수는 곱하기 곱하기 이)라는 것을 알 수 있습니다.
19,0,0.0,0.8235294117647058,3.1176470588235294,1,"맞습니다. 바로 요기에 있는 나눗셈이요 뾰로롱 무엇으로 바뀌었다? 곱셈으로 (바뀌었고요)/(바뀌었구요) 뒤에 있는 나눗셈 뒤에 있는 요 (6)/(육) 이라는 숫자가요,","맞습니다. 바로 요기에 있는 나눗셈이요 뾰로롱 무엇으로 바뀌었다? 곱셈으로 뒤에 있는 나눗셈 뒤에 있는 요 이라는 숫자가요,"
11,0,0.0,1.0,2.7,1,그럼 우리 각 (ㄹ ㄴ ㄷ)/(리을 니은 디귿)의 대응각 찾아볼까요 무엇이죠?,그럼 우리 각 (ㄹ ㄴ 니은 디귿)의 대응각 찾아볼까요 무엇이죠?
14,4,0.2857142857142857,1.0,3.7777777777777777,0,n/ 아/ 그러니까 이 양말의 할인율은 (12%)/(십 이 퍼센트)구나. 이렇게 계산을 해 주시면 되겠습니다.,그러니까 양말의 할인율은 퍼센트)구나. 이렇게 계산을 해 주시면 되겠습니다.
12,1,0.08333333333333333,1.0,3.1818181818181817,0,n/ 그렇죠 칭찬과 아첨을 아끼지 않으면서 원숭이에게 계속해서 이렇게 칭찬을 해 주니까,그렇죠 칭찬과 아첨을 아끼지 않으면서 원숭이에게 계속해서 이렇게 칭찬을 해 주니까
1,0,0.0,0.0,0.0,1,(80)/(팔십),
16,0,0.0,1.0,3.4,1,(200cm)/(이백 센티미터)라고 되어있네요. 그런데 답을 쓸 때는 미터라는 단위로 되어 있어요. 우리 이것을 바꾸어서 나타내어 봅시다.,센티미터)라고 되어있네요. 그런데 답을 쓸 때는 미터라는 단위로 되어 있어요. 우리 이것을 바꾸어서 나타내어 봅시다.
13,1,0.07692307692307693,1.0,2.5,0,자/ 이 길이를 나타낼 때 자에서 눈금 (0)/(영)인 부분에 딱 표시가 되어서 있죠.,길이를 나타낼 때 자에서 눈금 부분에 딱 표시가 되어서 있죠.
11,0,0.0,1.0,3.0,1,"o/ 맞습니다. 과학은요, 하늘, 땅, 바다, 그리고 우리가 입고 있는 옷,","맞습니다. 과학은요, 하늘, 땅, 바다, 그리고 우리가 입고 있는 옷,"
14,0,0.0,0.7857142857142857,2.642857142857143,1,첫번째 문장이 중심 문장이 되고 나머지 문장이 뒷받침 문장이 된다고 할 수가 있는 거예요.,첫번째 문장이 중심 문장이 되고 나머지 문장이 뒷받침 문장이 된다고 할 수가 있는 거예요.
22,1,0.045454545454545456,0.95,2.45,0,우리 친구들 이제 (2학년)/(이 학년) 교실에 가게 되면 또 임원선거를 할 수가 있죠 선생님 저 임원 안나갈거라서 이거 연습 안 할 거예요.,우리 친구들 이제 학년) 교실에 가게 되면 또 임원선거를 할 수가 있죠 선생님 임원 안나갈거라서 이거 연습 안 할 거예요.
2,0,0.0,1.0,6.0,1,변신하니까 생각나는데요.,변신하니까 생각나는데요.
1,0,0.0,0.0,0.0,1,(20)/(이십),
8,1,0.125,1.0,3.2857142857142856,0,"n/ 오늘의 씨앗 단어! 애벌레, 나비, 꽃이 되겠습니다.","오늘의 씨앗 단어! 애벌레, 나비, 꽃이 되겠습니다."
26,1,0.038461538461538464,0.88,3.2,0,그래 아까 교문. 말하는 사람은 듣는 사람은 친구였어요. 그런데 그 앞에서 걸어가는 행동을 하는 사람이 선생님이었죠? 즉 행동하는 사람이 말하는 사람보다 웃어른일 때 높임 표현을 사용합니다.,그래 아까 교문. 말하는 사람은 듣는 사람은 친구였어요. 그런데 앞에서 걸어가는 행동을 하는 사람이 선생님이었죠? 즉 행동하는 사람이 말하는 사람보다 웃어른일 때 높임 표현을 사용합니다.
20,0,0.0,0.8421052631578947,2.736842105263158,1,자/ 아기 고래. 고래 본 적 있어요? 선생님은 본 적은 없어요 실제로는. 물론 동화책이나 TV 에서는 본 적 있죠 텔레비젼에서는.,아기 고래. 고래 본 적 있어요? 선생님은 본 적은 없어요 실제로는. 물론 동화책이나 TV 에서는 본 적 있죠 텔레비젼에서는.
4,1,0.25,1.0,2.0,0,일단 정답 적어 n/(주고요)/(주구요).,일단 정답 적어
16,1,0.0625,1.0,2.625,0,자/ 그러면 우리 (31번)/(삼십 일 번) (32번)/(삼십 이 번) 문제 함께 풀어보겠습니다. 자/ (53쪽)/(오십 삼 쪽),그러면 우리 일 문제 함께 풀어보겠습니다. 삼 쪽)
19,2,0.10526315789473684,0.7647058823529411,3.0,0,그리고 두 번째 공부할 n/ 내용은요 점대칭 도형의 성질을 공부할 겁니다. 그리고 이 성질을 이용해서 점대칭 도형을 그려 볼게요.,그리고 두 번째 공부할 내용은요 점대칭 도형의 성질을 공부할 겁니다. 그리고 성질을 이용해서 점대칭 도형을 그려 볼게요.
11,1,0.09090909090909091,1.0,2.7,0,"그러니까 그림자료가 이 문제를 해결할 열쇠가 될 되는 거죠 자 그럼,","그러니까 그림자료가 문제를 해결할 열쇠가 될 되는 거죠 자 그럼,"
4,1,0.25,1.0,3.3333333333333335,0,n/ 항일 독립투사 안중근.,항일 독립투사 안중근.
5,0,0.0,1.0,3.6,1,"아니야, 아니야. 함박눈이 내리는 거야.","아니야, 아니야. 함박눈이 내리는 거야."
22,1,0.045454545454545456,1.0,2.888888888888889,0,지금 보면 아/ 글자 수가 비슷하게 반복이 되고 있구나. 라는 걸 짐작이 되나요. 그러면 되풀이되는 말을 (1번)/(한 번) 찾아볼게요 자/ 여기 보세요.,지금 보면 글자 수가 비슷하게 반복이 되고 있구나. 라는 걸 짐작이 되나요. 그러면 되풀이되는 말을 찾아볼게요 여기 보세요.
5,0,0.0,1.0,2.8,1,우리말 사용 실태를 조사를 해요.,우리말 사용 실태를 조사를 해요.
17,0,0.0,1.0,2.823529411764706,1,육교처럼 찻길 위로 다닐 수 있는 길을 만들어주자고 발표를 했나 봐요. 그래서 현아의 발표 내용을 이렇게 적었어요.,육교처럼 찻길 위로 다닐 수 있는 길을 만들어주자고 발표를 했나 봐요. 그래서 현아의 발표 내용을 이렇게 적었어요.
21,4,0.19047619047619047,0.9230769230769231,2.6923076923076925,0,아/ 예. 아이/ 그럼요. 아/ 예. 저 다른 게 아니고요. 그/ 신령님 기사가 신문에 나왔지 (뭐예요)/(뭐에요). 그래서 그거 (좀)/(쫌) (보내드리려고요)/(보내드릴려구요). 예?,예. 그럼요. 예. 다른 게 아니고요. 신령님 기사가 신문에 나왔지 그래서 그거 예?
28,0,0.0,1.0,2.6666666666666665,1,어찌 (보면요)/(보믄요). 우리보다 고대 이집트 사람들이 훨씬 더 현명하게 잘 나누어서 먹었던 거 (같아요)/(같애요). 자/ (그렇다면)/(그렇다믄) 우리 세 번째 수학 보물은 어떤 것이 있는지 찾으러 떠나가보도록 할까요? 출발!,어찌 우리보다 고대 이집트 사람들이 훨씬 더 현명하게 잘 나누어서 먹었던 거 우리 세 번째 수학 보물은 어떤 것이 있는지 찾으러 떠나가보도록 할까요? 출발!
8,0,0.0,1.0,3.0,1,(3개)/(세 개) 있는데 작품 속에서는 어디 있어요. 그렇죠.,개) 있는데 작품 속에서는 어디 있어요. 그렇죠.
11,2,0.18181818181818182,0.875,1.75,0,"o/ 여기 이 분의 일 과 사 분의 이 를 보면요,","여기 분의 일 과 사 분의 를 보면요,"
12,0,0.0,1.0,3.1666666666666665,1,그러면 어떻게 해야 할까요. 일단 발 빠르게 그리고 무엇을 취재해야 되는지를 알아야겠죠.,그러면 어떻게 해야 할까요. 일단 발 빠르게 그리고 무엇을 취재해야 되는지를 알아야겠죠.
12,0,0.0,1.0,2.3,1,o/ 분모에 (2)/(이) 를 곱한 수가 분자에 쓰여져 있죠 한번 더 볼께요.,분모에 를 곱한 수가 분자에 쓰여져 있죠 한번 더 볼께요.
24,0,0.0,0.8888888888888888,3.2222222222222223,1,(2.5)/(이 점 오)는 (10)/(십) 분의 (25)/(이십 오)죠. (10)/(십) 분의 (25)/(이십 오)가 됩니다. 자/ 여기에 있는거 여기에 있는 거 똑같습니다. 우리에게 필요한 모양으로 바꾸어줬을 뿐이예요.,점 오)는 분의 오)죠. 분의 오)가 됩니다. 여기에 있는거 여기에 있는 거 똑같습니다. 우리에게 필요한 모양으로 바꾸어줬을 뿐이예요.
5,0,0.0,0.0,0.0,1,"(6)/(육), (7)/(칠), (8)/(팔), (9)/(구), (10)/(십)",
19,1,0.05263157894736842,0.9333333333333333,3.1333333333333333,0,전체를 (1)/(하나)(2)/(둘)(3)/(셋)(4)/(넷)(5)/(다섯)(6)/(여섯)등분 한 것에 한 등분 (이것)/(요것)이 상추를 심은 밭에+ 밭에 분수구나. (이것)/(요것)이 얼마? 그렇죠. n/ (6분의1)(육 분의 일)입니다.,전체를 한 것에 한 등분 상추를 심은 밭에+ 밭에 분수구나. 얼마? 그렇죠. (6분의1)(육 분의 일)입니다.
4,1,0.25,1.0,4.5,0,음/ 사회자가 (필요하고요)/(필요하구요). 그다음에.,사회자가 그다음에.
22,6,0.2727272727272727,0.8571428571428571,3.142857142857143,0,자/ 그리고 이 모서리는 어떤가요 이 모서리는 이 면과 자/ 이 면과 이 면이 서로 평행이니까 합동인 관계에 있으므로 이 모서리도 역시,그리고 모서리는 어떤가요 모서리는 면과 면과 면이 서로 평행이니까 합동인 관계에 있으므로 모서리도 역시
28,0,0.0,0.9259259259259259,2.7777777777777777,1,"자/ 두번째 재미있는 놀이 문제 풀어보겠습니다. 유월 어느 날 화려한 도시와 아름다운 도시에서 해가 뜨는 시각과 해가 지는 시각을 나타낸 것입니다. 두 도시 중 어느 도시의 낮의 길이가,","두번째 재미있는 놀이 문제 풀어보겠습니다. 유월 어느 날 화려한 도시와 아름다운 도시에서 해가 뜨는 시각과 해가 지는 시각을 나타낸 것입니다. 두 도시 중 어느 도시의 낮의 길이가,"
9,1,0.1111111111111111,1.0,3.625,0,여기까지 살펴으니까 이제 어떤 질문이 나오는지 확인해 n/보도록 하겠습니다.,여기까지 살펴으니까 이제 어떤 질문이 나오는지 확인해 하겠습니다.
20,0,0.0,0.95,3.0,1,그런데 어제 있었던 줄넘기 대회에서 상을 받지 못했다는 소식을 들었어. 그냥 있었던 일이죠. 많이 속상했지 속상한 거 마음이죠 아유 속상해라.,그런데 어제 있었던 줄넘기 대회에서 상을 받지 못했다는 소식을 들었어. 그냥 있었던 일이죠. 많이 속상했지 속상한 거 마음이죠 아유 속상해라.
22,0,0.0,1.0,3.142857142857143,1,자/ 그런데 하루는 아들이 산에 가서 나무를 한 짐 해 가지고 와 보니까요 세상에 어머니가 안 보입니다. 사건이죠 그렇죠?어머니가 사라졌어요. 어떻게 됐을까요?,그런데 하루는 아들이 산에 가서 나무를 한 짐 해 가지고 와 보니까요 세상에 어머니가 안 보입니다. 사건이죠 그렇죠?어머니가 사라졌어요. 어떻게 됐을까요?
2,0,0.0,1.0,4.0,1,그러니까 b/,그러니까
3,1,0.3333333333333333,0.0,0.0,0,n/ (어서)/(어여) (돌아와요)/(돌아와유).,
10,1,0.1,1.0,3.111111111111111,0,이 바닷속에는 빨간 물고기와 회색 물고기가 열심히 일을 하고 있단다.,바닷속에는 빨간 물고기와 회색 물고기가 열심히 일을 하고 있단다.
12,1,0.08333333333333333,1.0,3.2,0,어/ 인터넷에서 여기에서 상을 받은 광고들에는 어떤 것이 있는지 한 번 알아보세요.,인터넷에서 여기에서 상을 받은 광고들에는 어떤 것이 있는지 한 알아보세요.
3,0,0.0,1.0,3.3333333333333335,1,글 나가 되겠습니다*.,글 나가 되겠습니다*.
17,0,0.0,0.9333333333333333,2.6,1,그런데 칸이 모두 (24칸)/(스물 네 칸) 있죠. 그래서 우리는 하루의 시간을 (24시간)/(스물 네 시간) 이라고 말하는 거예요.,그런데 칸이 모두 네 칸) 있죠. 그래서 우리는 하루의 시간을 네 시간) 이라고 말하는 거예요.
21,1,0.047619047619047616,0.9473684210526315,3.3684210526315788,0,이제 문제 한번 풀어보도록 할게요. n/ 첫번째 문제예요. 찹쌀로 만든 떡을 찾아 색칠하세요. 자/ 여기 있었어요. 할아버지 쫀득쫀득 찹쌀로 찹쌀떡 만들고요.,이제 문제 한번 풀어보도록 할게요. 첫번째 문제예요. 찹쌀로 만든 떡을 찾아 색칠하세요. 여기 있었어요. 할아버지 쫀득쫀득 찹쌀로 찹쌀떡 만들고요.
27,1,0.037037037037037035,0.95,2.85,0,(19번)/(십 구 번) 문제 봅시다. 민주네 농장에서 오늘 감자를 (478개)/(사백 칠십 팔 개)를 수확 했습니다. 이 감자를 (1봉지)/(한 봉지)에 (10개)/(열 개)씩 담아 (1500원)/(천 오백 원)에 팔려고 하는데요.,구 문제 봅시다. 민주네 농장에서 오늘 감자를 칠십 팔 개)를 수확 했습니다. 감자를 봉지)에 개)씩 담아 오백 원)에 팔려고 하는데요.
8,1,0.125,1.0,3.7142857142857144,0,어/ 선의의 거짓말을 해서는 안 된다가 반대편이겠네요. 그렇죠.,선의의 거짓말을 해서는 안 된다가 반대편이겠네요. 그렇죠.
7,0,0.0,1.0,3.142857142857143,1,병원을 지을 수 있었다 이런 얘기지요? 그렇지요*.,병원을 지을 수 있었다 이런 얘기지요? 그렇지요*.
26,1,0.038461538461538464,0.8571428571428571,2.238095238095238,0,"b/ 그런데 남은 감이 (5개)/(다섯 개) 라고 하니까 몇 개를 먹었을까요 그래요 (5개)/(다섯 개) 를 먹었다 라고 할 수가 있겠죠 즉 이 (5개)/(다섯 개) 는 전체에,","그런데 남은 감이 개) 라고 하니까 몇 개를 먹었을까요 그래요 개) 를 먹었다 라고 할 수가 있겠죠 즉 개) 는 전체에,"
15,0,0.0,0.9333333333333333,2.4,1,누가* 어찌하다 혹은 누가 어떠하다 로 나타낼 수 있다 라는 것을 우리가 알 수 있겠네요.,누가* 어찌하다 혹은 누가 어떠하다 로 나타낼 수 있다 라는 것을 우리가 알 수 있겠네요.
27,5,0.18518518518518517,0.9523809523809523,2.380952380952381,0,o/ 그 체험 학습 보고서를 딱 보면 한 눈에 n/ 어/ 어디에 갔다 왔구나. n/ 또 무슨 일을 했구나. n/ 어떤 걸 느꼈구나. 라는 걸 알수 있거든요.,체험 학습 보고서를 딱 보면 한 눈에 어디에 갔다 왔구나. 또 무슨 일을 했구나. 어떤 걸 느꼈구나. 라는 걸 알수 있거든요.
10,1,0.1,1.0,3.111111111111111,0,n/ 서로에게 함께 어려움을 헤쳐나갈 수 있는 든든한 친구가 되었겠죠?,서로에게 함께 어려움을 헤쳐나갈 수 있는 든든한 친구가 되었겠죠?
11,0,0.0,1.0,2.7,1,"나누는 수 에다가 몫을 곱해서 구하면 되는 것이다. 요렇게 정리를 (해주셨고요)/(헤주셨구요),",나누는 수 에다가 몫을 곱해서 구하면 되는 것이다. 요렇게 정리를
3,1,0.3333333333333333,1.0,3.5,0,n/ 쑥쑥이랑 놀았지,쑥쑥이랑 놀았지
12,3,0.25,0.8333333333333334,2.8333333333333335,0,"n/ (45초)/(사십 오 초), n/ (50초)/(오십 초), n/ (11)/(십 일), 친구들, 쉽죠?","오 초), 초), 일), 친구들, 쉽죠?"
3,0,0.0,1.0,3.5,1,"(2000)/(이천)보다 작아야 되니까,","작아야 되니까,"
4,1,0.25,1.0,3.3333333333333335,0,n/ 바로 높이라고 합니다.,바로 높이라고 합니다.
16,1,0.0625,0.8181818181818182,2.5454545454545454,0,(221)/(이백 이십 일)과 같죠. 그렇다면 (88.4)/(팔십 팔 쩜 사) 나누기 (4)/(사)는 (22.1)/(이십 이 쩜 일)과 같습니다.,이십 일)과 같죠. 그렇다면 팔 쩜 사) 나누기 쩜 일)과 같습니다.
33,1,0.030303030303030304,0.8571428571428571,3.0,0,그리고난 다음에 이제 (2)/(이) 찾아볼게요. (2)/(이)를 찾아서 그 문자 이렇게 써서 나타내 주구요. 또 (6)/(육)을 찾습니다. 그에 알맞은 문자 이렇게 적어 나타내 주죠. 그런데 (6)/(육)이 또 나왔다고요. 그렇다면 역시 이와 같이 문자를 써주세요.,그리고난 다음에 이제 찾아볼게요. 찾아서 문자 이렇게 써서 나타내 주구요. 또 찾습니다. 그에 알맞은 문자 이렇게 적어 나타내 주죠. 그런데 또 나왔다고요. 그렇다면 역시 이와 같이 문자를 써주세요.
22,0,0.0,1.0,3.1818181818181817,1,"사실은 있는 그대로의 내용을 적은 것. 의견은 어떤 바람이나 판단 생각을 나타낸 것입니다. 글을 읽으면서요, 이것은 의견인지 사실인지를 꼭 구분하며 읽어야 합니다.","사실은 있는 그대로의 내용을 적은 것. 의견은 어떤 바람이나 판단 생각을 나타낸 것입니다. 글을 읽으면서요, 이것은 의견인지 사실인지를 꼭 구분하며 읽어야 합니다."
8,0,0.0,1.0,3.25,1,"방에서만 있으면서 자기는 곧 죽을 것이라고 생각했던 콜린이,","방에서만 있으면서 자기는 곧 죽을 것이라고 생각했던 콜린이,"
16,1,0.0625,1.0,3.857142857142857,0,곡면이 아니고 모양이 있습니다. 삼각형 인데요. 그냥 삼각형이 아니라 이 (2변)/(두 변)의 길이가 같아요. 그러니까 이등변삼각형입니다.,곡면이 아니고 모양이 있습니다. 삼각형 인데요. 그냥 삼각형이 아니라 변)의 길이가 같아요. 그러니까 이등변삼각형입니다.
14,0,0.0,1.0,3.2142857142857144,1,지루하고 어쩐지 좀 재미없지요? 그러면 이걸 좀더 생동감 있고 재미있는 문장으로 우리 고쳐주면 좋겠지요?,지루하고 어쩐지 좀 재미없지요? 그러면 이걸 좀더 생동감 있고 재미있는 문장으로 우리 고쳐주면 좋겠지요?
32,2,0.0625,0.9310344827586207,2.793103448275862,0,"여러분 그 계산 결과가 어떤가요 네/ 통분하는 방법은 달랐지만 덧셈하기 해서 십 이 분의 오 계산 결과가 같게 나왔죠 여러분이 더 쉽고 편하게 사용할 수 있는 방법으로 계산해주면 되겠습니다. 이때 중요한 것,","여러분 계산 결과가 어떤가요 통분하는 방법은 달랐지만 덧셈하기 해서 십 분의 오 계산 결과가 같게 나왔죠 여러분이 더 쉽고 편하게 사용할 수 있는 방법으로 계산해주면 되겠습니다. 이때 중요한 것,"
4,0,0.0,1.0,3.25,1,모두모두 자리에 다 왔습니까?,모두모두 자리에 다 왔습니까?
11,1,0.09090909090909091,1.0,2.375,0,자/ 요 (2 수)/(두 수)를 비교해서 어/ 나누는 수가 더 커요.,요 (2 수)를 비교해서 나누는 수가 더 커요.
8,0,0.0,1.0,3.375,1,선생님께서 굉장히 이게 이발도 하고 오셨더라고요. 이렇게 해서,선생님께서 굉장히 이게 이발도 하고 오셨더라고요. 이렇게 해서
3,0,0.0,1.0,3.0,1,다음 문제도 볼게요.,다음 문제도 볼게요.
6,0,0.0,1.0,3.0,1,(500)/(오백)을 나타낸다라고 할 수가 있는 것이죠.,나타낸다라고 할 수가 있는 것이죠.
4,0,0.0,1.0,2.6666666666666665,1,(118)/(백 십 팔) 맞습니다.,십 팔) 맞습니다.
5,0,0.0,1.0,3.0,1,그러네요. 음. 다시 해야 되겠다.,그러네요. 음. 다시 해야 되겠다.
19,1,0.05263157894736842,0.9411764705882353,3.4705882352941178,0,"n/ (1번째)/(첫 번째), 사물의 이름이나 특징을 생각하면서 수수께끼 만들어주고요. 그다음에 서로 다른 점을 생각하면서 수수께끼도 만들어 줄 수 있었죠.","번째), 사물의 이름이나 특징을 생각하면서 수수께끼 만들어주고요. 그다음에 서로 다른 점을 생각하면서 수수께끼도 만들어 줄 수 있었죠."
19,3,0.15789473684210525,0.8,3.2,0,"자/ 이렇게 (1)/(한) 직선에, (1)/(한) 직선을 n/ (긋고요)/(긋구여). 그것에 수직인 n/ (2)/(두) 직선을 이렇게 그으면 이 (2)/(두) 직선은 영원히,","이렇게 직선에, 직선을 그것에 수직인 직선을 이렇게 그으면 직선은 영원히,"
23,1,0.043478260869565216,0.9545454545454546,3.090909090909091,0,어/ 사실을 아주 많이 이야기해주고 있습니다. 이런 사실들이 있습니다. 라고 얘기 하는 거죠. 자신에게 필요없는 물건을 이웃과 나눌 수 있고요 수익이 수익금이 뭐죠?,사실을 아주 많이 이야기해주고 있습니다. 이런 사실들이 있습니다. 라고 얘기 하는 거죠. 자신에게 필요없는 물건을 이웃과 나눌 수 있고요 수익이 수익금이 뭐죠?
5,0,0.0,1.0,3.8,1,그래서 콧잔등에 땀이 송골송골 맻히는거죠.,그래서 콧잔등에 땀이 송골송골 맻히는거죠.
6,0,0.0,1.0,3.3333333333333335,1,자 이번에는 동글동글 구슬의 수도 세어봅시다.,자 이번에는 동글동글 구슬의 수도 세어봅시다.
34,0,0.0,0.8636363636363636,2.4545454545454546,1,자/ 이렇게 해서 또 그릴 수 있을 것 같아요. (2번)/(이 번)이 제일 먼저 합니다. 그렇다면 (1번)/(일 번) (3번)/(삼 번) (3번)/(삼 번) (1번)/(일 번) 이런 순서가 될 수도 있고 자/ (3번)/(삼 번)이 제일 먼저 발표합니다.,이렇게 해서 또 그릴 수 있을 것 같아요. 번)이 제일 먼저 합니다. 그렇다면 이런 순서가 될 수도 있고 번)이 제일 먼저 발표합니다.
24,0,0.0,0.9444444444444444,3.2777777777777777,1,어우/ 역시 받아올림이 필요합니다. 그렇다면 남는 거. 그렇죠. (26분)/(이십 육 분) 받아올림을 해주었으니 (1시간)/(한 시간) 자/ 더해주면 그래요. (5시)/(다섯 시) (26분)/(이십 육 분)이 되겠죠.,역시 받아올림이 필요합니다. 그렇다면 남는 거. 그렇죠. 육 분) 받아올림을 해주었으니 시간) 더해주면 그래요. 시) 육 분)이 되겠죠.
23,0,0.0,1.0,3.263157894736842,1,자/ 그럼 다음 문제 볼게요. 이번에는 소수의 나누셈을 분수의 나누셈으로 바꾸어 계산해보세요. 라고 되어있습니다. 자/ (5.2)/(오 점 이) 나누기 (5)/(오)를 계산 하는 거예요.,그럼 다음 문제 볼게요. 이번에는 소수의 나누셈을 분수의 나누셈으로 바꾸어 계산해보세요. 라고 되어있습니다. 점 이) 나누기 계산 하는 거예요.
41,2,0.04878048780487805,0.875,2.53125,0,이쪽이 칠 분의 오가 더 크겠네요. 역시 (2번)/(이 번) 분모가 같죠? 자/ 이렇다면 역시 또 분자가 큰 오 n/ 분의 사가 (크다라고)/(크다라구) n/ 표현할 수가 (있겠고요)/(있겠구요). (3번)/(삼 번) 이번에는 대분수죠? 대분수에서는 우선 자연수가 큰 것이 크다 라고 말을 할 수가 있습니다.,이쪽이 칠 분의 오가 더 크겠네요. 역시 분모가 같죠? 이렇다면 역시 또 분자가 큰 오 분의 사가 표현할 수가 이번에는 대분수죠? 대분수에서는 우선 자연수가 큰 것이 크다 라고 말을 할 수가 있습니다.
26,0,0.0,1.0,2.789473684210526,1,"자/ 미선이는 (1000)/(천) 단위 (1000)/(천) 모형이 (3개)/(세 개), 태우는 몇 개? (4개)/(네 개). 그래서 태우가 더 많은 돈을 받고 있습니다. 자/ 그러면 미선이가 얼마? (3800)/(삼천 팔백).","미선이는 단위 모형이 개), 태우는 몇 개? 개). 그래서 태우가 더 많은 돈을 받고 있습니다. 그러면 미선이가 얼마? 팔백)."
42,2,0.047619047619047616,0.875,2.9375,0,대표 응용 (3번)/(삼 번) 바꿀 수 있는 지폐 금액을 구하는 유형입니다. 그래서 우리 실생활에서 어림하는 문제 나왔어요. 이 문제는 바로 문제 스케치부터 볼게요. 우리 저금통에요 (1000원)/(천 원)짜리 (28장)/(스물 여덟 장) (100원)/(백 원)짜리 (45개)/(사십 오 개) (10원)/( 십 원)짜리 (32개)/(삼십 이 개)가 있어요.,대표 응용 바꿀 수 있는 지폐 금액을 구하는 유형입니다. 그래서 우리 실생활에서 어림하는 문제 나왔어요. 문제는 바로 문제 스케치부터 볼게요. 우리 저금통에요 원)짜리 여덟 장) 원)짜리 오 개) 십 원)짜리 개)가 있어요.
28,0,0.0,0.9166666666666666,2.9583333333333335,1,그래서 다시 (1번)/(한 번) 우리가 어제 읽었던 편지를 읽어보고 문제 (2개)/(두 개) 풀고 편지글 다로 넘어가 보도록 할게요. 자/ 어제 읽었던 글이기 때문에 조금은 선생님이 속도를 빠르게 읽어보께요.,그래서 다시 우리가 어제 읽었던 편지를 읽어보고 문제 개) 풀고 편지글 다로 넘어가 보도록 할게요. 어제 읽었던 글이기 때문에 조금은 선생님이 속도를 빠르게 읽어보께요.
6,1,0.16666666666666666,1.0,3.2,0,n/ 톰은 묵묵히 다시 일을 시작했습니다.,톰은 묵묵히 다시 일을 시작했습니다.
32,2,0.0625,0.7857142857142857,2.8214285714285716,0,n/ (3번)/(삼 번) 볼게요. 언제 어디서나 바로 할 수 있다. 요게 정답이라고 생각할 수 있을 것 같은 데 말이지요. 역할놀이도요 준비물이 필요하다니까요. n/ 그래서 언제 어디서나 바로 할 수 있는 건 아니라고요.,볼게요. 언제 어디서나 바로 할 수 있다. 요게 정답이라고 생각할 수 있을 것 같은 데 말이지요. 역할놀이도요 준비물이 필요하다니까요. 그래서 언제 어디서나 바로 할 수 있는 건 아니라고요.
8,2,0.25,1.0,2.5,0,"우리가 이 글을 다 읽고 나서 아/ 그러니까,","우리가 글을 다 읽고 나서 그러니까,"
11,1,0.09090909090909091,1.0,2.8,0,여기서 라에 대한 설명으로 n/잘못된 것은 어느 것인가요 라고 물어 보았어요.,여기서 라에 대한 설명으로 것은 어느 것인가요 라고 물어 보았어요.
10,1,0.1,1.0,2.7142857142857144,0,n/ 그래서 (3번)/(삼 번) 동물의 희생을 줄일 수 있다라는 거죠.,그래서 동물의 희생을 줄일 수 있다라는 거죠.
11,0,0.0,1.0,3.3333333333333335,1,(9)/(구) 곱하기 (6)/(육) 을 이용하여 구하는 방법을 설명해 보세요라고 얘기를 했습니다.,곱하기 을 이용하여 구하는 방법을 설명해 보세요라고 얘기를 했습니다.
9,1,0.1111111111111111,1.0,2.6666666666666665,0,n/ 에게 (10개)/(열 개)를 주면 (18개)/(열 여덟 개)가 되겠죠.,에게 개)를 주면 여덟 개)가 되겠죠.
21,1,0.047619047619047616,0.8947368421052632,3.1578947368421053,0,자/ 이 니은 히읗 받침에 않은요. 아니 하의 줄임말이에요. 그러니까 숙제를 하지 아니하였다. 이것을 숙제를 하지 않았다 라고 이야기 한 것이거든요.,니은 히읗 받침에 않은요. 아니 하의 줄임말이에요. 그러니까 숙제를 하지 아니하였다. 이것을 숙제를 하지 않았다 라고 이야기 한 것이거든요.
8,1,0.125,1.0,3.75,0,"(3번)/(삼 번) 볼게요. (100점)/(백 점)이네, 어/ 정말 좋겠다.","볼게요. 점)이네, 정말 좋겠다."
25,2,0.08,1.0,3.3333333333333335,0,"n/ 꿀꺽. 수선. 옷을 걸치고 그 수선이 아니야. 사람의 정신을 어지럽게 만드는 시끄러운 말이나 혼란스러운 행동. 여러분이 교실에서 많이 하는거지. 다시 (1번)/(한 번) 볼까? 여러분,","꿀꺽. 수선. 옷을 걸치고 수선이 아니야. 사람의 정신을 어지럽게 만드는 시끄러운 말이나 혼란스러운 행동. 여러분이 교실에서 많이 하는거지. 다시 볼까? 여러분,"
25,2,0.08,0.9,2.85,0,o/ 맞습니다 사실 우리가 글 속에서 만나는 별 이 별은요 별의 사전적 의미 사전적 의미 뭔지 아세요 혹시 n/ 그렇죠 정확하게 (1번)/(한 번) 정리를 해드리겠습니다.,맞습니다 사실 우리가 글 속에서 만나는 별 별은요 별의 사전적 의미 사전적 의미 뭔지 아세요 혹시 그렇죠 정확하게 정리를 해드리겠습니다.
14,0,0.0,1.0,3.909090909090909,1,풀어보도록 하겠습니다*. (11번)/(십 일 번) 문제예요. 꼬마가 새끼고양이를 칠해 달라고 하는 까닭은 무엇인가요? b/,풀어보도록 하겠습니다*. 일 문제예요. 꼬마가 새끼고양이를 칠해 달라고 하는 까닭은 무엇인가요?
7,0,0.0,1.0,4.0,1,자/ 이렇게 (4번)/(사 번) 문제까지 확인을 해봤습니다.,이렇게 문제까지 확인을 해봤습니다.
15,1,0.06666666666666667,1.0,3.4615384615384617,0,"방금 본 이야기에서도 마찬가지예요. 할아버지께서 주신 n/ 볍씨 (1톨)/(한 톨)을 그냥 두면 소중한 씨앗이기는 하지만,","방금 본 이야기에서도 마찬가지예요. 할아버지께서 주신 볍씨 톨)을 그냥 두면 소중한 씨앗이기는 하지만,"
8,0,0.0,1.0,3.4,1,이렇게 (1)/(일) 모형 (2개)/(두 개)를 놓습니다. (30)/(삼십)이 되었죠.,이렇게 모형 개)를 놓습니다. 되었죠.
4,0,0.0,1.0,3.25,1,아주 중요한 사실을 알아냈어.,아주 중요한 사실을 알아냈어.
23,0,0.0,1.0,3.3333333333333335,1,"(40분의)/(사십 분의), (10)/(십) 곱하기 (4)/(사)가 (40)/(사십)이니까 (3)/(삼) (4)/(사) (12)/(십 이)적어주면 (40분의59)/(사십 분의 오십 구)라는 값을 정답으로 구할수 있는 거죠. 그런데 이번에도 가분수 나왔어요.","분의), 곱하기 이)적어주면 분의 오십 구)라는 값을 정답으로 구할수 있는 거죠. 그런데 이번에도 가분수 나왔어요."
42,1,0.023809523809523808,0.6842105263157895,2.4210526315789473,0,n/ 으흠/ 가분수를 다시 대분수로 고쳐주면 결국 (11 과 48 분의 35)/(십 일 과 사십 팔 분의 삼십 오) 그러니까 캠핑장까지의 거리는요 (11 과 48 분의 35km)/(십 일 과 사십 팔 분의 삼십 오킬로미터)를 가는 셈이구나 라는 것을 구해 낼 수 있습니다.,가분수를 다시 대분수로 고쳐주면 결국 (11 과 48 분의 일 과 사십 팔 분의 삼십 오) 그러니까 캠핑장까지의 거리는요 (11 과 48 분의 일 과 사십 팔 분의 삼십 오킬로미터)를 가는 셈이구나 라는 것을 구해 낼 수 있습니다.
4,0,0.0,1.0,2.5,1,그럼 여기서 이제 둘레.,그럼 여기서 이제 둘레.
17,1,0.058823529411764705,1.0,3.75,0,이 (1분)/(일 분)을 시간으로 나타낸다고 생각해보세요. (1분)/(일 분)은 뭡니까? 그렇죠 (1시간)/(한 시간)을 (60)/(육십)으로 나눈 것 중에서 하나잖아요.,분)을 시간으로 나타낸다고 생각해보세요. 분)은 뭡니까? 그렇죠 시간)을 나눈 것 중에서 하나잖아요.
21,1,0.047619047619047616,1.0,2.5294117647058822,0,분모의 곱을 n/ 공통분모로 하여 통분을 먼저 해 보도록 할게요. 그럼 (3)/(삼)과 삼 분의 이는 분모 분자에 각각 (5)/(오)를 곱해주면 (되고요)/(되구요).,분모의 곱을 공통분모로 하여 통분을 먼저 해 보도록 할게요. 그럼 삼 분의 이는 분모 분자에 각각 곱해주면
16,0,0.0,1.0,4.0,1,교과서 그리고 익힘책에 나오는 기본문제와 응용문제를 풀어보면서 기본기도 확실하게 다지고 문제해결력도 키워보도록 하겠습니다. 첫 번째 문제는요.,교과서 그리고 익힘책에 나오는 기본문제와 응용문제를 풀어보면서 기본기도 확실하게 다지고 문제해결력도 키워보도록 하겠습니다. 첫 번째 문제는요.
16,0,0.0,1.0,3.5,1,자/ 그다음 나머지 삼각자의 직각 부분을 이용해서요. 우리 친구들이 평행선 사이가 (5cm)/(오 센티미터)터 대개 그어주면 됩니다.,그다음 나머지 삼각자의 직각 부분을 이용해서요. 우리 친구들이 평행선 사이가 센티미터)터 대개 그어주면 됩니다.
16,0,0.0,0.9285714285714286,2.642857142857143,1,문제에서 구해야 될 것 다시 (1번)/(한 번) 살펴보면 더 짧은 것을 구해야 돼요 일단 길이부터 봐야겠네요.,문제에서 구해야 될 것 다시 살펴보면 더 짧은 것을 구해야 돼요 일단 길이부터 봐야겠네요.
12,0,0.0,1.0,2.75,1,그러면 아주 공부를 잘한 것이 되겠습니다. 우리 그럼 문제 풀어 보도록 할게요.,그러면 아주 공부를 잘한 것이 되겠습니다. 우리 그럼 문제 풀어 보도록 할게요.
14,0,0.0,1.0,2.0714285714285716,1,지난주 일 월 화 수 목 금 토요일까지 해서 정말 많은 일이 있었을 텐데요.,지난주 일 월 화 수 목 금 토요일까지 해서 정말 많은 일이 있었을 텐데요.
9,0,0.0,1.0,3.888888888888889,1,"자 여기에 한 가지를 여러분이 골라내셨다면 주장을 만들어내셨다면 생각하신다면,","자 여기에 한 가지를 여러분이 골라내셨다면 주장을 만들어내셨다면 생각하신다면,"
11,0,0.0,0.9090909090909091,2.4545454545454546,1,이렇게 에이 난 에이 여기 창문이 다 똑같아서 재미가 없다. 그러면,이렇게 에이 난 에이 여기 창문이 다 똑같아서 재미가 없다. 그러면
21,0,0.0,0.9047619047619048,3.0,1,"네, 선생님과 같이 여기까지 문제 풀어봤습니다. 어려운 문제를 좀 푸니까 우리 친구들 자신감이 좀 생기나요? 좋습니다. 다음 문제 함께 보도록 해요.","네, 선생님과 같이 여기까지 문제 풀어봤습니다. 어려운 문제를 좀 푸니까 우리 친구들 자신감이 좀 생기나요? 좋습니다. 다음 문제 함께 보도록 해요."
11,1,0.09090909090909091,1.0,3.75,0,자/ 보세요. 그 숙제는 희망하는 사람만 하시라고 하셨잖아. 자/ 아까 선생님이.,보세요. 숙제는 희망하는 사람만 하시라고 하셨잖아. 아까 선생님이.
8,1,0.125,1.0,3.1666666666666665,0,n/ 어어/ 만점기의 원 모양의 부품들을 다 가져간다고?,만점기의 원 모양의 부품들을 다 가져간다고?
4,1,0.25,1.0,2.0,0,n/ 내가 읽어 볼께,내가 읽어 볼께
16,1,0.0625,1.0,2.466666666666667,0,무엇이라고 내 병을 고칠 수 있단 말이냐 그래 그 약이 도대체 무엇인고 하면서 묻고 있는 거죠?,무엇이라고 내 병을 고칠 수 있단 말이냐 그래 약이 도대체 무엇인고 하면서 묻고 있는 거죠?
12,0,0.0,1.0,3.0,1,오/ 밑을 보니까 빈칸이 정말 많네요 선생님이랑 차근차근 채워 보도록 해요. b/,밑을 보니까 빈칸이 정말 많네요 선생님이랑 차근차근 채워 보도록 해요.
24,2,0.08333333333333333,0.9047619047619048,2.9523809523809526,0,"자/ 이렇게 상상하여 글쓰기를 할 때에는 책을 읽으면서 상상을 할 재미있는 상황을 하나 골라보세요. n/ 그리고 그 상황에서 나라면 어떤 느낌이나 행동을 할 지,","이렇게 상상하여 글쓰기를 할 때에는 책을 읽으면서 상상을 할 재미있는 상황을 하나 골라보세요. 그리고 상황에서 나라면 어떤 느낌이나 행동을 할 지,"
4,1,0.25,1.0,4.0,0,어/ 인물의 마음이 이렇겠구나.,인물의 마음이 이렇겠구나.
13,0,0.0,1.0,1.8,1,o/ 정확히는 알 수 없지만 대략 (13도)/(십 삼 도) 정도 될 거 (같아요)/(같애요).,정확히는 알 수 없지만 대략 삼 도) 정도 될 거
1,0,0.0,1.0,6.0,1,여기입니다.,여기입니다.
18,0,0.0,0.9333333333333333,2.466666666666667,1,"우리 아까 말했던 것 처럼 원기둥 밑면이 (2개)/(두 개)지만 원뿔 밑면이 몇 개? (1개)/(한 개)가 있다. (2개)/(두 개),","우리 아까 말했던 것 처럼 원기둥 밑면이 개)지만 원뿔 밑면이 몇 개? 개)가 있다. 개),"
20,1,0.05,1.0,2.9285714285714284,0,"그러니까 이것을 정리해서 써 보자면 (4)/(사)안에 즉, 이 (4)/(사)는 (24)/(이십 사) 나누기 (6)/(육)을 가리키니깐 (요것이)/(요곳이) 요 안에 쏙 들어오는 것이잖아요.","그러니까 이것을 정리해서 써 보자면 즉, 사) 나누기 가리키니깐 요 안에 쏙 들어오는 것이잖아요."
25,1,0.04,1.0,2.75,0,n/ 교재 (109쪽)/(백 구 쪽) 문제 (1번)/(일 번) 다음 중에서 사다리꼴은 몇 개입니까? 사다리꼴이라고 하는 것은 마주 보는 (1쌍)/(한 쌍)의 변이 평행인 것을 찾으면 되겠죠?,교재 구 쪽) 문제 다음 중에서 사다리꼴은 몇 개입니까? 사다리꼴이라고 하는 것은 마주 보는 쌍)의 변이 평행인 것을 찾으면 되겠죠?
3,0,0.0,1.0,5.0,1,그래요. (400)/(사백)이라고 배웠잖아요.,그래요. 배웠잖아요.
3,0,0.0,1.0,3.0,1,(5)/(오)가 되는 거예요.,되는 거예요.
8,0,0.0,1.0,3.1666666666666665,1,자/ (1번)/(일 번)문제는 굉장히 쉽게 풀었을 것 같습니다.,번)문제는 굉장히 쉽게 풀었을 것 같습니다.
13,0,0.0,1.0,2.5,1,(210)/(이백 십) 이라고 하는 건 (10 모형)/(십 모형)이 (21개)/(스물 한 개) 모여진 수예요.,십) 이라고 하는 건 (10 모형)이 한 개) 모여진 수예요.
14,0,0.0,0.9166666666666666,2.5833333333333335,1,자/ 이것은 b/ 답 정말 많이 잘 올려주고 있네요. 아주 잘 알고 있습니다. 그래요.,이것은 답 정말 많이 잘 올려주고 있네요. 아주 잘 알고 있습니다. 그래요.
16,0,0.0,1.0,3.25,1,사육장을 나간다고? 그래서 내 날개로 하늘을 날아본다고? 이런 얘기를 쭉 합니다. 그리고 참새는 힌트를 주고 사라지고요.,사육장을 나간다고? 그래서 내 날개로 하늘을 날아본다고? 이런 얘기를 쭉 합니다. 그리고 참새는 힌트를 주고 사라지고요.
3,0,0.0,1.0,4.0,1,아잉/ 아흥/ 그러면서,그러면서
5,0,0.0,1.0,3.0,1,나는 강아지가 생겨서 너무 행복해.,나는 강아지가 생겨서 너무 행복해.
26,0,0.0,1.0,2.761904761904762,1,우리 친구들. (1)/(일)번 문제 보기 전에 식을 하나 세우고 가야 될 것 같아요. 지우개가 모두 (18)/(열 여덟) 개가 있는데 이거를 (6)/(여섯)+ (1)/(한) 사람한테 (6)/(여섯)개씩 나눠준다고 그랬어요.,우리 친구들. 문제 보기 전에 식을 하나 세우고 가야 될 것 같아요. 지우개가 모두 여덟) 개가 있는데 이거를 사람한테 나눠준다고 그랬어요.
20,0,0.0,0.9333333333333333,3.2666666666666666,1,(ㄴ)/(니은) 가 볼게요. 자/ 제곱근 (64)/(육십 사) 오랜만에 등장 했어요. 선생님이 (1)/(일)강에서 상당히 강조를 했는데 (64)/(육십 사)의 제곱근이랑 다르다고 했어요.,가 볼게요. 제곱근 사) 오랜만에 등장 했어요. 선생님이 상당히 강조를 했는데 사)의 제곱근이랑 다르다고 했어요.
4,0,0.0,1.0,4.0,1,어떤 마음이래요 화가난 마음이에요.,어떤 마음이래요 화가난 마음이에요.
12,0,0.0,1.0,2.4,1,(3)/(세) 제곱 (cm)/(센티미터) 잘 기억해 두셔야 합니다. 자 다음 문제 보도록 하자.,제곱 잘 기억해 두셔야 합니다. 자 다음 문제 보도록 하자.
17,0,0.0,1.0,2.8333333333333335,1,이와 같이 받아 내림을 하고 (16)/(십 육)에서 (9)/(구)를 빼면 (7)/(칠) 그리고 (10)/(십)의 자리에는 (8)/(팔)을 써서 나타내주는 거죠.,이와 같이 받아 내림을 하고 육)에서 빼면 그리고 자리에는 써서 나타내주는 거죠.
5,0,0.0,1.0,4.0,1,"(2)/(이)씩 묶었다고 했습니다, 그러면 (8)/(팔)은요.","묶었다고 했습니다, 그러면"
34,3,0.08823529411764706,0.8620689655172413,2.4827586206896552,0,자/ 이 사람 이 사람이 이제 생산 학파와 소비 학파에 어떤 그런 견해를 좀 아우르려고 하는 그런 사람임을 알 수 있죠? 그래서 여기 보면 이제 어떤 벤야민? 자/ 이 벤야민을 수식하는 표현을 잘 보면,사람 사람이 이제 생산 학파와 소비 학파에 어떤 그런 견해를 좀 아우르려고 하는 그런 사람임을 알 수 있죠? 그래서 여기 보면 이제 어떤 벤야민? 벤야민을 수식하는 표현을 잘 보면
2,0,0.0,1.0,2.5,1,그러고 보니,그러고 보니
21,0,0.0,1.0,2.75,1,"오 분의 일로 쓸 수 있습니다. 자/ 우리는요 지금 여기서 무엇을 배우는 중이냐면요 나눗셈을 곱셈으로 바꾸는 걸 공부하고 있으니깐 요 식,","오 분의 일로 쓸 수 있습니다. 우리는요 지금 여기서 무엇을 배우는 중이냐면요 나눗셈을 곱셈으로 바꾸는 걸 공부하고 있으니깐 요 식,"
4,0,0.0,1.0,2.3333333333333335,1,자/그러면 여기까지 해서 응,여기까지 해서 응
2,0,0.0,1.0,5.0,1,"자/ 성우는요,","성우는요,"
8,0,0.0,1.0,3.25,1,누군가 엘리제를 위하여 라는 곡을 연주했는데 참 아름다웠다.,누군가 엘리제를 위하여 라는 곡을 연주했는데 참 아름다웠다.
4,0,0.0,1.0,3.6666666666666665,1,자리자리자리 (값)/(깝) 잊지 말자.,자리자리자리 잊지 말자.
9,0,0.0,1.0,2.3333333333333335,1,"같은 자리 수끼리 더 합시다. (6)/(육)에다 (4)/(사)를 더해 (10)/(시입),",같은 자리 수끼리 더 합시다. 더해
5,0,0.0,1.0,3.0,1,"자/ (8)/(팔) 곱하기 (5)/(오), (40)/(사십)입니다.",곱하기
4,0,0.0,1.0,3.5,1,"삼각형의 수에 어떡해요 그렇죠,","삼각형의 수에 어떡해요 그렇죠,"
25,3,0.12,1.0,2.9523809523809526,0,n/ 어류의 여러 기관. n/ 우리 친구들도 책의 빈 공간에 따라서 (memo해)/(메모해) 보면 좋을 것 같네요. n/ 친구가 선생님이 중심 문장들을 살펴보고 넣으면 되겠군요. 맞습니다.,어류의 여러 기관. 우리 친구들도 책의 빈 공간에 따라서 보면 좋을 것 같네요. 친구가 선생님이 중심 문장들을 살펴보고 넣으면 되겠군요. 맞습니다.
27,0,0.0,0.8076923076923077,3.1538461538461537,1,등을 구부리며 말타기 놀이하잖다. 얼른 올라타라고 등을 내민다. 내가 올라타자. 따그닥+ 따그닥 달린다. 학교 앞 문방구를 지나서 (4거리)/(네 거리)를 지나서 우리 집을 지나서 달린다. 달리고 또 달린다.,등을 구부리며 말타기 놀이하잖다. 얼른 올라타라고 등을 내민다. 내가 올라타자. 따그닥+ 따그닥 달린다. 학교 앞 문방구를 지나서 거리)를 지나서 우리 집을 지나서 달린다. 달리고 또 달린다.
6,1,0.16666666666666666,1.0,3.4,0,"n/ 맞아, 맞아. 해마랑 비슷하게 생겼어.","맞아, 맞아. 해마랑 비슷하게 생겼어."
3,1,0.3333333333333333,0.0,0.0,0,n/ o/ (ㅌ)/(티읕).,
7,0,0.0,1.0,2.6666666666666665,1,자/ 여기서는 곱셈과 뺄셈의 계산만 해 주면,여기서는 곱셈과 뺄셈의 계산만 해 주면
27,0,0.0,0.7916666666666666,2.875,1,o/ 자/ 이렇게 배운 것은요 꼭 주의해서 한번 찾아보고요. 그리고 꼭 집에서 오늘 배운 삼각형에 대해서 그려도 보세요. 알겠습니까?n/ 이렇게 해서 배운 것을 정리를 한번 다시 해보겠습니다.,이렇게 배운 것은요 꼭 주의해서 한번 찾아보고요. 그리고 꼭 집에서 오늘 배운 삼각형에 대해서 그려도 보세요. 이렇게 해서 배운 것을 정리를 한번 다시 해보겠습니다.
19,1,0.05263157894736842,0.875,4.0625,0,를 보고 많고 적음을 비교하기가 편리하답니다. 그런데 기억하세요. 그림그래프나 막대그래프는요? (2)/(둘) 다 그 (자료에)/(자로에) 많고 적음을 표현하기에 편리한 그래프라는거여.,를 보고 많고 적음을 비교하기가 편리하답니다. 그런데 기억하세요. 그림그래프나 막대그래프는요? 다 많고 적음을 표현하기에 편리한 그래프라는거여.
6,0,0.0,1.0,2.6,1,(3)/(셋)은 수로 어떻게 나타낼 수 있었죠?,수로 어떻게 나타낼 수 있었죠?
3,0,0.0,1.0,4.0,1,자/그럼 계속 읽어볼게요.,계속 읽어볼게요.
23,2,0.08695652173913043,0.9473684210526315,2.5789473684210527,0,n/ 오늘 공부한 내용을 잘 이해했는지 확인해 봅시다 오늘의 스스로 문제 팔 분의 삼은 이 분의 일보다 큰 분수이다 맞으면 (O)/(오) 틀리면 (X))/엑스).,오늘 공부한 내용을 잘 이해했는지 확인해 봅시다 오늘의 스스로 문제 팔 분의 삼은 분의 일보다 큰 분수이다 맞으면 틀리면
10,1,0.1,0.75,3.0,0,n/ o/ 역시 왜가리 목소리가 최고. 우리 왜가리 마음씨도 최고.,역시 왜가리 목소리가 최고. 우리 왜가리 마음씨도 최고.
6,0,0.0,1.0,3.6666666666666665,1,자/ 그러면 문제 (1번)/(한 번) 풀어볼게요.,그러면 문제 풀어볼게요.
40,1,0.025,1.0,2.7567567567567566,0,우리 친구들 (2학기)/(이 학기) 때 새롭게 다시 시작되는 (EBS)/(이비에스) 국어 강의도 여러분 많이 기대를 해주시고요. 음/ 남아있는 시간 한 학기 동안 마무리 잘 하시고요. 혹시나 학업성취도평가 보지 않은 친구들이 있다면 끝까지 공부 열심히 해서 좋은 결과 얻을 수 있길 바랍니다.,우리 친구들 학기) 때 새롭게 다시 시작되는 국어 강의도 여러분 많이 기대를 해주시고요. 남아있는 시간 한 학기 동안 마무리 잘 하시고요. 혹시나 학업성취도평가 보지 않은 친구들이 있다면 끝까지 공부 열심히 해서 좋은 결과 얻을 수 있길 바랍니다.
7,0,0.0,1.0,2.857142857142857,1,온도가 가장 높을 때가 언제인가를 찾는 건데요.,온도가 가장 높을 때가 언제인가를 찾는 건데요.
26,2,0.07692307692307693,0.9333333333333333,2.8666666666666667,0,"n/ (2개)/(두 개) 자리 바꾸면, +(A)/(에이) 합+ 어/ (A)/(에이) 교집합 (B)/(비)와 (A)/(에이) 교집합 (B)/(비)에다가 (A)/(에이) 차집합 (B)/(비)를 합집합 해준것과 같고, b/ 그럼 여기서 여러분 이거 보세요.","개) 자리 바꾸면, 합+ 교집합 교집합 차집합 합집합 해준것과 같고, 그럼 여기서 여러분 이거 보세요."
6,1,0.16666666666666666,1.0,4.25,0,두두두둥/ 그 선택의 순간을 책으로 읽어보겠습니다.,선택의 순간을 책으로 읽어보겠습니다.
2,0,0.0,1.0,2.5,1,으가 있죠.,으가 있죠.
2,0,0.0,1.0,2.5,1,이렇게 하고,이렇게 하고
14,1,0.07142857142857142,1.0,3.6923076923076925,0,"선생님, 그렇다면 누구에게에 해당하는 사람이 웃어른이기 때문에 이 상황은 높임 표현을 사용해야 하는 상황입니다.","선생님, 그렇다면 누구에게에 해당하는 사람이 웃어른이기 때문에 상황은 높임 표현을 사용해야 하는 상황입니다."
5,0,0.0,1.0,3.3333333333333335,1,"와/ 여기 있는 (이)/(요) 반듯이는요,","여기 있는 반듯이는요,"
27,1,0.037037037037037035,1.0,2.6842105263157894,0,"(7단)/(칠 단) 곱셈구구 이렇게 완성 했으니까, 그 기념으로 선생님과 함께 또 노래로 익히기 (해보자고요)/(해보자구요). (7)/(칠)(1)/(일) 은 (7)/(칠). (7)/(칠)(2)/(이)(14)/(십 사). 자/ 보고 같이 해 볼게요. 자/ 준비 됐죠.","단) 곱셈구구 이렇게 완성 했으니까, 기념으로 선생님과 함께 또 노래로 익히기 은 사). 보고 같이 해 볼게요. 준비 됐죠."
33,0,0.0,0.9696969696969697,2.757575757575758,1,우리의 전통 음식은 같은 음식에서도 다양한 맛을 느낄 수 있습니다. 이것에 대한 예를 아주 잘 들어 줬어요. 어떤 이야기를 들었는지 보면 예를 들면 우리나라의 대표 음식이라고 할수 있는 김치는 각 지역별로 맛이 다릅니다.,우리의 전통 음식은 같은 음식에서도 다양한 맛을 느낄 수 있습니다. 이것에 대한 예를 아주 잘 들어 줬어요. 어떤 이야기를 들었는지 보면 예를 들면 우리나라의 대표 음식이라고 할수 있는 김치는 각 지역별로 맛이 다릅니다.
19,0,0.0,1.0,3.0588235294117645,1,"작은 그릇 안에는 무엇이라고 써 있죠? (10)/(십) 이라고 쓰여 있어요. 콩이 (10개)/(열 개)씩 들어있다는 뜻이네요. 마지막으로 여기 있는 낟알,","작은 그릇 안에는 무엇이라고 써 있죠? 이라고 쓰여 있어요. 콩이 개)씩 들어있다는 뜻이네요. 마지막으로 여기 있는 낟알,"
13,0,0.0,0.9166666666666666,2.9166666666666665,1,정답은 비단 장수를 위해서 내일까지 비단 (1필)/(한 필)씩을 구해 온다 바로 이게 되겠습니다.,정답은 비단 장수를 위해서 내일까지 비단 필)씩을 구해 온다 바로 이게 되겠습니다.
11,0,0.0,1.0,2.8181818181818183,1,"따라서 할, 푼, 리. 소수 첫째, 둘째, 셋째짜리 순으로 나타내는 거야.","따라서 할, 푼, 리. 소수 첫째, 둘째, 셋째짜리 순으로 나타내는 거야."
21,1,0.047619047619047616,0.95,3.2,0,그리고 마지막으로 느낌표가 있는데요. 느낌표는 감탄이나 놀람 그러니까 와! 꽃 정말 예쁘다. 이렇게 감탄이나 놀랄 때 그 뒤에 느낌표를 붙여주는 거예요.,그리고 마지막으로 느낌표가 있는데요. 느낌표는 감탄이나 놀람 그러니까 와! 꽃 정말 예쁘다. 이렇게 감탄이나 놀랄 때 뒤에 느낌표를 붙여주는 거예요.
14,2,0.14285714285714285,1.0,3.8333333333333335,0,이 우유부단하고 끝없이 의심했던 이 햄릿의 성격은요 끝에가 서는 모두의 죽음으로 비극적인 결말을 이끌어내지요.,우유부단하고 끝없이 의심했던 햄릿의 성격은요 끝에가 서는 모두의 죽음으로 비극적인 결말을 이끌어내지요.
13,0,0.0,1.0,3.5,1,첫번째는 여러분들이 알아보기 쉽게 수직선으로 계산해 볼게요 여기 수직선의 (1)/(한) 칸이 얼마를 나타내죠?,첫번째는 여러분들이 알아보기 쉽게 수직선으로 계산해 볼게요 여기 수직선의 칸이 얼마를 나타내죠?
28,2,0.07142857142857142,0.9583333333333334,3.3333333333333335,0,"n/ 오늘의 목적지는요, 들이와 무게의 계산입니다. 어떠한 모험들이 기다리고 있을지 우리 친구들 많이 궁금하죠? 지금 바로 출발해 보죠. 아/ 참/ 우리 (3친구)/(세 친구)들이 아까 등산을 간다고 준비하고 있던데,","오늘의 목적지는요, 들이와 무게의 계산입니다. 어떠한 모험들이 기다리고 있을지 우리 친구들 많이 궁금하죠? 지금 바로 출발해 보죠. 우리 친구)들이 아까 등산을 간다고 준비하고 있던데,"
6,1,0.16666666666666666,1.0,3.0,0,그 수를 직접 세어 나타내 보았습니다.,수를 직접 세어 나타내 보았습니다.
8,0,0.0,1.0,3.3333333333333335,1,초바늘은 (10칸)/(열 칸)하고도 (2칸)/(두 칸)을 더 갔으니까 몇초?,초바늘은 칸)하고도 칸)을 더 갔으니까 몇초?
18,1,0.05555555555555555,0.9375,2.9375,0,자/ 뭔가 늘어날 거예요. 그런데 한 봉지의 무게가 지금 나와 있나요? 안 나와 있거든요? 그래서 이 괄호로 표현할게요.,뭔가 늘어날 거예요. 그런데 한 봉지의 무게가 지금 나와 있나요? 안 나와 있거든요? 그래서 괄호로 표현할게요.
10,0,0.0,1.0,3.5,1,어디에 나올까요? 힌트. 일 자로 시작합니다. 정답은요 바로바로 일인용 침대죠.,어디에 나올까요? 힌트. 일 자로 시작합니다. 정답은요 바로바로 일인용 침대죠.
26,1,0.038461538461538464,0.9473684210526315,2.473684210526316,0,(90일)/(구십 일) 나누기 (12일)/(십 이 일)하면 (17일)/(십 칠 일)이 나올 수가 없죠 따라서 임대 정답 (2번)/(이 번) (13)/(십 삼) 나누기 [육] 에 괄호를 쳐 주면 되겠습니다.,일) 나누기 일)하면 칠 일)이 나올 수가 없죠 따라서 임대 정답 삼) 나누기 [육] 에 괄호를 쳐 주면 되겠습니다.
10,0,0.0,1.0,5.5,1,(1)/(하나) (2)/(둘) (3)/(셋) (4)/(넷) (5)/(다섯) (6)/(여섯) (7)/(일곱) (8)/(여덟) 팔각형 완성되었습니다.,팔각형 완성되었습니다.
2,0,0.0,1.0,5.0,1,은유법을 사용했어요.,은유법을 사용했어요.
12,0,0.0,0.9090909090909091,3.1818181818181817,1,자/ 여기에는요 지금 현아가 나비를 부러워한 까닭이 과연 무엇인지 지금 묻고 있는데요.,여기에는요 지금 현아가 나비를 부러워한 까닭이 과연 무엇인지 지금 묻고 있는데요.
5,0,0.0,1.0,2.8,1,그럼 또 엄마 아빠에게 뭐라고요?,그럼 또 엄마 아빠에게 뭐라고요?
11,1,0.09090909090909091,1.0,3.1,0,n/ 우리 친구들은 아버지 주머니 속에 들어있는 사랑을 먹고 크는 친구들이야.,우리 친구들은 아버지 주머니 속에 들어있는 사랑을 먹고 크는 친구들이야.
3,0,0.0,1.0,3.6666666666666665,1,어니스트의 선생님이 바로,어니스트의 선생님이 바로
5,1,0.2,1.0,2.5,0,n/ 굴리기 깃발 연습 놀이.,굴리기 깃발 연습 놀이.
15,0,0.0,1.0,3.1333333333333333,1,둥근 기둥 모양과 공 모양 이었습니다. 아주 잘 기억하고 있네요. 그리고 마지막으로 어떤 이야기도 해봤냐면요.,둥근 기둥 모양과 공 모양 이었습니다. 아주 잘 기억하고 있네요. 그리고 마지막으로 어떤 이야기도 해봤냐면요.
19,0,0.0,0.875,2.8125,1,또 (3개)/(세 개)를 옆으로 나란히 놓고 왼쪽 쌓기나무 위에 (1개)/(한 개)가 있나요? 맞습니다. 왼쪽 위의 (1개)/(한 개)가 놓여 있어요.,또 개)를 옆으로 나란히 놓고 왼쪽 쌓기나무 위에 개)가 있나요? 맞습니다. 왼쪽 위의 개)가 놓여 있어요.
3,0,0.0,1.0,3.0,1,(2)/(이) 더하기 (2)/(이),더하기
36,3,0.08333333333333333,0.8275862068965517,2.4827586206896552,0,자/ 나는 여기 있는 이 도형입니다. 자/ 도형 가는 이 삼각형인데요. 자/ 도형 나를 전체로 보라고 했기 때문에 이 도형 가가 도형 나에 몇 번 들어가는지 알면 분수 몇 분의 몇 이라고 쓸 수 있지 않을까요?,나는 여기 있는 도형입니다. 도형 가는 삼각형인데요. 도형 나를 전체로 보라고 했기 때문에 도형 가가 도형 나에 몇 들어가는지 알면 분수 몇 분의 몇 이라고 쓸 수 있지 않을까요?
24,3,0.125,0.8571428571428571,2.4761904761904763,0,아/ 손이 작아서 그리고 힘도 없어서? 음/ 걱정하지 마 방법이 있어. 그럼 너네 집에 혹시 수건 있어? 음/ 수건 가져와 봐. 빨리 가져와 봐.,손이 작아서 그리고 힘도 없어서? 걱정하지 마 방법이 있어. 그럼 너네 집에 혹시 수건 있어? 수건 가져와 봐. 빨리 가져와 봐.
9,0,0.0,1.0,3.8333333333333335,1,@/ 석낭중은 그런데 왜 @/ 유한림에게 @/ 동청을 천거했을까요?,석낭중은 그런데 왜 유한림에게 동청을 천거했을까요?
4,0,0.0,1.0,3.0,1,자/ (9장)/(구 장) 갑니다.,장) 갑니다.
10,0,0.0,1.0,3.6666666666666665,1,자/ 이제는 좋은 공부법도 알았으니까 우리 친구들이 실력을 완성해 보아야겠지요.,이제는 좋은 공부법도 알았으니까 우리 친구들이 실력을 완성해 보아야겠지요.
9,1,0.1111111111111111,1.0,3.6666666666666665,0,자/ n/ 가 자/ 여기서 사과를 먹는다라고 선생님이 넣어볼게요.,가 여기서 사과를 먹는다라고 선생님이 넣어볼게요.
10,1,0.1,0.8571428571428571,3.5714285714285716,0,n/ 오늘 하루도 선생님과 (1교시)/(일 교시) (2교시)/(이 교시) 재미있게 공부해봐요.,오늘 하루도 선생님과 교시) 교시) 재미있게 공부해봐요.
17,3,0.17647058823529413,0.9285714285714286,3.2142857142857144,0,"해준 거예요. n/ 친구, n/ 친구, n/ 친구 정답 잘 이야기해줬어요. 다음 내용이어서 볼까요 어떤 일이 있었을까요?","해준 거예요. 친구, 친구, 친구 정답 잘 이야기해줬어요. 다음 내용이어서 볼까요 어떤 일이 있었을까요?"
23,0,0.0,0.7777777777777778,2.8333333333333335,1,"먼저 점 (ㄱ)/(기억)에 대응점은 어디에요? 그렇죠. 점 (ㄱ)/(기억)에 대응점은여. 요 끝에 있는 점 (ㅂ)/(비읍)이 바로 대응점이 됩니다. (그리고요)/(그리구요) 여기에 있는 점 (ㄴ)/(니은)의 대응점은요,","먼저 점 대응점은 어디에요? 그렇죠. 점 대응점은여. 요 끝에 있는 점 바로 대응점이 됩니다. 여기에 있는 점 대응점은요,"
15,1,0.06666666666666667,1.0,2.7857142857142856,0,자신의 저작물을 이용하거나 또 다른 사람의 이용을 허락할 수 있게 하는 이 권리 바로 무엇인가요?,자신의 저작물을 이용하거나 또 다른 사람의 이용을 허락할 수 있게 하는 권리 바로 무엇인가요?
31,0,0.0,0.7916666666666666,2.4166666666666665,1,"자/ 그러면 우리 친구들, (7000)/(칠 천) 이라는 것은 (1000)/(천)이 몇 인 수 라는 거 알고 있죠? (1000)/(천)이 (7)/(칠) 인 수가 (7000)/(칠 천) 이라는 거 알고 있습니다. (이거)/(요거) 생각하면서 문제 풀어보도록 해요.","그러면 우리 친구들, 천) 이라는 것은 몇 인 수 라는 거 알고 있죠? 인 수가 천) 이라는 거 알고 있습니다. 생각하면서 문제 풀어보도록 해요."
7,0,0.0,1.0,2.6666666666666665,1,이게 우리 친구들이 은근히 많이 틀리는 (문제더라구요)/(문제더라구여).,이게 우리 친구들이 은근히 많이 틀리는
3,0,0.0,1.0,3.0,1,"이렇게 (1)/(일) 모형,","이렇게 모형,"
10,1,0.1,1.0,5.666666666666667,0,(1번)/(일 번) 무섭습니다. (2번)/(이 번) 슬픕니다. (3번)/(삼 번) 차갑습니다. n/,무섭습니다. 슬픕니다. 차갑습니다.
3,1,0.3333333333333333,1.0,4.0,0,n/ 날짜만 흘러가요.,날짜만 흘러가요.
9,1,0.1111111111111111,1.0,2.857142857142857,0,그럼 오늘의 마지막 수학 퍼즐 n/ u/ 문제 나와주세요.,그럼 오늘의 마지막 수학 퍼즐 문제 나와주세요.
28,4,0.14285714285714285,0.9130434782608695,3.0,0,어/ 다 n/ 이미 저질러진 일인데요 후회해도 소용이 없을 때 우리 뭐라고 표현하죠 네/ 이미 엎질러진 물이다 이렇게 속담으로 표현하기도 하죠 어/ n/ 근데 뺌이랑 하비가 뭐라고 하는데요.,다 이미 저질러진 일인데요 후회해도 소용이 없을 때 우리 뭐라고 표현하죠 이미 엎질러진 물이다 이렇게 속담으로 표현하기도 하죠 근데 뺌이랑 하비가 뭐라고 하는데요.
11,0,0.0,1.0,3.6363636363636362,1,저는 선생님처럼 적기 싫은데요? 그래요. 미안한 마음이 든다는 이야기만 들어가면 되겠어요.,저는 선생님처럼 적기 싫은데요? 그래요. 미안한 마음이 든다는 이야기만 들어가면 되겠어요.
7,1,0.14285714285714285,1.0,3.8333333333333335,0,n/ 이렇게 고운 노랫소리가 거기서 나온다는게 사실이냐?,이렇게 고운 노랫소리가 거기서 나온다는게 사실이냐?
7,0,0.0,1.0,3.7142857142857144,1,묘사에 해당하는데 어떤 묘사일까요 사실적인 묘사가 되겠죠.,묘사에 해당하는데 어떤 묘사일까요 사실적인 묘사가 되겠죠.
6,0,0.0,1.0,2.6666666666666665,1,어떤 음식이 나올까요 자 궁금해 하면서,어떤 음식이 나올까요 자 궁금해 하면서
28,0,0.0,0.9047619047619048,2.619047619047619,1,정말 이렇게 (3각형)/(삼 각형) (2개)/(두 개)를 나오네요 그런데 우리가 앞서 배웠지만 (3각형)/(삼 각형)의 (3)/(세) 각의 크기의 합은 (140도)/(백 사십 도) 그럼 여기도 (3)/(세) 각의 합이 (180도)/(백 팔십 도),정말 이렇게 각형) 개)를 나오네요 그런데 우리가 앞서 배웠지만 각형)의 각의 크기의 합은 사십 도) 그럼 여기도 각의 합이 팔십 도)
2,1,0.5,1.0,4.0,0,"n/ 생각을,","생각을,"
2,1,0.5,1.0,6.0,0,n/ 사회자는요.,사회자는요.
14,0,0.0,0.9090909090909091,3.272727272727273,1,"안 나왔어요. (2번)/(이 번) 빨간 방울 토마토의 색깔, 지금 방울 토마토 초록색이에요. (그렇죠)/(그죠). 아니에요.","안 나왔어요. 빨간 방울 토마토의 색깔, 지금 방울 토마토 초록색이에요. 아니에요."
8,2,0.25,1.0,3.0,0,"다음 그림은 음/ 이 친구가 이야기를 하고 있는데,","다음 그림은 친구가 이야기를 하고 있는데,"
13,1,0.07692307692307693,1.0,3.4,0,따라서 여기 네모 안에는 (3)/(삼)이라고 적어주면 이 모서리의 길이는 (3cm)/(삼 센티미터)가 되는 것입니다.,따라서 여기 네모 안에는 적어주면 모서리의 길이는 센티미터)가 되는 것입니다.
6,0,0.0,1.0,2.3333333333333335,1,(9)/(구) 빼기 (6)/(육)은 (3)/(삼)이라는 한 뺄셈식.,빼기 한 뺄셈식.
23,1,0.043478260869565216,0.875,3.0625,0,n/ 자/ 나 시루떡의 가로의 길이 (3cm)/(삼 센티미터) 세로의 길이 (9cm)/(구 센티미터) (3)/(삼) 곱하기 (9)/(구) (27)/(이십 칠)제곱센티미터 구나 라는 것을 알 수 있습니다.,나 시루떡의 가로의 길이 센티미터) 세로의 길이 센티미터) 곱하기 칠)제곱센티미터 구나 라는 것을 알 수 있습니다.
7,0,0.0,1.0,2.857142857142857,1,그다음 점심 때 엄마께서 비빔국수를 해 주셨다.,그다음 점심 때 엄마께서 비빔국수를 해 주셨다.
12,0,0.0,1.0,2.9166666666666665,1,문장에서 어떤 행동의 또는 어떠한 상태의 주체+ 주인공이 되는 말 뭐라고 한다고요?,문장에서 어떤 행동의 또는 어떠한 상태의 주체+ 주인공이 되는 말 뭐라고 한다고요?
2,1,0.5,1.0,4.0,0,n/ 공청회.,공청회.
12,1,0.08333333333333333,1.0,3.4545454545454546,0,이 문제도 아까 문제랑 마찬가지로 평균을 구하고 평균과 자료값을 비교해 주는 문제였는데요.,문제도 아까 문제랑 마찬가지로 평균을 구하고 평균과 자료값을 비교해 주는 문제였는데요.
23,0,0.0,0.9411764705882353,2.411764705882353,1,첫 번째 (6시 30분)/(여섯 시 삼십 분) 자/ 몇 시 (30분)/(삼십 분)이에요? 자/ 그럼 일단 긴 바늘은 그렇죠 (6)/(육)을 가르키게 그려야 되고요. b/,첫 번째 (6시 시 삼십 분) 몇 시 분)이에요? 그럼 일단 긴 바늘은 그렇죠 가르키게 그려야 되고요.
20,1,0.05,1.0,2.9285714285714284,0,직각에 빼고 나머지 (2외각)/(두 외각)의 크기의 합이 (90도)/(구십 도)가 되니까 n/ 자/ (90도)/(구십 도)에서 (73도)/(칠십 삼 도)를 이렇게 빼도록 할게요.,직각에 빼고 나머지 외각)의 크기의 합이 도)가 되니까 도)에서 삼 도)를 이렇게 빼도록 할게요.
7,1,0.14285714285714285,1.0,3.0,0,n/ 자/ 선생님 뒤로 지금 꽃이 보이시나요?,선생님 뒤로 지금 꽃이 보이시나요?
19,0,0.0,1.0,3.0,1,자/ 이것은 원리가 신맛을 내는 구연산이 아연판을 녹슬게 해서 전류가 흐르기 때문이야. 이때 과일의 개수를 점점 늘리면 전류의 세기도,이것은 원리가 신맛을 내는 구연산이 아연판을 녹슬게 해서 전류가 흐르기 때문이야. 이때 과일의 개수를 점점 늘리면 전류의 세기도
18,0,0.0,1.0,2.4705882352941178,1,자/ 우리의 강의를 보고 있는 친구들이라면 충분히 할수 있을 겁니다. 지금 하는 거 보니까 잘 한 것 같아요.,우리의 강의를 보고 있는 친구들이라면 충분히 할수 있을 겁니다. 지금 하는 거 보니까 잘 한 것 같아요.
4,0,0.0,1.0,3.25,1,우리 친구들도 함께 해볼게요.,우리 친구들도 함께 해볼게요.
14,0,0.0,0.9230769230769231,3.4615384615384617,1,구조를 설명하거나 모양을 설명하거나 그다음에 어떤 방법들을 설명하는데 아주 좋은 것이 바로 예/ 그렇습니다.,구조를 설명하거나 모양을 설명하거나 그다음에 어떤 방법들을 설명하는데 아주 좋은 것이 바로 그렇습니다.
17,1,0.058823529411764705,1.0,3.4375,0,이 글의 앞부분에 보면 한복을 언제부터 입기 시작했는지 그리고 남자와 여자의 한복의 차이점에 대해서도 나와있으니까 꼭 읽어보세요.,글의 앞부분에 보면 한복을 언제부터 입기 시작했는지 그리고 남자와 여자의 한복의 차이점에 대해서도 나와있으니까 꼭 읽어보세요.
27,3,0.1111111111111111,0.8260869565217391,3.3043478260869565,0,"어/ 이거 어떡할까요 이 사람 장관으로 임명할까요 아/ 뭐뭐 u/ 의견들이 있을 거 아니에요. 아니야 이거 장관으로 임명해야 되는지 말아야 되는지 내가 한번 물어봐야 되겠어요. 내가 조사했으니까,","이거 어떡할까요 사람 장관으로 임명할까요 뭐뭐 의견들이 있을 거 아니에요. 아니야 이거 장관으로 임명해야 되는지 말아야 되는지 내가 한번 물어봐야 되겠어요. 내가 조사했으니까,"
11,1,0.09090909090909091,1.0,3.1,0,근거가 확실해. 라고 이야기하는 것이니까 이 부분 여러분 꼭 놓치지 마세요.,근거가 확실해. 라고 이야기하는 것이니까 부분 여러분 꼭 놓치지 마세요.
15,0,0.0,1.0,2.5454545454545454,1,자/ 이만큼은 몇 도? (90도)/(구십 도)에서 (60도)/(육십 도)를 뺀 (30도)/(삼십 도)라는 것을 알 수 있습니다.,이만큼은 몇 도? 도)에서 도)를 뺀 도)라는 것을 알 수 있습니다.
10,0,0.0,1.0,3.25,1,자/ 이렇게 유의어와 반의어들이 우리말에는 아주 많다라는 것 알아 (보았고요)/(보았구요).,이렇게 유의어와 반의어들이 우리말에는 아주 많다라는 것 알아
7,0,0.0,1.0,3.4,1,자/ (이렇게)/(이르케) 꽃과 열매의 차이를 여러분이 아시겠죠?,꽃과 열매의 차이를 여러분이 아시겠죠?
21,1,0.047619047619047616,0.9444444444444444,2.888888888888889,0,이/ 문제 풀기 전에 우리 지금까지 배워왔던 만능틀 (2가지)/(두 가지)와 원의 넓이 구하는 공식 (1번)/(한 번)만 더 정리해보고 문제 풀어보도록 할게요.,문제 풀기 전에 우리 지금까지 배워왔던 만능틀 가지)와 원의 넓이 구하는 공식 번)만 더 정리해보고 문제 풀어보도록 할게요.
11,1,0.09090909090909091,1.0,2.8,0,오늘은 어떤 글을 읽을 까요? n/ 생각의 힘을 키워줄 생각 씨앗입니다.,오늘은 어떤 글을 읽을 까요? 생각의 힘을 키워줄 생각 씨앗입니다.
4,1,0.25,1.0,2.3333333333333335,0,"n/ 지도를 잘 보면,","지도를 잘 보면,"
9,1,0.1111111111111111,1.0,4.0,0,"n/ 선생님도요, (5학년)/(오 학년)때 정말 좋아하는 그런 남자친구가 있었어요.","선생님도요, 학년)때 정말 좋아하는 그런 남자친구가 있었어요."
10,0,0.0,1.0,2.2857142857142856,1,(18)/(십 팔) 곱하기 (2)/(이)를 한 값 (36)/(삼십 육)이 되는 거고요.,팔) 곱하기 한 값 육)이 되는 거고요.
5,0,0.0,1.0,3.2,1,이게 다 찍찍이가 용감해서 그런거야.,이게 다 찍찍이가 용감해서 그런거야.
16,0,0.0,1.0,2.6666666666666665,1,그냥 말 (그대로)/(그대루) 등이 (이렇게)/(이르케) 굽은 나무가 생각나요. 여러 가지 생각이 많지? 자/ (이렇게)/(이러케) 우리가 부릉부릉,그냥 말 등이 굽은 나무가 생각나요. 여러 가지 생각이 많지? 우리가 부릉부릉
11,0,0.0,1.0,2.6363636363636362,1,그림을 보고 네모 안에 알맞은 수를 써 넣으세요 라고 얘기를 했습니다.,그림을 보고 네모 안에 알맞은 수를 써 넣으세요 라고 얘기를 했습니다.
3,0,0.0,1.0,3.3333333333333335,1,스마트폰 사용을 줄이고,스마트폰 사용을 줄이고
23,1,0.043478260869565216,1.0,3.409090909090909,0,두번째 개념* 별따기 내용은요 묘사입니다. 시에 있어서는 물론이거니와 이야기에 있어서도 이 묘사를 통해서 장면을 보다 생생하게 떠올릴 수 있다 라는거 꼭 기억해두시길 바랍니다.,두번째 개념* 별따기 내용은요 묘사입니다. 시에 있어서는 물론이거니와 이야기에 있어서도 묘사를 통해서 장면을 보다 생생하게 떠올릴 수 있다 라는거 꼭 기억해두시길 바랍니다.
5,0,0.0,1.0,3.75,1,그래서 정답은 (5번)/(오 번)이 되겠습니다.,그래서 정답은 번)이 되겠습니다.
7,0,0.0,1.0,3.2857142857142856,1,아마도 소희가 화가 났었다고 이야기를 했었나 보네요.,아마도 소희가 화가 났었다고 이야기를 했었나 보네요.
4,0,0.0,1.0,3.0,1,(560)/(오백 육십) 나누기 (80)/(팔십).,육십) 나누기
6,0,0.0,1.0,3.0,1,이렇게 마음을 나타내는 말이 들어가 (있고요)/(있구요).,이렇게 마음을 나타내는 말이 들어가
12,1,0.08333333333333333,1.0,3.0,0,이 먹보 대장의 입모양을 따라서 b/ 우리는 이렇게 기호로 표시해줄 수 있어요.,먹보 대장의 입모양을 따라서 우리는 이렇게 기호로 표시해줄 수 있어요.
40,3,0.075,0.9117647058823529,2.6470588235294117,0,자/ 다음 친구는 뭐라고 했냐면 와 이 친구는 틀렸어요 정답이 틀렸어요 왜 틀렸을때 한번 보도록 하겠습니다 전체에 대한 색칠한 부분의 비를 구하라고 그랬는데 이 친구 (8)/(팔) 분의 (1)/(일) 을 딱 한 거 보니까 여러분 감 오십니까 이 친구는 뭘 했습니까.,다음 친구는 뭐라고 했냐면 와 친구는 틀렸어요 정답이 틀렸어요 왜 틀렸을때 한번 보도록 하겠습니다 전체에 대한 색칠한 부분의 비를 구하라고 그랬는데 친구 분의 을 딱 한 거 보니까 여러분 감 오십니까 친구는 뭘 했습니까.
12,0,0.0,1.0,3.090909090909091,1,"b/ 네. 우리가요 이번에는 두번째 개념 알아볼 텐데요, 지금 아래 나가고 있습니까?","네. 우리가요 이번에는 두번째 개념 알아볼 텐데요, 지금 아래 나가고 있습니까?"
13,1,0.07692307692307693,1.0,2.9,0,자/ 그렇다면 이 수들 중에서 (77)/(칠십 칠)보다 큰 수를 찾아서 동그라미 하는 거예요.,그렇다면 수들 중에서 칠)보다 큰 수를 찾아서 동그라미 하는 거예요.
18,0,0.0,0.875,3.4375,1,응/ 또 같은 반이네. 성철이는 태현이와 반갑게 인사를 나누었습니다. 자/ 태헌이와 성철이가 같은 반이 되어서 인사를 나누는 장면이지요?,또 같은 반이네. 성철이는 태현이와 반갑게 인사를 나누었습니다. 태헌이와 성철이가 같은 반이 되어서 인사를 나누는 장면이지요?
19,1,0.05263157894736842,1.0,2.8823529411764706,0,다음이 나타내는 수보다 (268)/(이백 육십 팔) 더 작은 수는 얼마인지 풀이과정을 쓰고 그 답을 구해보세요 라고 얘기를 하였단 말이죠.,다음이 나타내는 수보다 육십 팔) 더 작은 수는 얼마인지 풀이과정을 쓰고 답을 구해보세요 라고 얘기를 하였단 말이죠.
8,0,0.0,1.0,3.375,1,"마을 사람들은 이곳을 어떻게 생태 마을로 만들까, 고민했대요.","마을 사람들은 이곳을 어떻게 생태 마을로 만들까, 고민했대요."
19,0,0.0,0.8,3.0,1,"(13)/(십 삼)에서 (7)/(칠)을 빼면 (6)/(육) , 그렇죠? (16)/(십 육)에서 (9)/(구)를 빼니 (7)/(칠), (8)/(팔)에서 (2)/(이)를 빼니 (6)/(육) , 정확하게 맞췄습니다.","삼)에서 빼면 , 그렇죠? 육)에서 빼니 빼니 , 정확하게 맞췄습니다."
3,1,0.3333333333333333,1.0,4.5,0,n/ 친구들 안녕하세요.,친구들 안녕하세요.
15,0,0.0,1.0,3.4,1,아무래도 사람이니까 나도 모르게 실수해서 다른 사람에게 이야기를 하기도 하고 입이 근질근질해서 말을 해버리기도 하죠.,아무래도 사람이니까 나도 모르게 실수해서 다른 사람에게 이야기를 하기도 하고 입이 근질근질해서 말을 해버리기도 하죠.
3,0,0.0,1.0,5.0,1,응/ 자/ 적었어요?,적었어요?
30,1,0.03333333333333333,0.8,3.0,0,여기서 중요한 것은 아하/ (1의 자리)/(일 의 자리)에서 올림이 있는 곱셈에서는 이/ (1의 자리)/(일 의 자리)에서 올림한 수를 (10의 자리)/(십 의 자리)에서 계산한 값과 그대로 더해주면 되는구나를 알 수 있습니다.,여기서 중요한 것은 (1의 의 자리)에서 올림이 있는 곱셈에서는 (1의 의 자리)에서 올림한 수를 (10의 의 자리)에서 계산한 값과 그대로 더해주면 되는구나를 알 수 있습니다.
10,1,0.1,1.0,3.75,0,n/ 자/ 여기 도형을 보니까요 어떤 기둥인가요? 여러분. 각기둥 보이시나요?,여기 도형을 보니까요 어떤 기둥인가요? 여러분. 각기둥 보이시나요?
11,1,0.09090909090909091,1.0,2.8,0,그 글을 쓰기 전에 이렇게 내용을 정리하는 시간을 가진 겁니다 친구들.,글을 쓰기 전에 이렇게 내용을 정리하는 시간을 가진 겁니다 친구들.
2,0,0.0,1.0,2.5,1,예쁜 상점?,예쁜 상점?
11,0,0.0,1.0,3.6,1,시계가 (12 시)/(열두 시)를 가리키자 보름달에서 아이 방으로 계수나무 계단이 내려왔어요.,시계가 (12 시)를 가리키자 보름달에서 아이 방으로 계수나무 계단이 내려왔어요.
6,1,0.16666666666666666,1.0,2.6,0,"n/ 아이참, 왜 여기가 남는 거야.","아이참, 왜 여기가 남는 거야."
8,0,0.0,1.0,2.4285714285714284,1,먼저 (5635)/(오천 육백 삼십 오) 부터 표현해 봅시다.,먼저 육백 삼십 오) 부터 표현해 봅시다.
15,0,0.0,1.0,2.6,1,축구는 매주 화요일마다 하는 방과 후 활동인데 드리블 연습을 한 뒤에 팀을 나누어 경기를 한다.,축구는 매주 화요일마다 하는 방과 후 활동인데 드리블 연습을 한 뒤에 팀을 나누어 경기를 한다.
3,0,0.0,1.0,3.0,1,o/ 곡 중요하다.,곡 중요하다.
11,2,0.18181818181818182,1.0,3.0,0,n/ 그러니까 뭐/ 뒤에 자음이 바로 (ㄱ)/(기역) 이잖아요. 자/ 그럼 (ㅋ)/(키윽),그러니까 뒤에 자음이 바로 이잖아요. 그럼
17,1,0.058823529411764705,1.0,3.2,0,o/ 그렇죠. 자신의 경험한 것이 중요하지만 꿈은 내가 경험할 수가 없잖아요? n/ 그러니까 중요한 것은 간접경험 입니다.,그렇죠. 자신의 경험한 것이 중요하지만 꿈은 내가 경험할 수가 없잖아요? 그러니까 중요한 것은 간접경험 입니다.
5,0,0.0,1.0,4.0,1,수일이와 덕실이를 향해서 얘기하는 것이지요?,수일이와 덕실이를 향해서 얘기하는 것이지요?
14,1,0.07142857142857142,1.0,3.3333333333333335,0,"o/ 멋지게 요리사 복도 입었구요. n/ 네, 본격적인 글요리 시작해야 되는데요? 맛있는 글감 뭐였죠?","멋지게 요리사 복도 입었구요. 네, 본격적인 글요리 시작해야 되는데요? 맛있는 글감 뭐였죠?"
2,0,0.0,1.0,3.5,1,그냥 자연스럽게,그냥 자연스럽게
7,0,0.0,1.0,3.2,1,(87)/(팔십 칠) 더하기 (3)/(삼) 계산하면 어떻게 되나요?,칠) 더하기 계산하면 어떻게 되나요?
5,0,0.0,1.0,2.75,1,자/ 다음 문제 보도록 할게요.,다음 문제 보도록 할게요.
22,2,0.09090909090909091,0.8947368421052632,3.210526315789474,0,"(2번)/(이 번)보겠습니다. 책의 내용을 짐작할 수 있다. 네, 맞죠. 우리가 서평을 읽으면요, 그 책을 읽어보지 않아도 그 내용이 무엇일지 짐작할 수 있습니다.","번)보겠습니다. 책의 내용을 짐작할 수 있다. 네, 맞죠. 우리가 서평을 읽으면요, 책을 읽어보지 않아도 내용이 무엇일지 짐작할 수 있습니다."
4,0,0.0,1.0,2.6666666666666665,1,(그렇죠)/(그죠). 여기를 잘 보세요.,여기를 잘 보세요.
5,0,0.0,1.0,3.4,1,고+ 곳을 우리는 꼭지점이라고 합니다.,고+ 곳을 우리는 꼭지점이라고 합니다.
8,0,0.0,1.0,3.1666666666666665,1,(2 번)/(이 번)에 이어지는 문제 (4 번)/(사 번)입니다.,(2 번)에 이어지는 문제 (4 번)입니다.
31,0,0.0,0.8387096774193549,2.870967741935484,1,우리 친구들 매시간 꾸준히 조금씩 조금씩 노력하면요. 큰 실력 가질 수 있다는 거 믿고 있죠? 우리 친구들은 할 수 있습니다. 우리 친구들이요. 국어의 신과 국어의 왕이 되는 그날까지 선생님 함께하도록 하겠습니다.,우리 친구들 매시간 꾸준히 조금씩 조금씩 노력하면요. 큰 실력 가질 수 있다는 거 믿고 있죠? 우리 친구들은 할 수 있습니다. 우리 친구들이요. 국어의 신과 국어의 왕이 되는 그날까지 선생님 함께하도록 하겠습니다.
9,0,0.0,1.0,3.2857142857142856,1,자/ 여기에서 크게 두 가지 이야기했죠? (이거)/(요거) 고르면 되겠어요.,여기에서 크게 두 가지 이야기했죠? 고르면 되겠어요.
2,1,0.5,1.0,5.0,0,n/ 미안하게.,미안하게.
10,1,0.1,1.0,3.25,0,자/ 그런데요 이 해결의 과정은 지금 무엇을 알려주려고 하는 걸까요?,그런데요 해결의 과정은 지금 무엇을 알려주려고 하는 걸까요?
11,2,0.18181818181818182,1.0,3.142857142857143,0,n/ 으음/ 색깔별로 있으니까 (1)/(하나) 골라봐. 음/ 한글이 넌 역시 검은색?,색깔별로 있으니까 골라봐. 한글이 넌 역시 검은색?
16,0,0.0,0.9375,3.0,1,용왕의 병을 낫게 하기 위한 토끼의 간을 둘러싸고 벌어지는 이야기 토끼의 위기 탈출 대작전 지금부터 시작해볼까요?,용왕의 병을 낫게 하기 위한 토끼의 간을 둘러싸고 벌어지는 이야기 토끼의 위기 탈출 대작전 지금부터 시작해볼까요?
11,0,0.0,1.0,2.4,1,그게 뭐냐면 밑면에 수직인 면 (이거)/(요거)를 딱 보자마자 떠올려야 하는 거,그게 뭐냐면 밑면에 수직인 면 딱 보자마자 떠올려야 하는 거
5,0,0.0,1.0,3.4,1,수학익힘책은 여기를 펴 주세요. 짜잔.,수학익힘책은 여기를 펴 주세요. 짜잔.
7,0,0.0,0.8571428571428571,3.4285714285714284,1,그렇게 아주 아주 오랫동안 살아온 식물이래요. 정답은.,그렇게 아주 아주 오랫동안 살아온 식물이래요. 정답은.
9,1,0.1111111111111111,1.0,3.375,0,n/ 로빈슨 크루소가 가장 힘들었던 것은 바로 외로움이었던 것이죠.,로빈슨 크루소가 가장 힘들었던 것은 바로 외로움이었던 것이죠.
10,0,0.0,1.0,3.5,1,마지막에는요 이렇게 구하려는 것은 무엇이었더라라고 정리를 해 주면 되는 거예요.,마지막에는요 이렇게 구하려는 것은 무엇이었더라라고 정리를 해 주면 되는 거예요.
7,0,0.0,1.0,2.5714285714285716,1,반지름도 역시 무수히 많이 그릴 수 있어요.,반지름도 역시 무수히 많이 그릴 수 있어요.
4,1,0.25,1.0,4.0,0,"자/ 이렇게, 음/ 문제에.","이렇게, 문제에."
24,0,0.0,0.875,3.375,1,"그런데 우리의, 우리의 사건은 무엇인가요? 문제에서 저랬어요. 우리의 사건은 불량품이 나온다는 것이 사건 이에요. 불량품이 나오는 사건. 그것에 관련된 경우의 수. 몇 개라고 나와있나요?","그런데 우리의, 우리의 사건은 무엇인가요? 문제에서 저랬어요. 우리의 사건은 불량품이 나온다는 것이 사건 이에요. 불량품이 나오는 사건. 그것에 관련된 경우의 수. 몇 개라고 나와있나요?"
11,0,0.0,0.5,3.0,1,(5번)/(오 번) (6번)/(육 번) 비교. (5번)/(오 번) (6번)/(육 번) 비교. b/,비교. 비교.
10,0,0.0,1.0,3.142857142857143,1,그랬더니 (12)/(십 이) 분의 (8)/(팔)이 되죠. 그렇다면 (위하고)/(위하구) 답이 다른가요?,그랬더니 이) 분의 되죠. 그렇다면 답이 다른가요?
29,2,0.06896551724137931,0.8846153846153846,2.9615384615384617,0,뒤에는 산이고 앞에는 어/ 물이 있다. 이런 뜻이에요. 그러니까 옛날 우리 조상들은요. 뒤에 이렇게 산이 딱/ 있고요. 여기다가 집을 이렇게 지어요. 그리고 여기 앞에는 어/ 보통 물이 흐르면 좋다.,뒤에는 산이고 앞에는 물이 있다. 이런 뜻이에요. 그러니까 옛날 우리 조상들은요. 뒤에 이렇게 산이 있고요. 여기다가 집을 이렇게 지어요. 그리고 여기 앞에는 보통 물이 흐르면 좋다.
13,1,0.07692307692307693,1.0,3.1666666666666665,0,"n/ 그렇게 그는 전도사가 되었고, 그의 맑고 소박한 사상은 사람들에게 설교를 통해 전해졌다.","그렇게 그는 전도사가 되었고, 그의 맑고 소박한 사상은 사람들에게 설교를 통해 전해졌다."
23,0,0.0,1.0,2.6363636363636362,1,자/ 이런 인과관계를 잘 알면서 글을 읽으면요 일이 일어난 차례도 우리 친구들이 확실하게 알 수가 있고 더 나아가서는 글의 중심 내용 글쓴이의 의도,이런 인과관계를 잘 알면서 글을 읽으면요 일이 일어난 차례도 우리 친구들이 확실하게 알 수가 있고 더 나아가서는 글의 중심 내용 글쓴이의 의도
26,0,0.0,0.9565217391304348,3.130434782608696,1,"(ㄷ)/(디귿)으로 발음해야 되는 것, 여러분 잘 기억했으면 좋겠습니다. 예를 한번 들어 볼까요? 갓 이라는 말이 있어요. 가에다가 (ㅅ)/(시옷) 받침이죠? (ㅅ)/(시옷)으로 발음이 되는게 아니라 어떻게 발음이 된다고요?","발음해야 되는 것, 여러분 잘 기억했으면 좋겠습니다. 예를 한번 들어 볼까요? 갓 이라는 말이 있어요. 가에다가 받침이죠? 발음이 되는게 아니라 어떻게 발음이 된다고요?"
9,0,0.0,1.0,2.5714285714285716,1,낱개가 하나 더 없는 수. 바로 (58)/(오십 팔)입니다. b/,낱개가 하나 더 없는 수. 바로 팔)입니다.
6,0,0.0,1.0,2.6666666666666665,1,네? 저기? 거기 그게 무슨 말이에요?,네? 저기? 거기 그게 무슨 말이에요?
12,1,0.08333333333333333,1.0,2.75,0,"n/ 곱하기 (2)/(이)를 하면은 (40)/(사십)이 되고 단위는 (cm)/(센티미터)가 되겠죠. 그래서 결국 아,","곱하기 하면은 되고 단위는 되겠죠. 그래서 결국 아,"
20,0,0.0,0.9411764705882353,2.823529411764706,1,자/ 표의 표를 보고 알맞은 정보를 이렇게 차근차근 뽑아낼 수 있어야 하겠습니다. 계속해서 다음 문제 (10번)/(십 번) 문제 보도록 하죠.,표의 표를 보고 알맞은 정보를 이렇게 차근차근 뽑아낼 수 있어야 하겠습니다. 계속해서 다음 문제 문제 보도록 하죠.
5,2,0.4,1.0,4.333333333333333,0,아/ 허수아비 잘그렸다. 어/ 그런데?,허수아비 잘그렸다. 그런데?
24,2,0.08333333333333333,1.0,2.909090909090909,0,n/우리가 살면서 칭찬하는 말도 사과하는 말을 편지로 써서 다른 사람에게 주는 경우가 있죠. 이러한 경우를 생각해보며 이 네 번째 개념도 잘 정리해 보기 바라겠습니다.,살면서 칭찬하는 말도 사과하는 말을 편지로 써서 다른 사람에게 주는 경우가 있죠. 이러한 경우를 생각해보며 네 번째 개념도 잘 정리해 보기 바라겠습니다.
3,0,0.0,1.0,3.0,1,내 눈이 시큰했어요.,내 눈이 시큰했어요.
4,1,0.25,1.0,3.3333333333333335,0,그러면 뭐 하고 있겠어요?,그러면 하고 있겠어요?
5,1,0.2,1.0,3.75,0,n/ 별주부는 죄가 없다고 생각합니다.,별주부는 죄가 없다고 생각합니다.
23,1,0.043478260869565216,0.8823529411764706,2.6470588235294117,0,n/ 또 (1)/(하나)를 담고 마지막 (1)/(하나)까지 담으면 남는 것이 없이 이렇게 똑같이 나누어 담을 수가 있겠네요. (1접시)/(한 접시)에는 (5개)/(다섯 개)씩 담을 수가 (있고요)/(있구요).,또 담고 마지막 담으면 남는 것이 없이 이렇게 똑같이 나누어 담을 수가 있겠네요. 접시)에는 개)씩 담을 수가
29,2,0.06896551724137931,1.0,3.0,0,n/ 이야기의 내용을 가지고 조금 더 생각해 볼까요? (1)/(한) 뼘 다른 생각. 이 소년들은 위험을 무릅쓰고 섬의 곳곳을 탐험하는데요. 사실 아이들끼리 이런 모험을 즐긴다는 것은 너무 위험한 일 아닌가요?,이야기의 내용을 가지고 조금 더 생각해 볼까요? 뼘 다른 생각. 소년들은 위험을 무릅쓰고 섬의 곳곳을 탐험하는데요. 사실 아이들끼리 이런 모험을 즐긴다는 것은 너무 위험한 일 아닌가요?
10,0,0.0,1.0,2.4444444444444446,1,"똑같은 문제를 (2)/(두) 가지 모양의 식을 보고 풀어 볼 거예요,","똑같은 문제를 가지 모양의 식을 보고 풀어 볼 거예요,"
20,2,0.1,1.0,3.4285714285714284,0,교재 (102)/(백 이 쪽)에 (3번)/(삼 번) 문제입니다. 다음 빈칸에 들어갈 알맞은 글자에 동그라미 표를 하세요. 자/ 이 문제는 꼭꼭이가 풀어볼까요?,교재 쪽)에 문제입니다. 다음 빈칸에 들어갈 알맞은 글자에 동그라미 표를 하세요. 문제는 꼭꼭이가 풀어볼까요?
8,1,0.125,1.0,3.857142857142857,0,이번에는 n/ 여러가지 그래프의 특징을 비교해서 기억해 배울게요.,이번에는 여러가지 그래프의 특징을 비교해서 기억해 배울게요.
18,0,0.0,0.9285714285714286,2.7857142857142856,1,"작은 눈금 (10칸)/(열 칸) 중에서 요+요 (1칸)/(한 칸)의 길이, 요 (1칸)/(한 칸)의 길이를 우리 (1mm)/(일 밀리미터)라고 할 거예요.","작은 눈금 칸) 중에서 요+요 칸)의 길이, 요 칸)의 길이를 우리 밀리미터)라고 할 거예요."
17,0,0.0,0.8666666666666667,2.933333333333333,1,"자/ 요런 표본 몸에 얼룩말 무늬는 아우+ 아우+ 아우 (이렇게)/(이케) 입으로 나오는 말은 아니지만, 언어는 아니지만, 그래서","요런 표본 몸에 얼룩말 무늬는 아우+ 아우+ 아우 입으로 나오는 말은 아니지만, 언어는 아니지만, 그래서"
2,0,0.0,1.0,4.5,1,맞아요. 선생님이.,맞아요. 선생님이.
6,0,0.0,1.0,2.8,1,그럼 (ㄱ)/(기역)에 들어가야 할 수가 무엇일까?,그럼 들어가야 할 수가 무엇일까?
15,1,0.06666666666666667,0.9285714285714286,2.7857142857142856,0,"n/ 만약에, 우리 엄마와 똑같은 가짜 엄마가 갑자기 온다면 엄마 나이, 직장, 우리 가족들 생일,","만약에, 우리 엄마와 똑같은 가짜 엄마가 갑자기 온다면 엄마 나이, 직장, 우리 가족들 생일,"
1,0,0.0,0.0,0.0,1,(2)/(둘),
8,0,0.0,1.0,3.3333333333333335,1,(4)/(사) (8)/(팔)은 (32)/(삼십 이)인데 (4)/(사)를 더하면 (36)/(삼십 육).,이)인데 더하면 육).
1,0,0.0,0.0,0.0,1,(4)/(넷).,
25,0,0.0,0.6875,2.625,1,(7)/(칠) 나누기 (4)/(사)이기 때문에 (4)/(사) 분의 (7)/(칠). 이렇게 표현을 할 거예요. 그런데 (4)/(사) 분의 (7)/(칠)은요. (1)/(일)과 (4)/(사) 분의 (3)/(삼)과 같더라. 이렇게 표현을 할 수가 있죠.,나누기 때문에 분의 이렇게 표현을 할 거예요. 그런데 분의 분의 같더라. 이렇게 표현을 할 수가 있죠.
7,1,0.14285714285714285,1.0,3.8,0,n/ 우와/ 돌잡이라는게 있다는 것을 새롭게 알았어요.,돌잡이라는게 있다는 것을 새롭게 알았어요.
19,3,0.15789473684210525,1.0,2.2142857142857144,0,n/ 자/ 이렇게 우리 주변에 보면요 달력도 볼 수 (있고요)/(있구요) n/ 달력의 바로 n/ 요 부분 예 노란색 부분.,이렇게 우리 주변에 보면요 달력도 볼 수 달력의 바로 요 부분 예 노란색 부분.
23,0,0.0,0.9444444444444444,3.111111111111111,1,"여섯번째 줄도 (5개)/(다섯 개), 일곱 번째 줄도 (5개)/(다섯 개). 즉, (7줄)/(일곱 줄)이니까요. (5)/(오)를 (7번)/(일곱 번)을 쭉 더해준 것이죠. 그렇게 계산해 보았더니 얼마가 나오더라.","여섯번째 줄도 개), 일곱 번째 줄도 개). 즉, 줄)이니까요. 번)을 쭉 더해준 것이죠. 그렇게 계산해 보았더니 얼마가 나오더라."
19,1,0.05263157894736842,1.0,3.6875,0,간곡히 간청하였다 이렇게 자/ 애원과 비슷하게 쓰이는 말이 무엇이라고요 간청하다 자/ 그래서 우리가 어/ 어휘력을 높이는 방법이 여러가지가 있는데요.,간곡히 간청하였다 이렇게 애원과 비슷하게 쓰이는 말이 무엇이라고요 간청하다 그래서 우리가 어휘력을 높이는 방법이 여러가지가 있는데요.
13,1,0.07692307692307693,1.0,3.0833333333333335,0,도형은 어느 방향으로 밀어도 모양과 크기는 변하지 않습니다 다만 그 위치가 변할 뿐입니다.,도형은 어느 방향으로 밀어도 모양과 크기는 변하지 않습니다 다만 위치가 변할 뿐입니다.
6,0,0.0,1.0,2.5,1,콩이 모두 몇 개인지 세어볼 건데요.,콩이 모두 몇 개인지 세어볼 건데요.
8,0,0.0,1.0,2.5714285714285716,1,자/ 이렇게 할 때 우리는 무심하게 라고 합니다.,이렇게 할 때 우리는 무심하게 라고 합니다.
29,2,0.06896551724137931,0.8888888888888888,2.814814814814815,0,정적분의 구간이 똑같은+ 구간이 n/ 똑같은 아이가 눈에 보이잖아? 맞지. n/ 함수도 똑같고 그러니까 이항 해줄 수 있어서 계산을 해줄 수 있어요. 그럼 이항을 해주면 어떤 일이 벌어 지냐면?,정적분의 구간이 똑같은+ 구간이 똑같은 아이가 눈에 보이잖아? 맞지. 함수도 똑같고 그러니까 이항 해줄 수 있어서 계산을 해줄 수 있어요. 그럼 이항을 해주면 어떤 일이 벌어 지냐면?
26,2,0.07692307692307693,0.9545454545454546,2.772727272727273,0,자/ b/ 과연 이걸 어떻게 풀 수 있을까요 뭐/ 규칙을 찾아야 될까요 글쎄 잘 모르겠는데 일단은 한번 문제를 정리하기 위해서 표로 한번 나타내 보도록 n/ 하겠습니다.,과연 이걸 어떻게 풀 수 있을까요 규칙을 찾아야 될까요 글쎄 잘 모르겠는데 일단은 한번 문제를 정리하기 위해서 표로 한번 나타내 보도록 하겠습니다.
4,0,0.0,1.0,4.0,1,자/ 표현상의 특징은 어떨까요?,표현상의 특징은 어떨까요?
8,1,0.125,1.0,2.5714285714285716,0,아/ 그래. 놀러 갈 때는 장난감을 들고 가야지?,그래. 놀러 갈 때는 장난감을 들고 가야지?
21,1,0.047619047619047616,1.0,2.9411764705882355,0,"(요즘에)/(소즘에) 선생님이 굉장히 자주 들어가서 우리 친구들 궁금한 게 뭔가, 늘 살펴보고 있거든요. 자/ 그러면 이쯤에서 n/ 오늘 공부는 정리를 (하고요)/(하구여).","선생님이 굉장히 자주 들어가서 우리 친구들 궁금한 게 뭔가, 늘 살펴보고 있거든요. 그러면 이쯤에서 오늘 공부는 정리를"
4,0,0.0,1.0,2.3333333333333335,1,자/ 그런데 또 포록을,그런데 또 포록을
11,0,0.0,1.0,3.111111111111111,1,자/ 조심+ 조심 파헤쳤어요. 여기 조개가 있는 거 (같아요)/(같애요). 숨구멍을 봤으니까.,조심+ 조심 파헤쳤어요. 여기 조개가 있는 거 숨구멍을 봤으니까.
23,0,0.0,0.8888888888888888,3.2222222222222223,1,(여기도)/(여기두) 세워야겠죠? 그러니까 총 필요한 것은 바로 (1)/(하나)를 더 더해서 (3개)/(세 개)의 가로등이 필요하다. 입니다. 우리가 필요한 것은 (10m)/(십 미터)가 아니고 (40m)/(사십 미터)죠?,세워야겠죠? 그러니까 총 필요한 것은 바로 더 더해서 개)의 가로등이 필요하다. 입니다. 우리가 필요한 것은 미터)가 아니고 미터)죠?
13,1,0.07692307692307693,1.0,2.9166666666666665,0,그래서 이 상황을 봤더니 더 알고 싶은 정보를 집에 가서 알아보도록 하자는 말이로군요.,그래서 상황을 봤더니 더 알고 싶은 정보를 집에 가서 알아보도록 하자는 말이로군요.
4,0,0.0,1.0,3.5,1,"정옥이가 지우개를 산 금액보다,","정옥이가 지우개를 산 금액보다,"
13,0,0.0,1.0,2.8461538461538463,1,꼭 함께하는 것은 함께 해보고 활동을 해야지 재미있게 시를 깊이있게 이해할 수 있습니다.,꼭 함께하는 것은 함께 해보고 활동을 해야지 재미있게 시를 깊이있게 이해할 수 있습니다.
5,1,0.2,1.0,2.75,0,광고 우리 보도록 할까요? n/,광고 우리 보도록 할까요?
6,0,0.0,1.0,3.2,1,이렇게요. (115)/(백 십 오). 따라 해볼까요?,이렇게요. 십 오). 따라 해볼까요?
7,0,0.0,0.8,3.8,1,(1)/(일) 세제곱 미터는 (1000000)/(백만) 세제곱 센치미터와 같습니다.,세제곱 미터는 세제곱 센치미터와 같습니다.
5,0,0.0,1.0,3.0,1,자/ 이렇게 생긴 곳을 펴주세요.,이렇게 생긴 곳을 펴주세요.
12,0,0.0,1.0,3.5833333333333335,1,친구들은 치과 가는 거 좋아하나요? 선생님은요. 좋아하는 것도 아니고 그렇다고 싫어하지도 않아요.,친구들은 치과 가는 거 좋아하나요? 선생님은요. 좋아하는 것도 아니고 그렇다고 싫어하지도 않아요.
3,1,0.3333333333333333,1.0,2.5,0,n/ 나도 볼래.,나도 볼래.
13,0,0.0,1.0,3.6,1,그러면 이번엔 교재 (91쪽)/(구십 일 쪽)으로 넘어가서요. 그중에서 (10번)/(십 번) 문제 풀어보도록 하겠습니다.,그러면 이번엔 교재 일 쪽)으로 넘어가서요. 그중에서 문제 풀어보도록 하겠습니다.
29,0,0.0,0.9259259259259259,2.740740740740741,1,그럼 정리할게요. 문제에서 최대 (나왔고요)/(나왔구요). 그리고 남은 양이 필요 없어 버릴 수 있을 때 이런 경우에는 버림이 필요한 경우다라는 거 정리해 (놓고요)/(놓구요). 그럼 다음으로 반올림이 필요한 경우도 살펴 봅시다.,그럼 정리할게요. 문제에서 최대 그리고 남은 양이 필요 없어 버릴 수 있을 때 이런 경우에는 버림이 필요한 경우다라는 거 정리해 그럼 다음으로 반올림이 필요한 경우도 살펴 봅시다.
16,0,0.0,1.0,3.2,1,어머/ 재규의 생각이 정말 참신해요. 선생님은 그런 생각 못해봤는데. 그래요. 우리 친구들은 어떤 생각을 하고 있나요?,재규의 생각이 정말 참신해요. 선생님은 그런 생각 못해봤는데. 그래요. 우리 친구들은 어떤 생각을 하고 있나요?
6,0,0.0,1.0,2.75,1,(3번)/(삼 번) 하늘에 해가 떠 있습니다.,하늘에 해가 떠 있습니다.
33,0,0.0,0.9090909090909091,2.772727272727273,1,남학생 볼까요? (3)/(삼) 더하기 (6)/(육) (9)/(구) 에다가 (9)/(구) 더하기 (4)/(사) (13)/(십 삼) 에다가 (2)/(이) 를 더하면 (15)/(십 오) 가 되겠습니다. 자/ 일단 이렇게 표로 완성 했으니까 바로 계속해서 (9번)/(구 번) 문제 보도록 하죠.,남학생 볼까요? 더하기 에다가 더하기 삼) 에다가 를 더하면 오) 가 되겠습니다. 일단 이렇게 표로 완성 했으니까 바로 계속해서 문제 보도록 하죠.
2,0,0.0,1.0,3.5,1,이런 뜻입니다.,이런 뜻입니다.
19,1,0.05263157894736842,1.0,2.5294117647058822,0,"o/ 그래요. 학교 갔다 오면 정말 학원 가고, n/ 저녁까지 잠시도 쉴 틈 없이 바쁜 힘든 하루를 보낸다고 하네요.","그래요. 학교 갔다 오면 정말 학원 가고, 저녁까지 잠시도 쉴 틈 없이 바쁜 힘든 하루를 보낸다고 하네요."
2,1,0.5,1.0,4.0,0,n/ 어머머.,어머머.
26,1,0.038461538461538464,0.9090909090909091,3.227272727272727,0,"네, 두번째 (math)/(매스) (play)/(플레이) 는요, 쌓기나무를 보고 규칙을 찾는 것인데요. 규칙을 찾을려면 (2가지)/(두 가지) 만 제대로 찾으면 규칙을 찾기 쉽습니다. 먼저 갯수를 살펴보면 되는데요. 이 쌓기나무.","네, 두번째 는요, 쌓기나무를 보고 규칙을 찾는 것인데요. 규칙을 찾을려면 가지) 만 제대로 찾으면 규칙을 찾기 쉽습니다. 먼저 갯수를 살펴보면 되는데요. 쌓기나무."
18,1,0.05555555555555555,1.0,3.375,0,경제협력개발기구 (OECD)/(오 이 씨 디)가 정리한 미래 핵심 역량은 도구활용능력 사회적 상호작용 능력 자기 삶에 대한 자주적 관리능력입니다.,경제협력개발기구 씨 디)가 정리한 미래 핵심 역량은 도구활용능력 사회적 상호작용 능력 자기 삶에 대한 자주적 관리능력입니다.
14,1,0.07142857142857142,1.0,2.8333333333333335,0,자/ 먼저 이 장면에서 뻥튀기가 막 사방으로 날리는 모양을 표현한 것은 모두 몇 개인가요?,먼저 장면에서 뻥튀기가 막 사방으로 날리는 모양을 표현한 것은 모두 몇 개인가요?
3,1,0.3333333333333333,1.0,5.0,0,"n/ 여러분, 안녕하세요.","여러분, 안녕하세요."
5,0,0.0,1.0,3.25,1,읽고 의견을 쓸수도 있습니다. (그리고요)/(그리구요).,읽고 의견을 쓸수도 있습니다.
4,1,0.25,1.0,5.0,0,n/ l/ 그래서 준비했습니다.,그래서 준비했습니다.
10,0,0.0,1.0,2.5714285714285716,1,자/ 친구들 대답해 볼까요. (10)/(십) 에서 (9)/(구) 를 빼면 얼마?,친구들 대답해 볼까요. 에서 를 빼면 얼마?
7,0,0.0,1.0,3.2,1,(100)/(백) 의 자리에서부터 받아 내림을 합니다. (8)/(팔).,의 자리에서부터 받아 내림을 합니다.
12,1,0.08333333333333333,0.7272727272727273,1.9090909090909092,0,n/ 난 환호성이 좋아 이야 이야 야 와우 와우 와우 하 하.,난 환호성이 좋아 이야 이야 야 와우 와우 와우 하 하.
5,0,0.0,1.0,3.5,1,자/ 이제 그냥 넘어가면 서운하시죠.,이제 그냥 넘어가면 서운하시죠.
13,1,0.07692307692307693,1.0,2.5454545454545454,0,자연수 (6)/(육) 보다 작기때문에 이 네모 안에 들어갈 수 있는 수는 뭐여야 된다?,자연수 보다 작기때문에 네모 안에 들어갈 수 있는 수는 뭐여야 된다?
10,0,0.0,1.0,3.375,1,자/ (a)/(에이)의 화자는 타인과 단절된 상황에서 느끼는 고독감을 드러내고 있다.,화자는 타인과 단절된 상황에서 느끼는 고독감을 드러내고 있다.
10,0,0.0,1.0,3.3333333333333335,1,자/ 그럼 우리 사다리꼴의 넓이 이제 구해주면 되는데요. 어떻게 구했었죠?,그럼 우리 사다리꼴의 넓이 이제 구해주면 되는데요. 어떻게 구했었죠?
1,0,0.0,1.0,6.0,1,부끄러워요.,부끄러워요.
9,0,0.0,1.0,3.125,1,찾았나요? 바로 긴 바늘이 (6)/(육)을 가르키고 있다는 공통점이 있죠?,찾았나요? 바로 긴 바늘이 가르키고 있다는 공통점이 있죠?
9,2,0.2222222222222222,1.0,4.0,0,n/이 그림에서 보이듯이 작은 n/직각삼각형으로 이루어진 직각삼각형이 주어져 있습니다.,그림에서 보이듯이 작은 이루어진 직각삼각형이 주어져 있습니다.
6,1,0.16666666666666666,1.0,3.0,0,"n/ 요것은 왜란이군. 말 그대로, 왜.","요것은 왜란이군. 말 그대로, 왜."
17,0,0.0,1.0,3.375,1,그렇죠. 시간이 순서대로 변화가 있지요. 따라서 이와같이 (1시간)/(한 시간)씩으로 나타내 주면 되겠어요. 이제 그릴 준비는 다 되었고요.,그렇죠. 시간이 순서대로 변화가 있지요. 따라서 이와같이 시간)씩으로 나타내 주면 되겠어요. 이제 그릴 준비는 다 되었고요.
10,0,0.0,0.8,2.8,1,듣는 사람을 바라보며 말합니다 그렇죠 듣는 사람을 바라 봐야 돼요.,듣는 사람을 바라보며 말합니다 그렇죠 듣는 사람을 바라 봐야 돼요.
7,0,0.0,1.0,3.2857142857142856,1,"왜냐하면 이게 원래 기본형이 담그다예요. 그래서 담,","왜냐하면 이게 원래 기본형이 담그다예요. 그래서 담,"
10,1,0.1,1.0,2.25,0,n/ 대신에 평소에도 공부를 더 열심히 해야 할 것 (같아요)/(같애요).,대신에 평소에도 공부를 더 열심히 해야 할 것
24,0,0.0,0.9166666666666666,3.4583333333333335,1,"청소하거나 아니면 수리할때 드나드는 구멍이죠, 이것이 거의 원모양이라니 재밌는 사실이죠? 우리 무량대수 할아버지 이야기 듣고 여러분 교재에 나온 문제 해결해 보도록 할게요, 무량대수 할아버지","청소하거나 아니면 수리할때 드나드는 구멍이죠, 이것이 거의 원모양이라니 재밌는 사실이죠? 우리 무량대수 할아버지 이야기 듣고 여러분 교재에 나온 문제 해결해 보도록 할게요, 무량대수 할아버지"
17,0,0.0,1.0,2.411764705882353,1,그럼 얘를 살려서 짝수 칸 이동 시킬 건데 만약에 오른쪽으로 간다 하면은 수가 더 커지니까 안 되겠죠.,그럼 얘를 살려서 짝수 칸 이동 시킬 건데 만약에 오른쪽으로 간다 하면은 수가 더 커지니까 안 되겠죠.
13,0,0.0,1.0,3.3846153846153846,1,짜잔 신호등이라는 거지 신호등은 빨간색과 초록색으로 되어 있어 빨간색은 가지 마세요란 뜻이고 초록색은,짜잔 신호등이라는 거지 신호등은 빨간색과 초록색으로 되어 있어 빨간색은 가지 마세요란 뜻이고 초록색은
13,0,0.0,1.0,3.3636363636363638,1,음향기기 에/ 여러분 주변에 에/ 스피커가 있다거나 그럽니까 그게 바로 음향 기기가 되겠습니다.,음향기기 여러분 주변에 스피커가 있다거나 그럽니까 그게 바로 음향 기기가 되겠습니다.
6,0,0.0,1.0,3.1666666666666665,1,그래서 정답은 다 이렇게 써주면 되겠습니다.,그래서 정답은 다 이렇게 써주면 되겠습니다.
1,0,0.0,0.0,0.0,1,"(Ready)/(레디),",
3,0,0.0,1.0,3.0,1,어라. 이게 아닌데.,어라. 이게 아닌데.
10,0,0.0,1.0,3.0,1,"신문 속의 사진이나 그림은 있으면 좋고, 없으면 어쩔수 없는 것입니다.","신문 속의 사진이나 그림은 있으면 좋고, 없으면 어쩔수 없는 것입니다."
19,0,0.0,1.0,3.0625,1,"(1)/(일), (2)/(이), (3강)/(삼 강)에서 제대로 꼼꼼하게 공부한 친구라면 알쏭이와 같은 의문을 가질 겁니다 우리 친구들 다같이 한번 발음 해볼까요?",강)에서 제대로 꼼꼼하게 공부한 친구라면 알쏭이와 같은 의문을 가질 겁니다 우리 친구들 다같이 한번 발음 해볼까요?
12,0,0.0,1.0,2.4166666666666665,1,"한 줄로 연결 을 하는 거예요 우리 친구들도 그냥 물건을 놓는 것보다는,","한 줄로 연결 을 하는 거예요 우리 친구들도 그냥 물건을 놓는 것보다는,"
18,0,0.0,0.9411764705882353,3.3529411764705883,1,"그리고 두 번째도 친구에게 고운 말을 사용하면 니은 좋겠다 좋겠습니다, 어떻게 해야 된다고요? 그렇죠 좋겠습니다, 높임표현 사용해야 (한다고요)/(한다구요).","그리고 두 번째도 친구에게 고운 말을 사용하면 니은 좋겠다 좋겠습니다, 어떻게 해야 된다고요? 그렇죠 좋겠습니다, 높임표현 사용해야"
6,0,0.0,1.0,2.6666666666666665,1,경찰은 아내의 흔적을 찾을 수 없었죠.,경찰은 아내의 흔적을 찾을 수 없었죠.
16,1,0.0625,0.8181818181818182,3.0,0,"n/ 즉/ 요것을 퍼센트로 나타내면은 되겠네요 자/ (5)/(오) 로 약분 하겠습니다 (5)/(오) 로 약분 하면은요 네,","요것을 퍼센트로 나타내면은 되겠네요 로 약분 하겠습니다 로 약분 하면은요 네,"
5,0,0.0,1.0,3.4,1,좋아요 나의 생활과 삶을 되돌아보는거.,좋아요 나의 생활과 삶을 되돌아보는거.
14,0,0.0,0.9285714285714286,3.2142857142857144,1,수호를 만났네요 소미가. 소미가 말해요. 수호야 안녕? 인사를 했어요. 그러니까 수호 또 인사를 하겠죠?,수호를 만났네요 소미가. 소미가 말해요. 수호야 안녕? 인사를 했어요. 그러니까 수호 또 인사를 하겠죠?
3,0,0.0,1.0,3.0,1,어려워? 안 어렵지?,어려워? 안 어렵지?
15,0,0.0,1.0,3.0,1,자/ 이렇게 얘기했어요. 그런데 같은 걸 읽고 친구에게 말할 때는 요렇게 말했대요. 물물교환할 때 말야.,이렇게 얘기했어요. 그런데 같은 걸 읽고 친구에게 말할 때는 요렇게 말했대요. 물물교환할 때 말야.
23,1,0.043478260869565216,0.9545454545454546,3.0,0,입구도 없는 탑 안에서 갇혀서 생활하고 있었거든요. 그래서 머리를 자르고 싶어도 자를 수가 없었어요. 그 덕에 아주 길고 윤기나고 아름다운 머리를 갖게 되었죠.,입구도 없는 탑 안에서 갇혀서 생활하고 있었거든요. 그래서 머리를 자르고 싶어도 자를 수가 없었어요. 덕에 아주 길고 윤기나고 아름다운 머리를 갖게 되었죠.
7,0,0.0,1.0,3.25,1,(2번)/(이 번)이 되겠죠 (2번)/(이 번)은 (2)/(이) 곱하기.,번)이 되겠죠 번)은 곱하기.
6,0,0.0,1.0,3.8,1,"자/ 그럼 평행사변형의 넓이는 삼각형의 넓이의,","그럼 평행사변형의 넓이는 삼각형의 넓이의,"
8,0,0.0,0.0,0.0,1,"자/ (1)/(하나), (2)/(둘), (3)/(셋), (4)/(넷), (5)/(다섯),(6)/(여섯), (7)/(일곱), (8)/(여덟),",
4,0,0.0,1.0,4.333333333333333,1,"자/ 플러스라고 했습니다 뭐보다,","플러스라고 했습니다 뭐보다,"
9,0,0.0,1.0,2.7777777777777777,1,아주 맛있는 먹잇감을 발견한 걸까? 아니면 어떤 특별한 일이,아주 맛있는 먹잇감을 발견한 걸까? 아니면 어떤 특별한 일이
18,0,0.0,1.0,2.888888888888889,1,"그래서 다섯 번째 마지막 문장은 다 합쳐서, 이렇게 동물들은 자신만의 방법으로 소리를 낼 수 있다고 정리를 해주고 있습니다.","그래서 다섯 번째 마지막 문장은 다 합쳐서, 이렇게 동물들은 자신만의 방법으로 소리를 낼 수 있다고 정리를 해주고 있습니다."
9,1,0.1111111111111111,1.0,3.1666666666666665,0,"n/ 자/ 보니까 (9.5cm)/(구 점 오 센티미터), 길이가 같습니다.","보니까 점 오 센티미터), 길이가 같습니다."
33,0,0.0,0.7857142857142857,2.5357142857142856,1,다음으로 (17번)/(십 칠 번) 중요표시 있는 문제 볼게요 주사위 마주보는 면에 있는 눈의 수를 합하면 (7)/(칠)입니다 (2)/(이)의 눈이 그려진면과 평행한 면에 있는 눈에 수를 구해 보세요 라고 했습니다 여기 (2)/(이)에 눈이 있는 면.,다음으로 칠 중요표시 있는 문제 볼게요 주사위 마주보는 면에 있는 눈의 수를 합하면 눈이 그려진면과 평행한 면에 있는 눈에 수를 구해 보세요 라고 했습니다 여기 눈이 있는 면.
4,0,0.0,1.0,3.0,1,자/ 그다음 (3번)/(삼 번).,그다음 번).
13,0,0.0,1.0,2.5833333333333335,1,그러니까 친구가 물을 마시거나 우유를 마실 때 장난으로 딱/ 치면 될까 안 될까?,그러니까 친구가 물을 마시거나 우유를 마실 때 장난으로 치면 될까 안 될까?
11,0,0.0,0.8,2.6,1,누구나 예약 부도의 희생양이 될 수 있다. 자/ 예약 부도의 희생양.,누구나 예약 부도의 희생양이 될 수 있다. 예약 부도의 희생양.
8,0,0.0,1.0,3.125,1,우리 친구들도 줄자를 이용해서 물건의 길이 잘 재어보세요.,우리 친구들도 줄자를 이용해서 물건의 길이 잘 재어보세요.
7,0,0.0,1.0,3.1666666666666665,1,"o/ 우리 나라의 전설에 나타나는 바로 귀신인데,","우리 나라의 전설에 나타나는 바로 귀신인데,"
22,2,0.09090909090909091,0.9473684210526315,3.0,0,아 정말 감사하다. (그렇죠)/(그죠)? 우리 친구들 아침에 등교를 할 때마다 이렇게 횡단보도에 서 계시는 녹색 어머니회 분들이 계실 거예요. 아 정말 감사합니다.,정말 감사하다. 우리 친구들 아침에 등교를 할 때마다 이렇게 횡단보도에 서 계시는 녹색 어머니회 분들이 계실 거예요. 정말 감사합니다.
9,1,0.1111111111111111,1.0,3.6666666666666665,0,자/ 그럼 이 문제는 b/ 우리 친구들이 덧셈식을 만들어볼까요?,그럼 문제는 우리 친구들이 덧셈식을 만들어볼까요?
3,1,0.3333333333333333,1.0,3.5,0,n/ 관한 글이었죠?,관한 글이었죠?
30,1,0.03333333333333333,0.8928571428571429,3.142857142857143,0,이렇게 생각하는 친구들이 독해력이 있다. 왜? 할머니의 이야기를 듣고 뭔가 심상치 않은 등장인물일 것이다라고 추론을 하기 때문에 추론을 하는 친구는 이야기를 재미있게 읽을 수 있다. 자/ 그럼 문제로 n/ 넘어갈게요.,이렇게 생각하는 친구들이 독해력이 있다. 왜? 할머니의 이야기를 듣고 뭔가 심상치 않은 등장인물일 것이다라고 추론을 하기 때문에 추론을 하는 친구는 이야기를 재미있게 읽을 수 있다. 그럼 문제로 넘어갈게요.
7,1,0.14285714285714285,1.0,3.0,0,"n/ 우리 (5학년)/(오 학년) 친구들과 함께 말이죠,","우리 학년) 친구들과 함께 말이죠,"
9,0,0.0,1.0,3.0,1,"분홍색 공깃돌을 이용해서 (7개씩)/(일곱 개) 씩 (3묶음)/(세 묶음) 이니까,","분홍색 공깃돌을 이용해서 개) 씩 묶음) 이니까,"
18,1,0.05555555555555555,1.0,3.4444444444444446,0,자/ (1)/(일)과 (1)/(일)의 자리에서 (3)/(삼)을 곱하면 실제로는 (1)/(일)이 아니라 (10)/(십)이니까 (30)/(삼십)이죠 따라서 n/ 이렇게 (30)/(삼십) 자리에 맞춰 적어주고요.,자리에서 곱하면 실제로는 아니라 따라서 이렇게 자리에 맞춰 적어주고요.
30,2,0.06666666666666667,0.875,2.875,0,그렇다면 바로 이게 일직선상이죠. 그렇기 때문에 이 전체는 우리 친구들 각도가 (180도)/(백 팔십 도)입니다. 즉 (180도)/(백 팔십 도)에서 (30)/(삼십) 도와 (25도)/(이십 오 도)의 합을 뺀 나머지가 바로 이 각도가 되겠죠?,그렇다면 바로 이게 일직선상이죠. 그렇기 때문에 전체는 우리 친구들 각도가 팔십 도)입니다. 즉 팔십 도)에서 도와 오 도)의 합을 뺀 나머지가 바로 각도가 되겠죠?
9,0,0.0,0.875,2.375,1,자/ 우리 이제 우리 친구들이 직접 글을 쓸 거예요.,우리 이제 우리 친구들이 직접 글을 쓸 거예요.
19,1,0.05263157894736842,1.0,3.0,0,가설들을 쭉 소개한 다음에 글쓴이는 뭘 소개하고 있습니까? 가 지문에서 아/ 이런 가설들도 다 문제가 있어요. 제 생각에는 말이에요.,가설들을 쭉 소개한 다음에 글쓴이는 뭘 소개하고 있습니까? 가 지문에서 이런 가설들도 다 문제가 있어요. 제 생각에는 말이에요.
14,1,0.07142857142857142,1.0,3.25,0,n/ 자/ 연과 바람입니다 이것도 역시 읽어보시면 시각적 심상의 굉장히 두드러진 시라는 거 그다음에.,연과 바람입니다 이것도 역시 읽어보시면 시각적 심상의 굉장히 두드러진 시라는 거 그다음에.
5,1,0.2,1.0,4.25,0,n/ 당근이자나? 당근을 버릴려고 그랬어?,당근이자나? 당근을 버릴려고 그랬어?
1,0,0.0,0.0,0.0,1,"(1)/(일),",
4,1,0.25,1.0,3.0,0,음/ 어떻게 하면 좋을까?,어떻게 하면 좋을까?
9,0,0.0,0.8888888888888888,2.5555555555555554,1,편지 쓰기 비법을 익혀서 편지 쓰는 달인이 되어 볼까요?,편지 쓰기 비법을 익혀서 편지 쓰는 달인이 되어 볼까요?
5,0,0.0,1.0,3.4,1,우리가 먼저 견내량으로 쳐들어 갑시다.,우리가 먼저 견내량으로 쳐들어 갑시다.
1,0,0.0,1.0,6.0,1,문제입니다.,문제입니다.
7,1,0.14285714285714285,1.0,4.0,0,(이)/(요) 생각하고 판단하는 능력이 좋아. 이 말이잖아요.,생각하고 판단하는 능력이 좋아. 말이잖아요.
33,3,0.09090909090909091,0.9285714285714286,2.892857142857143,0,"에게/ 그 조개껍데기? 그러면 여러분은 요런 조개껍데기 생각나죠. 요런 조개껍데기. 우리 맨날 까먹는 그 조개? 야, 이거 내다 팔자. 어/ 요런 거. 요거. 요+ 요 조개 가져가면 쌀 준대. 이게 아니라는 거죠. (그렇죠)/(그쵸).","조개껍데기? 그러면 여러분은 요런 조개껍데기 생각나죠. 요런 조개껍데기. 우리 맨날 까먹는 조개? 야, 이거 내다 팔자. 요런 거. 요거. 요+ 요 조개 가져가면 쌀 준대. 이게 아니라는 거죠."
23,1,0.043478260869565216,0.9545454545454546,3.1363636363636362,0,n/ 우리 조상의 지혜인데 무엇에 나타난? 그래요.의 생활 속에 나타난 우리 조상들의 지혜가 바로 중심 내용이 됐습니다. 그다음 세부 내용으로 어떤 내용들이 나왔어요?,우리 조상의 지혜인데 무엇에 나타난? 그래요.의 생활 속에 나타난 우리 조상들의 지혜가 바로 중심 내용이 됐습니다. 그다음 세부 내용으로 어떤 내용들이 나왔어요?
4,0,0.0,1.0,2.75,1,네 이름을 장미로 하겠다.,네 이름을 장미로 하겠다.
11,1,0.09090909090909091,1.0,2.9,0,글을 읽으면서 어/ 더 궁금한 점이 있으면 무엇인지도 생각해 보는 거예요.,글을 읽으면서 더 궁금한 점이 있으면 무엇인지도 생각해 보는 거예요.
8,1,0.125,0.8333333333333334,3.3333333333333335,0,"요리조리 비비, 요리조리 비비 그 다음에 해당하는 (ㄱ)/(기역)이죠.","요리조리 비비, 요리조리 비비 다음에 해당하는"
5,0,0.0,1.0,4.333333333333333,1,자/ 여기 (1)/(일) 제곱센티미터 나와있죠.,여기 제곱센티미터 나와있죠.
34,0,0.0,0.9411764705882353,3.0588235294117645,1,축구를 한다. 지금 축구를 하는 거잖아요. 하지만 여기에는 는이라는 표현이 없죠. 나는 열두살이다. 지금 열두살인데 여기에도 는이 없죠? 그리고 오늘은 춥다. 이런 표현들처럼 꼭 는을 쓰지 않아도 지금은 나타낼 수 있는 서술어 표현들이 있답니다.,축구를 한다. 지금 축구를 하는 거잖아요. 하지만 여기에는 는이라는 표현이 없죠. 나는 열두살이다. 지금 열두살인데 여기에도 는이 없죠? 그리고 오늘은 춥다. 이런 표현들처럼 꼭 는을 쓰지 않아도 지금은 나타낼 수 있는 서술어 표현들이 있답니다.
8,1,0.125,1.0,2.0,0,n/ 나 물 좀 줘 이렇게 띄어 읽었어야지,나 물 좀 줘 이렇게 띄어 읽었어야지
8,1,0.125,1.0,4.0,0,n/ 아니지요 (4번)/(사 번) 어머니께 꾸중을 들었 경험이였나요.,아니지요 어머니께 꾸중을 들었 경험이였나요.
9,1,0.1111111111111111,1.0,2.75,0,n/ 그리고 과학 점수 더하고 과목의 수로 나누어 줍니다.,그리고 과학 점수 더하고 과목의 수로 나누어 줍니다.
19,1,0.05263157894736842,1.0,2.7857142857142856,0,자/ 이번에는요 우리 친구들 교재 (81쪽)/(팔십 일 쪽) 문제 (4번)/(사 번) 을 통해서 또다른 n/ 삼각형 문제를 풀어보도록 할까요?,이번에는요 우리 친구들 교재 일 쪽) 문제 을 통해서 또다른 삼각형 문제를 풀어보도록 할까요?
2,0,0.0,0.5,3.0,1,그러면 그러면,그러면 그러면
19,0,0.0,1.0,3.4444444444444446,1,(그렇죠)/(그쵸) 뻥튀기가 사방으로 날리는 모양과 그리고 고소한 냄새가 이렇게 가득한 그런 장면이 떠오르죠. 그것을 비유하는 표현을 살려서 표현했기 때문입니다.,뻥튀기가 사방으로 날리는 모양과 그리고 고소한 냄새가 이렇게 가득한 그런 장면이 떠오르죠. 그것을 비유하는 표현을 살려서 표현했기 때문입니다.
17,0,0.0,1.0,3.5714285714285716,1,희동이가요 세연이 장난감을 망가뜨려서 어떤 마음일까를 (1)/(한)번 생각해 보세요. 자/ 준비되 셨나요? 자/ 그럼 내가 먼저 읽어볼게요.,희동이가요 세연이 장난감을 망가뜨려서 어떤 마음일까를 생각해 보세요. 준비되 셨나요? 그럼 내가 먼저 읽어볼게요.
15,0,0.0,1.0,2.933333333333333,1,우리 여기 우리가 잘 아는 평행사변형이 나와 있는데요 우리는 여기서 색칠한 부분의 넓이만 구하고 싶어요.,우리 여기 우리가 잘 아는 평행사변형이 나와 있는데요 우리는 여기서 색칠한 부분의 넓이만 구하고 싶어요.
3,1,0.3333333333333333,1.0,3.5,0,n/ 글자들을 바꾸고,글자들을 바꾸고
12,0,0.0,0.5714285714285714,2.857142857142857,1,네모 더하기 (8)/(팔) 더하기 네모 더하기 (8)/(팔)은 바로n/ (36)/(삼십 육)과 같습니다 (라고요)/(라구요).,네모 더하기 더하기 네모 더하기 육)과 같습니다
5,0,0.0,1.0,3.8,1,어떤 수를 가지고 글을+그림을 그려볼까요?,어떤 수를 가지고 글을+그림을 그려볼까요?
6,1,0.16666666666666666,1.0,2.6,0,내가 마치 그 자리에 있는 것처럼.,내가 마치 자리에 있는 것처럼.
25,0,0.0,0.7894736842105263,2.736842105263158,1,"그렇지 각도 경매 각도 경매 우리 했었지? 맞아 맞아 (80)/(팔 십), (80)/(팔십) 나왔습니다. 자/ 다시 (85)/(팔십 오), (85)/(팔십 오) 나왔습니다. 자/ 그러면서 딱 재 봤죠?","그렇지 각도 경매 각도 경매 우리 했었지? 맞아 맞아 십), 나왔습니다. 다시 오), 오) 나왔습니다. 그러면서 딱 재 봤죠?"
2,0,0.0,1.0,3.5,1,바로 보이나요?,바로 보이나요?
33,2,0.06060606060606061,0.896551724137931,2.8275862068965516,0,"어/ 그런데 우리 친구들 중에 음/ 나는 (2번)/(이 번) 글이 더 이해하기 쉬웠는데 라고 중얼거리는 친구가 있겠죠. 특이한 친구들 있으니까 그래요. 사람에 따라서 이해하기 쉬운 것, 이해하기 어려운 것은 서로 다를 수 있죠.","그런데 우리 친구들 중에 나는 글이 더 이해하기 쉬웠는데 라고 중얼거리는 친구가 있겠죠. 특이한 친구들 있으니까 그래요. 사람에 따라서 이해하기 쉬운 것, 이해하기 어려운 것은 서로 다를 수 있죠."
8,0,0.0,1.0,2.5,1,자/ (60)/(육십)+ (63)/(육십 삼) 에서 빼기 (15)/(십오) 입니다.,삼) 에서 빼기 입니다.
2,1,0.5,1.0,4.0,0,n/ 이건가?,이건가?
13,1,0.07692307692307693,1.0,3.0,0,자/ 이 모양은 몇 개가 이용 되었나요? 맞아요 여기 하나. 하나가 이용이 되었습니다.,모양은 몇 개가 이용 되었나요? 맞아요 여기 하나. 하나가 이용이 되었습니다.
4,1,0.25,1.0,3.3333333333333335,0,이렇게 이어주면 완성. n/,이렇게 이어주면 완성.
2,1,0.5,1.0,3.0,0,n/ 입다.,입다.
12,0,0.0,0.8333333333333334,3.6666666666666665,1,모+ 먹는다는 행동. 움직임을 나타내는 말입니다. 이렇게 움직임을 나타내는 말을 동사라고 하는데요.,모+ 먹는다는 행동. 움직임을 나타내는 말입니다. 이렇게 움직임을 나타내는 말을 동사라고 하는데요.
6,0,0.0,1.0,2.8333333333333335,1,나 무슨 일 있었더라? 생각하고 있네요.,나 무슨 일 있었더라? 생각하고 있네요.
7,0,0.0,1.0,3.5714285714285716,1,우리 친구들은 욕심쟁이가 되지 않기. 선생님과 약속해요.,우리 친구들은 욕심쟁이가 되지 않기. 선생님과 약속해요.
6,2,0.3333333333333333,1.0,2.25,0,n/ 아/ 말씀 다 하신 겁니까?,말씀 다 하신 겁니까?
22,0,0.0,0.9375,2.75,1,"다음으로 서준이는 (0.87)/(영 점 팔 칠) 곱하기 (9)/(구)를 계산할 건데요 자/ 자연수의 곱셈처럼 계산했네요 (87)/(팔십 칠) 과 (9)/(구)의 곱은 약 (800)/(팔백) 이니까,","다음으로 서준이는 점 팔 칠) 곱하기 계산할 건데요 자연수의 곱셈처럼 계산했네요 칠) 과 곱은 약 이니까,"
5,0,0.0,1.0,3.0,1,(7)/(칠) (4)/(사) (28)/(이십 팔) 그렇죠.,팔) 그렇죠.
26,0,0.0,0.9130434782608695,3.0,1,"상자모양 (4개)/(네 개) 그리고 둥근 기둥 모양 (3개)/(세 개), 공 모양 (1개)/(한 개)를 이용해서 모양을 만든 사람이 누구인지 쓰는 거에요. 찬호와 유진이가 이렇게나 멋있는 모양을 만들었는데요","상자모양 개) 그리고 둥근 기둥 모양 개), 공 모양 개)를 이용해서 모양을 만든 사람이 누구인지 쓰는 거에요. 찬호와 유진이가 이렇게나 멋있는 모양을 만들었는데요"
25,2,0.08,0.9090909090909091,3.227272727272727,0,n/ 자/ 그랬으면 우리 쓱쓱이가 친구들에게 음료수병의 크기 그리고 색깔 이게 플라스틱으로 만든 것인지 캔으로 만든 것인지 이 재료까지 알려줬다면 친구들이 잘 이해할 수 있었겠죠.,그랬으면 우리 쓱쓱이가 친구들에게 음료수병의 크기 그리고 색깔 이게 플라스틱으로 만든 것인지 캔으로 만든 것인지 재료까지 알려줬다면 친구들이 잘 이해할 수 있었겠죠.
22,0,0.0,1.0,3.1363636363636362,1,바로 직사각형 모양이 될 텐데요. 혹시 여기서 헷갈리는 친구들도 분명히 있을 수 있습니다. 선생님이 직사각형이 아니라 아래에 이렇게 곡선으로 되있는 거 아닌가요?,바로 직사각형 모양이 될 텐데요. 혹시 여기서 헷갈리는 친구들도 분명히 있을 수 있습니다. 선생님이 직사각형이 아니라 아래에 이렇게 곡선으로 되있는 거 아닌가요?
14,0,0.0,1.0,3.0,1,(8cm)/(팔 센티미터)가 되는 것이고 다음으로 세로의 길이는 그렇죠 여기 마주 보는 모서리의 길이 보고.,센티미터)가 되는 것이고 다음으로 세로의 길이는 그렇죠 여기 마주 보는 모서리의 길이 보고.
4,1,0.25,1.0,2.5,0,자/ 그 다음 세번째,다음 세번째
15,1,0.06666666666666667,0.9230769230769231,2.769230769230769,0,가만 보자. 어이구/ 밑변의 길이가 지금 안 보이네요. 이 밑변의 길이는 어떻게 구할 수 있을까요?,가만 보자. 밑변의 길이가 지금 안 보이네요. 밑변의 길이는 어떻게 구할 수 있을까요?
16,0,0.0,0.9166666666666666,2.5,1,(85)/(팔십 오) 이상인 수는 (85)/(팔십 오) (102)/(백 이) 백칠+ (87)/(팔십 칠) 이렇게 우리가 찾을 수 있습니다.,오) 이상인 수는 오) 이) 백칠+ 칠) 이렇게 우리가 찾을 수 있습니다.
5,1,0.2,1.0,3.0,0,n/ 동물을 만들어 보는 거에요.,동물을 만들어 보는 거에요.
14,1,0.07142857142857142,1.0,2.923076923076923,0,먼저 맞는 아이가 겁이 되게 많았나봐요. 이+ 소리를+ 이 소리를 들으면 어떤 생각이 드나요?,먼저 맞는 아이가 겁이 되게 많았나봐요. 이+ 소리를+ 소리를 들으면 어떤 생각이 드나요?
23,0,0.0,1.0,3.090909090909091,1,자/ 이게 무슨 말이냐 하면 그림 있죠. 지금 원숭이가 바나나를 먹으면서 굉장히 행복한 표정을 짓고 있어요. 그러니까 기쁜 거죠. 기뻐요. 마음을 나타내는 말이에요.,이게 무슨 말이냐 하면 그림 있죠. 지금 원숭이가 바나나를 먹으면서 굉장히 행복한 표정을 짓고 있어요. 그러니까 기쁜 거죠. 기뻐요. 마음을 나타내는 말이에요.
12,0,0.0,0.8333333333333334,3.0,1,인물의 수가 줄어들어? 이런 내용은 알맞지 않죠? 인물의 수가 줄어든 것은 아닙니다.,인물의 수가 줄어들어? 이런 내용은 알맞지 않죠? 인물의 수가 줄어든 것은 아닙니다.
11,1,0.09090909090909091,0.75,3.0,0,"n/ (2)/(이) 곱하기 (3)/(삼) 곱하기 (7)/(칠) (42)/(사십 이) 아하/ (42)/(사십 이)가,","곱하기 곱하기 이) 이)가,"
11,0,0.0,1.0,3.5454545454545454,1,유령의 말이 사실인지 의심하고요. 복수를 해야되는지 말아야 되는지 계속 묻고 대답합니다.,유령의 말이 사실인지 의심하고요. 복수를 해야되는지 말아야 되는지 계속 묻고 대답합니다.
12,0,0.0,1.0,2.8333333333333335,1,옆면 이렇게 찾았고요. 또 있어요. 여기도 있고요. 그리고 요기 선생님이 지금 다,옆면 이렇게 찾았고요. 또 있어요. 여기도 있고요. 그리고 요기 선생님이 지금 다
12,0,0.0,1.0,2.8333333333333335,1,전지는 전기를 발생시키는 원리에 따라 물리 전지와 화학 전지로 나눌 수 있습니다.,전지는 전기를 발생시키는 원리에 따라 물리 전지와 화학 전지로 나눌 수 있습니다.
20,0,0.0,1.0,3.235294117647059,1,(123쪽)/(백 이십 삼 쪽)에 (4번)/(사 번)입니다. (ㄴ)/(니은)에 들어갈 내용으로 알맞지 않은 것을 고르라고 했습니다. 인물에 대해서 설명하는 방법에 대한 문제였죠?,이십 삼 쪽)에 번)입니다. 들어갈 내용으로 알맞지 않은 것을 고르라고 했습니다. 인물에 대해서 설명하는 방법에 대한 문제였죠?
14,1,0.07142857142857142,1.0,2.5384615384615383,0,아/ 주제 하면요 우리 친구들에게 너는 커서 뭐가 되고 싶니 라고 물으면 요즘 친구들이,주제 하면요 우리 친구들에게 너는 커서 뭐가 되고 싶니 라고 물으면 요즘 친구들이
2,0,0.0,1.0,5.0,1,오/ 좋은데요.,좋은데요.
4,0,0.0,1.0,4.0,1,(100)/(백)이 (5개)/(다섯 개)이면 (50)/(오십)인가요?,개)이면
4,0,0.0,1.0,1.5,1,"(A)/(에이)가 (6)/(육)보다 클 때,","클 때,"
8,1,0.125,1.0,2.2857142857142856,0,n/ 그럼 다음 한 주 건강한 모습으로 안녕.,그럼 다음 한 주 건강한 모습으로 안녕.
6,0,0.0,1.0,2.5,1,중간에 숨어 있어서 잘 못 찾았네요.,중간에 숨어 있어서 잘 못 찾았네요.
11,0,0.0,1.0,4.428571428571429,1,(2번)/(이 번) 지구온난화 그리고 이상기후 현상이겠죠. 그렇죠. (2번)/(이 번)과 (5번)/(오 번)입니다.,지구온난화 그리고 이상기후 현상이겠죠. 그렇죠. 번)과 번)입니다.
21,0,0.0,0.9444444444444444,3.0555555555555554,1,자/ 그러면요. 우리 전에 배울 때요. 시를 읽는 방법. 우리 친구들 기억하나요? (1)/(하나) 그중의 (1)/(하나)가 장면을 떠올리며 읽는다. 그런 내용 생각나죠?,그러면요. 우리 전에 배울 때요. 시를 읽는 방법. 우리 친구들 기억하나요? 그중의 장면을 떠올리며 읽는다. 그런 내용 생각나죠?
5,0,0.0,1.0,2.4,1,좋았어 그럼 한글아 두드려 봐,좋았어 그럼 한글아 두드려 봐
22,0,0.0,0.8571428571428571,2.2857142857142856,1,자/ 먼저 치마를 입은 친구들의 수 만큼 어떻게 치마 입은 친구들 하나 둘 셋 넷 이렇게 표시해 주고 바지 입은 친구들의 수만큼,먼저 치마를 입은 친구들의 수 만큼 어떻게 치마 입은 친구들 하나 둘 셋 넷 이렇게 표시해 주고 바지 입은 친구들의 수만큼
21,0,0.0,0.9047619047619048,2.5714285714285716,1,요건 철봉이라고 해 철봉 그런데 기+여기 키가 아주 큰 철봉도 있고 키가 낮은 철봉도 있어 우리는 어떤 철봉을 사용해야 될까? 그렇지,요건 철봉이라고 해 철봉 그런데 기+여기 키가 아주 큰 철봉도 있고 키가 낮은 철봉도 있어 우리는 어떤 철봉을 사용해야 될까? 그렇지
3,0,0.0,1.0,4.0,1,시의 정체가 무엇이냐고요?,시의 정체가 무엇이냐고요?
5,0,0.0,1.0,3.0,1,넓은. 넓은 어떻게 쓰는지 보세요.,넓은. 넓은 어떻게 쓰는지 보세요.
10,1,0.1,1.0,3.7777777777777777,0,n/ 마가 되고 사가 된답니다.그럼 마지막 평행사변형을 어떻게 만들어주면 될까요?,마가 되고 사가 된답니다.그럼 마지막 평행사변형을 어떻게 만들어주면 될까요?
39,2,0.05128205128205128,0.9615384615384616,3.423076923076923,0,(1cm)/(일 센티미터)가 (2번)/(두 번)일 때 우리는 (2cm)/(이 센티미터)라고 표현하죠 그 다음 자에서 요 작은 눈금 (1칸)/(한 칸)은 (1mm)/(일 밀리미터) 라고 했는데요 (1mm)/(일 밀리미터)가 (5)/(다섯) (6)/(여섯) (7)/(일곱) 만큼 그러면 이건 (7mm)/(칠 밀리미터)가 되겠네요 그러니까 이 물건의 길이는 (2cm)/(이 센티미터) 보다.,센티미터)가 번)일 때 우리는 센티미터)라고 표현하죠 다음 자에서 요 작은 눈금 칸)은 밀리미터) 라고 했는데요 밀리미터)가 만큼 그러면 이건 밀리미터)가 되겠네요 그러니까 물건의 길이는 센티미터) 보다.
2,0,0.0,1.0,5.0,1,"자/ 다음으로,","다음으로,"
1,0,0.0,0.0,0.0,1,(7)/(칠).,
29,0,0.0,0.8333333333333334,2.8333333333333335,1,"(5도)/(오 도)라고 나올 거예요. 그렇다면 바로 요 각도 쉽게 나오겠죠? (180도)/(백 팔십 도)에서 (125도)/(백 이십 오 도)를 빼주면 (55도)/(오십 오 도). 그렇다면 우리가 구하는 바로 요각도는 (180도)/(백 팔십 도)에서,","도)라고 나올 거예요. 그렇다면 바로 요 각도 쉽게 나오겠죠? 팔십 도)에서 이십 오 도)를 빼주면 오 도). 그렇다면 우리가 구하는 바로 요각도는 팔십 도)에서,"
18,0,0.0,1.0,2.466666666666667,1,그리고 초바늘이 (3)/(삼)에서 작은 눈금 (3칸)/(세 칸) 더 간 곳을 가리키니까 (18초)/(십 팔 초) 이렇게 표현이 된단 말이죠.,그리고 초바늘이 작은 눈금 칸) 더 간 곳을 가리키니까 팔 초) 이렇게 표현이 된단 말이죠.
10,0,0.0,1.0,3.111111111111111,1,자/ 그렇다면요. 얘를 한번 계산을 해보려고 해요. 일단 여기 보세요.,그렇다면요. 얘를 한번 계산을 해보려고 해요. 일단 여기 보세요.
4,1,0.25,1.0,2.0,0,"n/ 또 여기 각도,","또 여기 각도,"
9,0,0.0,1.0,2.6666666666666665,1,그러면 일일이 조사한 수를 다 읽어서 비교를 해야 할까요.,그러면 일일이 조사한 수를 다 읽어서 비교를 해야 할까요.
8,0,0.0,1.0,4.333333333333333,1,(당연히)/(탕연히) 설명했으니까 설명하는 글이지요. 자/ 요거는 정답이 아니에요.,설명했으니까 설명하는 글이지요. 요거는 정답이 아니에요.
13,0,0.0,1.0,3.4545454545454546,1,그렇다면 남아있는 아이스크림의 수는 무엇인가요? 뺄셈식으로 나타내면 (27)/(이십칠) 빼기 (5)/(오)라고 할 수 있죠.,그렇다면 남아있는 아이스크림의 수는 무엇인가요? 뺄셈식으로 나타내면 빼기 할 수 있죠.
10,2,0.2,1.0,3.25,0,"아/ 이제 도저히 안 되겠어. 여기가 끝이야. 라고 생각했는데요, n/.","이제 도저히 안 되겠어. 여기가 끝이야. 라고 생각했는데요,"
6,1,0.16666666666666666,1.0,2.6,0,아/ 벌써 답이 다 나오고 있습니다.,벌써 답이 다 나오고 있습니다.
23,2,0.08695652173913043,0.95,3.15,0,음/ 이번 시험은 어렵대. 친구들이 이렇게 이야기할 때요. 자/ 이건 어때요? 어렵다. n/ 이것을 직접 체험을 해보지는 못했지만 어때요? 남에게서 들은 말을 전달,이번 시험은 어렵대. 친구들이 이렇게 이야기할 때요. 이건 어때요? 어렵다. 이것을 직접 체험을 해보지는 못했지만 어때요? 남에게서 들은 말을 전달
13,1,0.07692307692307693,1.0,3.111111111111111,0,(3)/(삼)은 실제로 이렇게 큰 수 (300)/(삼백)을 나타내는구나. 그 이유는? (100)/(백)의 자리에 있기 때문에.,실제로 이렇게 큰 수 나타내는구나. 이유는? 자리에 있기 때문에.
20,1,0.05,0.9285714285714286,3.2142857142857144,0,n/ 자/ 이번에는 이걸 (1번)/(한 번) 재보세요. 선생님이 (30도)/(삼십 도) 짜리각과 (45도)/(사십 오 도) 짜리 각을 준비했어요. 이것을 함께 붙여볼게요.,이번에는 이걸 재보세요. 선생님이 도) 짜리각과 오 도) 짜리 각을 준비했어요. 이것을 함께 붙여볼게요.
4,0,0.0,1.0,2.3333333333333335,1,(1573)/(천 오백 칠십 삼).,오백 칠십 삼).
4,0,0.0,1.0,3.75,1,이것도 전체를 포괄하진 않습니다.,이것도 전체를 포괄하진 않습니다.
7,0,0.0,1.0,3.8,1,"o/ 자/ 오늘도 여기까지 많은 내용들을 배웠는데요,","오늘도 여기까지 많은 내용들을 배웠는데요,"
4,0,0.0,1.0,2.25,1,왜? 뭔데? 왜 그래?,왜? 뭔데? 왜 그래?
12,0,0.0,1.0,3.1818181818181817,1,"단지 노래만 불렀을 뿐인데, 부자도 되고, 혹도 없어지고. 자/ 그럼 이어서 읽을게요.","단지 노래만 불렀을 뿐인데, 부자도 되고, 혹도 없어지고. 그럼 이어서 읽을게요."
15,0,0.0,1.0,2.4,1,나누어 꽂을 수 있는 방법은 모두 몇 가지냐 라는 것이 우리가 바로 구해야 하는 것입니다.,나누어 꽂을 수 있는 방법은 모두 몇 가지냐 라는 것이 우리가 바로 구해야 하는 것입니다.
2,0,0.0,1.0,3.0,1,(PD)/(피디)님도 계시고,계시고
10,1,0.1,0.8888888888888888,2.6666666666666665,0,또 뭐 있습니다. 요요요 이렇게 입이 요로케 입이 좀 나왔죠?,또 있습니다. 요요요 이렇게 입이 요로케 입이 좀 나왔죠?
17,1,0.058823529411764705,1.0,2.6666666666666665,0,"n/ 그건 바로 인물에 맞게 역할을 나누는 것이 아니라, 어떤 장면을 역할 놀이를 꾸밀지 정하는 거지. l/","그건 바로 인물에 맞게 역할을 나누는 것이 아니라, 어떤 장면을 역할 놀이를 꾸밀지 정하는 거지."
3,0,0.0,1.0,3.0,1,잔치집이 어디야 어디,잔치집이 어디야 어디
9,1,0.1111111111111111,1.0,4.571428571428571,0,"b/ 그렇습니다. 선생님이 방금 전에 설명했는데요, 백성들에게 나눠주었죠? n/","그렇습니다. 선생님이 방금 전에 설명했는데요, 백성들에게 나눠주었죠?"
21,0,0.0,1.0,3.1176470588235294,1,그런데 넓이의 합계가 (760)/(칠백 육십)이라고 표현을 했단 말이죠. b/ 그렇다면 이거는 이렇게 표현할 수 있어요. (760)/(칠백 육십)의 (25%)/(이십 오 퍼센트) 만큼,그런데 넓이의 합계가 육십)이라고 표현을 했단 말이죠. 그렇다면 이거는 이렇게 표현할 수 있어요. 육십)의 오 퍼센트) 만큼
9,1,0.1111111111111111,1.0,2.8333333333333335,0,자/ 두 번째 방법으로 이 (2)/(두) 수의 계산을 해볼게요.,두 번째 방법으로 수의 계산을 해볼게요.
7,0,0.0,1.0,3.6,1,"그러니까 (10)/(십) 모형 하나를 (1묶음)/(한 묶음)으로 본다면,","그러니까 모형 하나를 묶음)으로 본다면,"
5,0,0.0,1.0,4.0,1,자/ (1)/(일) 나누기 (6)/(육) 나왔네요.,나누기 나왔네요.
16,2,0.125,0.9285714285714286,3.142857142857143,0,또 넷째는요 n/ 당시의 역사적 적인 현실과 관련지어서 사건이 일어난 까닭 그 사건이 가지는 의미를 찾아봅니다.,또 넷째는요 당시의 역사적 적인 현실과 관련지어서 사건이 일어난 까닭 사건이 가지는 의미를 찾아봅니다.
17,0,0.0,0.9375,3.0625,1,놀이터에 놓고왔나 이렇게 생각을 하고 문구점과 놀이터에 가방을 찾으러 갔었죠 따라서 틀린 말을 했어요 코끼리 친구는 자/,놀이터에 놓고왔나 이렇게 생각을 하고 문구점과 놀이터에 가방을 찾으러 갔었죠 따라서 틀린 말을 했어요 코끼리 친구는
6,1,0.16666666666666666,1.0,3.4,0,n/ 저번 일요일 처럼 사진이라도 찍어둘걸.,저번 일요일 처럼 사진이라도 찍어둘걸.
5,0,0.0,0.8,3.0,1,개굴 개굴 개구리 개구리도 있고요.,개굴 개굴 개구리 개구리도 있고요.
18,1,0.05555555555555555,0.5714285714285714,2.7142857142857144,0,"n/ 더해 주면 (0)/(영) 그리고 (2)/(이) 더하기 (8)/(팔)은 (10)/(십). (1)/(일) 더하기 (1)/(일) 더하기 (4)/(사)는 (6)/(육) (2)/(이) 더하기 (8)/(팔)은,",더해 주면 그리고 더하기 더하기 더하기 더하기
4,0,0.0,1.0,4.5,1,그래서 두번째에도 선대칭도형 맞습니다.,그래서 두번째에도 선대칭도형 맞습니다.
12,0,0.0,0.9090909090909091,3.8181818181818183,1,자/ 그러니까 그림자료를 통해서 숲은 쾌적함을 주고 건강을 증진시켜 주고 면역력을 향상시켜준다라는.,그러니까 그림자료를 통해서 숲은 쾌적함을 주고 건강을 증진시켜 주고 면역력을 향상시켜준다라는.
4,1,0.25,1.0,3.5,0,n/ o/ 잘했어 꼭꼭아.,잘했어 꼭꼭아.
16,0,0.0,0.5833333333333334,2.0,1,자/ (9 분의 2)/(구 분의 이) 인 게 딱 나오시죠. (9 분의 2)/(구 분의 이) (나오고요)/(나오구요).,(9 분의 분의 이) 인 게 딱 나오시죠. (9 분의 분의 이)
10,0,0.0,1.0,3.25,1,자/ 앞에 있던 바둑돌을 치우고 선생님이랑 같이 (1)/(하나)씩 놓아봐요. 시작.,앞에 있던 바둑돌을 치우고 선생님이랑 같이 놓아봐요. 시작.
37,2,0.05405405405405406,0.875,2.90625,0,"여러분 잘 (찾아줬고요)/(찾아줬구요), 이제 두 번째 문제 n/ 풀어보도록 하겠습니다. (1문단)/(일 문단)의 중심 내용은 무엇인지 써보라고 하고 있어요. 자/ 우리 문단 나누고 문단의 중심내용 찾는 거 중요하다 그랬죠? 첫 번째 문단 살펴보도록 하지요. n/ 첫 번째 문단이에요.",여러분 잘 이제 두 번째 문제 풀어보도록 하겠습니다. 문단)의 중심 내용은 무엇인지 써보라고 하고 있어요. 우리 문단 나누고 문단의 중심내용 찾는 거 중요하다 그랬죠? 첫 번째 문단 살펴보도록 하지요. 첫 번째 문단이에요.
5,1,0.2,1.0,3.6666666666666665,0,o/ 여기에도 있는거 같아요. n/.,여기에도 있는거 같아요.
13,1,0.07692307692307693,1.0,3.4166666666666665,0,n/ 톰소여가 의기양양하게 들어갈 수 있었던 이유는 바로 진실을 밝히는 용기에 덕분이 아니었을까요?,톰소여가 의기양양하게 들어갈 수 있었던 이유는 바로 진실을 밝히는 용기에 덕분이 아니었을까요?
2,0,0.0,1.0,2.5,1,달도 있죠.,달도 있죠.
3,0,0.0,1.0,5.0,1,예/ 미세먼지라고 합니다.,미세먼지라고 합니다.
9,1,0.1111111111111111,1.0,3.375,0,내가 연극 배웁니다. 연극배우. 그리고 n/ 햄릿 연극을 만든대요.,내가 연극 배웁니다. 연극배우. 그리고 햄릿 연극을 만든대요.
18,0,0.0,0.7333333333333333,2.466666666666667,1,"자/ 노란색 사각 판의 수가 만약에 (10개)/(열 개) 라면, (10개)/(열 개) 라면, 초록색 사각 판의 수는 몇 개일까요?","노란색 사각 판의 수가 만약에 개) 라면, 개) 라면, 초록색 사각 판의 수는 몇 개일까요?"
11,0,0.0,1.0,2.8181818181818183,1,비슷한 유형의 문제 우리 지난 시간에 풀었었는데 어떻게 또 표현할수 있다?,비슷한 유형의 문제 우리 지난 시간에 풀었었는데 어떻게 또 표현할수 있다?
10,1,0.1,1.0,3.25,0,아니 이 친구한테 편지가 왔단 말이야? 자/ 어떻게 얘기하고 있나요.,아니 친구한테 편지가 왔단 말이야? 어떻게 얘기하고 있나요.
26,0,0.0,0.875,3.1666666666666665,1,"자/ 세 번째 문장 볼까요? 주말에 어린이 교통사고가 많이 발생함. 자/ 평일이 아니라 언제? 주말에. 교통사고가 날 때마다 평일인지 주말인지 체크를 해 봤더니요, 주말에 많이 발생한데요.","세 번째 문장 볼까요? 주말에 어린이 교통사고가 많이 발생함. 평일이 아니라 언제? 주말에. 교통사고가 날 때마다 평일인지 주말인지 체크를 해 봤더니요, 주말에 많이 발생한데요."
20,1,0.05,1.0,3.263157894736842,0,"음/ 그리고 그런 목적이 있더라도 조금만 덜 괴롭혔으면 좋았을텐데, 원숭이를 이렇게 곤란하게 만드는 걸 보니까요, 오소리가 조금 얄미워지는 거 있죠!","그리고 그런 목적이 있더라도 조금만 덜 괴롭혔으면 좋았을텐데, 원숭이를 이렇게 곤란하게 만드는 걸 보니까요, 오소리가 조금 얄미워지는 거 있죠!"
18,0,0.0,0.875,3.3125,1,첫째도 아니고 둘째 아들(이라네요)/(이라래요*) 이것은 바로 순서를 나타내는 낱말이죠 자/ 이렇게 수량이나 순서를 가리키는 낱말들을 바로 수사라고 부릅니다.,첫째도 아니고 둘째 이것은 바로 순서를 나타내는 낱말이죠 이렇게 수량이나 순서를 가리키는 낱말들을 바로 수사라고 부릅니다.
16,2,0.125,1.0,2.6153846153846154,0,(m)/(미터). 그런데 어/ 다시 문제를 줄 때 어/ 답을 이렇게 구해 주세요라고 할때는 어떤 단위를 썼어요?,그런데 다시 문제를 줄 때 답을 이렇게 구해 주세요라고 할때는 어떤 단위를 썼어요?
28,1,0.03571428571428571,0.8888888888888888,2.925925925925926,0,"어/ 이걸 써 보면 이런 건데 이게 겨루다라는 뜻이에요. 겨루다+ 겨루다가 뭐에요. 싸우는 거죠. 즉, 항자가 들어가면 뭔가 싸운다. 겨룬다. 이런 뜻이니까 암과 싸우는 성분 이렇게 되는 거죠.","이걸 써 보면 이런 건데 이게 겨루다라는 뜻이에요. 겨루다+ 겨루다가 뭐에요. 싸우는 거죠. 즉, 항자가 들어가면 뭔가 싸운다. 겨룬다. 이런 뜻이니까 암과 싸우는 성분 이렇게 되는 거죠."
9,0,0.0,1.0,2.5555555555555554,1,"네, 네모 안에 알맞은 수를 써 넣으시오 라고 되어있죠.","네, 네모 안에 알맞은 수를 써 넣으시오 라고 되어있죠."
21,3,0.14285714285714285,1.0,2.8823529411764706,0,n/ 인물의 말이나 행동을 통해서 주제를 찾아볼 수도 있어요 그리고 (3번째)/(세 번째)는 이 이야기의 흐름 속에서 파악할 수 있는데 이 이야기,인물의 말이나 행동을 통해서 주제를 찾아볼 수도 있어요 그리고 번째)는 이야기의 흐름 속에서 파악할 수 있는데 이야기
9,0,0.0,1.0,3.0,1,"누구 글이 사실인지, 누가 거짓말을 하고 있는지 모르는 상태죠.","누구 글이 사실인지, 누가 거짓말을 하고 있는지 모르는 상태죠."
7,0,0.0,1.0,2.1666666666666665,1,(15)/(십 오) 이렇게 쓸 수 있는 거예요.,오) 이렇게 쓸 수 있는 거예요.
16,1,0.0625,1.0,2.5,0,각도기의 밑줄과 이 변을 꼭 맞추라고 했어 한 치의 오차도 없이. 딱 맞췄어. 자/ 그럼 이제.,각도기의 밑줄과 변을 꼭 맞추라고 했어 한 치의 오차도 없이. 딱 맞췄어. 그럼 이제.
9,1,0.1111111111111111,1.0,3.125,0,n/생김새나 정도를 나타내는 말을 들으면 여러분은 어떤 생각이 드나요?,정도를 나타내는 말을 들으면 여러분은 어떤 생각이 드나요?
5,1,0.2,1.0,3.0,0,"자/ 그럼 우리 이 부분을요,","그럼 우리 부분을요,"
24,1,0.041666666666666664,0.9333333333333333,3.066666666666667,0,"n/ 자/ 그러면 얘는 어떻게 우리 식을 세울까요? 여기다 넣을게요. (360도)/(삼백 육십 도) 나누기 나누기 몇 조각이야 (1)/(하나), (2)/(둘), (3)/(셋), (4)/(넷), (5)/(다섯), (6)/(여섯) 조각이에요.",그러면 얘는 어떻게 우리 식을 세울까요? 여기다 넣을게요. 육십 도) 나누기 나누기 몇 조각이야 조각이에요.
4,0,0.0,1.0,2.3333333333333335,1,또 다른 방법으로 b/,또 다른 방법으로
14,0,0.0,1.0,3.0,1,그런데 조금 더 심화된 그런 개념이라고 할 수 있겠습니다. 확률도 굉장히 다양한 경우가 있으니까요.,그런데 조금 더 심화된 그런 개념이라고 할 수 있겠습니다. 확률도 굉장히 다양한 경우가 있으니까요.
19,0,0.0,0.9411764705882353,2.8823529411764706,1,자/ 이렇게 앗 민수야 으 이런 낱말들은 놀람 느낌 부름 대답을 나타내는 낱말들이다. 자/ 이런 것들을 우리가 무엇이라고 했다?,이렇게 앗 민수야 으 이런 낱말들은 놀람 느낌 부름 대답을 나타내는 낱말들이다. 이런 것들을 우리가 무엇이라고 했다?
23,0,0.0,1.0,2.473684210526316,1,작은 수와 큰 수를 더해서 (20)/(이십)이 되지 않죠 그럼 이번에는 어떤 방법을 사용할 수 있을까요 (3)/(삼) 에다가 (4배)/(네 배)를 해 볼게요. (12)/(십 이).,작은 수와 큰 수를 더해서 되지 않죠 그럼 이번에는 어떤 방법을 사용할 수 있을까요 에다가 배)를 해 볼게요. 이).
12,1,0.08333333333333333,1.0,3.0,0,n/ 자/ 그렇다면 (2)/(이)로 약분하고 (3)/(삼)으로 됩니다. 따라서 삼 분에 이오 십이죠.,그렇다면 약분하고 됩니다. 따라서 삼 분에 이오 십이죠.
4,1,0.25,1.0,2.6666666666666665,0,n/ 이게 무슨 일이지.,이게 무슨 일이지.
2,0,0.0,1.0,3.0,1,두 배입니다.,두 배입니다.
12,0,0.0,1.0,2.8333333333333335,1,원인과 결과에 따라 정리할 때 많은 도움이 될 수가 있겠습니다. 꼭 기억하시고요.,원인과 결과에 따라 정리할 때 많은 도움이 될 수가 있겠습니다. 꼭 기억하시고요.
21,1,0.047619047619047616,0.7058823529411765,2.764705882352941,0,b/ 그럼 지우개를 네모 n/ 풀을 세모로 나타내기로 약속하면 (ㄴ)/(니은)은 네모 세모 세모 네모 세모 세모로 규칙을 표현 할수 있겠어요. b/,그럼 지우개를 네모 풀을 세모로 나타내기로 약속하면 네모 세모 세모 네모 세모 세모로 규칙을 표현 할수 있겠어요.
14,0,0.0,0.8888888888888888,3.0,1,(6400)/(육천 사백)에서 (1500)/(천 오백) 을 빼면 (4900)/(사천 구백) 이고 (4900)/(사천 구백)에서 (900)/(구백)을 빼면 얼마다?,사백)에서 오백) 을 빼면 구백) 이고 구백)에서 빼면 얼마다?
2,0,0.0,1.0,4.5,1,이렇게 적어볼게요.,이렇게 적어볼게요.
13,1,0.07692307692307693,1.0,3.4166666666666665,0,왜 다를까요? 그 이유는 바로 정답은 만화 속에 있습니다. 만화속에서 정답 찾아보도록 하겠습니다.,왜 다를까요? 이유는 바로 정답은 만화 속에 있습니다. 만화속에서 정답 찾아보도록 하겠습니다.
19,1,0.05263157894736842,0.8823529411764706,3.411764705882353,0,자/서랍장에 달린 슬라이드 레일이 있어요 매끄러운 재질로 울퉁불퉁하지 않아요 매끄러운 재질로 만들어져서 마찰력을 최소화 가장 작게 한다 이 말이에요.,달린 슬라이드 레일이 있어요 매끄러운 재질로 울퉁불퉁하지 않아요 매끄러운 재질로 만들어져서 마찰력을 최소화 가장 작게 한다 말이에요.
5,1,0.2,1.0,3.5,0,n/ 아직 우리는 어린 초등학생이다.,아직 우리는 어린 초등학생이다.
5,0,0.0,1.0,2.75,1,"자/ 그럼 각각 요 도형들이요,","그럼 각각 요 도형들이요,"
6,0,0.0,1.0,4.2,1,자/ 여기는요 독도 의용수비대에 관한 이야기입니다.,여기는요 독도 의용수비대에 관한 이야기입니다.
18,0,0.0,1.0,2.8666666666666667,1,옆면이 (6개)/(여섯 개)라는 건 (1밑면)/(한 밑면)의 변의 수가 (6개)/(여섯 개)이더라 따라서 이것은 육각 기둥이다라고 말할 수 있는 거죠.,옆면이 개)라는 건 밑면)의 변의 수가 개)이더라 따라서 이것은 육각 기둥이다라고 말할 수 있는 거죠.
3,1,0.3333333333333333,1.0,6.0,0,(ㄷ)/(디귿) 이 되겠습니다.,되겠습니다.
11,1,0.09090909090909091,0.7,2.6,0,지금 요 요 요 요 살랑살랑 복슬복슬 이 중에서 꼬리의 생김새는요?,지금 요 요 요 요 살랑살랑 복슬복슬 중에서 꼬리의 생김새는요?
6,2,0.3333333333333333,1.0,3.5,0,n/ 좋아 이 끼끼님이 비법을 알려주지!,좋아 끼끼님이 비법을 알려주지!
12,2,0.16666666666666666,1.0,2.7,0,n/ 이는 선생님이나 친구들이 부를 수 있는 n/ 이라는 예쁜 이름이 있죠?,이는 선생님이나 친구들이 부를 수 있는 이라는 예쁜 이름이 있죠?
9,1,0.1111111111111111,1.0,3.7142857142857144,0,n/ 자/ 그럼 안네와 안네의 가족들은 은신처에서 어떻게 살았을까요?,그럼 안네와 안네의 가족들은 은신처에서 어떻게 살았을까요?
7,1,0.14285714285714285,1.0,3.3333333333333335,0,한꺼번에 가 되겠죠? 정답 n/(4번)/(사 번)이 되겠습니다.,한꺼번에 가 되겠죠? 정답 번)이 되겠습니다.
5,0,0.0,0.8,4.2,1,찬성이 이겼습니다 반대가 이겼습니다 이렇게요.,찬성이 이겼습니다 반대가 이겼습니다 이렇게요.
3,0,0.0,1.0,2.0,1,(3)/(삼) 분의 (2)/(이)의,분의
5,0,0.0,1.0,3.4,1,오늘의 마지막 문제는 서술형 문제에요.,오늘의 마지막 문제는 서술형 문제에요.
29,1,0.034482758620689655,0.9090909090909091,3.272727272727273,0,자/ 이렇게요. 어/ 무게의 합에서 (g)/(그람)의 합이 서로서로 합이 (1000)/(천)과 같거나 (1000)/(천)보다 크면 (kg)/(킬로그람)으로 받아올림 한다는 거 잊지 않도록 하세요. 이번에는요. 자/ 무게의 차에 대해서 알아보도록 하겠습니다. 보여 주세요.,이렇게요. 무게의 합에서 합이 서로서로 합이 같거나 크면 받아올림 한다는 거 잊지 않도록 하세요. 이번에는요. 무게의 차에 대해서 알아보도록 하겠습니다. 보여 주세요.
7,0,0.0,1.0,3.2857142857142856,1,감상문을 보니까 재미있기도 하고 공감이 가기도 해요.,감상문을 보니까 재미있기도 하고 공감이 가기도 해요.
28,1,0.03571428571428571,1.0,2.8461538461538463,0,자/ 그런데 융의 장난이 관심을 받으려고한 행동임을 알았을 때 마음이 많이 아팠다. 왜 아팠어요? 나도 그런 적이 있으니까 이렇게 생각할 수가 있죠? 경험도 써줄 수 있고요. n/ 예전에.,그런데 융의 장난이 관심을 받으려고한 행동임을 알았을 때 마음이 많이 아팠다. 왜 아팠어요? 나도 그런 적이 있으니까 이렇게 생각할 수가 있죠? 경험도 써줄 수 있고요. 예전에.
8,0,0.0,1.0,3.25,1,(A)/(에이) (4)/(네)제곱 플러스 (A)/(에이)의 (X)/(엑스)의 제곱 중괄호 쳐야겠다.,플러스 제곱 중괄호 쳐야겠다.
12,1,0.08333333333333333,1.0,2.272727272727273,0,이 친구처럼 이렇게 광고 한 편을 딱 보면 너는 신발을 살 것이다.,친구처럼 이렇게 광고 한 편을 딱 보면 너는 신발을 살 것이다.
14,1,0.07142857142857142,1.0,2.75,0,맞아요. b/ (70)/(칠십) (7)/(일곱) 삐. 자/ 그러면 이 수는 뭐라고 읽을 수 있을까요? b/,맞아요. 삐. 그러면 수는 뭐라고 읽을 수 있을까요?
21,0,0.0,1.0,2.9047619047619047,1,마찬가지로 이때 중요한 것 이렇게 접어서 자른 도형이 모양과 크기가 같아서 포개었을 때 완전히 겹쳐져야만 합동이다 라는 것을 확인할 수 있습니다.,마찬가지로 이때 중요한 것 이렇게 접어서 자른 도형이 모양과 크기가 같아서 포개었을 때 완전히 겹쳐져야만 합동이다 라는 것을 확인할 수 있습니다.
3,0,0.0,1.0,3.6666666666666665,1,요렇게 해서 그려주면요.,요렇게 해서 그려주면요.
7,0,0.0,1.0,3.142857142857143,1,우리 동네에 문제점을 해결하는 내용으로 어떤 내용?,우리 동네에 문제점을 해결하는 내용으로 어떤 내용?
8,0,0.0,1.0,3.857142857142857,1,"자/ 이런 경우에요 선생님이, 선생님만의 비법을 하나 알려줄게요.","이런 경우에요 선생님이, 선생님만의 비법을 하나 알려줄게요."
8,0,0.0,1.0,2.75,1,세 번째도 볼까요? 느낌을 살려서 소리 내어 읽는다.,세 번째도 볼까요? 느낌을 살려서 소리 내어 읽는다.
5,0,0.0,1.0,2.5,1,그럼 (7)/(칠) 보다 작은 수는요.,그럼 보다 작은 수는요.
11,1,0.09090909090909091,1.0,3.0,0,n/ (2개)/(두 개) 의 나눗셈식을 쓸 수가 있구나라는 것도 챙겨가면 되겠네요.,개) 의 나눗셈식을 쓸 수가 있구나라는 것도 챙겨가면 되겠네요.
12,1,0.08333333333333333,1.0,3.0,0,이 문장에 제시된 글의 끝부분을 보면 알 수 있습니다. 자/ 정답을 알아볼까요?,문장에 제시된 글의 끝부분을 보면 알 수 있습니다. 정답을 알아볼까요?
12,0,0.0,1.0,3.0,1,안 되죠. 여러분 미만은 기준이 되는 수를 포함하지 않으니까 (2번)/(이 번)도 아닙니다.,안 되죠. 여러분 미만은 기준이 되는 수를 포함하지 않으니까 번)도 아닙니다.
6,0,0.0,1.0,2.5,1,"컴퓨터 오락도 좀/ 마음 놓고 (하고)/(하구),",컴퓨터 오락도 마음 놓고
7,1,0.14285714285714285,1.0,3.3333333333333335,0,n/ 습니다. 요렇게 우리가 적어줄 수 있겠습니다.,습니다. 요렇게 우리가 적어줄 수 있겠습니다.
6,1,0.16666666666666666,1.0,3.0,0,이 지점에 다른 대각선이 지나고 있죠.,지점에 다른 대각선이 지나고 있죠.
13,0,0.0,1.0,3.6666666666666665,1,할아버지께서 운영하시던 식당을 어떻게 하셨대요. 자/ 그런데 여기에 들어갈 말이 무언지 잘 모르겠습니다.,할아버지께서 운영하시던 식당을 어떻게 하셨대요. 그런데 여기에 들어갈 말이 무언지 잘 모르겠습니다.
11,0,0.0,1.0,3.1818181818181817,1,각기둥의 전개도 모서리를 잘라서 펼쳐서 그린 그림을 바로 전개도라고 하는 거예요.,각기둥의 전개도 모서리를 잘라서 펼쳐서 그린 그림을 바로 전개도라고 하는 거예요.
37,3,0.08108108108108109,0.9,2.6666666666666665,0,학교에서 현장체험학습을 가거나 또 이렇게 유빈이처럼 가족과 나들이를 갈 때 지금 시각을 (1번)/(한 번) 잘 생각해 두고 그 다음 도착한 시각을 잘 보고 아/ 잘 빼서 소요 시간이 이 정도 되겠구나 라고 (1번)/(한 번) 직접 구해보는 거예요.,학교에서 현장체험학습을 가거나 또 이렇게 유빈이처럼 가족과 나들이를 갈 때 지금 시각을 잘 생각해 두고 다음 도착한 시각을 잘 보고 잘 빼서 소요 시간이 정도 되겠구나 라고 직접 구해보는 거예요.
27,0,0.0,1.0,2.6153846153846154,1,"o/ 죽어 있어요. 하지만 표현하려는 사물을 마치 생명과 같이 감정이 있는 것처럼 생각을 하고 요렇게 표현을 해 주면요, 훨씬 더 풍부한 느낌을 주는 글을 쓸 수 있습니다.","죽어 있어요. 하지만 표현하려는 사물을 마치 생명과 같이 감정이 있는 것처럼 생각을 하고 요렇게 표현을 해 주면요, 훨씬 더 풍부한 느낌을 주는 글을 쓸 수 있습니다."
30,3,0.1,0.8846153846153846,2.6923076923076925,0,"이 글냥이가 너무한 것 같기도 하지마는 이 꿈개도 잘한 건 없는 거 같애. 아/ 글냥이가 안볼땐 넘겼으면 글냥이가 딱/ 생각할 때, 혹시 넘긴 것 아니야? 이렇게 의심할 수도 있는 거니까.","글냥이가 너무한 것 같기도 하지마는 꿈개도 잘한 건 없는 거 같애. 글냥이가 안볼땐 넘겼으면 글냥이가 생각할 때, 혹시 넘긴 것 아니야? 이렇게 의심할 수도 있는 거니까."
3,1,0.3333333333333333,1.0,3.5,0,이건 n/ 사진이죠.,이건 사진이죠.
12,0,0.0,1.0,3.0,1,자/ (1부분)/(한 부분)(2부분)/(두 부분)(3부분)/(세 부분) 나눈 것 중에 (2부분)/(두 부분)만큼 색을 칠했습니다.,부분) 나눈 것 중에 부분)만큼 색을 칠했습니다.
11,0,0.0,1.0,2.4,1,헉/ 난 깜짝 놀라서 튀어 올랐어. 웬일인지 잘 날 수가 없었어.,난 깜짝 놀라서 튀어 올랐어. 웬일인지 잘 날 수가 없었어.
21,0,0.0,0.9047619047619048,2.4761904761904763,1,하지만 젓가락질 꼭 연습 해보자 그리고 이런 데서 뛰다가 물이 이쪽에 물이 많거든 물이 있을 수 있어 왜냐하면 여기에서 국을 쏟는,하지만 젓가락질 꼭 연습 해보자 그리고 이런 데서 뛰다가 물이 이쪽에 물이 많거든 물이 있을 수 있어 왜냐하면 여기에서 국을 쏟는
12,0,0.0,1.0,2.8,1,그럼 다시 (하나)/(한) 번 덧셈을 하는 여러 가지 방법에 대해서 정리해보도록 해요.,그럼 다시 덧셈을 하는 여러 가지 방법에 대해서 정리해보도록 해요.
5,0,0.0,1.0,4.4,1,"달아나서를 봅시다. 달아나서, 달아나니, 달아나","달아나서를 봅시다. 달아나서, 달아나니, 달아나"
4,1,0.25,1.0,2.0,0,n/ 왜 안 부르지?,왜 안 부르지?
5,0,0.0,1.0,2.8,1,지금 발표 장소가 나와 있습니다.,지금 발표 장소가 나와 있습니다.
3,0,0.0,1.0,2.6666666666666665,1,"구해낼 수 있지만,","구해낼 수 있지만,"
36,0,0.0,0.6875,2.46875,1,그런데 (2)/(두) 변의 길이가 같아 라는 것은 결국 (3)/(세) 변의 길이가 같은 것 중에 (2)/(두) 변의 길이가 같습니다 라고도 표현할 수 있다 라는 거죠 그러니까 (3)/(세) 변의 길이가 같은 정삼각형일 것이다 라고도 생각해 볼 수 있어요.,그런데 변의 길이가 같아 라는 것은 결국 변의 길이가 같은 것 중에 변의 길이가 같습니다 라고도 표현할 수 있다 라는 거죠 그러니까 변의 길이가 같은 정삼각형일 것이다 라고도 생각해 볼 수 있어요.
4,0,0.0,1.0,4.0,1,(9)/(구)는 네모보다 큽니다 작습니다.,네모보다 큽니다 작습니다.
3,1,0.3333333333333333,1.0,4.0,0,n/ 많이들 찾았더군.,많이들 찾았더군.
22,1,0.045454545454545456,0.9444444444444444,3.2777777777777777,0,자/ 그담으론 대응각을 n/ 살펴보도록 할게요. 자/ 대응각 보겠습니다. 먼저 각(ㄱ)/(기억)(ㄴ)/(니은)(ㄷ)/(디귿) 과 대응되는 각을 살펴 볼게요. 요쪽에 있는 각과 대응되는 각 어디인가요?,그담으론 대응각을 살펴보도록 할게요. 대응각 보겠습니다. 먼저 과 대응되는 각을 살펴 볼게요. 요쪽에 있는 각과 대응되는 각 어디인가요?
8,0,0.0,1.0,2.875,1,네. 라고 대답하는 소리가 여기까지 들리는 것 같네요.,네. 라고 대답하는 소리가 여기까지 들리는 것 같네요.
10,0,0.0,1.0,2.5555555555555554,1,자/ 그럼 우리 모형으로 나타낸 거 다시 한번 정리해 볼게요.,그럼 우리 모형으로 나타낸 거 다시 한번 정리해 볼게요.
23,0,0.0,1.0,2.9565217391304346,1,"아유! 우리는 같이 사는 사람들인데 이렇게 모르고 그냥 휙 지나가고 사람을 구해 주지 않으면, 그건 잘못된거 아닌가요 저는 찬성입니다. 이런 친구들 있을 겁니다.","아유! 우리는 같이 사는 사람들인데 이렇게 모르고 그냥 휙 지나가고 사람을 구해 주지 않으면, 그건 잘못된거 아닌가요 저는 찬성입니다. 이런 친구들 있을 겁니다."
32,0,0.0,0.9285714285714286,2.4642857142857144,1,"그럴 때는 모르는 변을 네모라고 하고 그리고 삼각형 넓이 구하는 식 적으면 된다라고 했었죠? 자/ 삼각형 밑변의 길이를 (25)/(이십 오) 라고 했을 때 (25)/(이십 오) 곱하기 높이 나누기 (2)/(이) 를 한 값이,","그럴 때는 모르는 변을 네모라고 하고 그리고 삼각형 넓이 구하는 식 적으면 된다라고 했었죠? 삼각형 밑변의 길이를 오) 라고 했을 때 오) 곱하기 높이 나누기 를 한 값이,"
13,0,0.0,0.7142857142857143,2.857142857142857,1,(2)/(이) 분의 (7)/(칠) 곱하기 (9)/(구) 분의 (1)/(일). 했더니 (18)/(십 팔) 분의 (7)/(칠)이 되었습니다.,분의 곱하기 분의 했더니 팔) 분의 되었습니다.
24,1,0.041666666666666664,0.9444444444444444,3.5,0,이 자동차가 (1시간)/(한 시간) 동안 달리는데 (2400milliliter)/(이천 사백 밀리리터)의 연료가 필요하다고 합니다. 자동차가 출발하여 (2시간)/(두 시간)이 지난 뒤에 남아있는 연료는 몇(liter)/(리터) 몇(milliliter)/(밀리리터)인가요 묻는 문제네요.,자동차가 시간) 동안 달리는데 사백 밀리리터)의 연료가 필요하다고 합니다. 자동차가 출발하여 시간)이 지난 뒤에 남아있는 연료는 묻는 문제네요.
3,1,0.3333333333333333,1.0,4.0,0,n/ 자/ 일단요.,일단요.
6,1,0.16666666666666666,0.8,2.8,0,n/ 아닌데 앞다리 뒷다리가 쏙 아닌데,아닌데 앞다리 뒷다리가 쏙 아닌데
18,0,0.0,0.8823529411764706,3.0,1,요렇게 되고요. 그리고 높이는 어떻게 돼요. 높이는 우리가 몰라요. 네모예요. 그리고 얘를 다 더 하면요. 바로 (10)/(십)이 됩니다.,요렇게 되고요. 그리고 높이는 어떻게 돼요. 높이는 우리가 몰라요. 네모예요. 그리고 얘를 다 더 하면요. 바로 됩니다.
5,0,0.0,1.0,3.6,1,키우고 싶어하는 동물이라고 되어 있어요.,키우고 싶어하는 동물이라고 되어 있어요.
9,1,0.1111111111111111,1.0,2.5714285714285716,0,n/ u/할아버지 도토리라도 충분히 이번 겨울을 날 수 있텐데,도토리라도 충분히 이번 겨울을 날 수 있텐데
6,0,0.0,1.0,3.5,1,(5명)/(다섯 명)씩 (2묶음)/(두 묶음). (30)/(삼십). b/,명)씩 묶음).
20,1,0.05,0.8421052631578947,2.6315789473684212,0,"야, 너네 이렇게 해. 저렇게 해. 이게 아니라 주민 스스로 뭐를 해요? 회의를 해서 우리 이 마을을 이렇게 가꾸자라고 스스로","야, 너네 이렇게 해. 저렇게 해. 이게 아니라 주민 스스로 뭐를 해요? 회의를 해서 우리 마을을 이렇게 가꾸자라고 스스로"
10,0,0.0,1.0,2.875,1,거울을 보고 말을 (해보고요)/(해보구요) 말하는 내용을 녹음을 해서 들어보기도 (하고요)/(하구요).,거울을 보고 말을 말하는 내용을 녹음을 해서 들어보기도
18,1,0.05555555555555555,0.9411764705882353,2.823529411764706,0,우리 보통 어/ 낱말 뜻을 찾아보자 낱말의 뜻이 무엇인가 이렇게 얘기를 하지요. 그렇다면 낱말 뜻은 어떻게 찾는 건가요.,우리 보통 낱말 뜻을 찾아보자 낱말의 뜻이 무엇인가 이렇게 얘기를 하지요. 그렇다면 낱말 뜻은 어떻게 찾는 건가요.
8,0,0.0,1.0,3.0,1,어떻게 (생겨도요)/(생겨두요). 대각선은 항상 딱 (2개)/(두 개)가 나옵니다.,어떻게 대각선은 항상 딱 개)가 나옵니다.
7,0,0.0,1.0,3.0,1,연수의 시계가 나타내고 있는 시각이 되는 거예요.,연수의 시계가 나타내고 있는 시각이 되는 거예요.
3,0,0.0,1.0,4.666666666666667,1,이렇게 정리하시면 되겠습니다.,이렇게 정리하시면 되겠습니다.
4,0,0.0,1.0,2.25,1,"어떤 규칙이 있느냐 ,","어떤 규칙이 있느냐 ,"
4,0,0.0,1.0,2.25,1,"좋다, 나 너 좋아해.","좋다, 나 너 좋아해."
20,2,0.1,0.9333333333333333,3.533333333333333,0,정오각형의 대각선의 수도 n/역시 (5개)/(다섯 개)요 그러니까 생각해보면 n/한 꼭짓점에서 그을 수 있는 대각선의 수가 (2개)/(두 개)이고 꼭지점이 (5개)/(다섯 개)잖아요.,정오각형의 대각선의 수도 개)요 그러니까 생각해보면 꼭짓점에서 그을 수 있는 대각선의 수가 개)이고 꼭지점이 개)잖아요.
13,1,0.07692307692307693,1.0,3.3333333333333335,0,원망스러운 눈초리에 니가 조심해야지 시치미 뗏을거야. 이 말도 시에서 말하는 이가 하는 말이죠.,원망스러운 눈초리에 니가 조심해야지 시치미 뗏을거야. 말도 시에서 말하는 이가 하는 말이죠.
11,0,0.0,1.0,2.4545454545454546,1,물을 다 내뱉고 안에 크릴만 딱 남기다고 그러니까 꿀꺽 그거 먹고.,물을 다 내뱉고 안에 크릴만 딱 남기다고 그러니까 꿀꺽 그거 먹고.
33,1,0.030303030303030304,0.9310344827586207,3.0,0,"n/ 그러면요, (1주)/(한 주) 동안 더욱더 행복하고 또 건강하게 잘 (지내고요)/(지내구요). 다음 시간에 우리 만나도록 해요. 여러분, 우리 다음 시간에는요, 제( 4강)/(사 강) 여기 나가고 있죠? 정보의 탐색. 읽기 부분에 대해서 살펴보도록 하겠습니다.","그러면요, 주) 동안 더욱더 행복하고 또 건강하게 잘 다음 시간에 우리 만나도록 해요. 여러분, 우리 다음 시간에는요, 제( 강) 여기 나가고 있죠? 정보의 탐색. 읽기 부분에 대해서 살펴보도록 하겠습니다."
29,0,0.0,0.9545454545454546,3.0,1,그런데 이런 것이 몇 개가 있다? (6개)/(여섯 개)가 있습니다. 그러므로 (6)/(육) 곱하기 (6)/(육) 곱하기 (6)/(육) 이것을 계산하면 나+ 자/ 여기는 정육면체의 겉넓이가 되는거죠. 계산을 하면 (216)/(이백 십 육)이 (나오고요)/(나오구요).,그런데 이런 것이 몇 개가 있다? 개)가 있습니다. 그러므로 곱하기 곱하기 이것을 계산하면 나+ 여기는 정육면체의 겉넓이가 되는거죠. 계산을 하면 십 육)이
24,0,0.0,0.6470588235294118,2.588235294117647,1,몇 단 곱셈 구구에서는 곱이 몇씩 (커진다고요)/(커진다구요)? (2단)/(이 단)이면 (2씩)/(이 씩) (3단)/(삼 단)이면 (3씩)/(삼 씩) (5단)/(오 단)이면 (5씩)/(오 씩) 몇 단이면 몇씩 커지는 거예요.,몇 단 곱셈 구구에서는 곱이 몇씩 단)이면 씩) 단)이면 씩) 단)이면 씩) 몇 단이면 몇씩 커지는 거예요.
7,0,0.0,1.0,3.2857142857142856,1,"바르게 고쳐 써보겠습니다. 엄마가 만 김밥을 만드실,","바르게 고쳐 써보겠습니다. 엄마가 만 김밥을 만드실,"
10,0,0.0,1.0,3.2,1,꼭 어른들이 써놓은 글 같았거든요. 의젓한 생각이 많이 들어가 있었습니다.,꼭 어른들이 써놓은 글 같았거든요. 의젓한 생각이 많이 들어가 있었습니다.
10,0,0.0,1.0,2.8333333333333335,1,"이어지는 문제는요, (69쪽)/(육십 구 쪽) 에 (4번)/(사 번) 이에요. b/","이어지는 문제는요, 구 쪽) 에 이에요."
14,2,0.14285714285714285,1.0,3.5,0,"어/ 그럼 어떤 탑들을 소개하고 있는지 궁금한데요? 같이 한번 살펴볼게요. 선생님, 저 에펠탑 아는데요.","그럼 어떤 탑들을 소개하고 있는지 궁금한데요? 같이 한번 살펴볼게요. 선생님, 에펠탑 아는데요."
5,0,0.0,1.0,3.0,1,자리를 맞춰서 세로로 쓰는 거예요.,자리를 맞춰서 세로로 쓰는 거예요.
7,1,0.14285714285714285,1.0,2.6666666666666665,0,n/ 그래요. 아마 뛸 듯이 기뻤을 거예요.,그래요. 아마 뛸 듯이 기뻤을 거예요.
21,2,0.09523809523809523,0.8333333333333334,2.888888888888889,0,n/ 아/ 기쁠 때는 그렇지요. 웃는 표정 밝고 들뜬 목소리로 얘기 하게 되겠지요. 슬플 때는 울듯한 표정 기운없는 목소리와 되겠지요. (그리고요)/(그리구요).,기쁠 때는 그렇지요. 웃는 표정 밝고 들뜬 목소리로 얘기 하게 되겠지요. 슬플 때는 울듯한 표정 기운없는 목소리와 되겠지요.
3,0,0.0,1.0,3.0,1,"자/, 이렇게 우리가",이렇게 우리가
7,0,0.0,1.0,3.4285714285714284,1,여기까지 해서 이제 여러분들의 댓글을 보려고 하는데요.,여기까지 해서 이제 여러분들의 댓글을 보려고 하는데요.
9,0,0.0,0.7777777777777778,3.4444444444444446,1,"맞습니다. 그런데 이거, 몫을 구하는 걸까요? 나머지를 구하는 걸까요?","맞습니다. 그런데 이거, 몫을 구하는 걸까요? 나머지를 구하는 걸까요?"
3,1,0.3333333333333333,1.0,4.5,0,어/ 빗대어서 표현했다.,빗대어서 표현했다.
8,1,0.125,1.0,3.4285714285714284,0,"n/ 맞아요. 우리 주위에는 지진이 일어나서 피해를 보거나,","맞아요. 우리 주위에는 지진이 일어나서 피해를 보거나,"
14,0,0.0,0.9166666666666666,3.0833333333333335,1,자/ 일단 어떤 수가 나오면 우리 친구들 자동적으로 반응해야 됩니다. 자/ 네모로 일단 둬야겠죠.,일단 어떤 수가 나오면 우리 친구들 자동적으로 반응해야 됩니다. 네모로 일단 둬야겠죠.
13,0,0.0,1.0,3.75,1,"그다음이 이제 할아버지로 갑시다. 할아버지, 할아버지는 뭐라고 했냐면 아버지 연세의 (2배)/(두 배)라고 했어요.","그다음이 이제 할아버지로 갑시다. 할아버지, 할아버지는 뭐라고 했냐면 아버지 연세의 배)라고 했어요."
17,0,0.0,1.0,3.1538461538461537,1,(6)/(육)으로 나누고 (16)/(십 육) 으로 나누면 나누어 떨어져야겠죠 왜 나머지를 빼줬기 때문에 (2)/(둘) 다 (2)/(이)가 남는다 그랬으니까요.,나누고 육) 으로 나누면 나누어 떨어져야겠죠 왜 나머지를 빼줬기 때문에 다 남는다 그랬으니까요.
4,1,0.25,1.0,2.0,0,n/ 아이/ 내 머리.,내 머리.
10,0,0.0,1.0,2.7,1,그런데 비유하는 표현을 싹 다 뺐더니 느낌이 별로 오지 않습니다.,그런데 비유하는 표현을 싹 다 뺐더니 느낌이 별로 오지 않습니다.
11,1,0.09090909090909091,1.0,3.75,0,자/ 그다음 다 그림을 (볼게요)/(보께요). 어/ 원숭이가 넘어졌어요. 넘어졌을때 마음이 어떨까요?,그다음 다 그림을 원숭이가 넘어졌어요. 넘어졌을때 마음이 어떨까요?
4,0,0.0,1.0,4.0,1,자* 이렇게 완성하시면 되겠습니다.,자* 이렇게 완성하시면 되겠습니다.
17,1,0.058823529411764705,0.8571428571428571,3.142857142857143,0,"(1)/(일), (2)/(이), (3)/(삼), (4)/(사) 이렇게 가고 있구요, (y)/(와이)는 (4)/(사), (5)/(오), (6)/(육), (7)/(칠) 가고 있군요. 아/ 뭔가 보니까요,","이렇게 가고 있구요, 가고 있군요. 뭔가 보니까요,"
8,1,0.125,1.0,3.5,0,/n 어/ 학교에서 발표할 때 높임 표현을 사용하였습니다.,학교에서 발표할 때 높임 표현을 사용하였습니다.
6,0,0.0,1.0,3.2,1,자/ 성인이 되어 가는 시기라고 나온데요.,성인이 되어 가는 시기라고 나온데요.
7,0,0.0,1.0,3.1666666666666665,1,"자/ 야호야, 어디에서 소리가 나는지 잘 들어봐.","야호야, 어디에서 소리가 나는지 잘 들어봐."
5,0,0.0,1.0,2.5,1,"자/ 사탕 (80)/(팔십) (4개)/(네 개),","사탕 개),"
19,1,0.05263157894736842,0.9411764705882353,2.8823529411764706,0,어떤 수를 네모라고 하여서 잘못 계산한 식을 표현하고 b/ 거기에서 어떤 수 네모를 먼저 구하면 된다. 이 순서를 기억합니다.,어떤 수를 네모라고 하여서 잘못 계산한 식을 표현하고 거기에서 어떤 수 네모를 먼저 구하면 된다. 순서를 기억합니다.
10,0,0.0,0.9,2.9,1,케이스는 그게 두 가지입니다. 홀수 더하기 혹수 더하기 짝수인 경우.,케이스는 그게 두 가지입니다. 홀수 더하기 혹수 더하기 짝수인 경우.
18,1,0.05555555555555555,0.8823529411764706,2.6470588235294117,0,어/ 컴퓨터를 만질 수 있는 컴퓨터실이 있을 수 있어. 그리고 이쪽에는 우리가 책을 읽는 도서관도 있을 수가 있지.,컴퓨터를 만질 수 있는 컴퓨터실이 있을 수 있어. 그리고 이쪽에는 우리가 책을 읽는 도서관도 있을 수가 있지.
9,0,0.0,1.0,2.875,1,"그다음에는 (3개)/(세 개)만 계속 붙여주면 되니까. 그걸 몇 번,","그다음에는 개)만 계속 붙여주면 되니까. 그걸 몇 번,"
18,2,0.1111111111111111,1.0,3.6153846153846154,0,아내가 너무 너덜너덜해 보였어요 이 감투가 그래가지고 태워 버렸거든요. 자/ 그 결과로 (1번)/(일 번) 주인공이 능텅 감투를 포기한다?,아내가 너무 너덜너덜해 보였어요 감투가 그래가지고 태워 버렸거든요. 결과로 주인공이 능텅 감투를 포기한다?
35,1,0.02857142857142857,0.9666666666666667,2.566666666666667,0,구할수 있죠 이것 나누기 (15)/(십 오) 를 하면 되 잖아요 그렇죠 그러면 (1번)/(한 번) 굴렸다는 의미는 그 거리가 무엇과 같아요 원주와 같죠 원 둘레의 길이와 같죠 그러므로요 우리가 지금 (1번째)/(첫 번째) 구할 수 있는 것은요.,구할수 있죠 이것 나누기 오) 를 하면 되 잖아요 그렇죠 그러면 굴렸다는 의미는 거리가 무엇과 같아요 원주와 같죠 원 둘레의 길이와 같죠 그러므로요 우리가 지금 번째) 구할 수 있는 것은요.
10,0,0.0,1.0,3.5555555555555554,1,(1)/(한) 문제 더 남았습니다. 어떤 문제가 여러분을 기다리고 있을지 만나보실까요?,문제 더 남았습니다. 어떤 문제가 여러분을 기다리고 있을지 만나보실까요?
7,1,0.14285714285714285,1.0,2.6,0,자/ 그럼 돈 줍쇼. n/ 주고 싶지마는.,그럼 돈 줍쇼. 주고 싶지마는.
8,0,0.0,1.0,3.25,1,드림보다는 좀더 공손한 느낌을 주는 그런 낱말이라고 합니다.,드림보다는 좀더 공손한 느낌을 주는 그런 낱말이라고 합니다.
7,1,0.14285714285714285,1.0,2.5,0,n/ 솔솔 봄바람이 봄의 소식 전해 온다.,솔솔 봄바람이 봄의 소식 전해 온다.
6,0,0.0,1.0,2.8,1,자/ 그럼 또 누구의 의견을 들어볼까?,그럼 또 누구의 의견을 들어볼까?
18,0,0.0,1.0,3.2222222222222223,1,"그래서 이런 부분은 잘라지는 선들은 실선으로, 안에 덮는 선은 무엇으로? 점선으로 나타내서 형태가 좀 다른 전개도를 완성해 보았습니다.","그래서 이런 부분은 잘라지는 선들은 실선으로, 안에 덮는 선은 무엇으로? 점선으로 나타내서 형태가 좀 다른 전개도를 완성해 보았습니다."
11,0,0.0,0.8181818181818182,3.5454545454545454,1,이것도 각이잖아요. 그렇죠? 긴 바늘과 짧은 바늘이 이루는 각이잖아요. 이것도 이것도요.,이것도 각이잖아요. 그렇죠? 긴 바늘과 짧은 바늘이 이루는 각이잖아요. 이것도 이것도요.
8,0,0.0,1.0,3.6666666666666665,1,그렇죠. 우리 (3자릿수)/(세 자릿수) 나누기 (1자릿수)/(한 자릿수)가 되겠죠?,그렇죠. 우리 자릿수) 나누기 자릿수)가 되겠죠?
22,0,0.0,0.875,2.875,1,"자/ (4개)/(네 개)로 나누었습니다. (4개)/(네 개)로 나눈 것 중에 사 분의 삼이다. (1)/(하나), (2)/(둘), (3)/(셋) 바로 요 시각을 알려주는 거겠네요. 바로 요것은,","개)로 나누었습니다. 개)로 나눈 것 중에 사 분의 삼이다. 바로 요 시각을 알려주는 거겠네요. 바로 요것은,"
29,0,0.0,0.9565217391304348,3.0869565217391304,1,(5칸)/(다섯 칸) 역시 세로도 (4변)/(네 변)의 길이가 모두 같기 때문에 (5칸)/(다섯 칸)이죠. 총 몇 칸인가요? (25칸)/(스물 다섯 칸)이므로 당연히 넓이는 (1제곱)/(한 제곱) 센티미터의 (25배)/(스물 다섯 배)*라고라고 할 수가* 있습니다.,칸) 역시 세로도 변)의 길이가 모두 같기 때문에 칸)이죠. 총 몇 칸인가요? 다섯 칸)이므로 당연히 넓이는 제곱) 센티미터의 다섯 배)*라고라고 할 수가* 있습니다.
7,0,0.0,1.0,3.0,1,"자/ 이게 바로 결론이에요 아무리 자려고 해도,","이게 바로 결론이에요 아무리 자려고 해도,"
4,0,0.0,1.0,3.5,1,많이 해보는 경험이 중요하고요.,많이 해보는 경험이 중요하고요.
12,1,0.08333333333333333,1.0,3.0,0,그 계산의 방법은요. 이렇게 가로로 또는 세로로 계산을 하여 나타낼 수 있습니다.,계산의 방법은요. 이렇게 가로로 또는 세로로 계산을 하여 나타낼 수 있습니다.
23,2,0.08695652173913043,1.0,3.3684210526315788,0,n/ 정답은 (2번)/(이 번)이 되겠습니다. 다음에요. n/ 다음 글을 읽고 만든 질문 중에 무엇에 해당하는지 보기에서 골라 기호를 쓰래요. 자/ 질문을 만들었는데 보여주세요.,정답은 번)이 되겠습니다. 다음에요. 다음 글을 읽고 만든 질문 중에 무엇에 해당하는지 보기에서 골라 기호를 쓰래요. 질문을 만들었는데 보여주세요.
10,1,0.1,1.0,4.285714285714286,0,(3번)/(삼 번) 어려운 사람을 도와주어서 그렇습니다. n/ 어떤 사람들 도와주었습니까?,어려운 사람을 도와주어서 그렇습니다. 어떤 사람들 도와주었습니까?
4,0,0.0,1.0,3.6666666666666665,1,"간단한 시간에 명료하게, 탁/.","간단한 시간에 명료하게,"
5,2,0.4,1.0,2.5,0,n/ 아/ 이제부터 잘 (들으시오)/(들으라옹).,이제부터 잘
14,1,0.07142857142857142,1.0,2.5833333333333335,0,n/ 또 보기 에는 약하지만 아쉬움이 있다 이렇게 말하기도 해 자/ 그러면 오늘의 문제,또 보기 에는 약하지만 아쉬움이 있다 이렇게 말하기도 해 그러면 오늘의 문제
4,0,0.0,1.0,2.3333333333333335,1,자/ 다시 한번 해볼까,다시 한번 해볼까
4,1,0.25,1.0,4.0,0,"아/ 맛있겠다. 피자요, 피자!","맛있겠다. 피자요, 피자!"
5,0,0.0,1.0,3.6,1,"정확하게 반으로 나뉘어 진다고 했으니까,","정확하게 반으로 나뉘어 진다고 했으니까,"
14,1,0.07142857142857142,1.0,3.076923076923077,0,음악이나 자막을 넣을 수 있기 때문에 분위기를 잘 전달 할수있습니다. 이 자료는 어떤 자료일까요?,음악이나 자막을 넣을 수 있기 때문에 분위기를 잘 전달 할수있습니다. 자료는 어떤 자료일까요?
7,2,0.2857142857142857,1.0,2.8,0,"그 숫자를 오른쪽 열쇠 그림에서 찾아 음/,",숫자를 오른쪽 열쇠 그림에서 찾아
6,0,0.0,1.0,3.3333333333333335,1,"소수점의 위치는 바로 어느 부분이냐 하면은요,","소수점의 위치는 바로 어느 부분이냐 하면은요,"
13,0,0.0,0.9090909090909091,2.727272727272727,1,(6)/(육)은 짝을 지을 수 있나요? 그렇죠. 그래서 (16)/(십 육)은 짝수라고 할 수 있겠네요.,짝을 지을 수 있나요? 그렇죠. 그래서 육)은 짝수라고 할 수 있겠네요.
9,1,0.1111111111111111,1.0,3.5,0,n/ 누구나 힘든게 있다옹. 부러우면 부러워만 하지 말고 노력하던가!,누구나 힘든게 있다옹. 부러우면 부러워만 하지 말고 노력하던가!
5,1,0.2,1.0,3.25,0,소년들은 이 동굴 안을 살펴보다가,소년들은 동굴 안을 살펴보다가
4,0,0.0,1.0,4.0,1,"뭐라고요? 같이, 자/ 오각형,","뭐라고요? 같이, 오각형,"
18,0,0.0,1.0,2.7777777777777777,1,아까 말했던 원칙만 잘 지킨다면 여러분이 자유롭게 생각해서 적는 내용이 모두모두 근사한 정답이 될 수 있을 것 같은데요.,아까 말했던 원칙만 잘 지킨다면 여러분이 자유롭게 생각해서 적는 내용이 모두모두 근사한 정답이 될 수 있을 것 같은데요.
9,0,0.0,1.0,3.3333333333333335,1,이런 말들을 들으면 어떤 생각이 나나요 호랑이에게 물어보러 가야겠죠?,이런 말들을 들으면 어떤 생각이 나나요 호랑이에게 물어보러 가야겠죠?
24,3,0.125,0.8947368421052632,3.210526315789474,0,어/ 어떤 내용들을 공부하기 될까요? 음/ 선생님은 시를 참 좋아해요. 우리 친구들은 어떤지 모르겠네요. 아/ 참/ 또 비도 시를 좋아하는지 궁금하네요. 자/ 또 비야.,어떤 내용들을 공부하기 될까요? 선생님은 시를 참 좋아해요. 우리 친구들은 어떤지 모르겠네요. 또 비도 시를 좋아하는지 궁금하네요. 또 비야.
20,0,0.0,1.0,2.764705882352941,1,자/ 숫자가 너무 커져 버려요 (150)/(백 오십)에서 이렇게 지지고 볶고 빼고 더하고 했을 때 (70)/(칠십)이 나오지 않는다는 것을 눈치를 채고요.,숫자가 너무 커져 버려요 오십)에서 이렇게 지지고 볶고 빼고 더하고 했을 때 나오지 않는다는 것을 눈치를 채고요.
9,1,0.1111111111111111,1.0,2.857142857142857,0,n/ 나랑 친한 친구 수민이는 시험만 보면 (1등)/(일 등)이다.,나랑 친한 친구 수민이는 시험만 보면 등)이다.
15,0,0.0,1.0,2.6153846153846154,1,"자 그럼 여기서 (32)/(삼십 이)와 약수와 배수의 관계가 아닌 수를 정답으로 써야 하니까 정답은 (6)/(육)과,",자 그럼 여기서 이)와 약수와 배수의 관계가 아닌 수를 정답으로 써야 하니까 정답은
5,0,0.0,1.0,2.8,1,새로 안 사실을 정리하며 읽는다.,새로 안 사실을 정리하며 읽는다.
27,0,0.0,0.88,3.16,1,비비새를 바라보는 말하는 이의 마음으로 알맞지 않은 것은 어느 것입니까? 라는 그런 문제입니다. 시속에서 말하는 이가 전달하고자 하는 생각으로 알맞지 않은 것을 묻는 문제예요. (1번)/(일 번) 볼게요.,비비새를 바라보는 말하는 이의 마음으로 알맞지 않은 것은 어느 것입니까? 라는 그런 문제입니다. 시속에서 말하는 이가 전달하고자 하는 생각으로 알맞지 않은 것을 묻는 문제예요. 볼게요.
4,1,0.25,1.0,3.0,0,n/ 정말 재미있게 놀았지,정말 재미있게 놀았지
15,0,0.0,1.0,3.0,1,그럼 문제가 항상 나올 때마다 여러분이 직접 어떤 방법으로 어림 할지 생각하는 힘을 길러주면 좋겠습니다..,그럼 문제가 항상 나올 때마다 여러분이 직접 어떤 방법으로 어림 할지 생각하는 힘을 길러주면 좋겠습니다..
10,1,0.1,1.0,2.5,0,그러니까 선생님이 이 중에 어떤 것 (1)/(하나)를 말을 할 거예요.,그러니까 선생님이 중에 어떤 것 말을 할 거예요.
7,0,0.0,1.0,3.8,1,자연수의 나눗셈처럼 계산 한다라는 거예요. (3)/(삼)(1)/(일)은 (3)/(삼).,자연수의 나눗셈처럼 계산 한다라는 거예요.
13,0,0.0,1.0,3.125,1,"(10개)/(열 개)씩 묶음의 수를 비교했더니 (67)/(육십 칠)은 (6개)/(여섯 개), (76)/(칠십 육)은 (7개)/(일곱 개).","개)씩 묶음의 수를 비교했더니 칠)은 개), 육)은 개)."
9,0,0.0,0.5,3.0,1,"자/ 그다음 (1)/(일) 더하기 (3)/(삼) 더하기 (5)/(오) 더하기 (7)/(칠),",그다음 더하기 더하기 더하기
17,3,0.17647058823529413,1.0,2.857142857142857,0,그리고 난 다음에 비교를 해보세요. 그렇다면 이 중에서 그 길이가 가장 짧은 것은 바로 n/ 네까지 입니다.,그리고 난 다음에 비교를 해보세요. 그렇다면 중에서 길이가 가장 짧은 것은 바로 네까지 입니다.
29,1,0.034482758620689655,1.0,3.0,0,"자/ 우리 친구들 이렇게 시간 순서를 바꾸어 전개한 글. 아/ 이러한 효과가 있구나 흥미와 호기심을 불러일으키기도 하고, 그다음 장면에 대한 궁금증을 더 유발하기도 하는구나 라는 걸 정리해볼 수 있겠죠.","우리 친구들 이렇게 시간 순서를 바꾸어 전개한 글. 이러한 효과가 있구나 흥미와 호기심을 불러일으키기도 하고, 그다음 장면에 대한 궁금증을 더 유발하기도 하는구나 라는 걸 정리해볼 수 있겠죠."
31,5,0.16129032258064516,0.85,2.75,0,"그러니까 (61)/(육십 일), n/ 그다음 또 아니 육시+ 아/ (61)/(육십 일), 그다음 (60)/(육십), n/ 여기는 (59)/(오십 구), n/ 여기는 (58)/(오십 팔)이 n/ 되겠죠? 다 모두 합이 (127)/(백 이십 칠)이 되야 되니깐요.","그러니까 일), 그다음 또 아니 육시+ 일), 그다음 여기는 구), 여기는 팔)이 되겠죠? 다 모두 합이 이십 칠)이 되야 되니깐요."
5,0,0.0,1.0,3.0,1,b/ 여기 (1)/(하나) 남았네. b/,여기 남았네.
17,2,0.11764705882352941,0.8666666666666667,3.3333333333333335,0,"n/ 한편 더 생각해봐야 될 게 있다고. 한편 다른 생각이야. 생각해볼까? 안토니오가 이 계약서를 썼어요. 계약서를 썼는데,","한편 더 생각해봐야 될 게 있다고. 한편 다른 생각이야. 생각해볼까? 안토니오가 계약서를 썼어요. 계약서를 썼는데,"
5,0,0.0,1.0,1.6666666666666667,1,(1)/(일)만큼 더 작은 수는 b/,더 작은 수는
13,0,0.0,0.8461538461538461,2.8461538461538463,1,그렇죠 우리 친구들이 행복한 순간 우리 부모님의 행복한 순간들을 많이 찾아 봤을 거예요.,그렇죠 우리 친구들이 행복한 순간 우리 부모님의 행복한 순간들을 많이 찾아 봤을 거예요.
12,0,0.0,1.0,2.727272727272727,1,자 이번에는 가로의 눈금 (1칸)/(한 칸)의 크기는 얼마 씩으로 정해 주면 좋을까요?,자 이번에는 가로의 눈금 칸)의 크기는 얼마 씩으로 정해 주면 좋을까요?
3,0,0.0,1.0,2.3333333333333335,1,몇 그램 입니까.,몇 그램 입니까.
18,1,0.05555555555555555,0.9375,2.8125,0,n/ 자/ 지혜가 칭찬 붙임 딱지를 받았대요 그리고 매일매일 받은 붙임 딱지의 갯수를 이렇게 표로 기록을 해 봤거든요?,지혜가 칭찬 붙임 딱지를 받았대요 그리고 매일매일 받은 붙임 딱지의 갯수를 이렇게 표로 기록을 해 봤거든요?
29,0,0.0,0.9615384615384616,3.076923076923077,1,자/ 그래서 이렇게 바르게 또박또박 말하는 것을 보기 위해서 선생님이 동영상을 준비한 것은 (아니고요)/(아니구요). 선생님이 부족하지만 아나운서 흉내를 내보려고 합니다. 선생님 잘 할 수 있을까요? 자/ 한번 해 보겠습니다.,그래서 이렇게 바르게 또박또박 말하는 것을 보기 위해서 선생님이 동영상을 준비한 것은 선생님이 부족하지만 아나운서 흉내를 내보려고 합니다. 선생님 잘 할 수 있을까요? 한번 해 보겠습니다.
14,0,0.0,1.0,2.2857142857142856,1,빨강 초록 공기 알을 보니 문득 방울 토마토 이름 짓는 걸 깜빡한 게 떠올랐어요.,빨강 초록 공기 알을 보니 문득 방울 토마토 이름 짓는 걸 깜빡한 게 떠올랐어요.
13,1,0.07692307692307693,1.0,2.3333333333333335,0,"이것을 다시 곱셈으로 우리 친구들 할수 있겠죠 n/ (3)/(삼) (8)/(팔) 에 (20)/(이십) ,","이것을 다시 곱셈으로 우리 친구들 할수 있겠죠 에 ,"
19,0,0.0,0.9411764705882353,2.8823529411764706,1,자/ 우리 친구들도 같이 색칠해 주세요. 그리고 (3시)/(세 시)에 불을 끄고 나서 식혔죠. 언제까지 식힌 거예요? 언제 끝낸 거예요?,우리 친구들도 같이 색칠해 주세요. 그리고 시)에 불을 끄고 나서 식혔죠. 언제까지 식힌 거예요? 언제 끝낸 거예요?
27,3,0.1111111111111111,1.0,2.8181818181818183,0,n/ 와/ 이 속담은요. 바로 서로 친한 관계가 있는 것끼리는 떨어지지 않고 항상 함께 다닌다 이런 뜻이죠. 자/ 그렇다면 여러분도 아마 이 속담은 잘 알고 있었을 텐데요.,속담은요. 바로 서로 친한 관계가 있는 것끼리는 떨어지지 않고 항상 함께 다닌다 이런 뜻이죠. 그렇다면 여러분도 아마 속담은 잘 알고 있었을 텐데요.
21,0,0.0,0.9,3.05,1,"자/ 그리고, 왜냐하면, 그래서, 그러나, 이런 것과 같이 여러가지 이어주는 말. 아주 아주 적절히 사용해야 한다는 거 우리 공부를 같이 했었는데요.","그리고, 왜냐하면, 그래서, 그러나, 이런 것과 같이 여러가지 이어주는 말. 아주 아주 적절히 사용해야 한다는 거 우리 공부를 같이 했었는데요."
11,0,0.0,1.0,3.8,1,작가의 특이한 표현법입니다. 자/ 목동 앞에 그토록 기다리던 스테파네트 아가씨가 왔습니다.,작가의 특이한 표현법입니다. 목동 앞에 그토록 기다리던 스테파네트 아가씨가 왔습니다.
30,0,0.0,0.9230769230769231,3.6153846153846154,1,(70)/(칠십)에다가 얼마를 곱하면 (300)/(삼백)에 가까울까요? (1)/(일) (2)/(이) (3)/(삼) (4)/(사) (5)/(오) (6)/(육) (7)/(칠) (8)/(팔) (9)/(구) 중에서 그래요. (4)/(사) 네모 안에 (4)/(사)를 넣어 봅시다. (7)/(칠) (4)/(사) 얼마입니까? (28)/(이십 팔)이므로 (280)/(이백 팔십) 그래요.,얼마를 곱하면 가까울까요? 중에서 그래요. 네모 안에 넣어 봅시다. 얼마입니까? 팔)이므로 팔십) 그래요.
26,0,0.0,0.7727272727272727,2.8181818181818183,1,아니죠 시력이 (0.9)/(영 점 구)보다 낮으니까 재민이는 아니고 지원이 봅시다. (1.2)/(일 점 이)죠. (1.2)/( 일 점 이)는 (0.9)/(영 점 구)보다 더 시력이 높죠 그래서 지원이는 맞습니다.,아니죠 시력이 점 구)보다 낮으니까 재민이는 아니고 지원이 봅시다. 점 이)죠. 일 점 이)는 점 구)보다 더 시력이 높죠 그래서 지원이는 맞습니다.
5,0,0.0,1.0,3.6,1,선생님이 이렇게 상자 모양을 그려봤어요.,선생님이 이렇게 상자 모양을 그려봤어요.
14,1,0.07142857142857142,1.0,3.4166666666666665,0,n/ 자/ 우리가요. 가와 나 상자의 부피를 우리가 직접적으로 비교를 해보려고 해요. 그런데 선생님이요.,우리가요. 가와 나 상자의 부피를 우리가 직접적으로 비교를 해보려고 해요. 그런데 선생님이요.
6,0,0.0,1.0,3.1666666666666665,1,여러분 완전히 겹치도록 포갠다 라고 하면요.,여러분 완전히 겹치도록 포갠다 라고 하면요.
2,0,0.0,1.0,3.0,1,나 심드렁해.,나 심드렁해.
7,0,0.0,1.0,3.0,1,"자/ 이렇게 어떤 수를 구하는 문제는, 첫번째.","이렇게 어떤 수를 구하는 문제는, 첫번째."
15,0,0.0,1.0,3.3076923076923075,1,혹시 아직 교재가 준비되지 않은 친구들은요. (EBS)/(이비에스) 초등 홈페이지에서 교재를 (download)/(다운로드) 받아서 사용할 수가 있습니다.,혹시 아직 교재가 준비되지 않은 친구들은요. 초등 홈페이지에서 교재를 받아서 사용할 수가 있습니다.
11,1,0.09090909090909091,0.9,3.1,0,"지우개의 한 끝을 자에 한 눈금에 맞춰주세요. 그러니까 바로 이 그림에서는,","지우개의 한 끝을 자에 한 눈금에 맞춰주세요. 그러니까 바로 그림에서는,"
23,2,0.08695652173913043,0.8,2.933333333333333,0,n/ (8명)/(여덟 명) (12명)/( 열 두 명) 더해서 (20명)/(이십 명) 나누어 줍니다. 계산하면 (240)/(이백 사십) 나누기 (20)/(이십) 이구요. 계산하면 (12세)/(십 이 세)가 되겠네요.,명) 열 두 명) 더해서 명) 나누어 줍니다. 계산하면 사십) 나누기 이구요. 계산하면 세)가 되겠네요.
8,0,0.0,1.0,3.5,1,이것도 역시 (1)/(일)의 자리에서부터 (4자리)/(네 자리)씩 나눠 보세요.,이것도 역시 자리에서부터 자리)씩 나눠 보세요.
5,1,0.2,1.0,3.25,0,수행평가를 예. 그 한다고 하지만,수행평가를 예. 한다고 하지만
11,0,0.0,0.7,2.8,1,자/ 누가 이렇게 돼야 되나? 이렇게 돼야 되나? 한번 생각해보고 준비!,누가 이렇게 돼야 되나? 이렇게 돼야 되나? 한번 생각해보고 준비!
10,1,0.1,1.0,3.25,0,네. 어휘 (1)(하나)씩 먹어볼까? 자/ 먼저 첫 번째! n/ 꿀꺽!,네. 어휘 (1)(하나)씩 먹어볼까? 먼저 첫 번째! 꿀꺽!
4,1,0.25,1.0,3.0,0,n/ 설명할 수 있습니다.,설명할 수 있습니다.
9,0,0.0,1.0,2.5555555555555554,1,지금 책을 찾아보고 있어요 정리 하고 있는 건 아니네요.,지금 책을 찾아보고 있어요 정리 하고 있는 건 아니네요.
3,0,0.0,1.0,2.0,1,또는 b/ (70)/(일흔)입니다.,또는
9,0,0.0,0.875,2.75,1,그림 그래프를 표로 표를 (그림)/(그린) 그래프로 바꿔 바꿔 바꿔라!,그림 그래프를 표로 표를 그래프로 바꿔 바꿔 바꿔라!
5,1,0.2,1.0,2.5,0,"으흠/ 어/ 이게 뭘까? 으흠/,",이게 뭘까?
33,1,0.030303030303030304,0.96,3.0,0,n/ 시속 (25km)/(이십 오 킬로미터)로 간다는 얘기예요. 자/ 거리가 (300)/(삼백)이에요. (300)/(삼백)을 가야 하는데 이번에는 속력이 얼만가? (25)/(이십 오)란 얘기예요. (25)/(이십오)인데 시간을 내가 몰라요. 그럴 때 어떻게 구할 수 있을까요? (이렇게)/(요렇게) 식 세우면 됩니다.,시속 오 킬로미터)로 간다는 얘기예요. 거리가 가야 하는데 이번에는 속력이 얼만가? 오)란 얘기예요. 시간을 내가 몰라요. 그럴 때 어떻게 구할 수 있을까요? 식 세우면 됩니다.
11,0,0.0,1.0,2.5,1,자/ 나뭇가지에 앉아있는 세는 몇 마리 하나 둘 세 마리예요 선생님,나뭇가지에 앉아있는 세는 몇 마리 하나 둘 세 마리예요 선생님
4,0,0.0,1.0,3.75,1,"그렇죠, 쉬운 숫자부터 넣어봐라.","그렇죠, 쉬운 숫자부터 넣어봐라."
33,1,0.030303030303030304,0.9310344827586207,3.1379310344827585,0,(4번)/(사 번). 주장에 대한 무엇입니까? 근거를 적절히 제시한 글이다. 이런 글은 우리가 논설문 이라고 얘기 하는데요. 지금 이 글은 주장이나 근거를 이야기 하는 글도 아닙니다. 정답은 그래서 몇 번인가요? 마지막 짜자잔/ (5번)/(오 번)인데요.,번). 주장에 대한 무엇입니까? 근거를 적절히 제시한 글이다. 이런 글은 우리가 논설문 이라고 얘기 하는데요. 지금 글은 주장이나 근거를 이야기 하는 글도 아닙니다. 정답은 그래서 몇 번인가요? 마지막 번)인데요.
19,0,0.0,0.9473684210526315,2.8947368421052633,1,이야기 속에서 왜 도리와 누나가 헤어질 수밖에 없었을까요 벌써 우리 친구들 이야기다 읽고 나서 알고 있다구요 네 이야기 보겠습니다.,이야기 속에서 왜 도리와 누나가 헤어질 수밖에 없었을까요 벌써 우리 친구들 이야기다 읽고 나서 알고 있다구요 네 이야기 보겠습니다.
6,0,0.0,1.0,3.75,1,(10원)/(십 원)짜리 동전을 (이렇게나)/(요렇게나) 많이 모았습니다.,원)짜리 동전을 많이 모았습니다.
6,0,0.0,1.0,3.1666666666666665,1,그러나 까치와 꿩의 생김새는 전혀 다릅니다.,그러나 까치와 꿩의 생김새는 전혀 다릅니다.
4,0,0.0,1.0,4.0,1,달팽이는 놀라면 어떻게 행동하나요?,달팽이는 놀라면 어떻게 행동하나요?
7,0,0.0,1.0,4.0,1,"(4)/(사) (3)/(삼) (12)/(십 이)니까 (3)/(삼) (3)/(삼)은 (9)/(구),",이)니까
11,0,0.0,1.0,2.3333333333333335,1,자/ 남은 양이라는 건요 전체 피자 한 판 전체를 (1)/(일)로 보고요.,남은 양이라는 건요 전체 피자 한 판 전체를 보고요.
5,0,0.0,1.0,3.25,1,원래 곰돌이 (4마리)/(네 마리)가 있었는데,원래 곰돌이 마리)가 있었는데
11,0,0.0,1.0,2.7,1,자/ 이렇게 전체를 보고 이제 검은 바둑돌과 흰색 바둑돌의 수를 보죠.,이렇게 전체를 보고 이제 검은 바둑돌과 흰색 바둑돌의 수를 보죠.
15,0,0.0,0.9285714285714286,2.9285714285714284,1,내가 토마토 샐러드 먹기를 주저하고 있을 때 자/ 글의 흐름을 생각하면 친구들 주저하고 무슨 말일까요.,내가 토마토 샐러드 먹기를 주저하고 있을 때 글의 흐름을 생각하면 친구들 주저하고 무슨 말일까요.
15,0,0.0,1.0,3.3333333333333335,1,그리고 동영상에는 음악도 들어가고 자막도 들어가죠. 그러니까 어때요 분위기가 막 살겠죠. 그런 좋은 점이 있습니다.,그리고 동영상에는 음악도 들어가고 자막도 들어가죠. 그러니까 어때요 분위기가 막 살겠죠. 그런 좋은 점이 있습니다.
4,1,0.25,1.0,2.3333333333333335,0,n/ 시를 써야 한다.,시를 써야 한다.
6,1,0.16666666666666666,1.0,3.4,0,먼저 이 기장부터 찾아볼게요. 잘 보세요.,먼저 기장부터 찾아볼게요. 잘 보세요.
3,0,0.0,1.0,3.0,1,"그리고 (61)/(육십 일),","그리고 일),"
7,1,0.14285714285714285,1.0,3.5,0,n/ (768)/(칠백 육십 팔). 단위는 (cm2)/(제곱 센티미터).,육십 팔). 단위는 센티미터).
6,0,0.0,1.0,3.8,1,자/ 마지막으로 우유곽은 어떤 모양인가요? 바로,마지막으로 우유곽은 어떤 모양인가요? 바로
9,1,0.1111111111111111,1.0,3.5,0,"n/ (62)/(육십 이)가 되고 단위는 (cm)/(센티미터)가 되겠죠. 그렇다면은, 아하,","이)가 되고 단위는 되겠죠. 그렇다면은, 아하,"
22,0,0.0,0.9285714285714286,3.142857142857143,1,"자/ (6000)/(육천) 그다음에 얼마일까? 여기는 (8000)/(팔천)이네요. 자/ 요기 (1)/(한) 칸 씨 숫자가 커지고 있습니다. 그렇죠? 자/ (6000)/(육천) 다음에 얼마였고, 얼마 다음에 (8000)/(팔천)이에요.","그다음에 얼마일까? 여기는 요기 칸 씨 숫자가 커지고 있습니다. 그렇죠? 다음에 얼마였고, 얼마 다음에"
9,1,0.1111111111111111,1.0,3.7142857142857144,0,n/ 자/ 그럼 안네와 안네의 가족들은 은신처에서 어떻게 살았을까요?,그럼 안네와 안네의 가족들은 은신처에서 어떻게 살았을까요?
18,1,0.05555555555555555,1.0,3.176470588235294,0,과연 공식적인 말하기 특성을 고려하여 이 연설문에서 주의할 점도 생각해서 잘 연설을 하고 있는지 우리 한번 살펴보도록 하겠습니다.,과연 공식적인 말하기 특성을 고려하여 연설문에서 주의할 점도 생각해서 잘 연설을 하고 있는지 우리 한번 살펴보도록 하겠습니다.
25,0,0.0,0.92,2.8,1,구하려고 하는 건 남은 딸기의 양을 구하려고 합니다 그렇다면 우리 앞서서 풀었던 것과 다른 방법을 선택 해볼게요 그게 뭐냐면 빼고+ 빼는 방법을 이용해 보겠다는 건데요.,구하려고 하는 건 남은 딸기의 양을 구하려고 합니다 그렇다면 우리 앞서서 풀었던 것과 다른 방법을 선택 해볼게요 그게 뭐냐면 빼고+ 빼는 방법을 이용해 보겠다는 건데요.
5,1,0.2,1.0,3.5,0,n/ 미스 마더의 얼굴이 붉어졌어요.,미스 마더의 얼굴이 붉어졌어요.
20,0,0.0,0.9473684210526315,3.8421052631578947,1,예. 맞습니다. 낱말의 첫소리는 모음 순서인가요? 첫소리는 자음이라고 했죠. 틀렸습니다. 각 글자가 짜인 순서대로 찾습니다. 글자의 짜임을 (이걸)/(요걸) 말하는거지요. 그렇지요.,예. 맞습니다. 낱말의 첫소리는 모음 순서인가요? 첫소리는 자음이라고 했죠. 틀렸습니다. 각 글자가 짜인 순서대로 찾습니다. 글자의 짜임을 말하는거지요. 그렇지요.
11,0,0.0,0.8333333333333334,3.3333333333333335,1,자/ (18)/(십 팔) 곱하기 (18)/(십 팔) 역시 세로식으로 (1번)/(한 번) 풀어볼까요?,팔) 곱하기 팔) 역시 세로식으로 풀어볼까요?
8,0,0.0,1.0,3.0,1,글의 전체적인 내용까지도 잘 이해할 수 있습니다. b/,글의 전체적인 내용까지도 잘 이해할 수 있습니다.
22,0,0.0,0.95,2.5,1,(ㄴ)/(니은) 나 뿔났어 동생이 한 말 이죠? 정말 머리 위에 뿔이 났다는 것은 아니고 그래요 화가 났다는 뜻이었어요. 자/ 그럼 보기 볼까요.,나 뿔났어 동생이 한 말 이죠? 정말 머리 위에 뿔이 났다는 것은 아니고 그래요 화가 났다는 뜻이었어요. 그럼 보기 볼까요.
2,0,0.0,1.0,3.0,1,둥글기도 하지,둥글기도 하지
12,0,0.0,1.0,3.272727272727273,1,자/ 우리 친구들이 풍선을 가지고 있는데요. 풍선 안에는 마음을 나타내는 말이 있습니다.,우리 친구들이 풍선을 가지고 있는데요. 풍선 안에는 마음을 나타내는 말이 있습니다.
4,1,0.25,1.0,3.0,0,어/ 진짜요? 어디 볼까?,진짜요? 어디 볼까?
25,2,0.08,0.9545454545454546,3.5,0,아이구/ 어머니가 n/ 왜 이렇게 말씀을 하셨을까요. 찬호의 생각이 너무나 기특하고 기발하고 재미있어서 그러셨겠죠. 그렇다면 괄호 안에 어머니가 어떤 말투로 n/ 이야기를 할지 들어가면 되겠네요.,어머니가 왜 이렇게 말씀을 하셨을까요. 찬호의 생각이 너무나 기특하고 기발하고 재미있어서 그러셨겠죠. 그렇다면 괄호 안에 어머니가 어떤 말투로 이야기를 할지 들어가면 되겠네요.
22,1,0.045454545454545456,1.0,2.9444444444444446,0,"(1)/(하나) (1)/(하나) (1)/(하나) 과연 어떤 문단이길래 이렇게 봄꽃 개나리 목련 진달래 라는 낱말이 쓰여서+ 쓰여져 있을까 n/ 보겠습니다. 봄이 오면 우리 마을에,","과연 어떤 문단이길래 이렇게 봄꽃 개나리 목련 진달래 라는 낱말이 쓰여서+ 쓰여져 있을까 보겠습니다. 봄이 오면 우리 마을에,"
6,0,0.0,1.0,4.0,1,심청이 글감이에요. 그러면 심청이라는 사람이 b/,심청이 글감이에요. 그러면 심청이라는 사람이
17,0,0.0,1.0,2.588235294117647,1,"물론, 줄자를 이용해서 처음부터 끝까지 직접 배워 볼 수도 있지만 우리는 이제 길이의 합 구할 수 있잖아요.","물론, 줄자를 이용해서 처음부터 끝까지 직접 배워 볼 수도 있지만 우리는 이제 길이의 합 구할 수 있잖아요."
19,0,0.0,0.8947368421052632,3.0,1,자 그럼 이게 바로 정육면체의 한 모서리의 길이가 되는 것이고요 우리가 구하고자 하는 것은 정육면체의 모든 모서리의 길이의 합이잖아요.,자 그럼 이게 바로 정육면체의 한 모서리의 길이가 되는 것이고요 우리가 구하고자 하는 것은 정육면체의 모든 모서리의 길이의 합이잖아요.
19,0,0.0,1.0,2.9473684210526314,1,얘들아. 나는 오늘 좀 슬펐어. 친구들에게 너희 자랑을 하려고 했는데 별로 관심이 없는 거야. 슬픈 이유까지 이야기를 한 부분입니다.,얘들아. 나는 오늘 좀 슬펐어. 친구들에게 너희 자랑을 하려고 했는데 별로 관심이 없는 거야. 슬픈 이유까지 이야기를 한 부분입니다.
7,0,0.0,0.6666666666666666,2.3333333333333335,1,자 (1)/(하나) 더 동그라미 하면 동그라미 하면,자 더 동그라미 하면 동그라미 하면
20,0,0.0,1.0,3.1333333333333333,1,자/ 문제는요 나머지가 큰 것부터 순서대로 안에다가 (1)/(일) (2)/(이) (3)/(삼)을 써넣어 보래요 결국에는 우리 (3)/(세) 나눗셈을 다 계산을 해 봐야겠네요.,문제는요 나머지가 큰 것부터 순서대로 안에다가 써넣어 보래요 결국에는 우리 나눗셈을 다 계산을 해 봐야겠네요.
11,1,0.09090909090909091,1.0,3.1,0,"그것을 파헤쳐 봐야 되는데 왜, 이 사람들은 말할 때 관용표현을 사용할까요?","그것을 파헤쳐 봐야 되는데 왜, 사람들은 말할 때 관용표현을 사용할까요?"
29,2,0.06896551724137931,0.9259259259259259,2.7777777777777777,0,"그 사람과 맺는 관계를 좋아지게도 만들어요. 내가 다른 사람의 좋은 점을 찾아서 자꾸 칭찬하다 보면요, 그 친구와 더 사이가 좋아질 수 있다. 관계가 좋아질 수 있다라는 뜻이 되는 것이죠.","사람과 맺는 관계를 좋아지게도 만들어요. 내가 다른 사람의 좋은 점을 찾아서 자꾸 칭찬하다 보면요, 친구와 더 사이가 좋아질 수 있다. 관계가 좋아질 수 있다라는 뜻이 되는 것이죠."
6,0,0.0,1.0,4.4,1,o/ 지금까지의 내용 한번 정리해보고 넘어가겠습니다.,지금까지의 내용 한번 정리해보고 넘어가겠습니다.
2,1,0.5,1.0,3.0,0,n/ 쏙쏙.,쏙쏙.
10,1,0.1,1.0,2.4444444444444446,0,이 책을 읽고 많은 글을 써 보내준 친구들의 글이 있어요.,책을 읽고 많은 글을 써 보내준 친구들의 글이 있어요.
15,0,0.0,0.9333333333333333,3.2666666666666666,1,따라서 중심 문장이 무엇이었습니까? 그래요. 우리 조상은 여러 가지 한과를 만들어 먹었다는 게 중심 문장이었어요.,따라서 중심 문장이 무엇이었습니까? 그래요. 우리 조상은 여러 가지 한과를 만들어 먹었다는 게 중심 문장이었어요.
13,0,0.0,0.9,3.2,1,자/ 그림을 보고 (X)/(엑스)를 사용하는 식으로 써보세요. 어때요 (X)/(엑스)를 사용해서 식으로 써 보았죠?,그림을 보고 사용하는 식으로 써보세요. 어때요 사용해서 식으로 써 보았죠?
21,1,0.047619047619047616,0.9444444444444444,3.0555555555555554,0,n/ 아이고/ 내 정신 좀 봐. 주문을 외워야지 주문을. 자/ 주문 나갑니다. 수리 수리 마수리 아브라카타브라카 동해물과 백두산이 마르고 닳도록 얍.,내 정신 좀 봐. 주문을 외워야지 주문을. 주문 나갑니다. 수리 수리 마수리 아브라카타브라카 동해물과 백두산이 마르고 닳도록 얍.
11,0,0.0,1.0,3.0,1,아무리 좋은 의도로 한 일이지만 결과적으로 다른 사람에게 피해를 주고 말았으니,아무리 좋은 의도로 한 일이지만 결과적으로 다른 사람에게 피해를 주고 말았으니
26,1,0.038461538461538464,1.0,2.84,0,n/죽기보다 싫어도 체조 선생님의 명령이라 학생들 모두 일제히 검은 양복 저고리를 벗어샤쓰만 입은 채로 있고 선생님까지 벗었는데 다 다만 한 사람 창남이란 벗지를 않고 그대로 있었다.,싫어도 체조 선생님의 명령이라 학생들 모두 일제히 검은 양복 저고리를 벗어샤쓰만 입은 채로 있고 선생님까지 벗었는데 다 다만 한 사람 창남이란 벗지를 않고 그대로 있었다.
31,3,0.0967741935483871,0.9047619047619048,3.0952380952380953,0,쌍둥이 문제도 있다. 얘들아. 쌍둥이 문제가 뭔지 알아? 여러분 그/ 교재나 교안이 있는 친구는요. 어/ 여기 (10쪽)/(십 쪽)에 (5번)/(다섯 번) 문제 보세요. n/ 자/ 누구랑 쌍둥이냐면 (10쪽)/(십 쪽)에 애/ (10쪽)/(십 쪽).,쌍둥이 문제도 있다. 얘들아. 쌍둥이 문제가 뭔지 알아? 여러분 교재나 교안이 있는 친구는요. 여기 쪽)에 문제 보세요. 누구랑 쌍둥이냐면 쪽)에 쪽).
11,0,0.0,1.0,2.8181818181818183,1,그러니까 아테네 여신과 겨루어도 못한 점이 없을 거예요 라고 말하는 거죠.,그러니까 아테네 여신과 겨루어도 못한 점이 없을 거예요 라고 말하는 거죠.
9,0,0.0,1.0,2.375,1,그리고 얘 경수야 라고 했을 때는 누구를 부르는 (낱말이고요)/(낱말이구요).,그리고 얘 경수야 라고 했을 때는 누구를 부르는
3,0,0.0,1.0,2.6666666666666665,1,맵다. 뭐가 맵다?,맵다. 뭐가 맵다?
12,0,0.0,1.0,2.5,1,(2)/(이)반의 병을 합쳤을 때 (6)/(육)이 되고 (5)/(오)가 되네. (56병)/(오십 여섯 병)이고 거기에,병을 합쳤을 때 되고 되네. 여섯 병)이고 거기에
9,0,0.0,0.6666666666666666,2.6666666666666665,1,b/ (77)/(칠십 칠)과 (70)/(칠십)+ (77)/(칠십 칠)과 (88)/(팔십 팔) b/,칠)과 칠)과 팔)
10,0,0.0,1.0,3.5555555555555554,1,"(6세)/(육 세) 이하의 어린이는, 아주 어린 친구들이죠? 보호자와 함께해야 합니다.","세) 이하의 어린이는, 아주 어린 친구들이죠? 보호자와 함께해야 합니다."
11,0,0.0,1.0,2.3,1,따라서 (409)/(사 백 구)입니다 라고 답 할 수 있어요 어렵지 않죠?,따라서 백 구)입니다 라고 답 할 수 있어요 어렵지 않죠?
16,0,0.0,0.8,2.6,1,아까 우리가 자동차 대형차 중형차 소형차로 묶어줄 수 있었죠 분류 할 수 있었죠 이번에는 자동차 (1)/(하나)를.,아까 우리가 자동차 대형차 중형차 소형차로 묶어줄 수 있었죠 분류 할 수 있었죠 이번에는 자동차
8,0,0.0,1.0,3.0,1,"자/ 가로와 세로와 높이가 모두 (1cm)/(일 센티미터) 인,","가로와 세로와 높이가 모두 센티미터) 인,"
10,0,0.0,1.0,2.4,1,아무 것도 없다는 거 아까 우리 배웠던 것 같은데 기억나요?,아무 것도 없다는 거 아까 우리 배웠던 것 같은데 기억나요?
8,0,0.0,1.0,2.8333333333333335,1,자/ (10 개)/(열 개)씩 몇 묶음이 있는지 볼게요.,(10 개)씩 몇 묶음이 있는지 볼게요.
12,0,0.0,1.0,4.2,1,자/ 이것은요 .이야기글의 특징이죠. 따라서 정답과는 관련이 없었습니다. 정답은 (4번)/(사 번)이 되겠네요.,이것은요 .이야기글의 특징이죠. 따라서 정답과는 관련이 없었습니다. 정답은 번)이 되겠네요.
8,0,0.0,1.0,3.3333333333333335,1,안 되겠어. 그다음 (2번)/(이 번) 이건요? 상자 모양이네요.,안 되겠어. 그다음 이건요? 상자 모양이네요.
7,0,0.0,1.0,3.1666666666666665,1,자/ 기업들은 기술개발에 어려움을 겪을 수 있다.,기업들은 기술개발에 어려움을 겪을 수 있다.
3,0,0.0,1.0,2.6666666666666665,1,"왕 갈비, 뭔가요?","왕 갈비, 뭔가요?"
10,1,0.1,1.0,2.888888888888889,0,이 소수의 곱셈 단원에서 가장 중요한 내용이 바로 요 내용입니다.,소수의 곱셈 단원에서 가장 중요한 내용이 바로 요 내용입니다.
16,1,0.0625,1.0,3.1666666666666665,0,"자/ 손으로 머리를 긁적이며 어/ 학예회를 그러면은 자신감도 없어 보이고, 쟤 비듬 있냐. (이런)/(이른) (친구도)/(친구두) 있겠죠.","손으로 머리를 긁적이며 학예회를 그러면은 자신감도 없어 보이고, 쟤 비듬 있냐. 있겠죠."
29,0,0.0,0.9259259259259259,3.0,1,우리는 만화영화로 보지 (않고요)/(않구요). 이야기의 줄거리로 공부를 해보도록 하+ 하겠습니다. 오/ 소나기 아는 친구들 많이 있네요. 본 적이 있는 친구들 책으로도 보고 그리고 만화영화를 본 친구들도 있을 것 같아요.,우리는 만화영화로 보지 이야기의 줄거리로 공부를 해보도록 하+ 하겠습니다. 소나기 아는 친구들 많이 있네요. 본 적이 있는 친구들 책으로도 보고 그리고 만화영화를 본 친구들도 있을 것 같아요.
25,1,0.04,0.9166666666666666,3.3333333333333335,0,"인과관계를 파악하는 방법에 대한 내용입니다. 첫 번째, 중요한 사건을 찾습니다. 이야기 속에서 다양한 사건이 나올수 있는데요, 이/ 사건 중에서 아주 중요한 사건을 찾는 것이 중요하겠습니다.","인과관계를 파악하는 방법에 대한 내용입니다. 첫 번째, 중요한 사건을 찾습니다. 이야기 속에서 다양한 사건이 나올수 있는데요, 사건 중에서 아주 중요한 사건을 찾는 것이 중요하겠습니다."
8,1,0.125,1.0,2.857142857142857,0,아/ 어떤 친구가 이거 자기 이름에 나오는 글자래요.,어떤 친구가 이거 자기 이름에 나오는 글자래요.
9,0,0.0,1.0,2.5555555555555554,1,그럼 전 하고 싶은 말을 적어주면 되겠습니다. 쓸 내용.,그럼 전 하고 싶은 말을 적어주면 되겠습니다. 쓸 내용.
20,2,0.1,0.47058823529411764,2.6470588235294117,0,(ㄷ)/(디귿) 볼까요? 지우개 풀 지우개 지우개 풀 지우개 지우개 풀 지우개 n/ 아/ 지우개 풀 지우개가 한 묶음으로 반복되고 있죠?,볼까요? 지우개 풀 지우개 지우개 풀 지우개 지우개 풀 지우개 지우개 풀 지우개가 한 묶음으로 반복되고 있죠?
11,0,0.0,1.0,3.3636363636363638,1,요약하는 방법에 따라서 나만의 언어로 다시 수정하여 말하는 것이 바로 요약이었습니다.,요약하는 방법에 따라서 나만의 언어로 다시 수정하여 말하는 것이 바로 요약이었습니다.
28,0,0.0,0.9615384615384616,2.6538461538461537,1,원 에 대한 설명으로 틀린 것을 찾아 기호를 써보세요 라는 숙제인데요. (ㄱ)/(기역) 한원에서 반지름은 지름의 반입니다. (ㄴ)/(니은) 원외의 지름은 원 위의 두 점을 이은 성분 중 가장 짧습니다.,원 에 대한 설명으로 틀린 것을 찾아 기호를 써보세요 라는 숙제인데요. 한원에서 반지름은 지름의 반입니다. 원외의 지름은 원 위의 두 점을 이은 성분 중 가장 짧습니다.
7,0,0.0,1.0,3.857142857142857,1,"빨래집게는, 오늘도 빨랫줄에서 열심히 빨래를 짓고 있습니다.","빨래집게는, 오늘도 빨랫줄에서 열심히 빨래를 짓고 있습니다."
9,0,0.0,1.0,3.2857142857142856,1,우리 이걸 가능성을 수로 나타내는 방법 (1번)/(한 번) 연습해볼게요.,우리 이걸 가능성을 수로 나타내는 방법 연습해볼게요.
2,0,0.0,1.0,2.0,1,(2)/(이)부터 쓰고,쓰고
20,0,0.0,1.0,3.0,1,그러면 (9개)/(아홉 개)를 (3개)/(새기)의 접시에 똑같이 나누어 담는 거예요 이런 경우 어떻게 해주면 될까요 (1개)/(한 개)씩 번갈아가면서 그려 보도록 할까요.,그러면 개)를 접시에 똑같이 나누어 담는 거예요 이런 경우 어떻게 해주면 될까요 개)씩 번갈아가면서 그려 보도록 할까요.
32,2,0.0625,0.76,3.24,0,그래서 누구랑 누구랑 같아요? n/ 얘랑 얘랑 같은 거 확인 가능하죠. 그래서 (1번)/(일 번)이랑 (3번)/(삼 번) n/ 이랑 같은 거 확인했고요. 그다음에 (2번)/(이 번)이랑 (4번)/(사 번)이 같음을 확인했어요. 잔소리 하나만 하고 넘어가겠습니다.,그래서 누구랑 누구랑 같아요? 얘랑 얘랑 같은 거 확인 가능하죠. 그래서 번)이랑 이랑 같은 거 확인했고요. 그다음에 번)이랑 번)이 같음을 확인했어요. 잔소리 하나만 하고 넘어가겠습니다.
15,1,0.06666666666666667,0.8571428571428571,3.2142857142857144,0,똑같은 모양이 될 수 있도록 쌓아 주었어요. 이번에는요 이 오른쪽과 똑같은 모양으로 쌓아 보도록 하겠습니다.,똑같은 모양이 될 수 있도록 쌓아 주었어요. 이번에는요 오른쪽과 똑같은 모양으로 쌓아 보도록 하겠습니다.
9,0,0.0,1.0,2.875,1,주사위에 마주보는 면에 있는 눈의 수를 합하면 (7)/(칠) 입니다.,주사위에 마주보는 면에 있는 눈의 수를 합하면 입니다.
3,0,0.0,1.0,3.0,1,(9)/(구) 곱하기 얼마?,곱하기 얼마?
4,1,0.25,1.0,4.5,0,"자/ 그러면 이번에는요. 어/,",그러면 이번에는요.
3,0,0.0,1.0,3.6666666666666665,1,마지막으로 네 번째는요.,마지막으로 네 번째는요.
6,0,0.0,1.0,3.5,1,맞습니다*. 바로 밑면과 같은 모양이 나온다*.,맞습니다*. 바로 밑면과 같은 모양이 나온다*.
6,0,0.0,1.0,2.8333333333333335,1,아주아주 많은 우리가 생활 속에서 만나는,아주아주 많은 우리가 생활 속에서 만나는
9,0,0.0,1.0,4.285714285714286,1,선생님이 들려줄게요. 우리 친구들이 율동을 따라하면서 (1번)/(한 번) 들어보세요.,선생님이 들려줄게요. 우리 친구들이 율동을 따라하면서 들어보세요.
5,0,0.0,1.0,3.8,1,문제를 풀며 이해해요. 첫번째 문제입니다.,문제를 풀며 이해해요. 첫번째 문제입니다.
3,0,0.0,1.0,3.0,1,(3연)/(삼 연) 봅시다.,연) 봅시다.
12,0,0.0,1.0,2.5454545454545454,1,"한 자루의 콩이 (1000개)/(천 개) 씩 담겨있는데 그것이 모두 세 자루가 있으므로,","한 자루의 콩이 개) 씩 담겨있는데 그것이 모두 세 자루가 있으므로,"
2,0,0.0,1.0,3.5,1,많은 친구들이요,많은 친구들이요
29,3,0.10344827586206896,0.9047619047619048,2.761904761904762,0,그중에서 (1)/(일)과 오 분의 사 (m)/( 미터)를 잘라서 사용했대요. 그렇다면 n/ 남은 노끈을 길이는 몇이 될까요? n/ 전체 (5m)/(오 미터) 에서 자/ 이 (1)/(일)과 오 분의 사를 빼주면 되겠죠.,그중에서 오 분의 사 미터)를 잘라서 사용했대요. 그렇다면 남은 노끈을 길이는 몇이 될까요? 전체 미터) 에서 오 분의 사를 빼주면 되겠죠.
7,1,0.14285714285714285,1.0,2.0,0,n/ 버스에서 겨우 빈 딱 (1)/(한) 자리,버스에서 겨우 빈 딱 자리
19,1,0.05263157894736842,1.0,2.6666666666666665,0,달걀 (2006개)/(이천 육 개) 자/ 이것을 한판에 (30개)/(삼십 개)씩 들어가는 판에 모두 넣으려고 한다면 판은 몇 개가 n/ 필요할까요?,달걀 육 개) 이것을 한판에 개)씩 들어가는 판에 모두 넣으려고 한다면 판은 몇 개가 필요할까요?
18,1,0.05555555555555555,1.0,2.8823529411764706,0,중장비 전기톱으로 막 나무를 베다 보니까 그 나무 베어진 나무의 백로가 깔리고 날개가 꺾이고 이러면서 죽어 있었던 거죠.,중장비 전기톱으로 막 나무를 베다 보니까 나무 베어진 나무의 백로가 깔리고 날개가 꺾이고 이러면서 죽어 있었던 거죠.
16,1,0.0625,1.0,2.933333333333333,0,"예, 이 재판은 무효야. 그냥 처음부터 다시 시작해야 돼. 이런 생각을 갖고 있는 글입니다. 왜 그럴까요?*","예, 재판은 무효야. 그냥 처음부터 다시 시작해야 돼. 이런 생각을 갖고 있는 글입니다. 왜 그럴까요?*"
2,0,0.0,1.0,3.5,1,모모 했습니다에,모모 했습니다에
35,2,0.05714285714285714,0.8387096774193549,2.806451612903226,0,o/ n/ 축하나 감사를 할 수도 (있고요)/(있구요). 위로나 초대를 할 수도 있죠. 그 목적에 맞게끔 정확한 내용을 써 주는 것이 중요하고요. 자신의 마음이 잘 드러나도록 쓰는 것이 목적에 맞게 쓰는 것만큼이나 중요하다는 사실도 기억해 두세요.,축하나 감사를 할 수도 위로나 초대를 할 수도 있죠. 목적에 맞게끔 정확한 내용을 써 주는 것이 중요하고요. 자신의 마음이 잘 드러나도록 쓰는 것이 목적에 맞게 쓰는 것만큼이나 중요하다는 사실도 기억해 두세요.
5,0,0.0,1.0,3.25,1,(15개)/(열 다섯 개)를 줬다고 했잖아요.,다섯 개)를 줬다고 했잖아요.
11,1,0.09090909090909091,1.0,3.3333333333333335,0,"자/ 그러면 아버지의 양말을 벗겨주는 이 친구의 행동을 몸짓으로 표현할 때는,","그러면 아버지의 양말을 벗겨주는 친구의 행동을 몸짓으로 표현할 때는,"
3,0,0.0,1.0,3.0,1,하고 후회 했을까요?,하고 후회 했을까요?
27,1,0.037037037037037035,0.8461538461538461,3.3461538461538463,0,"굴러가는 돌에는 이끼가 끼지 않는다. 이 명언이요 선생님이 좋아하는 명언 중에 하난데요, 여기서 굴러가는 돌은 어떤 사람을 말하나요? 여기서 굴러가는 돌이라는건요 무슨 일이든지 열심히 하는 사람을 말해요.","굴러가는 돌에는 이끼가 끼지 않는다. 명언이요 선생님이 좋아하는 명언 중에 하난데요, 여기서 굴러가는 돌은 어떤 사람을 말하나요? 여기서 굴러가는 돌이라는건요 무슨 일이든지 열심히 하는 사람을 말해요."
4,1,0.25,1.0,3.5,0,n/ 오호/ 아라 제법인걸.,아라 제법인걸.
10,2,0.2,1.0,3.8,0,n/ 맞습니다. 맞고요. l/ 으흐흥/ 자/ n/ 예각과 둔각 구별하기.,맞습니다. 맞고요. 예각과 둔각 구별하기.
5,1,0.2,1.0,3.25,0,주어진 조건은 n/ 무엇이 있나요?,주어진 조건은 무엇이 있나요?
23,0,0.0,0.8571428571428571,3.2142857142857144,1,"(50)/(오십)에서 (10)/(십)을 빼면 얼마인가요? (1)/(일)의 자리의 수는 일단 (0)/(영)이 되겠지요 그리고 (10)/(십)의 자리의 수는 (5)/(오)에서 (1)/(일)을 빼주면 되니까 (4)/(사)가 되는 거에요. (40cm)/(사십 센티미터),","빼면 얼마인가요? 자리의 수는 일단 되겠지요 그리고 자리의 수는 빼주면 되니까 되는 거에요. 센티미터),"
6,2,0.3333333333333333,1.0,4.0,0,n/ 아/ 그러니까 자/ 밑에 적어볼게요.,그러니까 밑에 적어볼게요.
11,1,0.09090909090909091,1.0,3.0,0,자/ 그러면 이 문제를 해결하기 위해서는 가장 먼저 무엇을 해야 할까요?,그러면 문제를 해결하기 위해서는 가장 먼저 무엇을 해야 할까요?
12,2,0.16666666666666666,0.8888888888888888,3.888888888888889,0,n/ 어/ 여기서 보세요. 보내기도에 여기서 잘못된 점? 그렇죠. (여기서는)/(여기선) 띄어쓰기를 해야겠지요.,여기서 보세요. 보내기도에 여기서 잘못된 점? 그렇죠. 띄어쓰기를 해야겠지요.
11,0,0.0,0.875,2.5,1,(1씩)/(일 씩) 뛰어 세면 (1)/(일)의 자리의 수가 (1씩)/(일 씩) 커지는 것이죠.,씩) 뛰어 세면 자리의 수가 씩) 커지는 것이죠.
7,1,0.14285714285714285,1.0,3.6666666666666665,0,n/ 자연수의 덧셈과 뺄셈과 같은 방법으로 계산합니다.,자연수의 덧셈과 뺄셈과 같은 방법으로 계산합니다.
4,0,0.0,1.0,3.25,1,한 겨울에도 열매가 열린대요.,한 겨울에도 열매가 열린대요.
12,1,0.08333333333333333,1.0,3.090909090909091,0,n/ 각뿔에* 대해서 확인해 볼 거고요. 또 서술형 문제를 함께해 보도록 하겠습니다.,각뿔에* 대해서 확인해 볼 거고요. 또 서술형 문제를 함께해 보도록 하겠습니다.
21,0,0.0,0.8,2.4,1,(1)/(일)의 자리 (2)/(이)에서 (8)/(팔)을 못 빼니까 (10)/(십)의 자리에서 받아 내림 (12)/(십 이)에서 (8)/(팔)을 빼면 (4)/(사). (10)/(십)의 자리 (4)/(사)에서 (1)/(일) 빼면 (3)/(삼).,자리 못 빼니까 자리에서 받아 내림 이)에서 빼면 자리 빼면
24,1,0.041666666666666664,0.95,2.9,0,자/ 처음으로 시작할 부분은 이 책 (1권)/(한 권)으로 끝내기라고 여러분들 별책 부록으로 받은 조그마한 책 있죠. 얇은 거 거기에서 (6쪽)/(육 쪽) 한번 볼려고 합니다.,처음으로 시작할 부분은 책 권)으로 끝내기라고 여러분들 별책 부록으로 받은 조그마한 책 있죠. 얇은 거 거기에서 쪽) 한번 볼려고 합니다.
8,1,0.125,1.0,2.857142857142857,0,n/ 우리 수학 왕국의 왕비로서 손색이 없을 것이오.,우리 수학 왕국의 왕비로서 손색이 없을 것이오.
5,0,0.0,1.0,4.0,1,자/ (8번)/(팔 번) 문제는 이렇네요.,문제는 이렇네요.
2,1,0.5,1.0,4.0,0,n/ 파랑색.,파랑색.
17,1,0.058823529411764705,1.0,2.5,0,n/ 곱하기 (3.1)/(삼 쩜 일) 해볼게요. 그러면 (1)/(일) (1)/(일) 은 (1)/(일). (2)/(이) (1)/(일)은 (2)/(이). (2)/(이) (1)/(일) (0)/(영).,곱하기 쩜 일) 해볼게요. 그러면 은
5,0,0.0,1.0,3.0,1,자/ 그럼 이제 두번째로 갑니다.,그럼 이제 두번째로 갑니다.
30,0,0.0,0.6551724137931034,2.3793103448275863,1,"삼 분의 사십 육, (14)/(십 사)와 삼 분의 일이 있어요 그렇다면 우리 주연이 가분수 삼 분의 사십 육 자를 대분수로 바꿔주면 되겠죠? 그래서 삼 분의 사십 육 을 대분수로 바꾼다면,","삼 분의 사십 육, 사)와 삼 분의 일이 있어요 그렇다면 우리 주연이 가분수 삼 분의 사십 육 자를 대분수로 바꿔주면 되겠죠? 그래서 삼 분의 사십 육 을 대분수로 바꾼다면,"
24,1,0.041666666666666664,0.9523809523809523,2.9523809523809526,0,n/ 직선에 잘 맞춰 주었다면 (요렇게)/(요로케) 그리면 되겠죠 그러면 이곳은 맞아요 직각이 됩니다 색종이로 만든 직각자로 대어 보아도 오호/ 직각이 정확하게 살짝 해주면 맞네요.,직선에 잘 맞춰 주었다면 그리면 되겠죠 그러면 이곳은 맞아요 직각이 됩니다 색종이로 만든 직각자로 대어 보아도 직각이 정확하게 살짝 해주면 맞네요.
24,3,0.125,1.0,3.3,0,아/ 집 맞아요. 선생님도 아까 이 편지 읽는데 이 부분이 걸리더라고요. 할머니께 쓴 편지인데 자/ 집을 높임 표현 높임말로 바꾸면 그래요. 댁이라고* 바꿔주면 좋겠어요.,집 맞아요. 선생님도 아까 편지 읽는데 부분이 걸리더라고요. 할머니께 쓴 편지인데 집을 높임 표현 높임말로 바꾸면 그래요. 댁이라고* 바꿔주면 좋겠어요.
11,0,0.0,1.0,2.4545454545454546,1,마지막. 나는 발표를 할 때 허리를 곧게 펴고 바른 자세로 말한다.,마지막. 나는 발표를 할 때 허리를 곧게 펴고 바른 자세로 말한다.
32,2,0.0625,0.9166666666666666,2.875,0,자/ 역시 이것도 마름모니깐요. 한 변의 길이가 (9cm)/(구 센티) 역시 (4변의)/(네 변의) 길이 n/ 같으니까 (9cm)/(구 센티) 라고 적혀 있어+ (적고요)/(적구요). 그다음에 마주 보는 각의 크기가 같다라고 하시니까 여기 n/ (60도)/(육십 도)죠.,역시 이것도 마름모니깐요. 한 변의 길이가 센티) 역시 변의) 길이 같으니까 센티) 라고 적혀 있어+ 그다음에 마주 보는 각의 크기가 같다라고 하시니까 여기 도)죠.
6,0,0.0,1.0,3.2,1,똑같이 (2)/(둘)로 나누어진 것은 어느 것입니까?,똑같이 나누어진 것은 어느 것입니까?
5,0,0.0,1.0,3.0,1,음악이나 자막을 넣을 수 있습니다.,음악이나 자막을 넣을 수 있습니다.
12,1,0.08333333333333333,1.0,3.4545454545454546,0,n/ 따라서 하루살이는 연못가에서 풀숲으로 자리를 옮겼다는 것을 알 수 있겠네요. 정답은요?,따라서 하루살이는 연못가에서 풀숲으로 자리를 옮겼다는 것을 알 수 있겠네요. 정답은요?
2,0,0.0,1.0,3.5,1,하나인 셈이죠?,하나인 셈이죠?
12,1,0.08333333333333333,1.0,3.1,0,우리 친구들 이제 나중에 개학을 (하고요)/(하구여). 그 그립고 그리운 기다리던 학교에 갔습니다.,우리 친구들 이제 나중에 개학을 그립고 그리운 기다리던 학교에 갔습니다.
5,1,0.2,1.0,4.0,0,o/ 어떻게 말하면서 울리는지. n/,어떻게 말하면서 울리는지.
8,1,0.125,1.0,3.8,0,자/ 이번에는요 (3수)/(세 수)의 n/ 곱에 대해서 배웠습니다.,이번에는요 수)의 곱에 대해서 배웠습니다.
14,0,0.0,1.0,2.727272727272727,1,(40퍼센트)/(사십 퍼센트) 는 우리 어떻게 바꿀 수 있는지 선생님 보여줄께요.자/ (1학기)/(일 학기)때 배운 내용인데.,퍼센트) 는 우리 어떻게 바꿀 수 있는지 선생님 학기)때 배운 내용인데.
29,2,0.06896551724137931,1.0,2.823529411764706,0,"자/ 먼저 (8)/(팔)의 약수를 한번 생각해 볼까요 어떤 수가 있나요 그렇죠 어/ (1)/(일)과 (8)/(팔) 그다음 또 중간에 (2)/(이)와 (4)/(사) 어/ 전부 나누어 떨어지는 (수죠)/(수져) 그다음에 (20)/(이십)의 약수들로는 (1)/(일)과 (20)/(이십),",먼저 약수를 한번 생각해 볼까요 어떤 수가 있나요 그렇죠 그다음 또 중간에 전부 나누어 떨어지는 그다음에 약수들로는
12,1,0.08333333333333333,1.0,3.0,0,이 글은 대상을 관찰하여 글로 쓰는 과정 중 어디에 해당되나요? 했습니다. b/,글은 대상을 관찰하여 글로 쓰는 과정 중 어디에 해당되나요? 했습니다.
10,0,0.0,0.9,3.4,1,여기가 전부 다 마당이지. 여기에서 무엇을 할까? 여기에서 친구들하고 놀거야.,여기가 전부 다 마당이지. 여기에서 무엇을 할까? 여기에서 친구들하고 놀거야.
13,0,0.0,1.0,3.1666666666666665,1,(10년)/(십 년)동안 아내를 잃은 슬픔에 사로잡혀 자신의 아들을 돌볼 마음의 여유조차 없었던 아버지.,년)동안 아내를 잃은 슬픔에 사로잡혀 자신의 아들을 돌볼 마음의 여유조차 없었던 아버지.
6,1,0.16666666666666666,1.0,2.8,0,n/좋아. 그럼 내가 먼저 한번 먹어볼게요.,그럼 내가 먼저 한번 먹어볼게요.
15,0,0.0,0.9285714285714286,2.7142857142857144,1,그저 자/ 그다음에 여기에 이렇게 음표가 그려져 있는 걸로 봐서 요것은 소리 소리 자료 같습니다.,그저 그다음에 여기에 이렇게 음표가 그려져 있는 걸로 봐서 요것은 소리 소리 자료 같습니다.
6,0,0.0,1.0,2.8,1,(90)/(구십) 이라고 표현할 수가 있는 거예요.,이라고 표현할 수가 있는 거예요.
8,0,0.0,0.8333333333333334,3.1666666666666665,1,우리는요. 설명문도 읽어 (볼거고요)/(볼꺼구여). 주장하는 글도 읽어 (볼거에요)/(볼꺼에요).,우리는요. 설명문도 읽어 주장하는 글도 읽어
9,0,0.0,1.0,3.25,1,지금까지 배웠던 핵심 개념들을 (1)/(한) 눈에 정리하러 가보도록 하죠.,지금까지 배웠던 핵심 개념들을 눈에 정리하러 가보도록 하죠.
17,2,0.11764705882352941,1.0,3.0,0,개미의 집이 어떠한지 사진을 보면요. 그/ 든+ 그/ 상대방이요. 그게 어떤 내용인지 더욱더 생생하게 알 수 있겠죠?,개미의 집이 어떠한지 사진을 보면요. 든+ 상대방이요. 그게 어떤 내용인지 더욱더 생생하게 알 수 있겠죠?
43,3,0.06976744186046512,0.6538461538461539,2.9615384615384617,0,"자/ 각도를 모두 다 재어보았습니다. 그랬더니 자/ n/ 첫 번째는요. (120도)/(백 이십 도), (30도)/(삼십 도), (30도)/(삼십 도), n/ 두 번째는요. 자/ (110도)/(백 십 도), (20도)/(이십 도), (50도)/(오십 도), 자/ n/ 그다음에는요. 자/ (15도)/(십 오 도), (145도)/(백 사십 오 도), (20도)/(이십 도)가 나와 있네요.","각도를 모두 다 재어보았습니다. 그랬더니 첫 번째는요. 이십 도), 도), 도), 두 번째는요. 십 도), 도), 도), 그다음에는요. 오 도), 사십 오 도), 도)가 나와 있네요."
12,0,0.0,1.0,2.5555555555555554,1,(90)/(구십) 마찬가지로 (7)/(칠)에다가 어떤 수를 곱해도 (90)/(구십)이 될 수가 없습니다 안 돼요.,마찬가지로 어떤 수를 곱해도 될 수가 없습니다 안 돼요.
6,0,0.0,1.0,3.2,1,저는 어제 용돈으로 (1000)/(천) 원을 받았습니다.,저는 어제 용돈으로 원을 받았습니다.
4,2,0.5,1.0,3.0,0,n/ 자/ 그러면 이,그러면
7,0,0.0,1.0,4.0,1,"정답은요 (1번)/(일 번), (3번)/(삼 번),(4번)/(사 번)이 되겠습니다.","정답은요 번), 번)이 되겠습니다."
25,2,0.08,0.9090909090909091,3.0,0,자/ 그래서 우리 집 우리 친구들이 좋아하는 연예인이 등장을 해서 그 제품을 추천하면서 맛있게 먹기도 하고 아니면은 멋있는 옷을 입고 있기도 하잖아요. 그러면 그 제품을,그래서 우리 집 우리 친구들이 좋아하는 연예인이 등장을 해서 제품을 추천하면서 맛있게 먹기도 하고 아니면은 멋있는 옷을 입고 있기도 하잖아요. 그러면 제품을
8,0,0.0,1.0,2.7142857142857144,1,자/ 우리 다음 고속버스를 탄 시간 알아볼 거예요.,우리 다음 고속버스를 탄 시간 알아볼 거예요.
3,0,0.0,1.0,2.5,1,o/ 그렇죠 아.,그렇죠 아.
18,0,0.0,0.9333333333333333,3.2,1,"자/ 다음 고래 이빨, 조개, 구슬, 소금은 b/ 무엇으로 사용되던 것이었을까요. 옛날 피지 사람들은 고래 이빨을 이것으로 (사용했고요)/(사용했구요).","다음 고래 이빨, 조개, 구슬, 소금은 무엇으로 사용되던 것이었을까요. 옛날 피지 사람들은 고래 이빨을 이것으로"
2,1,0.5,1.0,4.0,0,n/ 한글이.,한글이.
11,0,0.0,1.0,3.6,1,자/ 그때 어떠한 반응을 보일까? 그것에 대해서 여러분들이 상상을 보내달라고 했는데요.,그때 어떠한 반응을 보일까? 그것에 대해서 여러분들이 상상을 보내달라고 했는데요.
9,0,0.0,0.7777777777777778,3.0,1,우리 친구들이 이겼네요. 그럼 우리 친구들이 세 개 가져갑니다.,우리 친구들이 이겼네요. 그럼 우리 친구들이 세 개 가져갑니다.
21,2,0.09523809523809523,1.0,2.8823529411764706,0,자/ n/ 이렇게 칭찬의 좋은 점이 나옵니다. 첫 번째 바로 기분이 좋아지(고요)/(구요). n/ 그리고 두 번째는요. 더 열심히 노력해야겠다는 마음이 들죠?,이렇게 칭찬의 좋은 점이 나옵니다. 첫 번째 바로 기분이 그리고 두 번째는요. 더 열심히 노력해야겠다는 마음이 들죠?
9,1,0.1111111111111111,1.0,2.5,0,"n/ 네, 우리 친구들 쌓기나무의 갯수 구할 수 있죠?","네, 우리 친구들 쌓기나무의 갯수 구할 수 있죠?"
10,0,0.0,1.0,4.0,1,수행평가 기준은 종이로 알려주나요? 네. 그럼 몰려와 알려줄까요? 갑자기 궁금해지는데요.,수행평가 기준은 종이로 알려주나요? 네. 그럼 몰려와 알려줄까요? 갑자기 궁금해지는데요.
10,4,0.4,1.0,2.6,0,n/ 아하하/ 뭐/ 이런 것쯤이야. 아/ 그리고 또 다른 뭐/.,이런 것쯤이야. 그리고 또 다른
5,0,0.0,1.0,3.2,1,계산 실수는 당연히 하지 말아야겠죠?,계산 실수는 당연히 하지 말아야겠죠?
9,1,0.1111111111111111,1.0,4.75,0,사각형 (ㄱ)/(기역) (ㄴ)/(니은) (ㄷ)/(디귿) (ㄹ)/(리을)을 n/ 우리는 사다리꼴이라고 하겠습니다.,사각형 우리는 사다리꼴이라고 하겠습니다.
5,0,0.0,1.0,3.0,1,질문하는 친구들이 있을 수 있어요.,질문하는 친구들이 있을 수 있어요.
1,0,0.0,0.0,0.0,1,(5)/(오),
8,0,0.0,1.0,3.1666666666666665,1,자/ 그럼 여기에 관련된 문제 (1문제)/(한 문제) 풀어볼까요?,그럼 여기에 관련된 문제 문제) 풀어볼까요?
5,1,0.2,1.0,6.0,0,n/ 자/ 잘랐습니다. (ㄴ)/(니은) (ㄷ)/(디귿).,잘랐습니다.
19,0,0.0,0.9411764705882353,3.4705882352941178,1,에이/ 순서가 바뀌었죠 장미가 아니라 그래요 하느님은 불평하는 장미가 안쓰러웠겠죠. 자/ 그래서 틀리게 말하는 동물 친구는 바로 코끼리 친구였네요.,순서가 바뀌었죠 장미가 아니라 그래요 하느님은 불평하는 장미가 안쓰러웠겠죠. 그래서 틀리게 말하는 동물 친구는 바로 코끼리 친구였네요.
14,0,0.0,0.9285714285714286,2.9285714285714284,1,우리에게는 하나밖에 없는 소중한 별인데 우주 전체로 보면 아주 평범하게 그지 없는 별이라는 거죠.,우리에게는 하나밖에 없는 소중한 별인데 우주 전체로 보면 아주 평범하게 그지 없는 별이라는 거죠.
14,0,0.0,1.0,3.3846153846153846,1,배경지식은요. 어떤 글을 읽고 이해하기 위해서 꼭 필요한 나만의 경험이라든가 지식을 말한대요. 자/ 그러면,배경지식은요. 어떤 글을 읽고 이해하기 위해서 꼭 필요한 나만의 경험이라든가 지식을 말한대요. 그러면
2,0,0.0,1.0,5.5,1,아이쿠가 떠나갔습니다.,아이쿠가 떠나갔습니다.
31,1,0.03225806451612903,0.8571428571428571,2.8214285714285716,0,자/ 이 모선은요. 바로 (이거)/(요고)를 얘기하죠. 위에서 부터 수직으로 내려 그은 선이 아니라요. 밑면의 둘레에 있는 아무 선이나 내려 그은 선 그렇다면 얘도 모선이 되고 얘도 모선이 된다는 것 여러분들 아시겠죠.,모선은요. 바로 얘기하죠. 위에서 부터 수직으로 내려 그은 선이 아니라요. 밑면의 둘레에 있는 아무 선이나 내려 그은 선 그렇다면 얘도 모선이 되고 얘도 모선이 된다는 것 여러분들 아시겠죠.
16,0,0.0,1.0,2.533333333333333,1,자/ 그다음 동물들은 어떻게 하면 안전하게 마을 밖으로 나갈 수 있을지 고민하고 있다 하나 둘 셋.,그다음 동물들은 어떻게 하면 안전하게 마을 밖으로 나갈 수 있을지 고민하고 있다 하나 둘 셋.
5,0,0.0,1.0,3.0,1,우리 친구들이 좋아하는 문법 문제.,우리 친구들이 좋아하는 문법 문제.
15,0,0.0,1.0,2.5714285714285716,1,이렇게 들고 있죠 먼저 카멜레온은 곤봉처럼 생긴 아주 긴 혀를 총처럼 쏘아서 벌레를 잡아 (삼키고요)/(삼키구요).,이렇게 들고 있죠 먼저 카멜레온은 곤봉처럼 생긴 아주 긴 혀를 총처럼 쏘아서 벌레를 잡아
9,1,0.1111111111111111,1.0,3.0,0,이런 의미를 담고 있도록 그 이유를 써서 나타낸다 라는거죠.,이런 의미를 담고 있도록 이유를 써서 나타낸다 라는거죠.
30,2,0.06666666666666667,0.96,2.92,0,o/ 아/ 그렇군요. 우리 지난 시간에 그럼 기행문을 (1번)/(한 번) 이렇게 많이 공부해 봤으니까. n/ 오늘 체험학습 보고서도요 쉽게 접근할* 수 있을 것 같아요. 오늘 아주 즐거운 글쓰기 기대되는 데요?,그렇군요. 우리 지난 시간에 그럼 기행문을 이렇게 많이 공부해 봤으니까. 오늘 체험학습 보고서도요 쉽게 접근할* 수 있을 것 같아요. 오늘 아주 즐거운 글쓰기 기대되는 데요?
16,0,0.0,1.0,3.0,1,진짜 무지개를 따다가 무지개 떡을 만드는 것은 아닐거예요. 자/ 그럼 우리 일단 무지개떡 사진부터 함께 볼까요?,진짜 무지개를 따다가 무지개 떡을 만드는 것은 아닐거예요. 그럼 우리 일단 무지개떡 사진부터 함께 볼까요?
15,1,0.06666666666666667,1.0,2.923076923076923,0,n/ 자/ 친구들이 세우는 속담 창고 괄호 안에 들어갈 말을 채워서 홈페이지 수강 후기에 올려주세요.,친구들이 세우는 속담 창고 괄호 안에 들어갈 말을 채워서 홈페이지 수강 후기에 올려주세요.
11,1,0.09090909090909091,1.0,2.9,0,여러분 교재에 있는 n/ 유행에 따라 희망 직업을 바꾼다면 이라는 글은요.,여러분 교재에 있는 유행에 따라 희망 직업을 바꾼다면 이라는 글은요.
19,0,0.0,0.9411764705882353,3.823529411764706,1,호랑이가요. 이따만한데요. 호랑이 눈도 이따만 해요. 발톱도 길고요. 호랑이가요. u/ 그렇게 말씀을 하셔서 선생님이 보다가 심각한 상황임에도 불구하고 b/,호랑이가요. 이따만한데요. 호랑이 눈도 이따만 해요. 발톱도 길고요. 호랑이가요. 그렇게 말씀을 하셔서 선생님이 보다가 심각한 상황임에도 불구하고
23,0,0.0,0.95,3.25,1,그럼/ 다음 문제 볼까요? 어느 지도에서 실제 거래가 (400)/(사백) 미터의 거리를 지도에서는 (2)/(이) 센티미터로 그렸대요. 실제 거리에 대한 지도에서의 거리 비율을 분수로 나타내라.,다음 문제 볼까요? 어느 지도에서 실제 거래가 미터의 거리를 지도에서는 센티미터로 그렸대요. 실제 거리에 대한 지도에서의 거리 비율을 분수로 나타내라.
12,0,0.0,1.0,3.4,1,그렇다면 이번엔 글 나에서 여기에 해당하는 부분이 어디인지 (1번)/(한 번) 찾아봐야 되겠네요.,그렇다면 이번엔 글 나에서 여기에 해당하는 부분이 어디인지 찾아봐야 되겠네요.
29,2,0.06896551724137931,1.0,2.36,0,"지우개 값 더하기 남은 돈. 해서 (300원)/(삼백 원)이 (되고요)/(되구요). 이것이 바로 n/ 연필의 값이 됩니다. 그럼 여기서 알 수 있는 것은, n/ 연필을 사기 전까지 들고 있던 돈이 바로,","지우개 값 더하기 남은 돈. 해서 원)이 이것이 바로 연필의 값이 됩니다. 그럼 여기서 알 수 있는 것은, 연필을 사기 전까지 들고 있던 돈이 바로,"
19,2,0.10526315789473684,0.8823529411764706,3.235294117647059,0,"그래야 상대가 그 노력이 얼마나 중요한지 노력의 의미를 깨달을 수 있다고 했습니다. n/ 친구, 결과보다 과정. 맞아요. 결과보다 과정.","그래야 상대가 노력이 얼마나 중요한지 노력의 의미를 깨달을 수 있다고 했습니다. 친구, 결과보다 과정. 맞아요. 결과보다 과정."
4,2,0.5,1.0,3.0,0,n /o/ 어/ 피해!,피해!
8,0,0.0,1.0,3.125,1,글이죠 설명하는 글에는 반드시 사실이 잘 나오게 마련이다.,글이죠 설명하는 글에는 반드시 사실이 잘 나오게 마련이다.
6,0,0.0,1.0,4.833333333333333,1,데굴데굴 동그라미가 굴러가는 모양이고요. 딸랑딸랑 방울소리죠?,데굴데굴 동그라미가 굴러가는 모양이고요. 딸랑딸랑 방울소리죠?
4,0,0.0,1.0,3.5,1,(3번)/(세 번) 더해주면 돼요.,더해주면 돼요.
11,0,0.0,1.0,3.5454545454545454,1,여러분들이 이해하기 쉽게 선생님이 그림으로 계산하는 방법을 먼저 알려 주도록 하겠습니다.,여러분들이 이해하기 쉽게 선생님이 그림으로 계산하는 방법을 먼저 알려 주도록 하겠습니다.
20,0,0.0,0.8461538461538461,2.8461538461538463,1,둘레의 길이를 써보면 (30)/(삼십) 곱하기 (4)/(사) 더하기 (21)/(이십 일) 곱하기 (4)/(사)가 되는 것이고 풀어쓰면 (120)/(백 이십) 더하기 (84)/(팔십 사) 아하/,둘레의 길이를 써보면 곱하기 더하기 일) 곱하기 되는 것이고 풀어쓰면 이십) 더하기 사)
10,0,0.0,0.9,3.5,1,주로 구체적인 물건이나 동작을 나타내죠. 먹는 삼키는 동작을 먹다라고 하잖아요.,주로 구체적인 물건이나 동작을 나타내죠. 먹는 삼키는 동작을 먹다라고 하잖아요.
21,0,0.0,1.0,3.0,1,"이럴때, 소문 따위가 널리 퍼졌을 때, 호랑이에 대한 소문이 파다하다 이렇게 표현을 하지. 여기서 파가 굉장히 재밌어. 파은 말야, 흩뿌리는 거예요.","이럴때, 소문 따위가 널리 퍼졌을 때, 호랑이에 대한 소문이 파다하다 이렇게 표현을 하지. 여기서 파가 굉장히 재밌어. 파은 말야, 흩뿌리는 거예요."
7,0,0.0,1.0,3.3333333333333335,1,자/ 여기 (3)/(삼)이 있죠 자/ (3)/(삼)도 적어볼게요.,여기 있죠 적어볼게요.
17,1,0.058823529411764705,0.9375,2.25,0,그 다음에 연필도 안 들고 선생님 문제 푸는 거 이렇게 보고만 있으면 안 돼요 그러면 잠이 와.,다음에 연필도 안 들고 선생님 문제 푸는 거 이렇게 보고만 있으면 안 돼요 그러면 잠이 와.
12,0,0.0,1.0,2.8,1,자/ (15번)/(십 오 번)에서 묻고 있는 것은요 광고지에 괄호 안에 들어갈 말인데요.,오 번)에서 묻고 있는 것은요 광고지에 괄호 안에 들어갈 말인데요.
6,2,0.3333333333333333,1.0,4.666666666666667,0,"이 길이는, (6cm)/(육 센티미터), 어/ 같군요.","길이는, 센티미터), 같군요."
21,0,0.0,1.0,3.2857142857142856,1,"두 가지죠? 전기 회로가 무엇인지. 그리고 거기에서 흐르는 전류는 어떤 특성이 있는지도 알려주고 있고요. 설명 방법은 무엇을 사용하고 있습니니까? 정의 방법을,","두 가지죠? 전기 회로가 무엇인지. 그리고 거기에서 흐르는 전류는 어떤 특성이 있는지도 알려주고 있고요. 설명 방법은 무엇을 사용하고 있습니니까? 정의 방법을,"
13,0,0.0,0.9090909090909091,3.727272727272727,1,꼭꼭아 (ㄱ)/(기억)이 어떤 모음자인지 보고. 보기를 처음부터 (1)/(하나)(1)/(하나)* 보면서 어떤 모음자가 들어있는지 찾아봤어야지.,꼭꼭아 어떤 모음자인지 보고. 보기를 처음부터 보면서 어떤 모음자가 들어있는지 찾아봤어야지.
5,0,0.0,1.0,2.4,1,두 번에 나눠서 풀어야 돼요.,두 번에 나눠서 풀어야 돼요.
7,0,0.0,1.0,3.0,1,우리 반은 이것이다 어떤 일이 벌어질지 흥미진진.,우리 반은 이것이다 어떤 일이 벌어질지 흥미진진.
14,0,0.0,0.9285714285714286,3.642857142857143,1,자* 이어질 이야기는 바로 초록 고양이라는 이야기에요. 초록색* 고양이는 어떤 고양이일까? 이것도 바로 이야긴데요.,자* 이어질 이야기는 바로 초록 고양이라는 이야기에요. 초록색* 고양이는 어떤 고양이일까? 이것도 바로 이야긴데요.
8,2,0.25,1.0,2.8333333333333335,0,n/ 이 별에는 긴박한 사건 큰 사건은 없습니다.,별에는 긴박한 사건 큰 사건은 없습니다.
39,2,0.05128205128205128,0.9428571428571428,3.0285714285714285,0,자/ 여기를 보니까 이야기의 흐름을 알 수 있는 힌트가 있습니다. 바로 마라톤* 대회인데요. 선생님은 이 마라톤 대회를 중심으로 마라톤대회 전 그리고 대회 대회 후의 이야기를 한번 차례를 생각을 해볼 거예요. 자/ 그러면 이 이야기 차례를 생각하면서 계속 읽어 볼까요.,여기를 보니까 이야기의 흐름을 알 수 있는 힌트가 있습니다. 바로 마라톤* 대회인데요. 선생님은 마라톤 대회를 중심으로 마라톤대회 전 그리고 대회 대회 후의 이야기를 한번 차례를 생각을 해볼 거예요. 그러면 이야기 차례를 생각하면서 계속 읽어 볼까요.
28,3,0.10714285714285714,0.88,2.84,0,"n/ 네, 식당에서 주문할 때 쓰는 거 말하시는 거죠? 제가 그/ 좋아하는 분식점 있잖아요. 거기서도 뭐/ 어묵, 떡볶이, 아니면 김밥, 만두, 이런 것들이 적혀 있는 거 말하시는 거죠?","네, 식당에서 주문할 때 쓰는 거 말하시는 거죠? 제가 좋아하는 분식점 있잖아요. 거기서도 어묵, 떡볶이, 아니면 김밥, 만두, 이런 것들이 적혀 있는 거 말하시는 거죠?"
3,0,0.0,1.0,3.6666666666666665,1,햇살이 제법 따스해졌어.,햇살이 제법 따스해졌어.
10,0,0.0,1.0,2.6,1,네/ (4번)/(사 번) (5번)/(오 번) 맞습니다. 두 가지 잘 찾았죠?,맞습니다. 두 가지 잘 찾았죠?
11,1,0.09090909090909091,0.8888888888888888,2.888888888888889,0,o/ 이런 주제가 잘 나타나도록 오늘 이 글 요리를 잘 해나가야겠네요.,이런 주제가 잘 나타나도록 오늘 글 요리를 잘 해나가야겠네요.
5,0,0.0,1.0,3.2,1,그리고 노마는 기동이 아래위를 보다가,그리고 노마는 기동이 아래위를 보다가
6,1,0.16666666666666666,1.0,2.2,0,n/ 이거 맞은 사람 손들어 봐.,이거 맞은 사람 손들어 봐.
24,0,0.0,0.9565217391304348,2.782608695652174,1,"우리가 체계적으로 알아보는 것 중에서 첫 번째, 마를 거쳐서 가는 방법 (2가지)/(두 가지)가 나왔습니다. 그럼 우리 이것으로 끝날 것이 아니라요. 마는 다 했으니까 다","우리가 체계적으로 알아보는 것 중에서 첫 번째, 마를 거쳐서 가는 방법 가지)가 나왔습니다. 그럼 우리 이것으로 끝날 것이 아니라요. 마는 다 했으니까 다"
21,0,0.0,1.0,3.235294117647059,1,자/ 그러면 얼마만큼 시간이 늦어지는지 우리 당연히 구할 수가 있겠죠. 하루에 (1)/(일)과 (4분의1)/(사 분의 일)씩 늦어지니까 (3주)/(삼 주)만큼을 쭉 더해주면 되겠죠.,그러면 얼마만큼 시간이 늦어지는지 우리 당연히 구할 수가 있겠죠. 하루에 분의 일)씩 늦어지니까 주)만큼을 쭉 더해주면 되겠죠.
5,0,0.0,1.0,3.2,1,아기 돼지는 머리가 나쁘다고 하고요.,아기 돼지는 머리가 나쁘다고 하고요.
19,2,0.10526315789473684,0.9375,2.875,0,우리 친구들 뿌듯한 마음. 아/ 내가 자랑스러워 이런 마음을 느낀 경험이 있나요? 누가 얘기해 볼까? 우리 n/ 이야기해 (볼게요)/(볼께요).,우리 친구들 뿌듯한 마음. 내가 자랑스러워 이런 마음을 느낀 경험이 있나요? 누가 얘기해 볼까? 우리 이야기해
8,0,0.0,1.0,2.625,1,"이런 반장이 되더니 횡포를 부리는 꿈개네 반 반장,","이런 반장이 되더니 횡포를 부리는 꿈개네 반 반장,"
5,0,0.0,1.0,3.0,1,자/ 우리가 계산해야 할 것은요.,우리가 계산해야 할 것은요.
21,2,0.09523809523809523,1.0,3.6470588235294117,0,n/ 그 모둠에 들어가는 학생 수로 한번 나타내 보겠습니다. 자/ 이렇게 옆에다 적어주셔야지 여러분들 헷갈리지 않습니다. 엑스가 만약에 모둠이 (1모둠)/(한 모둠)이다.,모둠에 들어가는 학생 수로 한번 나타내 보겠습니다. 이렇게 옆에다 적어주셔야지 여러분들 헷갈리지 않습니다. 엑스가 만약에 모둠이 모둠)이다.
8,0,0.0,1.0,3.0,1,"친구들, 교과서 어디 펴야 되죠? (1번)/(한 번) 볼까요?","친구들, 교과서 어디 펴야 되죠? 볼까요?"
8,1,0.125,1.0,2.5,0,n/ (100)/(백)으로 볼 때 비교하는 양을 나타내는 수야.,볼 때 비교하는 양을 나타내는 수야.
8,1,0.125,1.0,2.142857142857143,0,n/ 제 수염이 뽑힌 줄도 모른 채 당했지.,제 수염이 뽑힌 줄도 모른 채 당했지.
9,1,0.1111111111111111,1.0,3.125,0,n/ 가난했던 탓에 가우스의 어린 시절은 그리 행복하지 않았다.,가난했던 탓에 가우스의 어린 시절은 그리 행복하지 않았다.
7,0,0.0,1.0,2.2,1,빼기 (6)/(육) 더하기 (27)/(이십 칠) 은 얼마?,빼기 더하기 칠) 은 얼마?
33,2,0.06060606060606061,0.7931034482758621,2.4827586206896552,0,아/ 십 구 분의 이십 삼이 나오는구나 그런데 가분수로 답을 쓰면 불안하죠 그래서 대분수로 정리를 해주겠습니다 그럼 어떻게 될까요 (1)/(일)과 십 구 분의 사가 되네요 n/ 답은 (1)/(일)과 십 구 분의 사 입니다.,십 구 분의 이십 삼이 나오는구나 그런데 가분수로 답을 쓰면 불안하죠 그래서 대분수로 정리를 해주겠습니다 그럼 어떻게 될까요 십 구 분의 사가 되네요 답은 십 구 분의 사 입니다.
22,0,0.0,1.0,2.764705882352941,1,o/ 맞습니다. 그런데 정말 할 때는 힘들지만 (1번)/(한 번) 공연을 멋있게 하고 나면 뿌듯함 그러나 (1번)/(한 번) 공연이 너무나 아쉬울 때도 많죠.,맞습니다. 그런데 정말 할 때는 힘들지만 공연을 멋있게 하고 나면 뿌듯함 그러나 공연이 너무나 아쉬울 때도 많죠.
18,1,0.05555555555555555,0.9230769230769231,3.3076923076923075,0,(6)/(육)과 (6)/(육)이 있습니다. 그럼 우리 어/ 디귿이 (1)/(일)인 경우부터 한번 예상하고 풀어보도록 할게요. 디귿이 (1)/(일)이면 어떻게 되나요? 네.,있습니다. 그럼 우리 디귿이 경우부터 한번 예상하고 풀어보도록 할게요. 디귿이 어떻게 되나요? 네.
22,0,0.0,0.7777777777777778,2.6666666666666665,1,(1 분의 3)/(일 분의 삼)과 (5 분의 3)/(오 분의 삼) 만큼 걷는다고 했으니까요 곱하기 (1)/(일)과 (3 분의1)/(삼 분의 일)을 계산해 주면 되겠네요.,(1 분의 분의 삼)과 (5 분의 분의 삼) 만큼 걷는다고 했으니까요 곱하기 (3 분의 일)을 계산해 주면 되겠네요.
3,0,0.0,1.0,3.5,1,네. (그)/(고) 길이가요.,네. 길이가요.
9,0,0.0,1.0,3.142857142857143,1,여기 보니까 (30)/(삼십) 나누기 (6)/(육)이 네모보다 작다라고 얘기를 했죠.,여기 보니까 나누기 네모보다 작다라고 얘기를 했죠.
8,0,0.0,1.0,3.2,1,자/ (8.7)/(팔 점 칠) 나누기 (6)/(육)을 세로셈으로 써볼게요.,점 칠) 나누기 세로셈으로 써볼게요.
32,2,0.0625,0.92,3.0,0,"b/ 자/ (3번)/(삼 번) 볼까요. 시 속의 주인공의 마음. n/ 주인공은 어/ 각자 미안하다는 마음을 가지고 있었어요. 가 시에서는 갸+ 달걀만 꺼내올 때 미안했고, 나 시에서는 토마토만 따올 때 미안했다고 했죠? b/","볼까요. 시 속의 주인공의 마음. 주인공은 각자 미안하다는 마음을 가지고 있었어요. 가 시에서는 갸+ 달걀만 꺼내올 때 미안했고, 나 시에서는 토마토만 따올 때 미안했다고 했죠?"
19,0,0.0,0.9375,2.8125,1,승민이가 동전 (1개)/(한 개)를 (10번)/(열 번) 던져서 나온 면을 나타낸 표래요. 동전을 던진 횟수에 대한 숫자면이 나온 횟수의 비율을,승민이가 동전 개)를 던져서 나온 면을 나타낸 표래요. 동전을 던진 횟수에 대한 숫자면이 나온 횟수의 비율을
11,0,0.0,1.0,3.625,1,자/ 그래요. (2번)/(이 번) 남을 무시하고 짓궂은 아이다라기에 그게 정답이 되겠지요?,그래요. 남을 무시하고 짓궂은 아이다라기에 그게 정답이 되겠지요?
14,0,0.0,1.0,3.75,1,인상적으로 묘사한 부분을 읽으면 장면이 생생하게 머릿속에 그린+ 그림을 그리듯이 떠오른다 (2번)/(이 번) 보겠습니다.,인상적으로 묘사한 부분을 읽으면 장면이 생생하게 머릿속에 그린+ 그림을 그리듯이 떠오른다 보겠습니다.
5,0,0.0,1.0,4.0,1,(ㄱ)/(기역) (ㄴ)/(니은) (ㄷ)/(디귿) 풀어보면 되겠죠?,풀어보면 되겠죠?
3,0,0.0,1.0,3.3333333333333335,1,다음 주어진 문제는요.,다음 주어진 문제는요.
19,0,0.0,1.0,3.1538461538461537,1,자/ 여기 (3번)/(삼 번)에 (y)/(와이)는 (x)/(엑스) 더하기 (3)/(삼)이다가 나와 있군요. 그러므로 정답은 우리가 (3번)/(삼 번)이라고 이야기를 할 수가 있습니다.,여기 번)에 더하기 나와 있군요. 그러므로 정답은 우리가 번)이라고 이야기를 할 수가 있습니다.
22,1,0.045454545454545456,1.0,2.5,0,자/ 가끔 n/ 한밤중에 우리 집 개 가지기도 하지만 그것 때문에 시끄러워서 잠을 못 잤다거나 자다가 깨었다 고 말 한 이웃은 없었다.,가끔 한밤중에 우리 집 개 가지기도 하지만 그것 때문에 시끄러워서 잠을 못 잤다거나 자다가 깨었다 고 말 한 이웃은 없었다.
6,0,0.0,0.8333333333333334,3.6666666666666665,1,미래를 전망하다 과거를 회상하고 미래를 전망한다.,미래를 전망하다 과거를 회상하고 미래를 전망한다.
34,0,0.0,0.8666666666666667,2.8333333333333335,1,자/ 이번엔 두 번째 원에서 이만큼의 길이를 우리 친구들이 알 수가 있어요. 이것은 두 번째 원의 무슨 길이와 같다. 그렇습니다. 바로 지름의 길이와 같다. 따라서 (3)/(삼). 곱하기 (2)/(이) 하면 지름이 되죠. (6CM)/(육 센티미터) 더하기.,이번엔 두 번째 원에서 이만큼의 길이를 우리 친구들이 알 수가 있어요. 이것은 두 번째 원의 무슨 길이와 같다. 그렇습니다. 바로 지름의 길이와 같다. 따라서 곱하기 하면 지름이 되죠. 센티미터) 더하기.
19,0,0.0,0.9333333333333333,2.7333333333333334,1,자/ (2번)/(이 번)은요. 역시 우리 친구들 (6)/(육) 곱하기 (4)/(사)를 먼저 괄호 할 필요가 없어요. 안 그래도 먼저 해주게 되니깐요.,번)은요. 역시 우리 친구들 곱하기 먼저 괄호 할 필요가 없어요. 안 그래도 먼저 해주게 되니깐요.
7,0,0.0,1.0,2.2,1,(2)/(둘) 또는 (2)/(이) 라고 읽을 수 있어요.,또는 라고 읽을 수 있어요.
8,0,0.0,1.0,3.0,1,네 마리 (4)/(사)와 같습니다 라고 이렇게 적어주면 되겠네요.,네 마리 같습니다 라고 이렇게 적어주면 되겠네요.
10,0,0.0,1.0,2.9,1,바른 자세로 말하는 그림과 방법을 알맞게 선으로 이어 보자고 합니다.,바른 자세로 말하는 그림과 방법을 알맞게 선으로 이어 보자고 합니다.
4,1,0.25,1.0,3.0,0,n/ (ㄱ)/(기역) (ㄷ)/(디귿)과 선분.,선분.
5,0,0.0,1.0,4.6,1,계산할건데요 대분수의 고민이 가분수로 걷혀집니다.,계산할건데요 대분수의 고민이 가분수로 걷혀집니다.
14,1,0.07142857142857142,1.0,2.923076923076923,0,자 이렇게 신약 후보 대부분이 효과가 없거나 부작용을 일으키는 까닭은 한마디로 n/ 뭐+ 뭐다.,자 이렇게 신약 후보 대부분이 효과가 없거나 부작용을 일으키는 까닭은 한마디로 뭐+ 뭐다.
10,0,0.0,1.0,2.375,1,(5번)/(오 번) 볼까요. 인물의 마음을 더 잘 이해할 수 있다.,볼까요. 인물의 마음을 더 잘 이해할 수 있다.
3,0,0.0,1.0,3.0,1,(50)/(오십) 더하기 (30)/(삼십).,더하기
8,0,0.0,1.0,3.142857142857143,1,(7개)/(일곱 개)만큼 덜어낸다. 라는 거 우리 친구들 이해했죠?,개)만큼 덜어낸다. 라는 거 우리 친구들 이해했죠?
29,1,0.034482758620689655,0.9583333333333334,3.0,0,강아지가 좋아하는 연어 맛 사료는(4850gram)/(사천 팔백 오십 그램)이고 닭고기 맛 사료는 (3kilogram)/(삼 킬로그램) (600gram)/(육백 그램)입니다. 어느 사료가 몇 (gram)/(그램) 더 많은 가요? 묻는 문제인데요. 여러분들 이 문제 반갑지 않나요?,강아지가 좋아하는 연어 맛 팔백 오십 그램)이고 닭고기 맛 사료는 킬로그램) 그램)입니다. 어느 사료가 몇 더 많은 가요? 묻는 문제인데요. 여러분들 문제 반갑지 않나요?
6,1,0.16666666666666666,1.0,3.25,0,이 놀이를 통해서 자그마치 (3명)/(세 명)의,놀이를 통해서 자그마치 명)의
11,0,0.0,0.7777777777777778,2.3333333333333335,1,(136000원)/(십 삼만 육천 원) (126000원)/(십 이만 육천 원) 어디가 더 저렴하죠?,삼만 육천 원) 이만 육천 원) 어디가 더 저렴하죠?
17,0,0.0,0.8823529411764706,3.2941176470588234,1,구조를 생각하면서 중요한 사건이 뭔지를 뽑아야 돼요. 우리가 사건 나열했는데요. 해당사건 거기서 제일 중요한 것만 뽑아야 됩니다.,구조를 생각하면서 중요한 사건이 뭔지를 뽑아야 돼요. 우리가 사건 나열했는데요. 해당사건 거기서 제일 중요한 것만 뽑아야 됩니다.
22,0,0.0,0.7777777777777778,2.888888888888889,1,자/ 문단의 중심 문장은 항상 문단의 첫 문장이다. 첫 번째 나오는 문장이 중심 문장이다. 자/ 이거 (O)/(오) (X)/(엑스) 우리 친구들 채팅방에 적어주세요.,문단의 중심 문장은 항상 문단의 첫 문장이다. 첫 번째 나오는 문장이 중심 문장이다. 이거 우리 친구들 채팅방에 적어주세요.
10,0,0.0,1.0,3.5,1,"자/ 그래서 토론 (1번)/(한 번) 내용을 보시면요. 사회자가 자/ 처음에,","그래서 토론 내용을 보시면요. 사회자가 처음에,"
3,0,0.0,1.0,4.333333333333333,1,동음이의어는 다른 낱말인데.,동음이의어는 다른 낱말인데.
10,1,0.1,1.0,3.7777777777777777,0,n/ 다이달로스가 미노스의 아들이 괴물이라고 소문을 낼까 봐 두려웠기 때문이지요.,다이달로스가 미노스의 아들이 괴물이라고 소문을 낼까 봐 두려웠기 때문이지요.
12,1,0.08333333333333333,1.0,2.888888888888889,0,자/ 먼저 지난 시간에 배웠던 분수의 나눗셈 그 핵심부터 복습해 보도록 (할게요)/(할께요).,먼저 지난 시간에 배웠던 분수의 나눗셈 핵심부터 복습해 보도록
4,0,0.0,1.0,3.25,1,그럼 네모는 어떻게 구하나요.,그럼 네모는 어떻게 구하나요.
8,0,0.0,1.0,3.125,1,"처음부터 아, 미안해 라고 했으면 금방 해결될 일이었는데,","처음부터 아, 미안해 라고 했으면 금방 해결될 일이었는데,"
5,0,0.0,1.0,3.5,1,"(10)/(십) 이라고 써진 파란색 붙임딱지는,","이라고 써진 파란색 붙임딱지는,"
13,0,0.0,0.9090909090909091,2.909090909090909,1,(lnFx)/(엘 엔 에프 엑스) 미분은(Fx 분의 F'x)/(에프 엑스 분의 애프 프라임 엑스)가 되는거죠.,엔 에프 엑스) 미분은(Fx 분의 엑스 분의 애프 프라임 엑스)가 되는거죠.
21,0,0.0,0.95,2.65,1,들었어요. 회장 선거 공약 발표 저는 방송실에서 여러 친구들 앞에서 조회를 한 적도 있대요. 대통령 선거 b/ 맞습니다. 의견 낼 때.,들었어요. 회장 선거 공약 발표 저는 방송실에서 여러 친구들 앞에서 조회를 한 적도 있대요. 대통령 선거 맞습니다. 의견 낼 때.
8,0,0.0,1.0,2.375,1,"한 덧셈식으로 두 개의 뺄셈식을 만들 수 있다,","한 덧셈식으로 두 개의 뺄셈식을 만들 수 있다,"
12,0,0.0,0.9166666666666666,2.75,1,우리 항상 인물과 나를 항상 비교해 가면서 생각해보고 글을 읽자 라고 했습니다.,우리 항상 인물과 나를 항상 비교해 가면서 생각해보고 글을 읽자 라고 했습니다.
8,1,0.125,1.0,3.5,0,자/ 그럼 상상 속의 그/ 이미지를 떠올리면서 풀어보세요.,그럼 상상 속의 이미지를 떠올리면서 풀어보세요.
10,1,0.1,1.0,3.4444444444444446,0,n/ 문젭니다. 지혜와 어머니의 생각은 어떻게 다른지 써보라고 하고 있네요.,문젭니다. 지혜와 어머니의 생각은 어떻게 다른지 써보라고 하고 있네요.
4,0,0.0,1.0,2.6666666666666665,1,"볼게요, (15번)/(십 오 번).","볼게요, 오 번)."
10,0,0.0,1.0,3.0,1,선생님이 말하는 수를 우리 친구들 교과서에 이렇게 쓰여있는 번호 b/,선생님이 말하는 수를 우리 친구들 교과서에 이렇게 쓰여있는 번호
8,0,0.0,1.0,3.625,1,제목이 소금을 만드는 맷돌 이래요. 맷돌이 뭐예요? 보여드릴게요.,제목이 소금을 만드는 맷돌 이래요. 맷돌이 뭐예요? 보여드릴게요.
13,0,0.0,0.9166666666666666,2.5,1,자/ 우리가 이렇게 차례대로 어떤 일을 말을 할 때 시간을 나타내는 말을 말하고,우리가 이렇게 차례대로 어떤 일을 말을 할 때 시간을 나타내는 말을 말하고
2,0,0.0,1.0,4.5,1,"그런데 전시실에서,","그런데 전시실에서,"
6,1,0.16666666666666666,1.0,3.8,0,이/ 주인공과 아내는 지하실로 내려가게 됩니다.,주인공과 아내는 지하실로 내려가게 됩니다.
7,1,0.14285714285714285,1.0,3.0,0,n/ l/ 나 하비와 함께 오늘도 시작해볼까?,나 하비와 함께 오늘도 시작해볼까?
8,1,0.125,0.8333333333333334,3.0,0,"n/ 여러분의 수학 실력을 확실하게 책임질 수학 (master)/(마스터),",여러분의 수학 실력을 확실하게 책임질 수학
21,0,0.0,1.0,2.8,1,그래서 분모는 그대로 두고 분자끼리 더한 다음 (1)/(하나)만 추가해주세요 그게 뭐냐 하면 답이 가분수일 때 이것을 대분수로 바꿔주어야 한다 라는 거.,그래서 분모는 그대로 두고 분자끼리 더한 다음 추가해주세요 그게 뭐냐 하면 답이 가분수일 때 이것을 대분수로 바꿔주어야 한다 라는 거.
21,0,0.0,0.6666666666666666,3.2,1,(2번)/(이 번) 부자가 되어 살아가길 바라는 마음. (3번)/(삼 번) 건강하게 오래 살아가길 바라는 마음. (4번)/(사 번) 백성들의 삶이 편안하기를 바라는 마음.,부자가 되어 살아가길 바라는 마음. 건강하게 오래 살아가길 바라는 마음. 백성들의 삶이 편안하기를 바라는 마음.
4,0,0.0,1.0,4.0,1,자/ 이번에는 마지막 문제네요.,이번에는 마지막 문제네요.
16,0,0.0,1.0,2.7142857142857144,1,자/ 그러면 인제 어떤 역사를 갖고 있는지 볼게요. (1895년)/(천 팔백 구십 오 년) 미국의 모건이 만들었대요.,그러면 인제 어떤 역사를 갖고 있는지 볼게요. 팔백 구십 오 년) 미국의 모건이 만들었대요.
14,0,0.0,0.9090909090909091,2.727272727272727,1,"그러면 자연수끼리 계산했을 때 (2)/(이), 그리고 분수끼리 (계산했을)/(계승했을) 때 (24분의11)/(이십 사 분의 십 일)이죠.",그러면 자연수끼리 계산했을 때 그리고 분수끼리 때 사 분의 십 일)이죠.
13,1,0.07692307692307693,1.0,2.4166666666666665,0,이렇게 한 줄을 모두 비우고 곧 다음부터 어/ 내용을 써 주시는 것이 좋겠다.,이렇게 한 줄을 모두 비우고 곧 다음부터 내용을 써 주시는 것이 좋겠다.
19,1,0.05263157894736842,1.0,3.4,0,네/ 민우가 느꼈던 그 느낌을 나타내고 있습니다. 따라서 정답은 (3번)/(삼 번)이 되겠습니다. 네/ 이어지는 문제 함께 또 알아보도록 할게요.,민우가 느꼈던 느낌을 나타내고 있습니다. 따라서 정답은 번)이 되겠습니다. 이어지는 문제 함께 또 알아보도록 할게요.
9,0,0.0,1.0,3.1666666666666665,1,자/ 그러면 우리 (36번)/(삼십 육 번) 문제도 함께 풀어보겠습니다.,그러면 우리 육 문제도 함께 풀어보겠습니다.
28,2,0.07142857142857142,0.8846153846153846,2.923076923076923,0,음/ 뭔가 재미가 없는 것 같아요. 그렇죠? 소나기 내리는 소리가 잘 들리는 것 같지 않아요. 그러니까 이 또 소록이 들어감으로써 소나기 내리는 모습을 감각적으로 표현했다고 볼 수가 있어요.,뭔가 재미가 없는 것 같아요. 그렇죠? 소나기 내리는 소리가 잘 들리는 것 같지 않아요. 그러니까 또 소록이 들어감으로써 소나기 내리는 모습을 감각적으로 표현했다고 볼 수가 있어요.
13,1,0.07692307692307693,1.0,2.5454545454545454,0,자/ 왼쪽에 있는 이 그림 속에 어떤 모양들이 숨어 있는지 함께 찾아 볼께요.,왼쪽에 있는 그림 속에 어떤 모양들이 숨어 있는지 함께 찾아 볼께요.
10,0,0.0,1.0,2.625,1,그러면 (10개)/(열 개)는 짝을 지을 수 있으니까 생각하지 말고 b/,그러면 개)는 짝을 지을 수 있으니까 생각하지 말고
24,1,0.041666666666666664,1.0,3.5625,0,"자/ 그럼 보기부터 볼까요? 자/ (1번)/(일 번) 일기, 일기는 하루의 일과를 기록한 글이죠? 아니구요. (2번)/(이 번) 편지, 맞아요. 이 글을 편짓글이에요. 정답은 (2번)/(이 번)*.","그럼 보기부터 볼까요? 일기, 일기는 하루의 일과를 기록한 글이죠? 아니구요. 편지, 맞아요. 글을 편짓글이에요. 정답은 번)*."
15,0,0.0,1.0,2.230769230769231,1,분모가 (10)/(십)이기 때문에 소수로 (1.4)/(일 쩜 사) 입니다 라고 값을 쉽게 구할 수 있게 된다.,분모가 때문에 소수로 쩜 사) 입니다 라고 값을 쉽게 구할 수 있게 된다.
3,1,0.3333333333333333,1.0,5.0,0,(5번)/(오 번)이야. n/,번)이야.
15,2,0.13333333333333333,0.9230769230769231,2.769230769230769,0,"n/ 허? 나잖아! 어우, 나는 좀 신령스러운 데가 있지. 신기하고 묘한 데가 있다 이 말이야.","허? 나잖아! 어우, 나는 좀 신령스러운 데가 있지. 신기하고 묘한 데가 있다 말이야."
9,1,0.1111111111111111,1.0,3.25,0,n/ 흥부네 가죽은 구걸을 하며 다니다가 결국 한양으로 올라갔다.,흥부네 가죽은 구걸을 하며 다니다가 결국 한양으로 올라갔다.
3,0,0.0,1.0,5.0,1,자랑스럽다. 편안하다. 아니죠.,자랑스럽다. 편안하다. 아니죠.
7,0,0.0,1.0,3.0,1,그렇죠 곱하는 수의 (0)/(영)이 (1)/(하나)씩 늘어나고 있죠.,그렇죠 곱하는 수의 늘어나고 있죠.
6,0,0.0,1.0,4.0,1,"무엇으로 확인해야 (1)/(하나)요? 그래요, 문제 풀어야지요?","무엇으로 확인해야 그래요, 문제 풀어야지요?"
15,1,0.06666666666666667,1.0,2.4615384615384617,0,n/ 답이 나왔다고 해서 좋다고 답을 적으면 안 돼. b/ 그럼 틀리는 경우도 있기 때문에,답이 나왔다고 해서 좋다고 답을 적으면 안 돼. 그럼 틀리는 경우도 있기 때문에
9,0,0.0,1.0,2.857142857142857,1,(3)/(삼) 보다 (1)/(일) 큰 수를 나타내는 것에 동그라미 표하세요.,보다 큰 수를 나타내는 것에 동그라미 표하세요.
4,0,0.0,0.0,0.0,1,(1)/(일) (2)/(이) (3)/(삼) (6)/(육)이었죠.,
26,0,0.0,0.9285714285714286,2.5,1,(10원)/(십 원)짜리 동전 몇 개 있죠? (10원)/(십 원)짜리 동전이 (1)/(하나) (2)/(둘) (3)/(셋) (4)/(넷) (5)/(다섯) (6)/(여섯) (7)/(일곱)개가 있군요. (10)/(십)이 (7)/(일곱) 개가 있는 거니까 (70)/(칠십)이라고 쓸 수 있어요.,원)짜리 동전 몇 개 있죠? 원)짜리 동전이 있군요. 개가 있는 거니까 쓸 수 있어요.
7,0,0.0,1.0,3.6,1,차가 나왔으니까 뺄셈식을 만들었다 (이렇게)/(요렇게) 정리를 해두자(고요)/(구요).,차가 나왔으니까 뺄셈식을 만들었다 정리를
23,0,0.0,1.0,3.235294117647059,1,연우는 기준량 (20)/(이십) 중에 (8표)/(여덟 표) 받았잖아요. 그러니까 (20)/(이십) 분의 (8)/(팔) 이거 백분율로 나타내면 곱하기 (100)/(백)을 해줘서 (40%)/(사십 퍼센트) 이렇게 나타낼 수가 있습니다.,연우는 기준량 중에 표) 받았잖아요. 그러니까 분의 이거 백분율로 나타내면 곱하기 해줘서 퍼센트) 이렇게 나타낼 수가 있습니다.
10,0,0.0,1.0,4.1,1,"사회문제를 해결하는 방법을 여기에서 모색합니다 시민들이 선거를 어+선거권을 행사하는 것은,","사회문제를 해결하는 방법을 여기에서 모색합니다 시민들이 선거를 어+선거권을 행사하는 것은,"
13,1,0.07692307692307693,1.0,3.1818181818181817,0,그리고 이 부분은 생쥐처럼 살금살금 조용하게 해야 되겠죠. 자/ 그래서 발을 구를 때에도.,그리고 부분은 생쥐처럼 살금살금 조용하게 해야 되겠죠. 그래서 발을 구를 때에도.
13,1,0.07692307692307693,1.0,3.090909090909091,0,다음 도형의 모양 조각으로 덮어봅시다 했어요 과연 어떤 도형이 기다리고 있을까요 n/ 네/.,다음 도형의 모양 조각으로 덮어봅시다 했어요 과연 어떤 도형이 기다리고 있을까요
11,0,0.0,1.0,3.4285714285714284,1,"파란색 깃발 (1)/(하나)를 (이렇게)/(이러케) 선생님이 (그렸고요)/(그렸구여), 그다음 빨간색 깃발은 (여기에)/(요기다가) 그려볼게요.",파란색 깃발 선생님이 그다음 빨간색 깃발은 그려볼게요.
5,0,0.0,1.0,1.8,1,라는 걸 알 수 있네요.,라는 걸 알 수 있네요.
24,1,0.041666666666666664,0.8695652173913043,2.652173913043478,0,n/ 이번에는 이야기를 함께 읽으면서 좀 더 다양한 흉내 내는 말에 대해 알아보고 흉내 내는 말을 써서 글을 쓰면 좋은 점은 무엇인지 함께 살펴보겠습니다.,이번에는 이야기를 함께 읽으면서 좀 더 다양한 흉내 내는 말에 대해 알아보고 흉내 내는 말을 써서 글을 쓰면 좋은 점은 무엇인지 함께 살펴보겠습니다.
17,0,0.0,1.0,3.3846153846153846,1,자/ (3번째)/(세 번째)는 바로 보죠. 짜자잔/ 놀이방 입장이 가능한 사람을 묻고 있습니다. (3번째)/(세 번째)문장 계속해서 보도록 할까요?,번째)는 바로 보죠. 놀이방 입장이 가능한 사람을 묻고 있습니다. 번째)문장 계속해서 보도록 할까요?
15,1,0.06666666666666667,1.0,3.125,0,"그다음 여기는요, (1)/(하낫), (2)/(둘), (3)/(셋) 가야 되겠죠, n/ 여기도 (1)/(하낫), (2)/(둘), (3)/(셋) 가서 찍어 줍니다.","그다음 여기는요, 가야 되겠죠, 여기도 가서 찍어 줍니다."
25,0,0.0,0.95,3.5,1,자/ 그리고 (1번)/(일 번)부터 (5번)/(오 번)까지 하나하나 꼼꼼하게 풀어야 되는데 (1번)/(일 번)만 읽고 이게 정답이라고 말할 수는 없잖아요. 자/ 그럼 선생님과 함께 하나하나 자세하게 살펴보겠습니다.,그리고 번)부터 번)까지 하나하나 꼼꼼하게 풀어야 되는데 번)만 읽고 이게 정답이라고 말할 수는 없잖아요. 그럼 선생님과 함께 하나하나 자세하게 살펴보겠습니다.
3,0,0.0,1.0,3.3333333333333335,1,이야기 이어서 읽어요.,이야기 이어서 읽어요.
18,1,0.05555555555555555,1.0,2.9411764705882355,0,네 이렇게 해서 선생님이 준비한 내용은 모두 마쳤고요 이제 우리 친구들이 주인공이 되는 시간입니다 오늘의 미션 n/ 뭘까요?,네 이렇게 해서 선생님이 준비한 내용은 모두 마쳤고요 이제 우리 친구들이 주인공이 되는 시간입니다 오늘의 미션 뭘까요?
17,0,0.0,0.8,2.6,1,네. 바로 넓이를 비교할 때는 (2도형)/(두 도형)의 넓이를 비교할 때는 (2도형)/(두 도형)을 겹쳐 보면 알 수가 있어요.,네. 바로 넓이를 비교할 때는 도형)의 넓이를 비교할 때는 도형)을 겹쳐 보면 알 수가 있어요.
7,0,0.0,1.0,2.8333333333333335,1,기다리세요. (하나)/(한)번 더 또 해. 얼마나 멋있어.,기다리세요. 더 또 해. 얼마나 멋있어.
7,1,0.14285714285714285,1.0,2.3333333333333335,0,"n/ (100)/(백)이 (3)/(삼)인 수는 (300)/(삼백) 이라 쓰고,","수는 이라 쓰고,"
10,0,0.0,1.0,3.5,1,"그다음에 이제 (3개)/(세 개)로 이루어진 직사각형의 수는, (1)/(일) (2)/(이) (3)/(삼).","그다음에 이제 개)로 이루어진 직사각형의 수는,"
15,0,0.0,1.0,2.8181818181818183,1,"자/ 지금 (1번)/(일 번) 문제에서는요, 밑줄 그은 (ㄱ)/(기역)을 알맞은 말로 바꿔 쓰시오 라고 하고 있지요?","지금 문제에서는요, 밑줄 그은 알맞은 말로 바꿔 쓰시오 라고 하고 있지요?"
6,0,0.0,0.75,1.25,1,(1)/(일) 큰 수 작은 수 (5)/(오),큰 수 작은 수
3,0,0.0,1.0,3.0,1,다음 문제도 볼게요.,다음 문제도 볼게요.
6,2,0.3333333333333333,1.0,3.5,0,o/ n/ 아아/ 눈치 채셨군요. n/,눈치 채셨군요.
28,0,0.0,0.9444444444444444,2.9444444444444446,1,"따라서 (10)/(십) 곱하기 (3)/(삼)이 되는 거고 선생님 저는 이제 자신 있습니다, 그렇죠. (10?/(십)일 (3번)/(세 번) 빨리 더해줘도 좋고 아니면 (1)/(일) 곱하기 (3)/(삼)은 (3)/(삼)이고 (0)/(영)을 (1개)/(한 개) 붙여서 나타냈어요.","따라서 곱하기 되는 거고 선생님 저는 이제 자신 있습니다, 그렇죠. 빨리 더해줘도 좋고 아니면 곱하기 개) 붙여서 나타냈어요."
32,3,0.09375,0.9259259259259259,3.2962962962962963,0,"o/ 그렇군요. u/ 을 놓는 기간, 쉬는 기간. 하지만 학교에서만 배움을 쉬는 기간이겠지요. 뭐, 집에서는* 계속되어야 할 텐데요. 어쨌든 그 기간은 뭐 좀 짧게 느껴지기는 하지만 즐겁고 신나는 그 기간인 것만큼은 분명합니다.","그렇군요. 을 놓는 기간, 쉬는 기간. 하지만 학교에서만 배움을 쉬는 기간이겠지요. 뭐, 집에서는* 계속되어야 할 텐데요. 어쨌든 기간은 좀 짧게 느껴지기는 하지만 즐겁고 신나는 기간인 것만큼은 분명합니다."
6,0,0.0,1.0,2.6666666666666665,1,그럼 (4)/(사) 곱하기 (25)/(이십 오)는 (100)/(백)이에요.,그럼 곱하기 오)는
20,1,0.05,0.9473684210526315,3.3157894736842106,0,"독해력의 시간입니다. 독해력을 높이기 위해서는요, n/ 배경 지식이 필요합니다. 배경 지식은 글을 읽고 이해하는 데 꼭 필요한 경험이나 지식을 말하죠.","독해력의 시간입니다. 독해력을 높이기 위해서는요, 배경 지식이 필요합니다. 배경 지식은 글을 읽고 이해하는 데 꼭 필요한 경험이나 지식을 말하죠."
12,0,0.0,1.0,3.5555555555555554,1,자/ 그래서 우리가 할 일은요. (6문단)/(육 문단)과 (7문단)/(칠 문단)의 중심생각을 찾으면 되는데요.,그래서 우리가 할 일은요. 문단)과 문단)의 중심생각을 찾으면 되는데요.
1,0,0.0,0.0,0.0,1,(그런데)/(그른데).,
5,0,0.0,1.0,2.8,1,"타당하다 옳다 다 같은 뜻이에요,","타당하다 옳다 다 같은 뜻이에요,"
19,0,0.0,0.9473684210526315,3.1052631578947367,1,자다와 먹다는 어느 곳에 쓰이느냐에 따라서 조금씩 모양이 다릅니다. 예를 들어서 빨리 자라 할때는 어떻게 모양이 변합니까? 자라로 변하죠.,자다와 먹다는 어느 곳에 쓰이느냐에 따라서 조금씩 모양이 다릅니다. 예를 들어서 빨리 자라 할때는 어떻게 모양이 변합니까? 자라로 변하죠.
15,1,0.06666666666666667,1.0,2.272727272727273,0,음/ 또는 전체 [(92)/(구십 이) 에서 이번엔 (45)/(사십 오) 가 아니라 (47)/(사십 칠) 을 빼줄게요.,또는 전체 이) 에서 이번엔 오) 가 아니라 칠) 을 빼줄게요.
8,1,0.125,1.0,4.166666666666667,0,"n/ 가, 자/ 천천히 적을게요. 여자아이의 목소리가, 적었어요?","가, 천천히 적을게요. 여자아이의 목소리가, 적었어요?"
23,0,0.0,1.0,2.533333333333333,1,나는 (1)/(하나) (2)/(둘) (3)/(셋) (4)/(넷) (5)/(다섯) (6)/(여섯) (7)/(일곱) 칸 있네요 자/ 그래서 가에 대한 나의 비 뭐뭐에 대한인 부분은 기호 뒤에 오라고 그랬습니다.,나는 칸 있네요 그래서 가에 대한 나의 비 뭐뭐에 대한인 부분은 기호 뒤에 오라고 그랬습니다.
8,0,0.0,1.0,3.1666666666666665,1,(그래서)/(게서) @/ 아영 이의 마음이 어디서 나왔는지 찾아봤죠?,아영 이의 마음이 어디서 나왔는지 찾아봤죠?
4,1,0.25,1.0,3.3333333333333335,0,"완결성이 없는 거예요. 어/,",완결성이 없는 거예요.
8,1,0.125,1.0,3.142857142857143,0,"n/ 맞아요, 이렇게 생각한 친구도 분명히 있을 거예요.","맞아요, 이렇게 생각한 친구도 분명히 있을 거예요."
8,0,0.0,1.0,3.1666666666666665,1,강조에 대해서 (1번)/(한 번) 공부를 해 보도록 하겠습니다.,강조에 대해서 공부를 해 보도록 하겠습니다.
22,2,0.09090909090909091,1.0,2.3529411764705883,0,n/ 참/ 악당 n/쿰을 혼쭐 낼 수 있게 우리 생활 속 주변에 (l)/(리터)와 (ml)/(밀리리터)가 어디에 있는지 찾아서 꼭 수강 후기 게시판에 올려주세요.,악당 혼쭐 낼 수 있게 우리 생활 속 주변에 어디에 있는지 찾아서 꼭 수강 후기 게시판에 올려주세요.
8,0,0.0,1.0,3.142857142857143,1,"자/그럼 사람의 염색체가 어떤 식으로 생겨 있는지 생겼는지,","사람의 염색체가 어떤 식으로 생겨 있는지 생겼는지,"
14,0,0.0,1.0,3.3846153846153846,1,그런데요 반드시 세로로만 계산하느냐 그거는 아니에요 b/ 그래서 우리는 어림하여 계산을 해볼 수도 있어요.,그런데요 반드시 세로로만 계산하느냐 그거는 아니에요 그래서 우리는 어림하여 계산을 해볼 수도 있어요.
17,1,0.058823529411764705,0.9285714285714286,3.142857142857143,0,"그렇습니다. 네/ 아마 우리 식구들도 그러실 것 같은데요, 사실 우리 친구들 이 (1)/(한) 편만 보시면 바람뿐이 아닙니다.","그렇습니다. 아마 우리 식구들도 그러실 것 같은데요, 사실 우리 친구들 편만 보시면 바람뿐이 아닙니다."
4,1,0.25,1.0,4.0,0,정리해 n/ 보도록 하겠습니다.,정리해 보도록 하겠습니다.
2,1,0.5,1.0,3.0,0,그래. n/,그래.
30,2,0.06666666666666667,0.9642857142857143,2.8214285714285716,0,그런데 이것을 잘게 자르면 이런 모양이 되고 이게 결국 이거와 같은 거예.요 이 부피를 구하면 우리는 원기둥의 부피를 구한다고 얘기할 수가 있는 거죠. 그러면 이 부피는 어떻게 구하니 한번 볼게요.,그런데 이것을 잘게 자르면 이런 모양이 되고 이게 결국 이거와 같은 거예.요 부피를 구하면 우리는 원기둥의 부피를 구한다고 얘기할 수가 있는 거죠. 그러면 부피는 어떻게 구하니 한번 볼게요.
5,2,0.4,1.0,3.0,0,n/ 야/ 그 정도면 됐지.,정도면 됐지.
12,1,0.08333333333333333,1.0,3.0,0,알고있으니까 이 문제 정말 풀기 쉬워지죠. 오늘 수업 마치고 나서 꼭 복습하세요.,알고있으니까 문제 정말 풀기 쉬워지죠. 오늘 수업 마치고 나서 꼭 복습하세요.
9,0,0.0,1.0,3.0,1,그리고 나서 조사한 자료가 믿을만한지 정확한지 잘 따져 보시고요,그리고 나서 조사한 자료가 믿을만한지 정확한지 잘 따져 보시고요
11,0,0.0,1.0,2.7777777777777777,1,"공약수 그리고 자/ 물론 공약수를 아까 쭉쭉 다 (이렇게)/(이케) 약수들을 구해서,","공약수 그리고 물론 공약수를 아까 쭉쭉 다 약수들을 구해서,"
11,0,0.0,1.0,3.0,1,그리고 외국 글자를 사용하는 것이 더 멋지다고 생각했던 적이 있어 부끄러웠다.,그리고 외국 글자를 사용하는 것이 더 멋지다고 생각했던 적이 있어 부끄러웠다.
6,1,0.16666666666666666,1.0,2.25,0,n/ 또는 드라마를 볼 수도 (있겠죠)/(있겠져).,또는 드라마를 볼 수도
26,0,0.0,0.9166666666666666,2.9583333333333335,1,"흥민아 동생이랑 옆집 어른한테 김치 좀 갖다 드리고 올래? 옆집 어른에게 (높임)/(노핌) 표현 사용했어요. 근데 우리 흥민이가 네, 그런데 옆집 어른이 집에 있으실까요? 자/ 이렇게 했네요.","흥민아 동생이랑 옆집 어른한테 김치 좀 갖다 드리고 올래? 옆집 어른에게 표현 사용했어요. 근데 우리 흥민이가 네, 그런데 옆집 어른이 집에 있으실까요? 이렇게 했네요."
5,1,0.2,1.0,3.75,0,n/ 콜린은 아버지의 팔을 잡았습니다.,콜린은 아버지의 팔을 잡았습니다.
7,1,0.14285714285714285,1.0,3.8333333333333335,0,"항암이라는 것은 n/ 암세포가 늘어나는 것을 막아주거나,","항암이라는 것은 암세포가 늘어나는 것을 막아주거나,"
14,0,0.0,1.0,2.8333333333333335,1,자/ 이번에는 여러 가지 경우가 있는데요. 이번 경우는 이런 경우에요. (4)/(사) 보다 작은 수.,이번에는 여러 가지 경우가 있는데요. 이번 경우는 이런 경우에요. 보다 작은 수.
21,0,0.0,0.8823529411764706,3.3529411764705883,1,"자/ 그럼 (80)/(팔십) 미만인 수라고 돼있어, 진주가 (80점)/(팔십 점) 맞았네요. 그죠? 진주가 (80점)/(팔십 점) 맞았는데 얘보다 점수가 낮은 친구들을 찾아보도록 하겠습니다.","그럼 미만인 수라고 돼있어, 진주가 점) 맞았네요. 그죠? 진주가 점) 맞았는데 얘보다 점수가 낮은 친구들을 찾아보도록 하겠습니다."
8,1,0.125,1.0,2.857142857142857,0,관계에 변화가 있는 그런 그/ 시기가 되기도 하지요.,관계에 변화가 있는 그런 시기가 되기도 하지요.
7,0,0.0,1.0,3.4285714285714284,1,그러니까 이야기가 더 생생해지고 실감이 난다는 거지요.,그러니까 이야기가 더 생생해지고 실감이 난다는 거지요.
7,1,0.14285714285714285,1.0,2.8333333333333335,0,아저씨 저 좀 살려주세요 저는 여기 싫어요.,아저씨 좀 살려주세요 저는 여기 싫어요.
16,1,0.0625,1.0,3.2857142857142856,0,"n/ 시에 대한 생각이나 느낌이 다른 까닭인데요. 이것은 (4가지)/(네 가지) 있었지요? 첫째는 사람마다 경험한 것이 다르고,","시에 대한 생각이나 느낌이 다른 까닭인데요. 이것은 가지) 있었지요? 첫째는 사람마다 경험한 것이 다르고,"
9,0,0.0,0.8571428571428571,2.4285714285714284,1,(1번)/(일 번) 벼 이삭을 밟는 소리 이런 소리 아니에요.,벼 이삭을 밟는 소리 이런 소리 아니에요.
15,0,0.0,1.0,3.0,1,자/ 그러면 우리가 오늘 어떤 상황에서 자신 있게 말하면 좋은지 우리 교과서 함께 살펴보도록 하겠습니다.,그러면 우리가 오늘 어떤 상황에서 자신 있게 말하면 좋은지 우리 교과서 함께 살펴보도록 하겠습니다.
2,1,0.5,1.0,7.0,0,n/ 시작해볼까요?,시작해볼까요?
29,1,0.034482758620689655,0.92,3.0,0,"앞길이 푸르고 푸른 젊은이들 즉, 어/ 희망이 많은 젊은이들 이런 뜻이에요. 앞길이 창창한 젊은이들을 위해서 내가 이걸 (1번)/(한 번) 해주지. 자/ 이렇게 이게 바로 푸르다 라는 뜻이 있습니다. 푸르다.","앞길이 푸르고 푸른 젊은이들 즉, 희망이 많은 젊은이들 이런 뜻이에요. 앞길이 창창한 젊은이들을 위해서 내가 이걸 해주지. 이렇게 이게 바로 푸르다 라는 뜻이 있습니다. 푸르다."
12,0,0.0,0.8,2.6,1,착한 아저씨 착한 아저씨 핀란드에서 살아? 머/이랬어요 자 요게 바로 대사가 (되겠고요)/(되겠구요).,착한 아저씨 착한 아저씨 핀란드에서 살아? 자 요게 바로 대사가
10,0,0.0,1.0,2.6,1,그러니까 약수라고 하면 어떤 수를 깔끔하게 묶어줄 수 있는 수.,그러니까 약수라고 하면 어떤 수를 깔끔하게 묶어줄 수 있는 수.
8,0,0.0,1.0,3.5,1,선생님과 함께 한산도대첩 학의 날개를 펼치다 읽어보도록 할게요.,선생님과 함께 한산도대첩 학의 날개를 펼치다 읽어보도록 할게요.
14,2,0.14285714285714285,0.9166666666666666,2.75,0,n/ 이 문제의 정답을 아는 친구들은 수강후기 게시판에 정답 을 많이 많이 올려 주세요.,문제의 정답을 아는 친구들은 수강후기 게시판에 정답 을 많이 많이 올려 주세요.
15,0,0.0,0.9285714285714286,3.357142857142857,1,자/ 선생님 이름이 있어요. 우리 친구들 이름 있죠. 지금까지 각기둥 각기둥 했는데 각기둥도 모양이 다양하거든요?,선생님 이름이 있어요. 우리 친구들 이름 있죠. 지금까지 각기둥 각기둥 했는데 각기둥도 모양이 다양하거든요?
4,0,0.0,1.0,2.25,1,이보게 날 좀 도와주게,이보게 날 좀 도와주게
7,0,0.0,1.0,3.142857142857143,1,로봇 개발에 필요한 원천기술에 더 집중해야 됩니다.,로봇 개발에 필요한 원천기술에 더 집중해야 됩니다.
21,1,0.047619047619047616,0.9444444444444444,3.1666666666666665,0,자/ 그럼 그것이 무엇일까요 바로 자제가 되겠습니다 자제하다 억누르다 억제하다 모두 같은 말이 되겠습니다 일찍 자기로 다짐해 보세요 자/ 그 다음.,그럼 그것이 무엇일까요 바로 자제가 되겠습니다 자제하다 억누르다 억제하다 모두 같은 말이 되겠습니다 일찍 자기로 다짐해 보세요 다음.
4,0,0.0,1.0,3.0,1,이렇게 즐거운 마음을 이어서,이렇게 즐거운 마음을 이어서
11,1,0.09090909090909091,1.0,3.888888888888889,0,n/ 자/ 지진을 다음과 같이 생각했던 나라의 이름을 찾아쓰랍니다. 어떻게 생각했을까요?,지진을 다음과 같이 생각했던 나라의 이름을 찾아쓰랍니다. 어떻게 생각했을까요?
7,0,0.0,1.0,3.0,1,자/ 그리고 또 어떤 내용이 들어가면 좋을까요?,그리고 또 어떤 내용이 들어가면 좋을까요?
6,1,0.16666666666666666,1.0,2.5,0,n/ 자/ 다음 문제 함께 볼까요?,다음 문제 함께 볼까요?
7,2,0.2857142857142857,1.0,4.5,0,n/(2cm)/(이 센티미터)에서 (0.2cm)/(영 점 이 센티미터)를 빼니까.,센티미터)에서 점 센티미터)를 빼니까.
7,0,0.0,1.0,2.857142857142857,1,이건 배수에 관련된 문제라는 것은 알고 있고요.,이건 배수에 관련된 문제라는 것은 알고 있고요.
12,1,0.08333333333333333,1.0,2.8333333333333335,0,자/ 그러니까 결국 n/ (20)/(이십) 곱하기 (4)/(사)는 (10모형)/(십 모형)이 (8개)/(여덟 개) 몇.,그러니까 결국 곱하기 모형)이 개) 몇.
22,2,0.09090909090909091,0.8947368421052632,2.473684210526316,0,네/ 분수의 모양은 다르지만 그 크기가 같음을 알 수가 n/ 있어요. 따라서 팔 분의 일은 사 분의 일과 같다고 할 수가 있습니다.,분수의 모양은 다르지만 크기가 같음을 알 수가 있어요. 따라서 팔 분의 일은 사 분의 일과 같다고 할 수가 있습니다.
3,0,0.0,1.0,3.0,1,자/ 또 오늘은요.,또 오늘은요.
8,0,0.0,1.0,2.857142857142857,1,자/ 그럼 우리 친구들이 바꾼 표현 한번 읽어볼게요.,그럼 우리 친구들이 바꾼 표현 한번 읽어볼게요.
11,0,0.0,0.9090909090909091,2.1818181818181817,1,끼리. 이렇게 몇 십 빼기 몇 십을 계산할 수가 있는 거예요.,끼리. 이렇게 몇 십 빼기 몇 십을 계산할 수가 있는 거예요.
19,1,0.05263157894736842,1.0,2.5,0,우리가 그 어휘를 내 것으로 만드는 방법 중의 하나는 짧은 글짓기를 빨리라도 짧게라도 샥 해 봐야 된다 라는 거죠.,우리가 어휘를 내 것으로 만드는 방법 중의 하나는 짧은 글짓기를 빨리라도 짧게라도 샥 해 봐야 된다 라는 거죠.
19,1,0.05263157894736842,1.0,2.9375,0,(8개)/(여덟 개) 라고 썼습니다. 이 문제 굉장히 어려운 문제였죠? 하지만 이것 (1)/(하나)만 기억하면 그렇게 어렵지 않게 해결할 수 있어요.,개) 라고 썼습니다. 문제 굉장히 어려운 문제였죠? 하지만 이것 기억하면 그렇게 어렵지 않게 해결할 수 있어요.
23,2,0.08695652173913043,0.8571428571428571,2.8095238095238093,0,그 글자를 다 조합하고 나면 재미있는 넌센스 퀴즈가 나옵니다. 그래서 시험을 다 무사히 풀고 나면 그 넌센스 퀴즈의 답을 여러분이 찾아줄 수 있어요.,글자를 다 조합하고 나면 재미있는 넌센스 퀴즈가 나옵니다. 그래서 시험을 다 무사히 풀고 나면 넌센스 퀴즈의 답을 여러분이 찾아줄 수 있어요.
5,0,0.0,1.0,4.333333333333333,1,(1번)/(일 번) 문제부터 확인해보도록 하죠.,문제부터 확인해보도록 하죠.
13,0,0.0,1.0,3.3076923076923075,1,각기둥에서 옆면의 모양은 항상 그렇다. 그렇기 때문에 이런 것들은 수학에서 반드시 외워두어야 한다.,각기둥에서 옆면의 모양은 항상 그렇다. 그렇기 때문에 이런 것들은 수학에서 반드시 외워두어야 한다.
21,0,0.0,0.95,2.95,1,자/ 그러면요. 이번에는 이렇게 쫙 여러 내용들을 정리해 보았는데 이제 뭘 할 차례죠. 그래요. 바로 실력을 높여야 할 차례지요. 어떻게 쑥쑥쑥.,그러면요. 이번에는 이렇게 쫙 여러 내용들을 정리해 보았는데 이제 뭘 할 차례죠. 그래요. 바로 실력을 높여야 할 차례지요. 어떻게 쑥쑥쑥.
17,1,0.058823529411764705,1.0,3.3333333333333335,0,"(1)/(일) 그램이 (1000)/(천) 개 모인, (1000)/(천) 그램과 같다는 것을 기억하면서, 이 문제 풀어보도록 하죠. (1)/(일) 번부터 보겠습니다.","그램이 개 모인, 그램과 같다는 것을 기억하면서, 문제 풀어보도록 하죠. 번부터 보겠습니다."
18,0,0.0,0.875,3.125,1,(100000)/(십만) 자리에는 (1)/(일)이 있고요. (10000)/(만)의 자리에는 (6417)/(육 사 일 칠)이니까. (7)/(칠) 예/ (7)/(칠)까지 어유/ 막/ 막/ 저기 뭐야.,자리에는 있고요. 자리에는 사 일 칠)이니까. 저기 뭐야.
12,3,0.25,1.0,3.5,0,"자/ 이 (100000000)/(억), n/ (100000000)/(억) 그런 다음에 어/ 우와/ 갖고싶다. 주세요. u/",그런 다음에 갖고싶다. 주세요.
26,0,0.0,0.84,2.56,1,자/ 그럼 기분 좋은 말도 알아보고 속상한 말도 알아 봤으니까. 우리가 친구들하고 사귈 때 어떤 말을 하면 좋을까? 잘 생각하고 기분 좋은 말을 많이 해주는 친구는,그럼 기분 좋은 말도 알아보고 속상한 말도 알아 봤으니까. 우리가 친구들하고 사귈 때 어떤 말을 하면 좋을까? 잘 생각하고 기분 좋은 말을 많이 해주는 친구는
9,1,0.1111111111111111,0.8571428571428571,3.0,0,어/ 제목은 나왔어요. 자/ 제목은 수정할 수 있다고 했죠?,제목은 나왔어요. 제목은 수정할 수 있다고 했죠?
6,0,0.0,1.0,2.8,1,o/ 너도 한번 글자 만들어봐. 저요?,너도 한번 글자 만들어봐. 저요?
4,1,0.25,1.0,4.0,0,n/ 중요한 내용만 정리합니다.,중요한 내용만 정리합니다.
7,0,0.0,1.0,2.857142857142857,1,"우리 친구들, 따라서 정답은 어떻게 되는 거죠?","우리 친구들, 따라서 정답은 어떻게 되는 거죠?"
9,1,0.1111111111111111,1.0,3.25,0,n/ 빈 칸에 들어갈 말을 채워서 홈페이지 수강후기에 올려주세요.,빈 칸에 들어갈 말을 채워서 홈페이지 수강후기에 올려주세요.
2,0,0.0,1.0,4.5,1,구슬놀이하는 친구들,구슬놀이하는 친구들
14,0,0.0,1.0,3.0714285714285716,1,차림표를* 보고 먹고 싶은 만두 이름과 그렇게 생각한 까닭을 쓰시래요. 이걸 여러분 마음대로 쓰세요.,차림표를* 보고 먹고 싶은 만두 이름과 그렇게 생각한 까닭을 쓰시래요. 이걸 여러분 마음대로 쓰세요.
6,1,0.16666666666666666,1.0,3.0,0,"어/ 평년에 보통의 해와 다르게 올해는,","평년에 보통의 해와 다르게 올해는,"
9,0,0.0,1.0,3.0,1,와/ 우리 글 양이가 (Wolf)/(울프)의 억울함을 변호하는 변호사 같네요.,우리 글 양이가 억울함을 변호하는 변호사 같네요.
12,1,0.08333333333333333,1.0,3.0,0,두 묶음이면 (2000장)/(이천 장) 이 되겠군요 색종이가 모두 몇 묶음이 있는지 세어볼까요?,두 묶음이면 장) 되겠군요 색종이가 모두 몇 묶음이 있는지 세어볼까요?
30,0,0.0,0.8076923076923077,2.9615384615384617,1,"오 분의 사는 분자가 분모보다 작기때문에 진분수. 그래서 (X)/(엑스) 오 분의 구에는 분자가 분모보다 크기 때문에 가분수라고 할 수가 있겠죠. 그래서 (1)/(하나) (2)/(둘) 세 +(3개)/(세 개)를 순서대로 써준다면은, 화면에 여러,","오 분의 사는 분자가 분모보다 작기때문에 진분수. 그래서 오 분의 구에는 분자가 분모보다 크기 때문에 가분수라고 할 수가 있겠죠. 그래서 세 개)를 순서대로 써준다면은, 화면에 여러,"
22,0,0.0,0.8947368421052632,3.210526315789474,1,(2)/(이)가 가장 넓고요. 다음으로 넓은 밭은 무엇을 심은 (5)/(다섯) 칸이었던 당근을 심은 밭이었어요. 당근 마지막으로 (4)/(네)칸을 심었던 오이를 가장 마지막에 써주면 되겠네요.,가장 넓고요. 다음으로 넓은 밭은 무엇을 심은 칸이었던 당근을 심은 밭이었어요. 당근 마지막으로 심었던 오이를 가장 마지막에 써주면 되겠네요.
7,0,0.0,1.0,3.2857142857142856,1,식이 왜 이렇게 만들어지는지를 살피는 것이 중요해요.,식이 왜 이렇게 만들어지는지를 살피는 것이 중요해요.
3,0,0.0,1.0,4.0,1,자/ 어떤 상황이래요?,어떤 상황이래요?
8,0,0.0,1.0,2.5,1,"정말 발 없는, 말이 천리 가는구나 라고 했어요.","정말 발 없는, 말이 천리 가는구나 라고 했어요."
16,0,0.0,1.0,2.8,1,자/ 오/ (1번)/(일 번) 부터 (10번)/(십 번) 까지의 각의 크기를 모두 더하면 몇 도입니까 라고 나왔는데요.,부터 까지의 각의 크기를 모두 더하면 몇 도입니까 라고 나왔는데요.
17,1,0.058823529411764705,1.0,2.933333333333333,0,대칭의 중심 여기 도형의 한 가운데에 있다고 했으니까 이 점을 중심으로 도형을 (180도)/(백 팔십 도) 돌렸다고 생각해요.,대칭의 중심 여기 도형의 한 가운데에 있다고 했으니까 점을 중심으로 도형을 팔십 도) 돌렸다고 생각해요.
15,0,0.0,0.9090909090909091,2.909090909090909,1,이번에는 어디서 출발할 거야? (B)/(비)에서 출발할 건데 (A)/(에이)와 (B)/(비)의 교집합인 (2)/(이)가 빠져. 그럼 이건 뭐죠?,이번에는 어디서 출발할 거야? 출발할 건데 교집합인 빠져. 그럼 이건 뭐죠?
36,1,0.027777777777777776,0.84375,2.8125,0,아/ 그렇구나! 삼각형의 넓이를 알고 밑변+ 삼각형의 밑변의 길이나 혹은 높이 중에 (2)/(둘) 중 (1가지)/(한 가지)만 알고 있다면요 삼각형의 넓이를 (2배)/(두 배) 한 후에 이것을 밑변의 길이 또는 높이로 나누어서요 나머지 모르는 것을 구할 수가 있대요.,그렇구나! 삼각형의 넓이를 알고 밑변+ 삼각형의 밑변의 길이나 혹은 높이 중에 중 가지)만 알고 있다면요 삼각형의 넓이를 배) 한 후에 이것을 밑변의 길이 또는 높이로 나누어서요 나머지 모르는 것을 구할 수가 있대요.
5,0,0.0,1.0,3.6666666666666665,1,(5)/(다섯) (6)/(여섯) 정확하게 잘 색칠했어요.,정확하게 잘 색칠했어요.
5,1,0.2,1.0,2.0,0,n/ 이거 좀 다 들어줘.,이거 좀 다 들어줘.
9,1,0.1111111111111111,1.0,2.875,0,n/ 그다음 마지막은요 이것을 수로 표현해 줘야 될 텐데요.,그다음 마지막은요 이것을 수로 표현해 줘야 될 텐데요.
2,0,0.0,1.0,2.5,1,한번 물리면,한번 물리면
20,1,0.05,1.0,2.7058823529411766,0,그렇죠 여기에 있는 서로 다른 (3개)/(세 개)의 모서리를 더해 주고 거기에 한꺼번에 (4)/(사) 를 곱해주면 되는 것이죠 그럼 n/계산해 볼게요.,그렇죠 여기에 있는 서로 다른 개)의 모서리를 더해 주고 거기에 한꺼번에 를 곱해주면 되는 것이죠 그럼 볼게요.
2,1,0.5,1.0,5.0,0,이 말이에요.,말이에요.
7,0,0.0,1.0,3.2857142857142856,1,그리고 단 겹치거나 남는 부분은 없습니다라고 했어요.,그리고 단 겹치거나 남는 부분은 없습니다라고 했어요.
11,0,0.0,1.0,2.8,1,그럼 우리도 나머지 빈칸을 (1000)/(천)씩 뛰어 세기를 해서 채워주면 되는 거예요.,그럼 우리도 나머지 빈칸을 뛰어 세기를 해서 채워주면 되는 거예요.
6,0,0.0,1.0,3.1666666666666665,1,걱정하지 마세요 이걸 알면 문제가 쉬워져요.,걱정하지 마세요 이걸 알면 문제가 쉬워져요.
10,1,0.1,1.0,3.111111111111111,0,그 글의 내용에 포함되지 않은 내용은 무엇이냐 하는 그런 문제입니다.,글의 내용에 포함되지 않은 내용은 무엇이냐 하는 그런 문제입니다.
2,1,0.5,1.0,4.0,0,n/ 그렇죠?,그렇죠?
8,1,0.125,0.8333333333333334,3.1666666666666665,0,n/ 자/ 우리 잘못된 풀이라고 써볼게요 잘못된 풀이.,우리 잘못된 풀이라고 써볼게요 잘못된 풀이.
13,0,0.0,1.0,2.6363636363636362,1,다음 문제는요. 교재 (155쪽)/(백 오십 오 쪽) 문제 (24번)/(이십 사 번)입니다. 보도록 하자.,다음 문제는요. 교재 오십 오 쪽) 문제 사 번)입니다. 보도록 하자.
8,0,0.0,1.0,3.0,1,남학생이 전통 놀이 체험을 하는데 시간이 얼마나 걸릴까?,남학생이 전통 놀이 체험을 하는데 시간이 얼마나 걸릴까?
5,0,0.0,1.0,3.6,1,장소와 장소를 연결해 주는 다리였잖아요.,장소와 장소를 연결해 주는 다리였잖아요.
2,1,0.5,1.0,3.0,0,n/ 뭐라고,뭐라고
10,0,0.0,1.0,3.5,1,그렇죠. (4cm)/(사 센티미터) 죠? (1)/(하나) (2)/(둘) (3)/(셋) (4)/(넷) 이렇게 (그려주고요)/(그려주구요).,그렇죠. 센티미터) 죠? 이렇게
20,2,0.1,0.8333333333333334,2.611111111111111,0,n/ 어/ 시간을 나타내는 말이 바로 보입니다. 바로 점심 때 라는 말이 맨 첫줄에 나오는데요 .그럼 점심 때는 무엇을 했죠?,시간을 나타내는 말이 바로 보입니다. 바로 점심 때 라는 말이 맨 첫줄에 나오는데요 .그럼 점심 때는 무엇을 했죠?
20,1,0.05,0.8235294117647058,2.7058823529411766,0,"어/ 그리고 다음 시간에 공부한 내용 모+ 모두 (EBS)/(이비에스) 홈페이지에 올려져 있으니까, 오늘 내용 한번 복습 (해보고요)/(해보구요). 다음 시간에 배울,","그리고 다음 시간에 공부한 내용 모+ 모두 홈페이지에 올려져 있으니까, 오늘 내용 한번 복습 다음 시간에 배울,"
2,0,0.0,1.0,4.0,1,이것이 무엇이죠?,이것이 무엇이죠?
10,0,0.0,1.0,3.4,1,여러분은 어떤 일을 했을 때 뿌듯한가요. 뿌듯하다. 마음을 나타내는 말인데요.,여러분은 어떤 일을 했을 때 뿌듯한가요. 뿌듯하다. 마음을 나타내는 말인데요.
6,1,0.16666666666666666,1.0,3.75,0,자/ 그렇다면요. 정답은 몇 번일까요. n/,그렇다면요. 정답은 몇 번일까요.
14,0,0.0,1.0,2.5454545454545454,1,조금 전에 우리 는 (15)/(십 오) 곱하기 (5)/(오)는 (75)/(칠십 오)와 같습니다 라고 얘기를 했어요.,조금 전에 우리 는 오) 곱하기 오)와 같습니다 라고 얘기를 했어요.
10,1,0.1,1.0,3.6,0,자/ 보기 한번 n/ (1)/(하나)씩 (1)/(하나)씩 넣어보도록 하겠습니다. (1번)/(일 번).,보기 한번 넣어보도록 하겠습니다. 번).
6,0,0.0,1.0,3.8333333333333335,1,나쁜 사람들에서 아주 무시무시한 괴물들이 됐습니다.,나쁜 사람들에서 아주 무시무시한 괴물들이 됐습니다.
10,1,0.1,1.0,3.2222222222222223,0,n/ 다음 시간은 새로운 내용으로 만나도록 하겠습니다 친구들 모두 안녕.,다음 시간은 새로운 내용으로 만나도록 하겠습니다 친구들 모두 안녕.
5,0,0.0,1.0,4.0,1,"으흠/ 그래서 그렇구나, 이해하기 쉽겠죠?","그래서 그렇구나, 이해하기 쉽겠죠?"
7,1,0.14285714285714285,1.0,4.0,0,자/ (2번)/(이 번) (1번)/(한 번) n/ 볼게요.,볼게요.
3,0,0.0,1.0,4.666666666666667,1,평면도형은요 평면으로 됐어요.,평면도형은요 평면으로 됐어요.
12,0,0.0,1.0,3.0,1,"자/ 그런데 우리 친구들 여기서 이렇게 질문하는 친구들이 있어요 선생님 왜 이렇게,","그런데 우리 친구들 여기서 이렇게 질문하는 친구들이 있어요 선생님 왜 이렇게,"
28,2,0.07142857142857142,0.9166666666666666,3.1666666666666665,0,n/ 자/ 우리말에는 소리는 같지만 전혀 다른 뜻으로 쓰인 낱말이 있다. 그것이 무엇이다? 네/ 동음이의어이다. n/ 그리고 하나의 낱말이 여러 개의 뜻을 가진 낱말도 있다. 그것은 바로 다의어이다.,우리말에는 소리는 같지만 전혀 다른 뜻으로 쓰인 낱말이 있다. 그것이 무엇이다? 동음이의어이다. 그리고 하나의 낱말이 여러 개의 뜻을 가진 낱말도 있다. 그것은 바로 다의어이다.
5,0,0.0,1.0,2.6,1,그럼 이때 분류 기준은 뭔가요?,그럼 이때 분류 기준은 뭔가요?
9,0,0.0,0.875,3.5,1,자/ 이렇게 여러분이 비교 친구는 대조다. 이렇게 생각하셔도 됩니다.,이렇게 여러분이 비교 친구는 대조다. 이렇게 생각하셔도 됩니다.
8,0,0.0,1.0,2.8333333333333335,1,자/ 여기요. 맛있는 빵 빵이 (1개)/(한 개) 있습니다.,여기요. 맛있는 빵 빵이 개) 있습니다.
2,0,0.0,1.0,3.0,1,랄라라라라라라라랄라l/하하하 라라라,라라라
19,1,0.05263157894736842,0.8666666666666667,2.7333333333333334,0,"하지만 아직 (2개)/(두 개)의 힌트가 더 남아있습니다. 아직 안심하긴 일러요. 두 번째, 음/ (99)/(구십 구)보다 (1)/(일)만큼 더 큰 수.","하지만 아직 개)의 힌트가 더 남아있습니다. 아직 안심하긴 일러요. 두 번째, 구)보다 더 큰 수."
18,3,0.16666666666666666,1.0,3.5,0,"n/ 희망+ 희망을 준다. 이것도 긍정적인 면이 되겠죠. n/ 아니네요, 마지막 현수는요? 글쓴이는 인공지능이 (일으킬)/(이러킬) n/ 위험을 알고","희망+ 희망을 준다. 이것도 긍정적인 면이 되겠죠. 아니네요, 마지막 현수는요? 글쓴이는 인공지능이 위험을 알고"
36,1,0.027777777777777776,0.8787878787878788,2.727272727272727,0,자 (2번)/(이 번) 문제는요. 음/ 산을 가꾸자를 다시 읽고 각 문학의 중요한 내용을 써봅시다 했습니다. 자 차트를 다시 한번 볼까요? 처음부터 다시 쭉 읽을 수는 없고요. 중요 내용을 간추려 보자 그랬어요. 그런데 아까 선생님이 밑줄 그은,자 문제는요. 산을 가꾸자를 다시 읽고 각 문학의 중요한 내용을 써봅시다 했습니다. 자 차트를 다시 한번 볼까요? 처음부터 다시 쭉 읽을 수는 없고요. 중요 내용을 간추려 보자 그랬어요. 그런데 아까 선생님이 밑줄 그은
15,0,0.0,0.9285714285714286,3.5714285714285716,1,자/ 이번 문제는요 우리 친구들 첫번째 문제는요 정삼각형과 이등변삼각형 변의 성질을 이용하는 것인데요 문제 보여주세요.,이번 문제는요 우리 친구들 첫번째 문제는요 정삼각형과 이등변삼각형 변의 성질을 이용하는 것인데요 문제 보여주세요.
2,0,0.0,1.0,3.0,1,축하해 그런데,축하해 그런데
5,0,0.0,1.0,4.5,1,자/ (6)/(육) 더하기 (8)/(팔) 무엇입니까?,더하기 무엇입니까?
9,1,0.1111111111111111,1.0,3.2857142857142856,0,이 곱셈식에서 나눗셈식을 (2개)/(두 개)를 만들 수 있단 말이에요.,곱셈식에서 나눗셈식을 개)를 만들 수 있단 말이에요.
19,0,0.0,1.0,3.142857142857143,1,b/(12칸)/(열 두 칸)을 똑같이 (4부분)/(네 부분)으로 나눌려면 (1부분)/(한 부분)을 몇 칸씩 해야 되느냐 역시 나눗셈을 이용해서 (1번)/(한 번) 풀어볼까요.,두 칸)을 똑같이 부분)으로 나눌려면 부분)을 몇 칸씩 해야 되느냐 역시 나눗셈을 이용해서 풀어볼까요.
3,0,0.0,1.0,3.0,1,나머지만 하면 돼요.,나머지만 하면 돼요.
7,1,0.14285714285714285,1.0,3.0,0,그렇다면 이 문제 조금 더 자세히 알아볼까요?,그렇다면 문제 조금 더 자세히 알아볼까요?
28,2,0.07142857142857142,0.84,2.4,0,n/ 육 분의 일 이라고 쓸 수 있겠구요. 자/ 오른쪽 한번 계산해 볼까요. 삼 분에 이 그다음에 어떻게 바꿀 수 있어요. 곱하기 사 분에 일이라고 쓸 수 있습니다.,육 분의 일 이라고 쓸 수 있겠구요. 오른쪽 한번 계산해 볼까요. 삼 분에 그다음에 어떻게 바꿀 수 있어요. 곱하기 사 분에 일이라고 쓸 수 있습니다.
10,1,0.1,0.7777777777777778,2.3333333333333335,0,n/ 과자도 못 먹고 사과도 못 먹고 무서운 개에게 쫓기고,과자도 못 먹고 사과도 못 먹고 무서운 개에게 쫓기고
4,0,0.0,1.0,3.3333333333333335,1,자/ 이걸 식으로 써볼게요.,이걸 식으로 써볼게요.
6,0,0.0,1.0,3.4,1,자/그리고 다른 대각선과 만나는 지점을 보니까요.,다른 대각선과 만나는 지점을 보니까요.
3,0,0.0,1.0,3.6666666666666665,1,수만큼 칸에 색칠하세요.,수만큼 칸에 색칠하세요.
40,3,0.075,0.8484848484848485,2.757575757575758,0,"자/ 세로셈으로 적을 때는 고로케 적어줘요 자 나누는 수가 40 나누어지는 수 가 48이니까 이 48을 여기 에다가 쏙 집어넣(고요)/(구요) 나누는 수 4는 밖에다가 요렇게 넣어요 자/ 몫은 어디에 적느냐, 이 위에 적죠. n/ 그럼 (이렇게)/(요렇게) 세로셈으로 적을 수가 있답니다.","세로셈으로 적을 때는 고로케 적어줘요 자 나누는 수가 40 나누어지는 수 가 48이니까 48을 여기 에다가 쏙 나누는 수 4는 밖에다가 요렇게 넣어요 몫은 어디에 적느냐, 위에 적죠. 그럼 세로셈으로 적을 수가 있답니다."
20,2,0.1,1.0,2.588235294117647,0,아/ 이건 바로 (1번)/(일 번)이었죠. 참 잘 했습니다. 그러면 이 글에 나오지 않는 내용을 적어 놓은 보기 과연 몇 번일까요?,이건 바로 번)이었죠. 참 잘 했습니다. 그러면 글에 나오지 않는 내용을 적어 놓은 보기 과연 몇 번일까요?
9,0,0.0,0.8,2.8,1,(1)/(일) 모형 (12개)/(열 두 개)에서 (1)/(일) 모형 (10개)/(열 개)는요.,모형 두 개)에서 모형 개)는요.
12,0,0.0,1.0,3.25,1,"우리 (1번)/(한 번) 생각을 해보도록 (하자고요)/(하자구요), 어떤 것이 있을까 (2개)/(두 개)짜리라고 했어요.",우리 생각을 해보도록 어떤 것이 있을까 개)짜리라고 했어요.
6,2,0.3333333333333333,1.0,3.0,0,"이/ 고려 왕조를 위한 이/ 충성심은,","고려 왕조를 위한 충성심은,"
16,2,0.125,1.0,3.0,0,자/ 그럼 여기까지 문제 풀어보도록 할게요 n/ (1번째)/(첫 번째) 문제에요 이 글은 언제 있었던 일인지 쓰세요,그럼 여기까지 문제 풀어보도록 할게요 번째) 문제에요 글은 언제 있었던 일인지 쓰세요
17,0,0.0,0.7647058823529411,3.764705882352941,1,메아리가 어떻게 변했나 보세요? 메아리가 아리가 되었다가 선생님이 메아리도 동그라미 칠게요. 메아리가 아리가 되었다가 다시 아라리로 바뀌었고요.,메아리가 어떻게 변했나 보세요? 메아리가 아리가 되었다가 선생님이 메아리도 동그라미 칠게요. 메아리가 아리가 되었다가 다시 아라리로 바뀌었고요.
4,2,0.5,1.0,3.5,0,n/ 손해본 이 느낌은.,손해본 느낌은.
19,4,0.21052631578947367,0.9333333333333333,3.466666666666667,0,n/ 아/ 오늘은 여러분께 특별히 아주 흥미로운 사실에 대해서 아/ 사실이 아니군요. 흥미로운 이야기를 해 드리고자 이 자리에 나왔습니다.,오늘은 여러분께 특별히 아주 흥미로운 사실에 대해서 사실이 아니군요. 흥미로운 이야기를 해 드리고자 자리에 나왔습니다.
25,1,0.04,0.875,2.7916666666666665,0,바로 책의 내용을 잘 모를 때 서평을 읽으면 좋겠죠? 그다음 그 책에 대하여 다른 사람들이 어떻게 생각하는지 궁금할 때가 있잖아요? 그럴 때 서평을 읽으면 좋겠구요.,바로 책의 내용을 잘 모를 때 서평을 읽으면 좋겠죠? 그다음 책에 대하여 다른 사람들이 어떻게 생각하는지 궁금할 때가 있잖아요? 그럴 때 서평을 읽으면 좋겠구요.
7,0,0.0,1.0,2.5,1,"이럴 때 떠올려야 하는 건, (60초)/(육십 초)가,","이럴 때 떠올려야 하는 건, 초)가,"
6,0,0.0,1.0,3.6666666666666665,1,왜 그러느냐? 문장의 종류마다 느낌이 다르거든요.,왜 그러느냐? 문장의 종류마다 느낌이 다르거든요.
11,0,0.0,1.0,3.1,1,알겠어요 (X)/(엑스)축과 만나면 찾아낸 거니까 구해보겠습니다 현재 이걸 전개를 하게 되면,알겠어요 만나면 찾아낸 거니까 구해보겠습니다 현재 이걸 전개를 하게 되면
4,0,0.0,1.0,4.0,1,자/ (5번)/(오 번) 볼게요.,볼게요.
1,0,0.0,1.0,6.0,1,선생님은요.,선생님은요.
3,0,0.0,1.0,2.0,1,또 다른 방법.,또 다른 방법.
9,1,0.1111111111111111,1.0,2.875,0,n/ 톰은 벤을 본체도 안 하고 열심히 페인트칠을 했습니다.,톰은 벤을 본체도 안 하고 열심히 페인트칠을 했습니다.
2,0,0.0,1.0,6.0,1,어우/ 감사합니다.,감사합니다.
18,0,0.0,0.9411764705882353,3.0588235294117645,1,자/ 이렇게 갯벌이 인간이나 생물에게 주는 영향이 큰데 요즘은 개발이다 뭐다 해 가지고 갯벌이 차츰차츰 사라지고 있다고 하네요.,이렇게 갯벌이 인간이나 생물에게 주는 영향이 큰데 요즘은 개발이다 뭐다 해 가지고 갯벌이 차츰차츰 사라지고 있다고 하네요.
7,1,0.14285714285714285,1.0,3.2,0,그다음 에는 이 (2)/(두) 대각선이 서로 수직이다?,그다음 에는 대각선이 서로 수직이다?
5,1,0.2,1.0,2.25,0,"n/ 얘들아, 또 불러 봐.","얘들아, 또 불러 봐."
9,0,0.0,0.8888888888888888,2.7777777777777777,1,그렇게 계산을 해도 되고요 우리 계산 방법대로 해도 되겠죠?,그렇게 계산을 해도 되고요 우리 계산 방법대로 해도 되겠죠?
16,3,0.1875,1.0,2.6666666666666665,0,n/ (4변)/(네 변) 의 n/ 길이가 같은 사각형은 마름모 n/ 마름모도 마주 보는 각의 크기가 같지요.,변) 의 길이가 같은 사각형은 마름모 마름모도 마주 보는 각의 크기가 같지요.
11,0,0.0,1.0,3.8,1,"자/ (3)/(삼)과 (6)/(육)은, 그렇죠 공통분모를 (6)/(육)으로 하면 되죠. (6)/(육)이 (3)/(삼)의 배수니까요.",그렇죠 공통분모를 하면 되죠. 배수니까요.
18,0,0.0,0.9375,2.6875,1,그럼 간격의 수는 (5)/(다섯) 군데가 아니다 라는 거예요. 나무의 수보다 (1)/(일)만큼 작은 수로 간격의 수가 표현이 되는 겁니다.,그럼 간격의 수는 군데가 아니다 라는 거예요. 나무의 수보다 작은 수로 간격의 수가 표현이 되는 겁니다.
8,0,0.0,1.0,3.875,1,친구들이 어떤 글을 달았는지 구체적으로 하나씩 살펴보도록 하겠습니다.,친구들이 어떤 글을 달았는지 구체적으로 하나씩 살펴보도록 하겠습니다.
11,0,0.0,1.0,2.4545454545454546,1,이런 식으로 가장 알맞은 것은 어느 것인지 확인해 볼 수 있답니다.,이런 식으로 가장 알맞은 것은 어느 것인지 확인해 볼 수 있답니다.
7,1,0.14285714285714285,1.0,3.3333333333333335,0,"n/ 그렇지! 재미있게 쫙쫙, 신나게 짝짝짝 와우!","그렇지! 재미있게 쫙쫙, 신나게 짝짝짝 와우!"
5,0,0.0,1.0,3.25,1,그리고 경수는 (어떻다고요)/(어떻다구요) 네 부지런하다.,그리고 경수는 네 부지런하다.
8,0,0.0,0.875,2.125,1,펭귄 한 마리와 펭귄 세 마리를 모으면 모두,펭귄 한 마리와 펭귄 세 마리를 모으면 모두
5,1,0.2,1.0,3.75,0,"그 다음, 세번째 꼭지점의 수입니다.","다음, 세번째 꼭지점의 수입니다."
12,0,0.0,1.0,3.4166666666666665,1,내가 무엇을 잘못했냐. 이놈들아 입장 바꿔 생각해봐 니가 나라면 지금 잘못했다고 얘기하겠느냐?,내가 무엇을 잘못했냐. 이놈들아 입장 바꿔 생각해봐 니가 나라면 지금 잘못했다고 얘기하겠느냐?
10,0,0.0,1.0,2.7,1,두드리거나 때려서 소리를 내는 악기로 장구나 큰 북 등이 있어요.,두드리거나 때려서 소리를 내는 악기로 장구나 큰 북 등이 있어요.
23,3,0.13043478260869565,1.0,3.3333333333333335,0,n/ 음/ 옮다 안 가요? 아/ 옮다면 뜻이 완전히 달라지지요? 자/ 옮기다가 기본형이 되겠습니다. 자/ 그러면 우리 친구들 국어사전에서 낱말 찾기만 하면 되겠지요.,옮다 안 가요? 옮다면 뜻이 완전히 달라지지요? 옮기다가 기본형이 되겠습니다. 그러면 우리 친구들 국어사전에서 낱말 찾기만 하면 되겠지요.
2,1,0.5,1.0,4.0,0,그러니까 이,그러니까
7,0,0.0,1.0,3.0,1,바로 빅토르 위고의 레 미제라블 이라는 책입니다.,바로 빅토르 위고의 레 미제라블 이라는 책입니다.
5,1,0.2,1.0,5.0,0,n/자/ 시간적 배경은 언제일까요?시간적 배경은요/.,시간적 배경은 언제일까요?시간적
2,0,0.0,1.0,3.0,1,그렇다면 왜?,그렇다면 왜?
16,1,0.0625,1.0,3.6923076923076925,0,이렇게까지 이야기해줬으면 우리도 고민할 필요가 없습니다. 정답 몇 번 일까요. n/ 그렇죠. 바로 (4번)/(사 번)이 되겠습니다.,이렇게까지 이야기해줬으면 우리도 고민할 필요가 없습니다. 정답 몇 일까요. 그렇죠. 바로 번)이 되겠습니다.
18,1,0.05555555555555555,1.0,2.823529411764706,0,이건 우리가 실제로 재어 본 건 아니에요 그러나 조사를 하지는 않았으나 그 중간에 값으로 예상을 할 것이다라는 겁니다.,이건 우리가 실제로 재어 본 건 아니에요 그러나 조사를 하지는 않았으나 중간에 값으로 예상을 할 것이다라는 겁니다.
16,0,0.0,1.0,2.933333333333333,1,자/ 이렇게 거울을 방 안에 고이고이 모셔 놓고 아침저녁으로 문안 인사도 드리고 또 도란도란 이야기도 했지요.,이렇게 거울을 방 안에 고이고이 모셔 놓고 아침저녁으로 문안 인사도 드리고 또 도란도란 이야기도 했지요.
11,0,0.0,1.0,2.8,1,에/ 아주 굵직한 사건이 있었는데 이것이 잘 마무리 된다 이런 뜻입니다.,아주 굵직한 사건이 있었는데 이것이 잘 마무리 된다 이런 뜻입니다.
7,0,0.0,1.0,3.6,1,자/ 그래서 이야기 구조 (4단계)/(네 단계)를 배웠습니다.,그래서 이야기 구조 단계)를 배웠습니다.
8,1,0.125,0.6666666666666666,2.3333333333333335,0,n/ o/ 계계 단단 계단 계단 계단 차차례례,계계 단단 계단 계단 계단 차차례례
2,0,0.0,1.0,4.0,1,그래요. (70)/(칠십).,그래요.
39,0,0.0,0.8387096774193549,2.4838709677419355,1,가 대 다 그대로 먼저 쓸게요. (3)/(삼) 대 (2)/(이)라고 문제에서 주어졌고요. 나 대 다는 (4)/(사) 대 (5)/(오)다 이렇게 주어졌습니다. 그럴 때 제일 먼저 할 것 공통인 항 (2)/(이)와 (5)/(오)를 곱해야 되죠. 당연히 공통이니까 (2)/(이) 곱하기 (5)/(오)를 먼저 쓰시는 겁니다.,가 대 다 그대로 먼저 쓸게요. 대 문제에서 주어졌고요. 나 대 다는 대 이렇게 주어졌습니다. 그럴 때 제일 먼저 할 것 공통인 항 곱해야 되죠. 당연히 공통이니까 곱하기 먼저 쓰시는 겁니다.
4,1,0.25,1.0,2.0,0,"n/ (10)/(십)의 자리 수,","자리 수,"
8,0,0.0,1.0,3.4285714285714284,1,자/ 그럼 여기 우리 심심해요. 따분해요. 함께 적어볼까요.,그럼 여기 우리 심심해요. 따분해요. 함께 적어볼까요.
11,0,0.0,1.0,2.727272727272727,1,마음착한 정이는 자기가 신고 있던 짚신을 풀어 어린 나무를 싸 주었어요.,마음착한 정이는 자기가 신고 있던 짚신을 풀어 어린 나무를 싸 주었어요.
4,0,0.0,1.0,2.0,1,"네, 잘 연결해 (주세요)/(주세여).","네, 잘 연결해"
21,0,0.0,1.0,2.9411764705882355,1,그리고 비커 수 이렇게 만들 수가 있겠네요. 자/ 모둠이 (1)/(한) 모둠이에요. 그럼 학생은 (4명)/(네 명)으로 구성 되어 있고 비커는 (2개)/(두 개)래요.,그리고 비커 수 이렇게 만들 수가 있겠네요. 모둠이 모둠이에요. 그럼 학생은 명)으로 구성 되어 있고 비커는 개)래요.
15,1,0.06666666666666667,0.9285714285714286,2.857142857142857,0,n/ 오늘의 학습내용 첫째 이야기를 꾸밀 때에 주의할 점. 둘째 주제에 알맞은 이야기를 꾸미는 방법.,오늘의 학습내용 첫째 이야기를 꾸밀 때에 주의할 점. 둘째 주제에 알맞은 이야기를 꾸미는 방법.
3,1,0.3333333333333333,1.0,3.5,0,n/ 여기 있습니다.,여기 있습니다.
7,0,0.0,1.0,2.857142857142857,1,"자, 이렇게 주장과 근거만 딱하니 맞으면 백점!","자, 이렇게 주장과 근거만 딱하니 맞으면 백점!"
22,1,0.045454545454545456,0.95,2.85,0,"자/ 어떤 사건이 일어났고 왜 일어났는지 그리고 어떻게 되었는지를 알면은요. 일이 일어난 차례, 뭐 그리고 글의 흐름 당연히 잘 알 수가 있어요.","어떤 사건이 일어났고 왜 일어났는지 그리고 어떻게 되었는지를 알면은요. 일이 일어난 차례, 그리고 글의 흐름 당연히 잘 알 수가 있어요."
9,1,0.1111111111111111,1.0,2.625,0,n/ 과연 톰이 살인사건의 증언을 한 건 잘한 일일까요?,과연 톰이 살인사건의 증언을 한 건 잘한 일일까요?
2,0,0.0,1.0,3.5,1,힘을 못쓰네요.,힘을 못쓰네요.
6,0,0.0,1.0,3.5,1,교실이 지저분해지는 원인에 대해 묻는 문제지요?,교실이 지저분해지는 원인에 대해 묻는 문제지요?
8,0,0.0,1.0,3.6,1,자/ (1)/(하나)의 낱말로 지은이는 믿음도 있고요 아름다운도 (있고요)/(있구요).,낱말로 지은이는 믿음도 있고요 아름다운도
20,2,0.1,0.9285714285714286,2.9285714285714284,0,n/ (18265)/(만 팔천 이백 육십 오)를 버림하여 (100)/(백)의 자리까지 나타낸다면 구하는 자리가 (100)/(백)의 자리니까 그 아래 수 (65)/(육십 오)를 버려서,팔천 이백 육십 오)를 버림하여 자리까지 나타낸다면 구하는 자리가 자리니까 아래 수 오)를 버려서
11,3,0.2727272727272727,1.0,2.7142857142857144,0,"n/ 따라서 n/ 이 신기한 도형의 안쪽 각의 크기는 (90도)/(구십 도),","따라서 신기한 도형의 안쪽 각의 크기는 도),"
6,2,0.3333333333333333,1.0,2.75,0,n/ 아/ 싫어싫어 나 집에 보내다줘,싫어싫어 나 집에 보내다줘
3,0,0.0,1.0,3.3333333333333335,1,그래서 화석 연료는요.,그래서 화석 연료는요.
33,1,0.030303030303030304,0.7307692307692307,3.1153846153846154,0,이게 (FX)/(에프 엑스)가 되는 거예요. 다시 그러면 (FX)/(에프 엑스)에 대해서 맞춰 봅시다 n/ (X MINUS 1)/(엑스 마이너스 일)에 제곱 (X MINUS 2)/(엑스 마이너스 이)가 될 거고요 (GX)/(지 엑스)는 (X MINUS 1)/(엑스 마이너스 일)에,이게 엑스)가 되는 거예요. 다시 그러면 엑스)에 대해서 맞춰 봅시다 (X MINUS 마이너스 일)에 제곱 (X MINUS 마이너스 이)가 될 거고요 엑스)는 (X MINUS 마이너스 일)에
9,0,0.0,1.0,3.625,1,"누구누구께. 하는 걸로 봐서 (이거는)/(요거는) 편지글이구나 라고 눈치채셨죠. 이제,","누구누구께. 하는 걸로 봐서 편지글이구나 라고 눈치채셨죠. 이제,"
20,0,0.0,0.9473684210526315,3.1052631578947367,1,"선생님이 그냥 제 이름이 (이거고요)/(이거구요). 저는 아이들을 가르치는 교사입니다. 전 여행을 좋아해요. 이렇게 하는 것보다 직접 이렇게 분필, 카메라, 사진기,","선생님이 그냥 제 이름이 저는 아이들을 가르치는 교사입니다. 전 여행을 좋아해요. 이렇게 하는 것보다 직접 이렇게 분필, 카메라, 사진기,"
22,0,0.0,0.9444444444444444,2.4444444444444446,1,"자, 이거 역시 쭉 여러분 힘들면 전개해서 빼면 되고 아니면 곱셈 공식 잘하는 친구는 (X)/(엑스) (3)/(세) 제곱 (X)/(엑스) (3)/(세) 제곱 없어질 거야.","자, 이거 역시 쭉 여러분 힘들면 전개해서 빼면 되고 아니면 곱셈 공식 잘하는 친구는 제곱 제곱 없어질 거야."
22,2,0.09090909090909091,1.0,3.411764705882353,0,n/ 이 글을 읽고 지진의 특징에 대해서 중심 내용을 (1번)/(한 번) 간추려봤습니다. 괄호 안에 들어갈 내용은 무엇일까요? 자/ 준비되셨죠? 부릉부릉 독해시작 슝!,글을 읽고 지진의 특징에 대해서 중심 내용을 간추려봤습니다. 괄호 안에 들어갈 내용은 무엇일까요? 준비되셨죠? 부릉부릉 독해시작 슝!
24,1,0.041666666666666664,1.0,2.8181818181818183,0,n/ 나는 (10000점)/(만 점) 왕 국어 선생님으로 변신하고 나서가 제일 좋더라. 오늘도 잔잔한 파도처럼 기분 좋게 시작해볼까? 우리 친구들은 어디서 뭘 하고 있는 거야?,나는 점) 왕 국어 선생님으로 변신하고 나서가 제일 좋더라. 오늘도 잔잔한 파도처럼 기분 좋게 시작해볼까? 우리 친구들은 어디서 뭘 하고 있는 거야?
12,1,0.08333333333333333,1.0,2.727272727272727,0,아/ 그랬어. 아니야. 난 그냥 다른 걸 하고 싶었을 뿐이야. 알았어 알았어.,그랬어. 아니야. 난 그냥 다른 걸 하고 싶었을 뿐이야. 알았어 알았어.
8,0,0.0,0.8333333333333334,2.6666666666666665,1,(20)/(이십) 곱하기 (5 분의 2)/(오 분의 이)를 계산하면,곱하기 (5 분의 분의 이)를 계산하면
3,0,0.0,1.0,2.5,1,(이거는)/(요거는) 계산 결과.,계산 결과.
10,0,0.0,1.0,3.7,1,지연이는 용돈을 받았어요. 용돈 처음에 받았습니다. 공책을 입만큼 샀고요. 그다음.,지연이는 용돈을 받았어요. 용돈 처음에 받았습니다. 공책을 입만큼 샀고요. 그다음.
30,1,0.03333333333333333,0.896551724137931,2.6206896551724137,0,"우리 수의 대소 비교를 할 수 있는 어린이들이면 다 풀 수 있어요. 여기 중간에 빈칸, 빈칸이 있는데요. 어/ 어떠한 수가 나온다 하더라도 가장 큰 수를 찾을 수 있어요. 한번 풀어보시겠어요?","우리 수의 대소 비교를 할 수 있는 어린이들이면 다 풀 수 있어요. 여기 중간에 빈칸, 빈칸이 있는데요. 어떠한 수가 나온다 하더라도 가장 큰 수를 찾을 수 있어요. 한번 풀어보시겠어요?"
9,0,0.0,1.0,3.111111111111111,1,음미하다가 무엇이죠 음미하다 는 원래 뜻은 맛보다 라는 뜻이에요.,음미하다가 무엇이죠 음미하다 는 원래 뜻은 맛보다 라는 뜻이에요.
35,1,0.02857142857142857,0.9615384615384616,2.923076923076923,0,선생님은 방금 들은 이 부분을 읽으면서 정말 가슴이 아주 뭉클해짐을 느꼈답니다. 자/ 우리 문제 볼까요? 자/ 몇 번인가요? (140쪽)/(백 사십 쪽)에 (19번)/(십 구 번)과 (21번)/(이십 일 번) 이어서 볼게요. 먼저 (19번)/(십 구 번) 보도록 하겠습니다.,선생님은 방금 들은 부분을 읽으면서 정말 가슴이 아주 뭉클해짐을 느꼈답니다. 우리 문제 볼까요? 몇 번인가요? 사십 쪽)에 구 번)과 일 이어서 볼게요. 먼저 구 보도록 하겠습니다.
7,0,0.0,1.0,2.6666666666666665,1,자/ 그럼 순서대로 문제 풀어 보도록 해요.,그럼 순서대로 문제 풀어 보도록 해요.
18,2,0.1111111111111111,1.0,2.4615384615384617,0,n/ (50)/(오십) 에서 (4)/(사) 를 빼면 (46)/(사십 육). 따라서 배열 순서는 몇째? 아/ 이렇게 적을 수가 있는 겁니다.,에서 를 빼면 육). 따라서 배열 순서는 몇째? 이렇게 적을 수가 있는 겁니다.
6,2,0.3333333333333333,1.0,2.6666666666666665,0,n/ 선생님과 (통해요)/(통 해 요). n/,선생님과 해 요).
40,1,0.025,0.8620689655172413,2.310344827586207,0,자/ 그럼 (4)/(사)와 (15분의19)/(십 오 분의 십 구)가 되니까 결국 (5)/(오)와 (15분의4)/(십 오 분의 사)가 되어서 아/ (1분)/(일 분) 동안에 (2)/(두) 자동차 사이의 거리는 (5)/(오) 와 (15분의4)/(십 오 분의 사) (KILOMETER)/(킬로미터)가 되겠군 이라는 걸 알 수 있습니다. 중요한 건 두번짼데요.,그럼 오 분의 십 구)가 되니까 결국 오 분의 사)가 되어서 분) 동안에 자동차 사이의 거리는 와 오 분의 사) 되겠군 이라는 걸 알 수 있습니다. 중요한 건 두번짼데요.
10,0,0.0,1.0,3.0,1,와/ 많다 .정말 맛있어 보이죠? 이것도 한번 우리 나눠보도록 해요.,많다 .정말 맛있어 보이죠? 이것도 한번 우리 나눠보도록 해요.
3,0,0.0,1.0,2.0,1,신속 정확 b/.,신속 정확
21,1,0.047619047619047616,0.8947368421052632,2.6842105263157894,0,답을 표현하고자 할 때는 단위까지 붙여서요 (128개)/(백 스물 여덟 개)입니다 이렇게 그 답을 표현해 줘야 하는 겁니다 식 답을 구하는 문제.,답을 표현하고자 할 때는 단위까지 붙여서요 스물 여덟 개)입니다 이렇게 답을 표현해 줘야 하는 겁니다 식 답을 구하는 문제.
23,2,0.08695652173913043,1.0,3.95,0,이 친구는요. n/ 이번 학기부터 수학공부를 정말로 열심히 해보겠다고 자신의 다짐을 수학책 앞에다가 적어 놓았데요. 하루도 빠짐없이 수학 공부를 하겠다라고 적어놓았는데요. 아자아자/ 화이팅입니다.,친구는요. 이번 학기부터 수학공부를 정말로 열심히 해보겠다고 자신의 다짐을 수학책 앞에다가 적어 놓았데요. 하루도 빠짐없이 수학 공부를 하겠다라고 적어놓았는데요. 화이팅입니다.
19,1,0.05263157894736842,0.8666666666666667,3.066666666666667,0,o/ 그렇죠. 하지만 선생님은 아니라는 사실. n/ 그렇다면 이제 우리 오늘의 글감 (Q)/(큐) 힌트 만나러 가볼까요? 오늘의 글감 (Q)/(큐).,그렇죠. 하지만 선생님은 아니라는 사실. 그렇다면 이제 우리 오늘의 글감 힌트 만나러 가볼까요? 오늘의 글감
42,2,0.047619047619047616,0.8205128205128205,2.8205128205128207,0,n/ 첫 번째는 여러분들이 흥미를 느낄 수 있는 글감을 잘 선택해보세요. 그리고 두 번째는 그 글감과 관련이 있는 여러분만의 이야기를 생각해 보세요. 즉/ 내 주변의 일이거나 내가 겪은 일이거나 내가 잘 알고 있는 이야기를 떠올린 다음 그것에 대한 생각을 정리를 해보는 것입니다.,첫 번째는 여러분들이 흥미를 느낄 수 있는 글감을 잘 선택해보세요. 그리고 두 번째는 글감과 관련이 있는 여러분만의 이야기를 생각해 보세요. 내 주변의 일이거나 내가 겪은 일이거나 내가 잘 알고 있는 이야기를 떠올린 다음 그것에 대한 생각을 정리를 해보는 것입니다.
8,1,0.125,1.0,3.0,0,아/ (1분)/(일 분) (40초)/(사십 초)는 (100초)/(백 초)와 같구나.,분) 초)는 초)와 같구나.
7,0,0.0,1.0,3.2857142857142856,1,기린은 나무에 숨었고 다람쥐는 미끄럼틀 밑에 숨었다.,기린은 나무에 숨었고 다람쥐는 미끄럼틀 밑에 숨었다.
13,1,0.07692307692307693,1.0,3.3636363636363638,0,n/ 웬 호떡이냐고요? l/ 우리 대감마님께서 몽룡 도련님 공부 잘 가르친다고 호떡 주셨거든요.,웬 호떡이냐고요? 우리 대감마님께서 몽룡 도련님 공부 잘 가르친다고 호떡 주셨거든요.
9,1,0.1111111111111111,1.0,3.125,0,n/ 오후에 신데렐라는 호박마차를 타고 궁전에 갈 수 있었어요.,오후에 신데렐라는 호박마차를 타고 궁전에 갈 수 있었어요.
6,1,0.16666666666666666,1.0,2.75,0,자/ 이 문제에서 중요한 건 뭐다?,문제에서 중요한 건 뭐다?
4,0,0.0,1.0,3.75,1,나눗셈의 몫과 나머지를 구하시오.,나눗셈의 몫과 나머지를 구하시오.
5,1,0.2,1.0,3.25,0,"이 별의 표정에 어울리는 마음을,","별의 표정에 어울리는 마음을,"
11,0,0.0,0.9,2.4,1,이번에는 글을 읽고 내가 어떤 수일까 나는 어떤 (수인지)/(순지) 써 볼까요?,이번에는 글을 읽고 내가 어떤 수일까 나는 어떤 써 볼까요?
4,0,0.0,1.0,4.0,1,정답은 (3번)/(삼 번)이 되겠습니다.,정답은 번)이 되겠습니다.
27,0,0.0,0.9545454545454546,2.8181818181818183,1,자/ 그럼 인삼을 먹으면 어떤 점이 좋을까요? 자/ 인삼은요. 와/ 몸을 따뜻하게 (해주고요)/(해주구요). 기운이 없을 때 요걸 먹으면 (면역력)/(명영력)을 길러주고 혈액 순환이 잘 되게 도와주는 무엇이 있대요.,그럼 인삼을 먹으면 어떤 점이 좋을까요? 인삼은요. 몸을 따뜻하게 기운이 없을 때 요걸 먹으면 길러주고 혈액 순환이 잘 되게 도와주는 무엇이 있대요.
16,0,0.0,1.0,2.5833333333333335,1,"(ㄱ)/(기역)에 (900)/(구백) 곱하기 (30)/(삼십)이라고 했습니다. 이럴 때에는 몇과 몇을 곱하고, 곱하는 두 수의 (0)/(영)의 총 갯수.","곱하기 했습니다. 이럴 때에는 몇과 몇을 곱하고, 곱하는 두 수의 총 갯수."
20,0,0.0,0.7272727272727273,3.272727272727273,1,"(MINUS X)/(마이너스 엑스)에 (3)/(세) 제곱 더하기 (X)/(엑스) (0)/(영)부터 (1)/(일) 더하기 자, (X)/(엑스) 제곱 (MINUS 4X)/(마이너스 사 엑스) (1)/(일)부터 (3)/(삼) 입니다.","(MINUS 엑스)에 제곱 더하기 더하기 자, 제곱 (MINUS 사 엑스) 입니다."
11,0,0.0,1.0,2.8181818181818183,1,네 맞아요 껍데기 속에 숨어서 작은 돌멩이처럼 보인다고 했죠 잘 풀었어요.,네 맞아요 껍데기 속에 숨어서 작은 돌멩이처럼 보인다고 했죠 잘 풀었어요.
22,1,0.045454545454545456,1.0,2.235294117647059,0,또 (ㄴ)/(니은)을 보세요.(999)/(구백 구십 구)보다 (1)/(일) 큰 수니까 그 바로 다음 수를 말하는 거예요. 그래서 역시 (1000)/(천)이 되는 것을 알 수 있죠.,또 구십 구)보다 큰 수니까 바로 다음 수를 말하는 거예요. 그래서 역시 되는 것을 알 수 있죠.
4,0,0.0,1.0,3.25,1,이렇게 근거를 내세우고 있죠.,이렇게 근거를 내세우고 있죠.
4,1,0.25,1.0,3.6666666666666665,0,봄은 포근한 곰인형이다. 아/.,봄은 포근한 곰인형이다.
1,0,0.0,1.0,7.0,1,그다음입니다.,그다음입니다.
13,0,0.0,1.0,2.8461538461538463,1,이야기를 듣기만 하고 세부 내용을 바로 적기는 어렵지요. 그럴 땐 어떻게 하면 좋을까요?,이야기를 듣기만 하고 세부 내용을 바로 적기는 어렵지요. 그럴 땐 어떻게 하면 좋을까요?
3,0,0.0,1.0,4.0,1,다시 한번 정리하겠습니다.,다시 한번 정리하겠습니다.
4,0,0.0,1.0,4.5,1,그렇지만 단위분수의 경우는 달라집니다.,그렇지만 단위분수의 경우는 달라집니다.
5,0,0.0,0.6,2.8,1,반지름 곱하기 반지름 곱하기 뭐?,반지름 곱하기 반지름 곱하기 뭐?
5,0,0.0,1.0,4.0,1,그러니까 죽지는 않았어도 굉장히 힘들었겠죠?,그러니까 죽지는 않았어도 굉장히 힘들었겠죠?
10,1,0.1,1.0,2.3333333333333335,0,자/ 현수가 운동을 한 시간은 모두 (700분)/(칠백 분) 이 (되겠지요)/(되겠지여).,현수가 운동을 한 시간은 모두 분)
3,0,0.0,1.0,3.0,1,(4 개)/(네 개)지?,(4 개)지?
9,1,0.1111111111111111,0.8571428571428571,2.4285714285714284,0,요기 이 부분입니다 쏴 쏴 바람만 애가 타는지 (이렇게)/(여렇게).,요기 부분입니다 쏴 쏴 바람만 애가 타는지
23,0,0.0,1.0,3.125,1,자/ (57)/(오십 칠) (56)/(오십 육) 나누기 (7)/(칠)은 얼마입니까? 그동안 많이 해봤으니까 (7)/(칠) 곱하기 네모는 (56)/(오십 육)이다. (7)/(칠)에다 넣어서 네모 안에 들어갈 수를 구하죠.,칠) 육) 나누기 얼마입니까? 그동안 많이 해봤으니까 곱하기 네모는 육)이다. 넣어서 네모 안에 들어갈 수를 구하죠.
17,0,0.0,1.0,3.1176470588235294,1,"다음 삼각형 중 넓이가 다른 것을 찾아 기호를 쓰시오, 했어요. 여러분의 삼각형을 살펴보니까 삼각형의 높이가 모두 어떤가요?","다음 삼각형 중 넓이가 다른 것을 찾아 기호를 쓰시오, 했어요. 여러분의 삼각형을 살펴보니까 삼각형의 높이가 모두 어떤가요?"
3,0,0.0,1.0,3.0,1,(2장)/(두 장) 있네요.,장) 있네요.
31,1,0.03225806451612903,0.9655172413793104,2.6551724137931036,0,자/ 우리 채팅방 보니까 어/ 다 맞을 거임. 이렇게 채팅방의 목표를 설정한 친구도 있어요. 최고. 어제 못 푼 것도 풀어야 돼요. 그래요. 선생님이랑 공부 다 한 다음에 쉬는 시간의 문제 풀어보세요,우리 채팅방 보니까 다 맞을 거임. 이렇게 채팅방의 목표를 설정한 친구도 있어요. 최고. 어제 못 푼 것도 풀어야 돼요. 그래요. 선생님이랑 공부 다 한 다음에 쉬는 시간의 문제 풀어보세요
1,0,0.0,0.0,0.0,1,(30)/(삼십)을,
17,1,0.058823529411764705,0.9375,2.1875,0,응 못 그리는 애야. 나 지금 저 안에 있는 계수도 모르고 심지어 나는 이거는 원래 못 그려.,응 못 그리는 애야. 나 지금 안에 있는 계수도 모르고 심지어 나는 이거는 원래 못 그려.
3,0,0.0,1.0,2.6666666666666665,1,어떤 게 있을까요?,어떤 게 있을까요?
5,0,0.0,1.0,3.2,1,둥근 기둥 모양이라고 이름 붙였어요.,둥근 기둥 모양이라고 이름 붙였어요.
26,0,0.0,1.0,2.823529411764706,1,"한 상자에 (24개)/(스물 네 개), 그런데 여기다가 (9)/(구)를 곱하면 되는거잖아요. 세로로 (1번)/(한 번) 계산을 해 볼게요. (24)/(이십 사) 곱하기 (9)/(구)는 (4)/(사) (9)/(구) (36)/(삼십 육) 올림 하고,","한 상자에 네 개), 그런데 여기다가 곱하면 되는거잖아요. 세로로 계산을 해 볼게요. 사) 곱하기 육) 올림 하고,"
5,0,0.0,0.8,2.6,1,둥근 부분은 있나요. 둥근 부분,둥근 부분은 있나요. 둥근 부분
7,0,0.0,1.0,2.5,1,(10개)/(열 개)씩 묶음이 모두 (3개)/(세 개) b/,개)씩 묶음이 모두 개)
6,0,0.0,1.0,2.5,1,가장 하고 싶은 말은 어느 것일까요?,가장 하고 싶은 말은 어느 것일까요?
3,0,0.0,1.0,2.5,1,가로식 말고 b/,가로식 말고
15,1,0.06666666666666667,0.9166666666666666,2.5833333333333335,0,어휴/ 저 광성이란 녀석은 가는 말이 고와야 오는 말이 곱다 라고 하는 옛말도 모르는가 (보고만)/(보구만)!,광성이란 녀석은 가는 말이 고와야 오는 말이 곱다 라고 하는 옛말도 모르는가
4,0,0.0,1.0,2.6666666666666665,1,자/ 문제 보도록 하죠.,문제 보도록 하죠.
1,0,0.0,1.0,7.0,1,내구성입니다.,내구성입니다.
14,1,0.07142857142857142,0.7692307692307693,2.4615384615384617,0,"n/ 여러 낱말 중에는 큰 느낌을 주는 말도 있고, 작은 느낌을 주는 말도 있습니다.","여러 낱말 중에는 큰 느낌을 주는 말도 있고, 작은 느낌을 주는 말도 있습니다."
5,0,0.0,1.0,2.0,1,"선분 (ㄷ)/(디귿), (ㄹ)/(리을) 과 같은,","선분 과 같은,"
15,0,0.0,1.0,3.4285714285714284,1,토론 주제에 문제 형식으로도 알맞고 내용도 준혁이와 지혜가 나눈 것과 알맞습니다. 그러므로 정답은 (5번)/(오 번)입니다.,토론 주제에 문제 형식으로도 알맞고 내용도 준혁이와 지혜가 나눈 것과 알맞습니다. 그러므로 정답은 번)입니다.
10,1,0.1,1.0,2.25,0,n/ 자/ 이런 말 듣고 그냥 가만히 있으면 안 되겠죠?,이런 말 듣고 그냥 가만히 있으면 안 되겠죠?
25,1,0.04,1.0,3.782608695652174,0,(625)/(육 이 오)전쟁에서 커다란 공을 세운 영웅이자 위대한 인도주의자이었다. 라고 되어있는데요. 인도주의자 라는 낱말의 뜻은 교재에도 나와있지만 어떤 사람의 인권을 최우선으로 생각하는 사람이라고 보시면 돼요.,오)전쟁에서 커다란 공을 세운 영웅이자 위대한 인도주의자이었다. 라고 되어있는데요. 인도주의자 라는 낱말의 뜻은 교재에도 나와있지만 어떤 사람의 인권을 최우선으로 생각하는 사람이라고 보시면 돼요.
5,0,0.0,1.0,3.5,1,자/ 엄포라는 건 위협하는 것입니다.,엄포라는 건 위협하는 것입니다.
28,0,0.0,0.9545454545454546,2.3636363636363638,1,(600)/(육백)을 해주면 얼마를 꼬비가 모았는지 우리가 알 수 있게 되는 겁니다 방금 (이것도요)/(이것두요) 몇 (10)/(십) 곱하기 몇 (100)/(백) (도요)/(두요) 우리 친구들 앞에 있는 (2)/(두) 자연수를 먼저 곱한 다음.,해주면 얼마를 꼬비가 모았는지 우리가 알 수 있게 되는 겁니다 방금 몇 곱하기 몇 우리 친구들 앞에 있는 자연수를 먼저 곱한 다음.
4,0,0.0,1.0,3.5,1,사실을 기록한 글이라는 것이죠.,사실을 기록한 글이라는 것이죠.
17,1,0.058823529411764705,1.0,3.5,0,다보탑과 석가탑이라는 글 안에서 통일 신라 시대에 (만들어졌고요)/(만들어졌구요). 그 가치를 인정받아 국보로 지정되었대요. 자/ 이것은 무엇이었죠? 바로,다보탑과 석가탑이라는 글 안에서 통일 신라 시대에 가치를 인정받아 국보로 지정되었대요. 이것은 무엇이었죠? 바로
17,1,0.058823529411764705,0.9333333333333333,2.8,0,꽉 닫힌 창문을 두들기며 골목 가득 울리는 소리. 와/ 이 부분 정말 감각적으로 표현한 부분 아니에요 친구들?,꽉 닫힌 창문을 두들기며 골목 가득 울리는 소리. 부분 정말 감각적으로 표현한 부분 아니에요 친구들?
14,0,0.0,1.0,3.3333333333333335,1,공예품은 실용적이면서도 예술적 가치가 있게 만든 물품 자/ 따라서* (2번)/(이 번)과 연결해 주면 되겠네요.,공예품은 실용적이면서도 예술적 가치가 있게 만든 물품 따라서* 번)과 연결해 주면 되겠네요.
17,0,0.0,1.0,2.875,1,"자/ 각도기와 자를 이용하여 주어진 각도의 각을 그려보세요, 라고 했습니다. 아까 우리 순서 잘 알고 있지요. 어?","각도기와 자를 이용하여 주어진 각도의 각을 그려보세요, 라고 했습니다. 아까 우리 순서 잘 알고 있지요. 어?"
1,0,0.0,0.0,0.0,1,(90)/(아흔).,
22,3,0.13636363636363635,0.9411764705882353,2.823529411764706,0,어/ 그런데 천과 백의 자리 숫자에는 어/ 자릿값의 수가 없죠? 자/ 그렇다면 읽지 않고 n/ 그대로 넘어가 (21)/(이십 일) 그대로 써주면 됩니다.,그런데 천과 백의 자리 숫자에는 자릿값의 수가 없죠? 그렇다면 읽지 않고 그대로 넘어가 일) 그대로 써주면 됩니다.
5,0,0.0,1.0,3.0,1,"그런 것들을 찾아서 물어본 다음에,","그런 것들을 찾아서 물어본 다음에,"
27,0,0.0,0.88,2.96,1,"/n 자 그러면 어머니를 높일 때 사용한 높임 표현은 무엇이죠? (2가지)/(두 가지)에요. 어머니께 드릴, 동생에게 줄, 에게, 께, 줄, 드릴 이렇게 께와 드릴을 높임 표현으로 사용한 것입니다.","자 그러면 어머니를 높일 때 사용한 높임 표현은 무엇이죠? 가지)에요. 어머니께 드릴, 동생에게 줄, 에게, 께, 줄, 드릴 이렇게 께와 드릴을 높임 표현으로 사용한 것입니다."
14,0,0.0,1.0,3.2142857142857144,1,마찬가지로 분모를 같게 만들어줘야 하니까 첫 번째 방법 분모의 곱을 공통분모로 통분하여 계산하는 겁니다.,마찬가지로 분모를 같게 만들어줘야 하니까 첫 번째 방법 분모의 곱을 공통분모로 통분하여 계산하는 겁니다.
9,0,0.0,1.0,3.0,1,"자/ 선생님과 (1번)/(한 번) 살펴 볼게요. 여기 마름모 넓이,","선생님과 살펴 볼게요. 여기 마름모 넓이,"
4,1,0.25,1.0,4.0,0,n/ 엄마 학교 다녀오겠습니다.,엄마 학교 다녀오겠습니다.
7,1,0.14285714285714285,1.0,3.3333333333333335,0,n/ 안네와 안네 가족들의 이야기를 들어 보자고요.,안네와 안네 가족들의 이야기를 들어 보자고요.
7,0,0.0,1.0,3.5,1,b/ 자/ 다음 시간에는 준비물이 있어요. b/,다음 시간에는 준비물이 있어요.
16,1,0.0625,0.9333333333333333,3.0,0,다양한 고구마 요리를 해보고 싶어 지금 이 시에서 고구마 요리법에 대해서 얘기 했어요 아니요 아니에요 틀렸어요,다양한 고구마 요리를 해보고 싶어 지금 시에서 고구마 요리법에 대해서 얘기 했어요 아니요 아니에요 틀렸어요
21,0,0.0,0.8095238095238095,2.9523809523809526,1,맞아요 곱을 뜻하는 거잖아요 약수는 어떤 수를 나누어 묶어주는 것을 의미했다면 배는 어떤 수를 곱해서 곱해서 거듭해서 커지는 수를 의미하는 거예요.,맞아요 곱을 뜻하는 거잖아요 약수는 어떤 수를 나누어 묶어주는 것을 의미했다면 배는 어떤 수를 곱해서 곱해서 거듭해서 커지는 수를 의미하는 거예요.
10,1,0.1,1.0,4.0,0,(3번은)/(삼 번은) 자/ 이 모양조각을 네/ 오른쪽으로 한번 뒤집어 보겠습니다.,번은) 모양조각을 오른쪽으로 한번 뒤집어 보겠습니다.
11,1,0.09090909090909091,0.8888888888888888,3.2222222222222223,0,"n/ 이야/ 이상하고 아름다운 이야기 나라, 성공* 쓰고 재미있는 이야기 나라.","이상하고 아름다운 이야기 나라, 성공* 쓰고 재미있는 이야기 나라."
4,0,0.0,1.0,3.5,1,이에 관련한 문제도 만나봅시다.,이에 관련한 문제도 만나봅시다.
23,0,0.0,0.8260869565217391,3.347826086956522,1,"그러니까 예를 들어서 이야기를 꾸며 말하고 그림의 순서를 잡는지, 그림의 순서를 바로잡은 다음에 이야기를 꾸며 말하는지. 그거를 헷갈리더라고요. 선생님은 그게 이해가 안 되던데.","그러니까 예를 들어서 이야기를 꾸며 말하고 그림의 순서를 잡는지, 그림의 순서를 바로잡은 다음에 이야기를 꾸며 말하는지. 그거를 헷갈리더라고요. 선생님은 그게 이해가 안 되던데."
10,1,0.1,1.0,3.142857142857143,0,n/ 갑자기 선생님 안경쓰니까. 어머/ u/ 세요 라는 친구들 있죠.,갑자기 선생님 안경쓰니까. 세요 라는 친구들 있죠.
18,1,0.05555555555555555,1.0,2.642857142857143,0,n/ 아이구/ 잘했어요. 오늘 해도 둥근가? 선생님이 살아 보니까 해는 매일매일 (둥글더라고)/(둥글드라구). 그게 참 마음에 드는 것 (같아)/(같애).,잘했어요. 오늘 해도 둥근가? 선생님이 살아 보니까 해는 매일매일 그게 참 마음에 드는 것
8,0,0.0,1.0,3.0,1,영범이가 지혜 께 틀렸대. 자/ 어디가 틀렸는지 보자.,영범이가 지혜 께 틀렸대. 어디가 틀렸는지 보자.
31,0,0.0,0.9545454545454546,3.1818181818181817,1,"자/ 소수를 쓰면 (0.7cm)/(영 점 칠 센티미터)라고 할 수가 (있겠고요)/(있겠구요). 따라서 주어진 (4cm)/(사 센티미터)와 같이 있으면, 자/ (4)/(사)는 자연수니까 자연수 u/ 구분에 (4)/(사) 소수점 찍어주고 뒤에 남은 (7)/(칠)까지 소수를 적어주면 되겠습니다.","소수를 쓰면 점 칠 센티미터)라고 할 수가 따라서 주어진 센티미터)와 같이 있으면, 자연수니까 자연수 구분에 소수점 찍어주고 뒤에 남은 소수를 적어주면 되겠습니다."
8,0,0.0,1.0,3.25,1,라고 하는 겁니다 우리는 생각을 좋아하는 동물이에요 사실은.,라고 하는 겁니다 우리는 생각을 좋아하는 동물이에요 사실은.
4,1,0.25,1.0,2.3333333333333335,0,n/ 그럼 나는 무늬!,그럼 나는 무늬!
10,0,0.0,1.0,3.0,1,자/ 받침에 오는 (ㅂ)/(비읍)과 (ㅍ)/(피읍)때문에 뜻도 달라지고 글자도 달라진 답니다.,받침에 오는 뜻도 달라지고 글자도 달라진 답니다.
8,1,0.125,1.0,3.142857142857143,0,생산학파의 견해에 대한 뭐/ 반론 정도가 되겠죠 그렇죠?,생산학파의 견해에 대한 반론 정도가 되겠죠 그렇죠?
5,1,0.2,1.0,2.75,0,n/ 웨이터. 여기 빨리 붕어.,웨이터. 여기 빨리 붕어.
8,0,0.0,1.0,3.0,1,"네, 정답은, 우리 친구들 찾았나요? 바로 (2번)/(이 번).","네, 정답은, 우리 친구들 찾았나요? 바로 번)."
1,0,0.0,0.0,0.0,1,(3)/(셋).,
2,1,0.5,0.0,0.0,0,n/ (ㅏ)/(아),
9,0,0.0,1.0,2.875,1,아이/ 다음에는 더 재미있는 게임 다시 고민 좀 해봐야겠어요.,다음에는 더 재미있는 게임 다시 고민 좀 해봐야겠어요.
5,0,0.0,1.0,3.0,1,아우 무서워라 호랑이가 밖에 있네.,아우 무서워라 호랑이가 밖에 있네.
12,0,0.0,1.0,3.3333333333333335,1,(10)/(십)의 자리 숫자라고 친절하게 얘기해 줬으니까 (10)/(십) 모형을 볼게요. (10)/(십)이 몇 개인가요?,자리 숫자라고 친절하게 얘기해 줬으니까 모형을 볼게요. 몇 개인가요?
4,1,0.25,1.0,2.3333333333333335,0,n/ 직각보다 큰 각.,직각보다 큰 각.
18,1,0.05555555555555555,1.0,3.1176470588235294,0,군담소설이라 함은 이/ 힘든 일을 주인공이 겪고 나중에 그걸 다 이겨내고 영웅적인 이야기를 만드는 것이 바로 군담소설이 되겠지요.,군담소설이라 함은 힘든 일을 주인공이 겪고 나중에 그걸 다 이겨내고 영웅적인 이야기를 만드는 것이 바로 군담소설이 되겠지요.
8,3,0.375,1.0,2.5,0,n/ 이 사탕이 (10개)/(열 개) 든 이 상자가.,사탕이 개) 든 상자가.
7,1,0.14285714285714285,1.0,3.0,0,그 다음에 여기서 이렇게 가는 접선도 있고요.,다음에 여기서 이렇게 가는 접선도 있고요.
8,1,0.125,1.0,3.3333333333333335,0,자/ 이제 이 길이와 선풍기의 길이의 합을 구해야겠죠.,이제 길이와 선풍기의 길이의 합을 구해야겠죠.
2,1,0.5,1.0,7.0,0,n/ 선생님입니다.,선생님입니다.
28,7,0.25,0.8333333333333334,3.0,0,"그러니깐 n/ (4)/(네) 도막, n/ (5)/(다섯) 도막, n/ (6)/(여섯) 도막, n/ (7)/(일곱), n/ (8)/(여덟), n/ (9)/(아홉), n/ (10)/(열), 그렇다면 리본이 (10)/(열) 도막이 되려면 며+ 몇 번 잘라야 할까요?","그러니깐 도막, 도막, 도막, 그렇다면 리본이 도막이 되려면 며+ 몇 잘라야 할까요?"
13,0,0.0,1.0,3.0,1,첫째 마당에서 우리가 배웠던 것 쭉 정리했었죠? 자/ 그거마저 해보도록 하겠습니다. 또 키,첫째 마당에서 우리가 배웠던 것 쭉 정리했었죠? 그거마저 해보도록 하겠습니다. 또 키
20,0,0.0,1.0,2.45,1,금속 관을 입으로 불 때 무늬가 새겨진 틀에 대고 유리를 불면 일정한 모양의 유리병을 많이 만들어 낼 수도 있다고 하였다.,금속 관을 입으로 불 때 무늬가 새겨진 틀에 대고 유리를 불면 일정한 모양의 유리병을 많이 만들어 낼 수도 있다고 하였다.
9,0,0.0,1.0,3.7777777777777777,1,"그럼 지금까지 네용, 우리 고승이하고 다람이가 정리했으니까 함께 들어볼까요?","그럼 지금까지 네용, 우리 고승이하고 다람이가 정리했으니까 함께 들어볼까요?"
19,1,0.05263157894736842,1.0,2.9411764705882355,0,내 머릿속에 있는 생각을 꺼내서 요기다. 어/ 좋아 장(*)/(별)주 친구 섭섭해서 나간 거 같아요. 이해가 되요. 다 정답입니다. 알았지요?,내 머릿속에 있는 생각을 꺼내서 요기다. 좋아 친구 섭섭해서 나간 거 같아요. 이해가 되요. 다 정답입니다. 알았지요?
13,0,0.0,1.0,2.923076923076923,1,선생님은요 딱 보고 난 다음에 계산을 편리하게 하기 위해서 세로로 자리를 맞춰서 썼습니다.,선생님은요 딱 보고 난 다음에 계산을 편리하게 하기 위해서 세로로 자리를 맞춰서 썼습니다.
16,0,0.0,1.0,3.533333333333333,1,"(PD)/(피디)아저씨와 또, 카메라맨 아저씨에 대해서 그렇게 기사문 작성했는데요. 냠냠이가 쓴 내용 여러분들이 알고 싶었던 내용인가요? 아니죠.","또, 카메라맨 아저씨에 대해서 그렇게 기사문 작성했는데요. 냠냠이가 쓴 내용 여러분들이 알고 싶었던 내용인가요? 아니죠."
9,0,0.0,1.0,2.5,1,(1번)/(한 번)의 첫 번째 문제 (3cm)/(삼 센티미터)는 몇 (millimeter)/(밀리미터)냐?,번)의 첫 번째 문제 센티미터)는 몇
6,1,0.16666666666666666,0.8,2.6,0,"n/ 아니 아니 우리 여기서 말이야,","아니 아니 우리 여기서 말이야,"
31,1,0.03225806451612903,0.9615384615384616,3.1923076923076925,0,n/ (4번)/(사 번) 계속 볼게요. 글쓴이가 읽는 이에게 말하고자 하는 중심 생각이다. 이게 뭐라고요? 그렇죠. 주제 그다음에 (5번)/(다섯 번) 볼게요. 인물의 성격이나 한 일을 통해 그래요. 바로 주제가 드러나기도 한다고 했습니다.,계속 볼게요. 글쓴이가 읽는 이에게 말하고자 하는 중심 생각이다. 이게 뭐라고요? 그렇죠. 주제 그다음에 볼게요. 인물의 성격이나 한 일을 통해 그래요. 바로 주제가 드러나기도 한다고 했습니다.
2,1,0.5,1.0,3.0,0,n/ 타잔.,타잔.
2,1,0.5,0.0,0.0,0,n/ (90)/(구십),
28,2,0.07142857142857142,0.95,2.95,0,(10)/(십)의 자리의 숫자 (7)/(칠)은 바로 (70)/(칠십)을 나타내 준단 말이에요. 그래서 이 숫자 (7)/(칠)을 (10)/(십)의 자리에 놓아 주는거랍니다. 그러면 이제 이 각각의 (1)/(일)의 자리에는 어떤 수를 놓아야 하는 걸까요?,자리의 숫자 바로 나타내 준단 말이에요. 그래서 숫자 자리에 놓아 주는거랍니다. 그러면 이제 각각의 자리에는 어떤 수를 놓아야 하는 걸까요?
12,0,0.0,1.0,2.2,1,(1)/(일) 세제곱 센티 미터 짜리를 몇 개 (100개)/(백 개)를 놓을 수 있겠죠.,세제곱 센티 미터 짜리를 몇 개 개)를 놓을 수 있겠죠.
26,2,0.07692307692307693,0.9583333333333334,3.0416666666666665,0,이렇게 우리 친구들이 주장하는 글을 봤을 때 어떻게 봐야 되냐? 어/ 어떤 문제에 대해서 주장을 하고 있는지 그럼 그 주장은 찬성하는 입장인지 반대하는 입장인지 확실하게 확인하시고요,이렇게 우리 친구들이 주장하는 글을 봤을 때 어떻게 봐야 되냐? 어떤 문제에 대해서 주장을 하고 있는지 그럼 주장은 찬성하는 입장인지 반대하는 입장인지 확실하게 확인하시고요
20,0,0.0,0.9333333333333333,2.2666666666666666,1,"(4)/(사)와 (5)/(오) 중에서 더 큰 수는 (5)/(오), 따라서 (352)/(삼백 오십 이)가 (349)/(삼백 사십 구)보다 더 크다라고 할 수 있는 것이죠.",중에서 더 큰 수는 따라서 오십 이)가 사십 구)보다 더 크다라고 할 수 있는 것이죠.
21,1,0.047619047619047616,1.0,3.2941176470588234,0,자/ 여기서 보시면 재활용 쓰레기통을 설치하면 부작용을 n/ 최소화 할 수 있다. 이거는 찬성(1)/(일)의 얘기가 아니라 누구의 여기+ 얘기였어요? 찬성(2)/(이) 얘기였죠.,여기서 보시면 재활용 쓰레기통을 설치하면 부작용을 최소화 할 수 있다. 이거는 얘기가 아니라 누구의 여기+ 얘기였어요? 얘기였죠.
26,1,0.038461538461538464,0.84,2.96,0,"정말로 여기에 번호가 딱 이렇게 붙어져 있어요. 그래서? 아/ 이렇게 여러 개의 번호가 있으면 눈이구나. 요 눈의 뜻이 이렇게 많구나. 이렇게 생각하시면 되구요. 혹시 오해할까 봐,","정말로 여기에 번호가 딱 이렇게 붙어져 있어요. 그래서? 이렇게 여러 개의 번호가 있으면 눈이구나. 요 눈의 뜻이 이렇게 많구나. 이렇게 생각하시면 되구요. 혹시 오해할까 봐,"
34,1,0.029411764705882353,0.9333333333333333,2.7333333333333334,0,그 다음에 오이 (12)/(열 두)개는 총 몇 묶음인가요 총 (6)/(여섯) 묶음 이죠. 그래서 여기 이렇게 (6)/(여섯) 묶음을 써주는 거예요. 이렇게 하면 실수를 줄일 수 있다고 했었죠. 그런데 이것은 우리 분수로 나타낼 때는 어떻게 나타낸다?,다음에 오이 두)개는 총 몇 묶음인가요 총 묶음 이죠. 그래서 여기 이렇게 묶음을 써주는 거예요. 이렇게 하면 실수를 줄일 수 있다고 했었죠. 그런데 이것은 우리 분수로 나타낼 때는 어떻게 나타낸다?
6,0,0.0,1.0,2.5,1,등에 들어갈 수를 구해 주는 거예요!,등에 들어갈 수를 구해 주는 거예요!
17,1,0.058823529411764705,1.0,3.3125,0,"흘기다, 이거죠? 예. 어/ 먹어치운 동생을 어떻게 예쁜 눈으로 보겠어요? 흘겨보다, 째려보다 이런거죠. 그럼 이런 건 뭘까요?","흘기다, 이거죠? 예. 먹어치운 동생을 어떻게 예쁜 눈으로 보겠어요? 흘겨보다, 째려보다 이런거죠. 그럼 이런 건 뭘까요?"
15,1,0.06666666666666667,1.0,2.7142857142857144,0,n/ 한글을 바르게 사용하는 법도 공부를 해봤더니 몸이 또 이렇게 춤동작이 완성이 된 것 같아요.,한글을 바르게 사용하는 법도 공부를 해봤더니 몸이 또 이렇게 춤동작이 완성이 된 것 같아요.
5,0,0.0,1.0,2.8,1,쐐기표를 하고 조금 쉬어 읽고요.,쐐기표를 하고 조금 쉬어 읽고요.
30,0,0.0,0.9166666666666666,3.4166666666666665,1,그러므로 정답 (4번)/(사 번)이고요. (5번)/(오 번)도 보면 (5번)/(오 번) 거짓말쟁이이고 약한 사람에게 힘을 과시합니다. 역시 (5번)/(오 번)도 종범이의 폭력적인 성격을 잘 나타낸 말이라고 할 수 있습니다. 그러므로 정답은 (4번)/(사 번)입니다.,그러므로 정답 번)이고요. 번)도 보면 거짓말쟁이이고 약한 사람에게 힘을 과시합니다. 역시 번)도 종범이의 폭력적인 성격을 잘 나타낸 말이라고 할 수 있습니다. 그러므로 정답은 번)입니다.
7,0,0.0,1.0,3.3333333333333335,1,차이가 (많았어요)/(많았어여). 아닙니다. (1번)/(일 번) 아닌 (거예요)/(거에여).,차이가 아닙니다. 아닌
5,1,0.2,1.0,3.3333333333333335,0,n/ 히히히/ 맡겨만 주세요 선생님.,맡겨만 주세요 선생님.
8,0,0.0,1.0,3.1666666666666665,1,b/ 그래서 (1단원)/(일 단원)을 공부하고 나면 우리 친구들이,그래서 단원)을 공부하고 나면 우리 친구들이
3,1,0.3333333333333333,1.0,3.0,0,n/ 침입을 해서.,침입을 해서.
19,1,0.05263157894736842,1.0,3.0555555555555554,0,n/ 하지만 잘 달린 백군 선수들을 격려하는 박수와 괜찮아 라는 함성이 쏟아졌다. 운동회의 하루는 정말 짜릿한 역전승으로 막을 내렸다.,하지만 잘 달린 백군 선수들을 격려하는 박수와 괜찮아 라는 함성이 쏟아졌다. 운동회의 하루는 정말 짜릿한 역전승으로 막을 내렸다.
3,1,0.3333333333333333,1.0,4.0,0,n/ 네. 그렇습니다.,네. 그렇습니다.
23,1,0.043478260869565216,0.8181818181818182,3.090909090909091,0,n/ 신속 정확이 생명이에요. 수학도 그래요. 신속 정확해야 돼요. 빨리 풀고 그런데 정확하게 풀고 어렵죠? 빨리 풀면서 정확하게 풀어 음식 배달 생각하면 된다니까.,신속 정확이 생명이에요. 수학도 그래요. 신속 정확해야 돼요. 빨리 풀고 그런데 정확하게 풀고 어렵죠? 빨리 풀면서 정확하게 풀어 음식 배달 생각하면 된다니까.
6,0,0.0,1.0,3.0,1,즐겁게 도전하는 삶을 살고 있기 때문이죠.,즐겁게 도전하는 삶을 살고 있기 때문이죠.
3,1,0.3333333333333333,1.0,3.5,0,n/ 안녕! 얘들아!,안녕! 얘들아!
20,2,0.1,1.0,3.5555555555555554,0,우리가 앞서 공부한 기사문에서도요 이 기자의 어/ 개인적인 생각이 조금 담겨있는 해설 부분이 나타나기도 하고요 그리고 설명문도 사실을 알려주는 글이잖아요.,우리가 앞서 공부한 기사문에서도요 기자의 개인적인 생각이 조금 담겨있는 해설 부분이 나타나기도 하고요 그리고 설명문도 사실을 알려주는 글이잖아요.
24,0,0.0,0.9333333333333333,3.066666666666667,1,(ㄴ)/(니은) 보다 크다라고 했습니다. 그런 것이 어디 있을까요? (ㄱ)/(기역) (ㄴ)/(니은) 보다 큰건 요거와 요것이겠네요. 자/ (5)/(오)와 (1)/(일). (4)/(사)와 (1)/(일). 자/ 세 번째 조건은 뭐예요?,보다 크다라고 했습니다. 그런 것이 어디 있을까요? 보다 큰건 요거와 요것이겠네요. 세 번째 조건은 뭐예요?
5,0,0.0,1.0,2.0,1,"(3개)/(세 개) 를 떼어서 (1)/(하나),",개) 를 떼어서
16,0,0.0,1.0,2.6666666666666665,1,대상을 잘 이해할 수 있도록 표현하는 방법이 바로 설명입니다 보통 우리 으/ 백과사전 보신 적 있지요.,대상을 잘 이해할 수 있도록 표현하는 방법이 바로 설명입니다 보통 우리 백과사전 보신 적 있지요.
3,0,0.0,1.0,4.0,1,(MINUS 2)/(마이너스 이),(MINUS 이)
9,0,0.0,1.0,3.5555555555555554,1,이것을 생각하면서 교재에 해당하는 부분 문제들 잘 풀어보기 바라겠습니다.,이것을 생각하면서 교재에 해당하는 부분 문제들 잘 풀어보기 바라겠습니다.
11,0,0.0,1.0,3.6363636363636362,1,"그럼 나라를 빼앗기고 왜놈들 종으로 살자는 거예요? 라+라고 하면서 큰소리로 부르짖으니까,","그럼 나라를 빼앗기고 왜놈들 종으로 살자는 거예요? 라+라고 하면서 큰소리로 부르짖으니까,"
9,2,0.2222222222222222,1.0,2.857142857142857,0,n/ 그리고 나서 무엇을 이 점을 지나면서 아래에 있는.,그리고 나서 무엇을 점을 지나면서 아래에 있는.
4,0,0.0,1.0,3.0,1,이렇게 말한 친구도 있고요.,이렇게 말한 친구도 있고요.
28,0,0.0,0.9285714285714286,3.107142857142857,1,자 되게 쉬웠죠? 우리 첫번째 주제에서는 뭘 공부했어요? 높임 표현의 의미를 공부했어요. 자 그럼 이제 두번째 주제에요. 바로 오늘의 핵심이죠. 높임 표현을 사용해야 하는 경우에 대해서 알아보도록 할게요.,자 되게 쉬웠죠? 우리 첫번째 주제에서는 뭘 공부했어요? 높임 표현의 의미를 공부했어요. 자 그럼 이제 두번째 주제에요. 바로 오늘의 핵심이죠. 높임 표현을 사용해야 하는 경우에 대해서 알아보도록 할게요.
26,2,0.07692307692307693,0.6666666666666666,1.875,0,그럼 가장 큰 분수는 뭐죠 이십 분의 오 이십 분의 육 이십 분의 팔 아/ 오 분의 n/ 이가 가장 큰 분수라는 걸 알 수 있습니다.,그럼 가장 큰 분수는 뭐죠 이십 분의 오 이십 분의 육 이십 분의 팔 오 분의 이가 가장 큰 분수라는 걸 알 수 있습니다.
32,3,0.09375,0.896551724137931,3.0689655172413794,0,잘 생각해 보세요. 어떤 사진을 잘 찍는 사진작가가 있었어요. 이 사진작가가 저녁식사에 초대를 받았대요. 그럼 그래서 이 사진작가가 고마움의 뜻으로 자기가 찍은 사진 작품을 몇 점 갖다 드렸대요. 그랬더니 이 주인이 보고,잘 생각해 보세요. 어떤 사진을 잘 찍는 사진작가가 있었어요. 사진작가가 저녁식사에 초대를 받았대요. 그럼 그래서 사진작가가 고마움의 뜻으로 자기가 찍은 사진 작품을 몇 점 갖다 드렸대요. 그랬더니 주인이 보고
23,3,0.13043478260869565,0.9473684210526315,3.3684210526315788,0,o/ 좋습니다. n/ 첫 번째 힌트부터 살펴보겠는데요. n/ 정월 대보름 우리 민족은 예로부터 정월 대보름에 바로 줄다리기를 하면서 즐거운 시간을 보냈다고 합니다. n/,좋습니다. 첫 번째 힌트부터 살펴보겠는데요. 정월 대보름 우리 민족은 예로부터 정월 대보름에 바로 줄다리기를 하면서 즐거운 시간을 보냈다고 합니다.
11,1,0.09090909090909091,1.0,3.3,0,n/ 오늘도 이렇게 선생님과 함께 열심히 공부하려고 온 친구들을 모두 환영합니다.,오늘도 이렇게 선생님과 함께 열심히 공부하려고 온 친구들을 모두 환영합니다.
21,0,0.0,1.0,3.176470588235294,1,자/ (39쪽)/(삼십 구 쪽)이에요. (4번)/(사 번) 문제입니다. 기사문을 쓸 때 기삿거리를 정하는 방법으로 알맞지 않은 것은 어느 것입니까? 라고 묻고 있습니다.,구 쪽)이에요. 문제입니다. 기사문을 쓸 때 기삿거리를 정하는 방법으로 알맞지 않은 것은 어느 것입니까? 라고 묻고 있습니다.
19,0,0.0,0.9166666666666666,2.75,1,"알맞은 (3자리)/(세 자리) 수를 자릿값에 맞게 잘 써 볼까요? (300)/(삼백)이라고 했으니까 (100)/(백)의 자리에 (3)/(삼), (90)/(구십)이라고 했으니까 (10)/(십)의 자리 (9)/(구),",알맞은 자리) 수를 자릿값에 맞게 잘 써 볼까요? 했으니까 자리에 했으니까 자리
10,0,0.0,0.8888888888888888,3.3333333333333335,1,그리고 연수의 아빠 연수의 아버지도 (이렇게)/(이로케) 손목에 손목시계를 차고 계시네요.,그리고 연수의 아빠 연수의 아버지도 손목에 손목시계를 차고 계시네요.
10,1,0.1,1.0,3.2222222222222223,0,늠름하게 생긴 이 친구가 마음에 드니까 이렇게 하트로 표시해 놓을래요.,늠름하게 생긴 친구가 마음에 드니까 이렇게 하트로 표시해 놓을래요.
4,0,0.0,1.0,2.75,1,선을 그어 보도록 할게요.,선을 그어 보도록 할게요.
31,0,0.0,0.92,3.0,1,"그렇죠, 색을 칠해주면 되죠? 쇽+ 쇽+ 쇽 위에 (3칸)/(세 칸), 그다음에 아래로 (3칸)/(세 칸), 쫙/ (4칸)/(네 칸) 내려오네요. 네 번째 칸까지 내려오고 자/ 오른쪽으로 이렇게 칠해서 음+ 흠/ 이런 모양이 생기는구나.","그렇죠, 색을 칠해주면 되죠? 쇽+ 쇽+ 쇽 위에 칸), 그다음에 아래로 칸), 칸) 내려오네요. 네 번째 칸까지 내려오고 오른쪽으로 이렇게 칠해서 음+ 이런 모양이 생기는구나."
5,0,0.0,1.0,3.8,1,"그렇죠. 야구시합에서 홈런을 쳤을 때처럼,","그렇죠. 야구시합에서 홈런을 쳤을 때처럼,"
7,1,0.14285714285714285,1.0,3.0,0,"그렇다면 빨간색 있는 것들을 우리가 이 각을,","그렇다면 빨간색 있는 것들을 우리가 각을,"
8,0,0.0,1.0,3.25,1,빵 다른 말로 대+ 대체할수가 없어요. 고무도 마찬가지에요.,빵 다른 말로 대+ 대체할수가 없어요. 고무도 마찬가지에요.
5,1,0.2,1.0,2.0,0,n/ 자/ 몫은 (1)/(일) (이고요)/(이구요).,몫은
8,0,0.0,1.0,3.2,1,자/ 마지막 문제에요. 교과서 내용학습 (11번)/(십 일 번),마지막 문제에요. 교과서 내용학습 일
1,0,0.0,0.0,0.0,1,"(1)/(하나),",
16,0,0.0,1.0,2.9375,1,"오늘은요, 상대가 잘한 일이나 상대의 좋은 점, 장점을 찾아서 어떻게 칭찬할 수 있는지에 대해서 알아볼 거예요.","오늘은요, 상대가 잘한 일이나 상대의 좋은 점, 장점을 찾아서 어떻게 칭찬할 수 있는지에 대해서 알아볼 거예요."
1,0,0.0,1.0,6.0,1,맞았습니다.,맞았습니다.
14,1,0.07142857142857142,1.0,3.090909090909091,0,자/ 그러면 숫자도 배웠으니까 장난감 들고 놀러가야지. 아까 그 풍선 들고. 짜자자자잔/ 이거 봐라.,그러면 숫자도 배웠으니까 장난감 들고 놀러가야지. 아까 풍선 들고. 이거 봐라.
6,0,0.0,1.0,3.5,1,오/ 발표하고 싶은 친구가 있다구요? b/,발표하고 싶은 친구가 있다구요?
10,1,0.1,1.0,2.875,0,n/ 여기서 선생님이 또 공개하는 그림 (Graph)/(그래프) 의 특징이 무엇일까?,여기서 선생님이 또 공개하는 그림 의 특징이 무엇일까?
14,0,0.0,1.0,2.6153846153846154,1,좀 이해가 되나요. 그럼 선생님은 여러분들을 믿고 또 비슷한 문제 (1)/(하나) 더 만나 볼게요.,좀 이해가 되나요. 그럼 선생님은 여러분들을 믿고 또 비슷한 문제 더 만나 볼게요.
4,0,0.0,1.0,1.75,1,그럼 모두 몇 개?,그럼 모두 몇 개?
11,0,0.0,1.0,2.6363636363636362,1,그러니까 이걸 모른다면 아까 나왔던 오해와 갈등이 생길 수 있는 거죠.,그러니까 이걸 모른다면 아까 나왔던 오해와 갈등이 생길 수 있는 거죠.
16,0,0.0,1.0,2.9166666666666665,1,"(10)/(십) 더하기 (300)/(삼 백) 나누기 (5)/(오) 빼기 (2)/(이) 이라는 덧셈 뺄셈 나눗셈이 섞여 있는식이 있습니다 이렇게,","더하기 백) 나누기 빼기 이라는 덧셈 뺄셈 나눗셈이 섞여 있는식이 있습니다 이렇게,"
9,1,0.1111111111111111,1.0,2.625,0,빈칸에 알맞은 수를 써 넣으시오 n/ 라고 나와 있네요.,빈칸에 알맞은 수를 써 넣으시오 라고 나와 있네요.
5,0,0.0,1.0,2.6,1,나 같아도 안 가르쳐 주겠어요.,나 같아도 안 가르쳐 주겠어요.
6,0,0.0,1.0,3.4,1,그러니까 숫자 (4)/(넷)를 예쁘게 적어주면 됩니다.,그러니까 숫자 예쁘게 적어주면 됩니다.
25,4,0.16,0.8571428571428571,3.857142857142857,0,그다음에 (minus 2)/(마이너스 이)는 있는 상태니까. b/ n/ (minus 2)/(마이너스 이)에 n/ (minus x)/(마이너스 엑스)제곱인데. b/ n/ 아래 끝이 (0)/(영)이고 윗 끝 n/ (1)/(일)인 경우에요.,그다음에 (minus 이)는 있는 상태니까. (minus 이)에 (minus 엑스)제곱인데. 아래 끝이 윗 끝 경우에요.
9,0,0.0,1.0,2.6666666666666665,1,예 이제 두 가지 뜻이 있다 요렿게 생각하시면 되겠습니다.,예 이제 두 가지 뜻이 있다 요렿게 생각하시면 되겠습니다.
14,0,0.0,0.9090909090909091,3.0,1,어? 모두 사용하여 만든 모양이 아닌 것은? (4번)/(사 번) (4번)/(사 번)의 모양이 되겠네요. 알겠죠?,어? 모두 사용하여 만든 모양이 아닌 것은? 번)의 모양이 되겠네요. 알겠죠?
24,0,0.0,0.8333333333333334,2.5555555555555554,1,(6묶음)/(여섯 묶음)이다. 이렇게 쓸 수가 있는 거고요. 이것을 우리가 (3씩)/(삼 씩)(6묶음)/(여섯 묶음)을 (3)/(삼)의 몇 배 라고 나타낼 수가 있었죠? (3)/(삼)의 몇 배 (6배)/(여섯 배).,묶음)이다. 이렇게 쓸 수가 있는 거고요. 이것을 우리가 묶음)을 몇 배 라고 나타낼 수가 있었죠? 몇 배 배).
24,1,0.041666666666666664,1.0,2.7,0,"어느 해 (8월)/(팔 월)의 달력입니다 달력을 보고 물음에 답하세요 라고 얘기 했어요. (8월)/(팔 월)은 (31일)/(삼십 일 일) 그 날 수가 있군요 문제를 보니까 달력에서,","어느 해 월)의 달력입니다 달력을 보고 물음에 답하세요 라고 얘기 했어요. 월)은 일 일) 날 수가 있군요 문제를 보니까 달력에서,"
6,1,0.16666666666666666,0.8,3.0,0,"n/ 바람이 분다와, 씽씽 바람이 분다.","바람이 분다와, 씽씽 바람이 분다."
27,1,0.037037037037037035,0.92,2.88,0,첫 번째 문제입니다. 이 만화를 통해 알게 된 내용 (둘)/(두) 가지를 고르세요. 어떤 것 알게 되었죠? 브로콜리에 좋은점 이용방법 그리고 양배추의 좋은 점 이용방법 이렇게 알아 보았어요.,첫 번째 문제입니다. 만화를 통해 알게 된 내용 가지를 고르세요. 어떤 것 알게 되었죠? 브로콜리에 좋은점 이용방법 그리고 양배추의 좋은 점 이용방법 이렇게 알아 보았어요.
10,1,0.1,1.0,3.8,0,아/ 기억나나요? (1번)/(한 번) 다시 (1번)/(한 번) 점검해 보도록 하겠어요.,기억나나요? 다시 점검해 보도록 하겠어요.
14,0,0.0,1.0,2.6363636363636362,1,일단 우리가 구하고자 하는 것 각 (ㄷ)/(디귿) (ㄹ)/( 리을) (ㅂ)/( 비읍)에 표시 해+ 해둘게요.,일단 우리가 구하고자 하는 것 각 리을) 비읍)에 표시 해+ 해둘게요.
23,1,0.043478260869565216,1.0,3.1666666666666665,0,어/ 시력이 좋아진다? 아니요. 여기 시력에 관한 얘기는 없어요. 그래서 아닌 것은 (1번)/(일 번)이* 정답이겠네요. 순발력 (좋아지고요)/(좋아지구요). 협동심 기를 수 (있고요)/(있구요). 판단력이 (좋아지고요)/(좋아지구요).,시력이 좋아진다? 아니요. 여기 시력에 관한 얘기는 없어요. 그래서 아닌 것은 번)이* 정답이겠네요. 순발력 협동심 기를 수 판단력이
10,0,0.0,1.0,2.8,1,이걸 어려운 말로 우리는 의사소통이 안 된다 라고 표현을 하는데요.,이걸 어려운 말로 우리는 의사소통이 안 된다 라고 표현을 하는데요.
10,1,0.1,0.6666666666666666,2.8333333333333335,0,n/ 자/ 개념 b/ 개념이 뭘까요? b/ 개념+ 개념+ 개념,개념 개념이 뭘까요? 개념+ 개념+ 개념
15,1,0.06666666666666667,1.0,3.0714285714285716,0,어? 마크 트웨인 왠지 익숙한 이름인데요? 이 방그레 샘과 함께 읽었던 작품의 작가예요. 어떤 책일까요?,어? 마크 트웨인 왠지 익숙한 이름인데요? 방그레 샘과 함께 읽었던 작품의 작가예요. 어떤 책일까요?
17,0,0.0,1.0,3.1176470588235294,1,이제 대상을 정했으니까 뭘 해야 할까요 두 번째로요 특징을 정리해 봐야겠죠? 먼저 붓의 특징 정리해보도록 할까요? 붓입니다.,이제 대상을 정했으니까 뭘 해야 할까요 두 번째로요 특징을 정리해 봐야겠죠? 먼저 붓의 특징 정리해보도록 할까요? 붓입니다.
14,0,0.0,1.0,3.2222222222222223,1,(35)/(삼십 오) 나누기 (7)/(칠) 인데요 자/ 이때도 곱셈식을 이용해서 단 (1번)/(한 번) 만에 떠오르시나요?,오) 나누기 인데요 이때도 곱셈식을 이용해서 단 만에 떠오르시나요?
9,0,0.0,1.0,2.6,1,(10000)/(만)에 앉아 있기 때문에 (4)/(사)는 그냥 (4)/(사)가 아니야. (40000)/(사만)이야.,앉아 있기 때문에 그냥 아니야.
5,0,0.0,1.0,3.8,1,그게* 너희들을 가르치는 이유였기 때문에.,그게* 너희들을 가르치는 이유였기 때문에.
15,1,0.06666666666666667,1.0,3.1666666666666665,0,"그렇다면, 우리 n/ 친구들도 이렇게 해서 만든 새로운 낱말이 무엇이 있는지 (1번)/(한 번) 이야기해 볼래요?","그렇다면, 우리 친구들도 이렇게 해서 만든 새로운 낱말이 무엇이 있는지 이야기해 볼래요?"
7,0,0.0,1.0,2.857142857142857,1,그러면 여기서 받아 내려질 때 얼마가 되냐면은.,그러면 여기서 받아 내려질 때 얼마가 되냐면은.
9,1,0.1111111111111111,1.0,2.0,0,"n/ 아, 야, 어, 여, 오, 요, 우, 우.","아, 야, 어, 여, 오, 요, 우, 우."
16,1,0.0625,0.9230769230769231,3.076923076923077,0,o/ n/ 진심에서 우러나오는 말들을 정성스럽게 솔직하게 쓰는 것이 좋다 라는 것이 바로 제 (1)/(일)의 비법입니다.,진심에서 우러나오는 말들을 정성스럽게 솔직하게 쓰는 것이 좋다 라는 것이 바로 제 비법입니다.
10,0,0.0,0.8571428571428571,3.0,1,것에 (1)/(일) 그다음 (2)/(이) 그다음 (3)/(삼)을 순서대로 써주면 되는 거예요.,것에 그다음 그다음 순서대로 써주면 되는 거예요.
10,0,0.0,1.0,3.125,1,기술. 산업과 관련된 말로 친구들이 짧은 글짓기를 했대요.(1)/(하나) (1)/(하나) 볼까요.,기술. 산업과 관련된 말로 친구들이 짧은 글짓기를 볼까요.
3,1,0.3333333333333333,1.0,4.0,0,n/ 새가 앉았습니다.,새가 앉았습니다.
12,1,0.08333333333333333,0.9090909090909091,3.5454545454545454,0,n/ 욕심을 부리면서 싸우고 있는거죠. 그렇죠. 황금사과를 더 많이 가지려고 싸우고 있습니다.,욕심을 부리면서 싸우고 있는거죠. 그렇죠. 황금사과를 더 많이 가지려고 싸우고 있습니다.
22,1,0.045454545454545456,1.0,3.3333333333333335,0,(5)/(다섯) 그러니까 남은 건 (1)/(하나) (2)/(둘) (3조각)/(세 조각)만 남았네요 (16)/(열 여섯) 조각에서요 그렇다면 요것을 그림으로 우리 친구들이 대분수로 표현해 준다면 (1)/(일)과 n/.,그러니까 남은 건 조각)만 남았네요 여섯) 조각에서요 그렇다면 요것을 그림으로 우리 친구들이 대분수로 표현해 준다면
5,1,0.2,1.0,4.0,0,n/ 노랑 애벌레는 한숨을 내쉬었습니다.,노랑 애벌레는 한숨을 내쉬었습니다.
4,1,0.25,0.0,0.0,0,n/ (1)/(하나) (2)/(둘) (3)/(셋),
8,0,0.0,0.8571428571428571,2.0,1,자/ 그럼 한 줌+ 한 줌만 가져가 그러면,그럼 한 줌+ 한 줌만 가져가 그러면
3,0,0.0,1.0,4.0,1,자음을 만들었다. 와/,자음을 만들었다.
7,0,0.0,1.0,2.8333333333333335,1,(1명)/(한 명)이에요 이렇게 가르기 할 수 있어요.,명)이에요 이렇게 가르기 할 수 있어요.
4,1,0.25,1.0,3.0,0,n/ 친구들 적어야 돼요.,친구들 적어야 돼요.
9,0,0.0,1.0,3.4,1,그리고 그대로 자/ (10)/(십)에 (10)/(십) 모형은 (2개)/(두 개)가 있습니다.,그리고 그대로 모형은 개)가 있습니다.
21,1,0.047619047619047616,0.9473684210526315,2.6842105263157894,0,그래서 그와 같은 것들을 표현하기에 변화하는 양 또는 뭐/ 변하는 양 이렇게 표현하기도 해요. 편리한 (그래프이라고)/(그래프이다 라고) 말할 수 있는 거죠.,그래서 그와 같은 것들을 표현하기에 변화하는 양 또는 변하는 양 이렇게 표현하기도 해요. 편리한 라고) 말할 수 있는 거죠.
15,1,0.06666666666666667,0.9230769230769231,2.5384615384615383,0,바로 이 번 가는 말이 고와야 오는 말이 곱다를 처음과 끝 부분에 쓴 친구들이 있었네요.,바로 가는 말이 고와야 오는 말이 곱다를 처음과 끝 부분에 쓴 친구들이 있었네요.
7,1,0.14285714285714285,1.0,2.8333333333333335,0,이 문제는 하나도 어렵지 않아요. 말 그대로,문제는 하나도 어렵지 않아요. 말 그대로
4,1,0.25,1.0,2.0,0,n/ 아이/ 그게 저.,그게 저.
27,0,0.0,0.8636363636363636,3.090909090909091,1,우리 보기에 모이면+ 보면요 (1번)/(일 번) 누나가 집을 나가서 말도 안되는 그런 보기죠. (1번)/(일 번) 아닙니다. (2번)/(이 번)에 나와있습니다. 누나가 무엇을 가서 시집을 가서 그래서 도리와 누나가,우리 보기에 모이면+ 보면요 누나가 집을 나가서 말도 안되는 그런 보기죠. 아닙니다. 번)에 나와있습니다. 누나가 무엇을 가서 시집을 가서 그래서 도리와 누나가
28,2,0.07142857142857142,0.9565217391304348,2.8260869565217392,0,그렇죠 (ㄱ)/(기역)에 어떤 수를 곱하면 (42)/(사십 이)가 된다는 뜻이잖아요 그래서 이 (ㄱ)/(기역)이 될 수 있는 수를 모두 구해보세요 라고 했는데 이 문제도 역시 약수와 배수의 관계와 관련된 문제입니다.,그렇죠 어떤 수를 곱하면 이)가 된다는 뜻이잖아요 그래서 될 수 있는 수를 모두 구해보세요 라고 했는데 문제도 역시 약수와 배수의 관계와 관련된 문제입니다.
10,1,0.1,1.0,3.3333333333333335,0,그러면 이 나성실 학생의 공약내용으로 알맞지 않은 것을 한번 찾아볼까요?,그러면 나성실 학생의 공약내용으로 알맞지 않은 것을 한번 찾아볼까요?
2,0,0.0,1.0,3.0,1,내용 볼게요!,내용 볼게요!
4,0,0.0,1.0,3.5,1,b/ 다 기억나나요? b/,다 기억나나요?
37,0,0.0,0.8529411764705882,2.8823529411764706,1,드디어 온통 금으로 가득한 산 위에 내려앉았어요. 자/ 우리여기에서는 어떤 것을 알 수가 있죠 어떤 내용이죠? 이틀이 지난 뒤에 까마귀가 진짜 와서 동생을 태우고 금으로 가득한 산으로 갔어요. 여기에 (보면)/(보면은) 이틀이 지난 뒤라는 시간적 흐름이 나타나 (있고요)/(있구요).,드디어 온통 금으로 가득한 산 위에 내려앉았어요. 우리여기에서는 어떤 것을 알 수가 있죠 어떤 내용이죠? 이틀이 지난 뒤에 까마귀가 진짜 와서 동생을 태우고 금으로 가득한 산으로 갔어요. 여기에 이틀이 지난 뒤라는 시간적 흐름이 나타나
4,0,0.0,1.0,4.25,1,앞에서부터 차례로 계산해주는 거예요.,앞에서부터 차례로 계산해주는 거예요.
7,0,0.0,1.0,2.0,1,그래서 이게 알파 베타 감마 이런 꼴,그래서 이게 알파 베타 감마 이런 꼴
8,1,0.125,1.0,3.857142857142857,0,n/ 직육면체를 둘러싸고 있는 직사각형을 우리는 면이라고 합니다.,직육면체를 둘러싸고 있는 직사각형을 우리는 면이라고 합니다.
9,0,0.0,1.0,3.2222222222222223,1,선생님이 수학은 안정적이고 실수를 하지 않는 게 중요하다고 했었죠.,선생님이 수학은 안정적이고 실수를 하지 않는 게 중요하다고 했었죠.
7,0,0.0,1.0,3.1666666666666665,1,자/ 여러분이 다른 친구가 부러운게 있을 거예요.,여러분이 다른 친구가 부러운게 있을 거예요.
20,0,0.0,0.8,2.1,1,너 사자 그려 봐. 이렇게 그릴 수 있어? 아니. 하지만 난 이런 사자는 그릴 수 있어 하고 그릴 수 있겠지?,너 사자 그려 봐. 이렇게 그릴 수 있어? 아니. 하지만 난 이런 사자는 그릴 수 있어 하고 그릴 수 있겠지?
15,0,0.0,0.7692307692307693,2.3076923076923075,1,(2.5%)/(이 쩜 오 퍼센트) 이렇게 나타내 줄 수 있는 거예요. 정답에도 (2.5%)/(이 쩜 오 퍼센트),쩜 오 퍼센트) 이렇게 나타내 줄 수 있는 거예요. 정답에도 쩜 오 퍼센트)
10,1,0.1,1.0,3.7777777777777777,0,n/ 그것은 부활절에 일제히 울려퍼지는 교회의 종소리처럼 즐겁고 경쾌하게 들렸다.,그것은 부활절에 일제히 울려퍼지는 교회의 종소리처럼 즐겁고 경쾌하게 들렸다.
31,1,0.03225806451612903,1.0,3.4285714285714284,0,n/ 어린이입니다. 다음의 문제에도 많은 제보 부탁드립니다. 다음 중 우리말에서 일을 하다가 잠깐 쉬면서 먹는 음식이라는 뜻을 가진 낱말은 무엇일까요? 제보하실 분들은 (EBS)/(이비에스) 초등을 검색하셔서 만점왕 국어 (5학년)/(오 학년) 게시판에 올려주세요.,어린이입니다. 다음의 문제에도 많은 제보 부탁드립니다. 다음 중 우리말에서 일을 하다가 잠깐 쉬면서 먹는 음식이라는 뜻을 가진 낱말은 무엇일까요? 제보하실 분들은 초등을 검색하셔서 만점왕 국어 학년) 게시판에 올려주세요.
25,1,0.04,1.0,2.6666666666666665,0,그냥 무작정 눈대중으로 대충 몇 도야 그게 아니라 사실은 이 눈과 뇌를 가지고 치밀하게 비교를 해야 한다는 거예요 누구랑 (90도)/(구십 도)와 (60도)/(육십 도) (30도)/(삼십 도).,그냥 무작정 눈대중으로 대충 몇 도야 그게 아니라 사실은 눈과 뇌를 가지고 치밀하게 비교를 해야 한다는 거예요 누구랑 도)와 도) 도).
14,0,0.0,1.0,2.7142857142857144,1,(3번)/(삼 번) (900)/(구백) 보다 (100)/(백) 큰 수. (100)/(백) 모형이 (10개)/(열 개) 있으니까 (1000)/(천)과 같습니다.,보다 큰 수. 모형이 개) 있으니까 같습니다.
2,0,0.0,1.0,3.0,1,와/ 나무.,나무.
10,1,0.1,0.7777777777777778,3.6666666666666665,0,아/ 어디 있어? 어디 있어? 그래요. 답답하겠지요 답답한 마음이에요. 답답한.,어디 있어? 어디 있어? 그래요. 답답하겠지요 답답한 마음이에요. 답답한.
9,0,0.0,1.0,2.375,1,사실은 한 해에도 여러 번 바뀌는 희망 직업 때문에,사실은 한 해에도 여러 바뀌는 희망 직업 때문에
9,0,0.0,1.0,2.5555555555555554,1,이렇게 겹쳐 보았을 때 남는 쪽이 있는 부분이 있습니다.,이렇게 겹쳐 보았을 때 남는 쪽이 있는 부분이 있습니다.
18,0,0.0,0.9333333333333333,3.066666666666667,1,그리고 허리는 지난 시간에 이야기했듯 꼿꼿이 세워서 곧게 (피고요)/(피구요). 자/ 그리고 다리는 어떻게 하느냐 바로 자연스럽게 벌려도 (되고요)/(되구요).,그리고 허리는 지난 시간에 이야기했듯 꼿꼿이 세워서 곧게 그리고 다리는 어떻게 하느냐 바로 자연스럽게 벌려도
25,1,0.04,0.9583333333333334,3.2083333333333335,0,"아/ 그러니까 우리도 과자를 먹잖아요? 옛날 사람들이 먹었던 과자가 전통 과자가 한과라는 거예요. 오 그렇구나? 그런데 한과에는요? 약과, 강정, 엿, 이런 것처럼 여러 가지가 있어요.","그러니까 우리도 과자를 먹잖아요? 옛날 사람들이 먹었던 과자가 전통 과자가 한과라는 거예요. 오 그렇구나? 그런데 한과에는요? 약과, 강정, 엿, 이런 것처럼 여러 가지가 있어요."
5,0,0.0,1.0,3.75,1,(1학년)/(일 학년) 국어에 나오는 내용입니다.,학년) 국어에 나오는 내용입니다.
15,1,0.06666666666666667,1.0,3.0,0,읽고 이해하는 힘! 독해력의 시간입니다. 오늘 읽을 글의 글감은 무엇인지 낱말 퀴즈로 n/ 맞춰 보세요.,읽고 이해하는 힘! 독해력의 시간입니다. 오늘 읽을 글의 글감은 무엇인지 낱말 퀴즈로 맞춰 보세요.
11,0,0.0,1.0,3.8333333333333335,1,"(7)/(칠) 더하기 (6)/(육), (13)/(십 삼). 그렇죠? 그러니까, (1)/(일)의 자리에 (3)/(삼)을 적어주고.","더하기 삼). 그렇죠? 그러니까, 자리에 적어주고."
18,1,0.05555555555555555,1.0,3.1176470588235294,0,그렇죠. 상대편에 대해서 잘 알고 있다면 어떠한 적이 적을 만나더라도 그 전투에서 승리할 수 있을 거예요. 우리도 마찬가지겠죠?,그렇죠. 상대편에 대해서 잘 알고 있다면 어떠한 적이 적을 만나더라도 전투에서 승리할 수 있을 거예요. 우리도 마찬가지겠죠?
8,0,0.0,1.0,2.7142857142857144,1,(1l)/(일 리터)를 쓸 때는 이렇게 씁니다. 잘 보세요.,리터)를 쓸 때는 이렇게 씁니다. 잘 보세요.
26,1,0.038461538461538464,0.8571428571428571,2.9523809523809526,0,"자/ 지금 보시는 것처럼 사과 (8)/(여덟) n/ 상자의 무게는 (11.6kg)/(십 일 쩜 육 킬로그램)입니다. 각 상자의 무게가 똑같다면 사과 (1상자)/(한 상자)의 무게는 얼마일까요 라는 상황을 보면서,","지금 보시는 것처럼 사과 상자의 무게는 일 쩜 육 킬로그램)입니다. 각 상자의 무게가 똑같다면 사과 상자)의 무게는 얼마일까요 라는 상황을 보면서,"
16,0,0.0,1.0,2.625,1,이것을 여러분이 보통 어디다 두냐 하면 사물함이나 아니면 책상 옆에 잘 걸어두게 되어 있지 이게 뭐냐고,이것을 여러분이 보통 어디다 두냐 하면 사물함이나 아니면 책상 옆에 잘 걸어두게 되어 있지 이게 뭐냐고
6,1,0.16666666666666666,0.6,2.0,0,n/ 참 좋아 좋아 좋아 좋아!,참 좋아 좋아 좋아 좋아!
11,0,0.0,1.0,3.1,1,우리 친구들이 글의 내용을 잘 이해했는지 선생님이 질문 (3가지)/(세 가지) 해볼게요.,우리 친구들이 글의 내용을 잘 이해했는지 선생님이 질문 가지) 해볼게요.
2,0,0.0,1.0,4.0,1,어떻게 찾을까요?,어떻게 찾을까요?
12,1,0.08333333333333333,0.8181818181818182,3.3636363636363638,0,여러 가지 모양있죠? 아/ 알았어요. 그만 그만 얘기해요. 알았어요. 별표 하트 알겠어요.,여러 가지 모양있죠? 알았어요. 그만 그만 얘기해요. 알았어요. 별표 하트 알겠어요.
5,0,0.0,1.0,2.8,1,안방으로 가서 가만히 누워 있는데,안방으로 가서 가만히 누워 있는데
5,1,0.2,1.0,2.75,0,n/ 어디 갔니? 대답이 없네?,어디 갔니? 대답이 없네?
8,0,0.0,1.0,2.6666666666666665,1,"자/ (4 개)/(네 개)를 옆으로 나란히 사이 좋게,","(4 개)를 옆으로 나란히 사이 좋게,"
7,1,0.14285714285714285,1.0,2.6666666666666665,0,n/ 무슨 일이 생겼나 봐요. 빨리 가봐요.,무슨 일이 생겼나 봐요. 빨리 가봐요.
10,0,0.0,1.0,2.75,1,자/ 여기 이렇게 서로 크기가 다른 삼각형 (2개)/(두 개)가 있어요.,여기 이렇게 서로 크기가 다른 삼각형 개)가 있어요.
7,1,0.14285714285714285,0.5,1.1666666666666667,0,n/ 차 차 차 치 치 치.,차 차 차 치 치 치.
3,0,0.0,1.0,3.3333333333333335,1,사물로 우리가 사람인데,사물로 우리가 사람인데
2,1,0.5,0.0,0.0,0,n/ (5)/(다섯).,
16,1,0.0625,1.0,2.6666666666666665,0,n/ 그럼 여기서 잠깐. 오늘의 이야기를 가지고 조금 더 생각하는 시간입니다. 한 뼘 더. 다른 생각.,그럼 여기서 잠깐. 오늘의 이야기를 가지고 조금 더 생각하는 시간입니다. 한 뼘 더. 다른 생각.
5,0,0.0,1.0,3.8,1,중요하다고 했죠. 많이 실수하는 문제예요.,중요하다고 했죠. 많이 실수하는 문제예요.
32,2,0.0625,0.8,2.8333333333333335,0,아/* 이러한 방법들로 문제를 해결할 수 있구나. 어/ 그런데 여러분 도대체 어떤 문제에 어떤 해결 방법을 써야 될지는 잘 모르겠어요. 그럼 지금부터 어떤 문제에 어떤 해결 방법을 쓰면 좋을지 한번 알아보도록 합시다.,이러한 방법들로 문제를 해결할 수 있구나. 그런데 여러분 도대체 어떤 문제에 어떤 해결 방법을 써야 될지는 잘 모르겠어요. 그럼 지금부터 어떤 문제에 어떤 해결 방법을 쓰면 좋을지 한번 알아보도록 합시다.
7,0,0.0,1.0,3.0,1,그리고 난 다음에 다시 (1번)/(한 번) 비교하시오.,그리고 난 다음에 다시 비교하시오.
2,0,0.0,1.0,3.5,1,아이들은 짹짹.,아이들은 짹짹.
12,0,0.0,1.0,3.7777777777777777,1,자/ (3분의 1)/(삼 분의 일)이 (4개)/(네 개)인 분수를 나타내는 방법을 알아보시오. 나와있네요.,(3분의 분의 일)이 개)인 분수를 나타내는 방법을 알아보시오. 나와있네요.
7,0,0.0,1.0,2.857142857142857,1,글을 읽고 내용을 알아보는 건 정말 중요하겠죠?,글을 읽고 내용을 알아보는 건 정말 중요하겠죠?
5,0,0.0,1.0,2.5,1,그렇기 때문에 이건 틀린 (설명이에요)/(설명이에여).,그렇기 때문에 이건 틀린
30,1,0.03333333333333333,1.0,3.076923076923077,0,"n/ 자/ 분수라고 하는 것은요. 우선 가로선을 중심으로 해서 아래에는 분모, 위는 분자라고 합니다. 이러한 분수는 어떤 모습들이 있을까요? 교재 138쪽/(백 삼십 팔 쪽) 활동 (2번)/(이 번)을 통해서 알아보도록 할게요.","분수라고 하는 것은요. 우선 가로선을 중심으로 해서 아래에는 분모, 위는 분자라고 합니다. 이러한 분수는 어떤 모습들이 있을까요? 교재 삼십 팔 쪽) 활동 번)을 통해서 알아보도록 할게요."
6,0,0.0,1.0,3.6,1,우와/ 되게 어려워 보이는데 생각해보니까 쉽죠?,되게 어려워 보이는데 생각해보니까 쉽죠?
3,0,0.0,1.0,4.666666666666667,1,계속해서 책을 읽어보겠습니다.,계속해서 책을 읽어보겠습니다.
2,0,0.0,1.0,4.0,1,그렇죠 이번에도.,그렇죠 이번에도.
8,0,0.0,1.0,2.2857142857142856,1,"물건을 넣을 상자의 무게는 (0.75)/(영 점 칠 오),","물건을 넣을 상자의 무게는 점 칠 오),"
6,0,0.0,1.0,2.0,1,자/ 그럼 선생님 한번 해 (볼게요)/(볼께요).,그럼 선생님 한번 해
8,0,0.0,1.0,3.375,1,"순서를 바꾸어서요, 이번에는 어떤 수들이 먼저 나오는 거예요.","순서를 바꾸어서요, 이번에는 어떤 수들이 먼저 나오는 거예요."
6,0,0.0,1.0,3.1666666666666665,1,"네, 우리 친구들이 이렇게 이야기를 하네요.","네, 우리 친구들이 이렇게 이야기를 하네요."
27,0,0.0,0.9090909090909091,3.090909090909091,1,문제 풀러 가보도록 할게요. 자/ 첫번째 문제부터 봅니다. 주머니 속에 구슬들이 들어있는데요. 빨간 구슬이 (4)/(네)개 노란 구슬이 (3)/(세)개 초록 구슬 (5)/(다섯)개가 (이렇게)/(이로케) 들어있습니다. 구슬 한개를 꺼낼 때,문제 풀러 가보도록 할게요. 첫번째 문제부터 봅니다. 주머니 속에 구슬들이 들어있는데요. 빨간 구슬이 노란 구슬이 초록 구슬 들어있습니다. 구슬 한개를 꺼낼 때
4,0,0.0,1.0,2.75,1,뭘 관찰했는지 말해 볼래?,뭘 관찰했는지 말해 볼래?
5,0,0.0,1.0,3.0,1,"(72)/(칠십 이), (71)/(칠십 일), (70)/(칠십),오/그러니까,","이), 일),"
23,2,0.08695652173913043,0.9523809523809523,2.619047619047619,0,이 문제도 뭔가 좀 어려워 보이는 말들이 많이 있는 것 같지만 여기서 아주 중요한 핵심 단어들만 찾아내면 이 문제를 아주 쉽게 풀수 있답니다.,문제도 뭔가 좀 어려워 보이는 말들이 많이 있는 것 같지만 여기서 아주 중요한 핵심 단어들만 찾아내면 문제를 아주 쉽게 풀수 있답니다.
2,0,0.0,1.0,6.0,1,(3)/(삼)을 계산할게요.,계산할게요.
3,1,0.3333333333333333,1.0,3.5,0,"n/ 똑같이에 별표,","똑같이에 별표,"
14,0,0.0,1.0,3.5714285714285716,1,자연수와 대분수를 모두 가분수로 바꿔서 계산할 수도 있습니다 다양한 방법들을 생각해서 직접 문제를 해결해보자고요.,자연수와 대분수를 모두 가분수로 바꿔서 계산할 수도 있습니다 다양한 방법들을 생각해서 직접 문제를 해결해보자고요.
12,0,0.0,0.9166666666666666,2.9166666666666665,1,이번에는 가로의 길이 세로의 길이 모두 나와 있으니까 바로 계산하기만 하면 됩니다.,이번에는 가로의 길이 세로의 길이 모두 나와 있으니까 바로 계산하기만 하면 됩니다.
16,2,0.125,1.0,3.1818181818181817,0,이 필수 문장 성분과 그렇지 않은 부분을 구분하여 쓰세요라고 했어요. n/ 친구 (LIVE)/(라이브) (맞냐고요)/(맞냐구요)? (LIVE)/(라이브) 맞습니다.,필수 문장 성분과 그렇지 않은 부분을 구분하여 쓰세요라고 했어요. 친구 맞습니다.
21,0,0.0,0.8333333333333334,2.9444444444444446,1,(1)/(한) 밑면의 넓이 어떻게 구하나요? 여기 밑면이 있네요. 반지름 곱하기 반지름 곱하기 (3.14)/(삼 점 일 사)를 하면요 (1)/(한) 밑면의 넓이가 나옵니다.,밑면의 넓이 어떻게 구하나요? 여기 밑면이 있네요. 반지름 곱하기 반지름 곱하기 점 일 사)를 하면요 밑면의 넓이가 나옵니다.
9,0,0.0,1.0,2.6666666666666665,1,자 여기 먹은 사과와 먹지 않은 사과의 그림이 보이는데요.,자 여기 먹은 사과와 먹지 않은 사과의 그림이 보이는데요.
19,0,0.0,1.0,3.6842105263157894,1,저승에 간 원님이 염라대왕에게 이승에서 좀 더 살게 해달라고 간청하자 염라대왕은 원님을 저승사자에게 돌려보냈고 저승사자는 원님에게 수고비를 내놓으라고 했어요.,저승에 간 원님이 염라대왕에게 이승에서 좀 더 살게 해달라고 간청하자 염라대왕은 원님을 저승사자에게 돌려보냈고 저승사자는 원님에게 수고비를 내놓으라고 했어요.
6,0,0.0,1.0,2.6666666666666665,1,자기가 문제를 조금 더 분석해 볼게요.,자기가 문제를 조금 더 분석해 볼게요.
4,0,0.0,1.0,2.6666666666666665,1,다시 위에서 아래로 (3)/(셋).,다시 위에서 아래로
36,1,0.027777777777777776,0.7931034482758621,2.689655172413793,0,왜냐하면 여기가 (3)/(삼) 이 되면 모두 몇 개가 되니까. (9개)/(아홉 개) 가 되니까. 그러면 여기에는 몇 개가 와야 될까요? 그렇죠. (2개)/(두 개) 가 와야 되죠. 자/ 무슨 얘기냐 하면은 여기다 다시 (1번)/(한 번) 표를 그려볼게요 선생님이.,왜냐하면 여기가 되면 모두 몇 개가 되니까. 개) 가 되니까. 그러면 여기에는 몇 개가 와야 될까요? 그렇죠. 개) 가 와야 되죠. 무슨 얘기냐 하면은 여기다 다시 표를 그려볼게요 선생님이.
7,2,0.2857142857142857,1.0,3.0,0,"n/ 직각이 (1)/(하나) 있을 땐 n/ 직각삼각형,","직각이 있을 땐 직각삼각형,"
23,4,0.17391304347826086,0.8823529411764706,2.411764705882353,0,자/ 그러니깐요 가장 이/ n/ 가 나 다 (3각)/(세 각)의 크기를 비교할 때 가장 작은 n/ 크기는 나 그다음에는 n/ 그다음 큰것은 가.,그러니깐요 가장 가 나 다 각)의 크기를 비교할 때 가장 작은 크기는 나 그다음에는 그다음 큰것은 가.
16,0,0.0,1.0,3.75,1,판소리계 소설이다. 이렇게도 얘기를 합니다. 사람들 입에서 입으로 전해져온 이야기이기 때문에 당연히 작자 미상의 고전소설이 되겠습니다.,판소리계 소설이다. 이렇게도 얘기를 합니다. 사람들 입에서 입으로 전해져온 이야기이기 때문에 당연히 작자 미상의 고전소설이 되겠습니다.
7,0,0.0,1.0,2.0,1,따라서 (10)/(십)이 (8개)/(여덟 개)인 수 몇 (10)/(십)?,따라서 개)인 수 몇
2,1,0.5,0.0,0.0,0,n/ (km)/(킬로미터).,
10,0,0.0,0.875,3.125,1,"(5번)/(오 번)까지 볼까요? (5번)/(오 번)은요, 뾰족 뾰족 뾰족한 자 입니다.","번)까지 볼까요? 번)은요, 뾰족 뾰족 뾰족한 자 입니다."
9,0,0.0,0.8571428571428571,3.142857142857143,1,그래요. (6)/(육)을 찾아서 표시 해 봐야겠죠. 선생님이 (6)/(육)을 찾아서,그래요. 찾아서 표시 해 봐야겠죠. 선생님이 찾아서
13,2,0.15384615384615385,1.0,3.0,0,n/ 우리 친구들 나그네가 옷을 벗기는 n/ 내기를 했던 (해님)/(햇님)과 구름의 이야기를 아나요?,우리 친구들 나그네가 옷을 벗기는 내기를 했던 구름의 이야기를 아나요?
5,1,0.2,1.0,3.75,0,"n/ 왼쪽에서 오른쪽, 위에서 아래로.","왼쪽에서 오른쪽, 위에서 아래로."
10,1,0.1,1.0,3.0,0,자/ 그럼 이 (15명)/(열 다섯 명)의 소년들을 빨리 만나보러 갈까요?,그럼 다섯 명)의 소년들을 빨리 만나보러 갈까요?
23,0,0.0,0.8235294117647058,2.3529411764705883,1,"자/ 여기는 지금 (100)/(백)의 자리가 (9)/(구) (8)/(팔)이기 때문에 올림 해 준 거지만, 떡볶이는 (100)/(백)의 자리 숫자가 (4)/(사)이기 때문에 뭐? 버림 해 준 거죠,","여기는 지금 자리가 때문에 올림 해 준 거지만, 떡볶이는 자리 숫자가 때문에 뭐? 버림 해 준 거죠,"
11,0,0.0,1.0,3.375,1,(1000원)/(천 원)짜리를 (800원)/(팔백 원)에 샀다. 그렇다면 (800원)/(팔백 원)을 할인받은 것이 아니라,원)짜리를 원)에 샀다. 그렇다면 원)을 할인받은 것이 아니라
13,0,0.0,1.0,2.6923076923076925,1,한 수컷 사슴벌레가 큰 턱으로 상대를 꽉 잡고 번쩍 들어올리면 힘겨루기가 끝이 나요.,한 수컷 사슴벌레가 큰 턱으로 상대를 꽉 잡고 번쩍 들어올리면 힘겨루기가 끝이 나요.
7,1,0.14285714285714285,1.0,2.8333333333333335,0,n/ 그렇죠. 앞에서 봤을 때 우리가 삼각형.,그렇죠. 앞에서 봤을 때 우리가 삼각형.
33,3,0.09090909090909091,0.8461538461538461,2.6153846153846154,0,n/ 이 네모는요 (10)/(십) 보다 크고 (17.1)/(십 칠 점 일)보다는 작은 수예요 그럼 이 중에서 가장 작은 자연수는 그렇죠 (11)/(십 일)이고 가장 큰 자연수는 (17)/(십 칠)이 되는 것이죠 그럼 두 수의 차를 구해봅시다.,네모는요 보다 크고 칠 점 일)보다는 작은 수예요 그럼 중에서 가장 작은 자연수는 그렇죠 일)이고 가장 큰 자연수는 칠)이 되는 것이죠 그럼 두 수의 차를 구해봅시다.
5,1,0.2,1.0,2.0,0,n/ 아이/ 다 쓸모 없다니,다 쓸모 없다니
4,0,0.0,1.0,3.5,1,태호야! 오늘은 기분이 어떠니.,태호야! 오늘은 기분이 어떠니.
16,2,0.125,0.9285714285714286,3.2857142857142856,0,"n/ 아/ 호랑이는 죽어서 가죽을 남기고 사람은 죽어서 이름을 남긴다는데, 스핑크스 너 만약에 죽으면 꼬리를 남길래?","호랑이는 죽어서 가죽을 남기고 사람은 죽어서 이름을 남긴다는데, 스핑크스 너 만약에 죽으면 꼬리를 남길래?"
9,1,0.1111111111111111,1.0,2.4285714285714284,0,(1)/(일) 모형은 작아서 떼는 게 n/ 힘들 수도 있어요.,모형은 작아서 떼는 게 힘들 수도 있어요.
11,1,0.09090909090909091,1.0,2.625,0,"자/ 그리고 몇 개씩, (1개)/(한 개) 씩 n/ 새로운 표현 나왔습니다.","그리고 몇 개씩, 개) 씩 새로운 표현 나왔습니다."
5,0,0.0,1.0,3.2,1,그림 일기의 내용을 한번 살펴볼까요!,그림 일기의 내용을 한번 살펴볼까요!
16,2,0.125,1.0,3.142857142857143,0,이 문제도 여러분 많이 본 문제예요. 예전부터요. 한번 볼게요. 어떤 수가 있구요. 이 수를 잘못 계산했구요.,문제도 여러분 많이 본 문제예요. 예전부터요. 한번 볼게요. 어떤 수가 있구요. 수를 잘못 계산했구요.
2,1,0.5,1.0,3.0,0,"n/ 손님,","손님,"
3,0,0.0,1.0,2.0,1,하고 싶은 말.,하고 싶은 말.
31,0,0.0,0.9230769230769231,2.9615384615384617,1,그럼 볼게요. 우리 귤이 (97개)/(구십 칠 개)가 있는데요. 이걸 (1봉지)/(한 봉지)에 (10개)/(열 개)씩 포장해서 판매하죠. 그러면 우리 (10개)/(열 개)씩 (9봉지)/(아홉 봉지)를 포장하고 남은 귤은 판매할 수 없어요. 그러니까 버림하는 거 맞죠.,그럼 볼게요. 우리 귤이 칠 개)가 있는데요. 이걸 봉지)에 개)씩 포장해서 판매하죠. 그러면 우리 개)씩 봉지)를 포장하고 남은 귤은 판매할 수 없어요. 그러니까 버림하는 거 맞죠.
5,0,0.0,1.0,3.25,1,마음이 너그럽다 @/ 권별석 친구.,마음이 너그럽다 권별석 친구.
31,1,0.03225806451612903,0.8928571428571429,3.142857142857143,0,꼭짓점. 그리고 어/ 중심점. 한치의 오차도 없이 맞았어요. 여기 밑금과 변. 한치의 오차도 없이 맞았습니다. 자/ 그래서 (이것)/(요것)이 이것이 바로 기호를 쓰라고 했었잖아요? 뭘 쓸까요? 리을을 여기다가 딱 하니 써주면 되겠네요.,꼭짓점. 그리고 중심점. 한치의 오차도 없이 맞았어요. 여기 밑금과 변. 한치의 오차도 없이 맞았습니다. 그래서 이것이 바로 기호를 쓰라고 했었잖아요? 뭘 쓸까요? 리을을 여기다가 딱 하니 써주면 되겠네요.
21,2,0.09523809523809523,0.8947368421052632,2.736842105263158,0,"n/ 오늘부터 이 방글쌤 하고 벙글 벙글 웃으면서 글을 쓰다 보면, 심각하게 생각하면서 글을 쓸 때보다 훨씬 더 무조건 재밌을 겁니다.","오늘부터 방글쌤 하고 벙글 벙글 웃으면서 글을 쓰다 보면, 심각하게 생각하면서 글을 쓸 때보다 훨씬 더 무조건 재밌을 겁니다."
18,1,0.05555555555555555,1.0,3.1333333333333333,0,n/ 레미제라블은 장발장 한 개인의 이야기지만 사실은 (19세기)/(십 구 세기) 초 /n 프랑스 사회의 모습을 그대로 보여주고 있습니다.,레미제라블은 장발장 한 개인의 이야기지만 사실은 구 세기) 초 프랑스 사회의 모습을 그대로 보여주고 있습니다.
33,2,0.06060606060606061,0.7666666666666667,2.8666666666666667,0,n/ 시뻘건 해를 이렇게 띄운다. 아까 엄마 처럼 뭐/ 물고기도 키우고 막 이렇게요+ 이렇게 자/ 이러한 풍광을 보고 이러한 장면을 보고 바다가 엄마 같기도 하고 바다가 아빠 같기도 하구나! 이렇게 표현한 시가 되겠습니다.,시뻘건 해를 이렇게 띄운다. 아까 엄마 처럼 물고기도 키우고 막 이렇게요+ 이렇게 이러한 풍광을 보고 이러한 장면을 보고 바다가 엄마 같기도 하고 바다가 아빠 같기도 하구나! 이렇게 표현한 시가 되겠습니다.
28,2,0.07142857142857142,0.8571428571428571,3.238095238095238,0,날짜 있고요. 어/ 여기 있네요. 여기 면수가 있네요. 요게 바로 면수예요. (2면)/(이 면)째라는 거죠? 그 전에는 (1면)/(일 면이 있었겠죠? 다음엔 (3면)/(삼 면)이 있겠죠? (이게)/(요게) 면수입니다. 제목 여기 (있고요)/(있구요)?,날짜 있고요. 여기 있네요. 여기 면수가 있네요. 요게 바로 면수예요. 면)째라는 거죠? 전에는 면이 있었겠죠? 다음엔 면)이 있겠죠? 면수입니다. 제목 여기
3,1,0.3333333333333333,1.0,4.0,0,n/ 얘들아! 어딨니?,얘들아! 어딨니?
17,3,0.17647058823529413,1.0,2.9285714285714284,0,n/ 이 표현에서는 시험을 얼마나 못 받는지 잘 드러나 있습니다. 하지만 그 이상의 뜻은 담고 있지 못합니다.,표현에서는 시험을 얼마나 못 받는지 잘 드러나 있습니다. 하지만 이상의 뜻은 담고 있지 못합니다.
13,1,0.07692307692307693,1.0,2.8333333333333335,0,n/ 안네가 전쟁 중에서도 희망을 잃지 않았다는 것을 알 수 있는 그런 부분이었습니다.,안네가 전쟁 중에서도 희망을 잃지 않았다는 것을 알 수 있는 그런 부분이었습니다.
3,0,0.0,1.0,3.0,1,첫번째 문제 볼까요?,첫번째 문제 볼까요?
11,0,0.0,0.9090909090909091,3.090909090909091,1,친구들이랑 함께 공부하고 싶은데 우리 친구들 친구들 만나지 못해서 조금 외롭죠.,친구들이랑 함께 공부하고 싶은데 우리 친구들 친구들 만나지 못해서 조금 외롭죠.
13,0,0.0,1.0,3.1538461538461537,1,학교의 그림물감을 가져가야 해서 아니고 엄마가 동생 편만 드는 것이 서운해서 이것이 정답입니다.,학교의 그림물감을 가져가야 해서 아니고 엄마가 동생 편만 드는 것이 서운해서 이것이 정답입니다.
15,2,0.13333333333333333,1.0,3.076923076923077,0,n/ 그럼 오늘은 여기까지 n/ 방글샘이 다시 올 때까지 주변의 일들에 방글방글 관심을 가져보세요 안녕.,그럼 오늘은 여기까지 방글샘이 다시 올 때까지 주변의 일들에 방글방글 관심을 가져보세요 안녕.
13,0,0.0,1.0,3.0833333333333335,1,차안에 있은지 벌써 (4시간)/(네 시간)이 지났다. 꽉 막힌 도로에서 자동차 안에 굉장히 지루하겠죠.,차안에 있은지 벌써 시간)이 지났다. 꽉 막힌 도로에서 자동차 안에 굉장히 지루하겠죠.
4,0,0.0,1.0,4.5,1,친구에게 고운말을 사용하면 좋겠습니다.,친구에게 고운말을 사용하면 좋겠습니다.
7,0,0.0,1.0,3.3333333333333335,1,(2)/(이)로 똑같아요. 이런 경우에는 어떻게 한다고 했죠?,똑같아요. 이런 경우에는 어떻게 한다고 했죠?
33,2,0.06060606060606061,1.0,3.0714285714285716,0,b/ 자/ 그럼 어떻게 하면 될까요? 자/ 첫번째* 방법입니다. 주제에 맞는 인물 그리고 배경을 골라야 합니다. 우리 n/ 바람이가 주제를 착한+ 생명을 소중히 여기는 이 착한 사람은 복을 받는다라고 쓰고 싶다고 했어요. 그래서,그럼 어떻게 하면 될까요? 첫번째* 방법입니다. 주제에 맞는 인물 그리고 배경을 골라야 합니다. 우리 바람이가 주제를 착한+ 생명을 소중히 여기는 착한 사람은 복을 받는다라고 쓰고 싶다고 했어요. 그래서
33,0,0.0,0.9,3.2,1,축구 농구 달리기순으로 써줄 수가 있습니다. 여러분들 이렇게 표에서 어떤 내용이 있는지 살펴보는 것도 중요한데요. 그런데 여기서 (1가지)/(한 가지) 표의 특징에는 어떤 특징이 있는지 선생님이 (1번)/(한 번) 정리해 주도록 할게요. 이런 특징이 있답니다.,축구 농구 달리기순으로 써줄 수가 있습니다. 여러분들 이렇게 표에서 어떤 내용이 있는지 살펴보는 것도 중요한데요. 그런데 여기서 가지) 표의 특징에는 어떤 특징이 있는지 선생님이 정리해 주도록 할게요. 이런 특징이 있답니다.
5,1,0.2,1.0,3.75,0,n/ 그래요. 바로 기행문이 되겠지요.,그래요. 바로 기행문이 되겠지요.
3,0,0.0,1.0,3.0,1,네 (4000)/(사천)이 되겠어요.,네 되겠어요.
9,0,0.0,0.875,2.875,1,오늘 응용 문제 꽉 잡았는지 (plus)/(플러스) 문제 확인해보도록 할게요.,오늘 응용 문제 꽉 잡았는지 문제 확인해보도록 할게요.
21,1,0.047619047619047616,1.0,3.25,0,자/ (1번)/(일 번)에서는요. 이 글에 대한 설명으로 옳지 않은 것을 고르라고 하고 있는데요. 자/ 그러면 우리 보기를 보면서 (1)/(하나)씩 살펴보도록 해보죠.,번)에서는요. 글에 대한 설명으로 옳지 않은 것을 고르라고 하고 있는데요. 그러면 우리 보기를 보면서 살펴보도록 해보죠.
6,2,0.3333333333333333,1.0,3.3333333333333335,0,n/ 음/ 역시 (digital)/(디지털) 시계군 읽어볼까?,역시 시계군 읽어볼까?
19,0,0.0,0.8,3.3333333333333335,1,"(2)/(이)로 나누나 (3)/(삼)으로 나누나 (5)/(오)로 나누나 (100)/(백)으로 나누나 비의 값은 같다, 그래서 등식이 성립한다는 거거든요, 그런데 여기서도 예외가 있습니다.","나누나 나누나 나누나 나누나 비의 값은 같다, 그래서 등식이 성립한다는 거거든요, 그런데 여기서도 예외가 있습니다."
16,0,0.0,1.0,3.142857142857143,1,자/ 역시 마찬가지로 수가 커진 만큼 곱셈 과정에서 계산 실수하지 않도록 조심해야겠습니다. 자/ 다음 문제 보죠.,역시 마찬가지로 수가 커진 만큼 곱셈 과정에서 계산 실수하지 않도록 조심해야겠습니다. 다음 문제 보죠.
16,0,0.0,1.0,2.75,1,전체의 얼마만큼을 더 읽어야 동화책을 다 읽게 되는지 풀이 과정을 쓰고 답을 구하시오 라고 얘기를 했어요.,전체의 얼마만큼을 더 읽어야 동화책을 다 읽게 되는지 풀이 과정을 쓰고 답을 구하시오 라고 얘기를 했어요.
6,0,0.0,1.0,3.0,1,자/ 동형어는 알고 보면 다른 단어예요.,동형어는 알고 보면 다른 단어예요.
18,3,0.16666666666666666,1.0,4.0,0,비참한 상황 속에서도 이 흥부의 가난은 우울하게 그려지지 않았습니다. n/ 이야기꾼이나 이 소리꾼은요. 오히려 여기에서 익살과 웃음을 보여줬지요.,비참한 상황 속에서도 흥부의 가난은 우울하게 그려지지 않았습니다. 이야기꾼이나 소리꾼은요. 오히려 여기에서 익살과 웃음을 보여줬지요.
3,0,0.0,1.0,3.3333333333333335,1,시작해 보도록 할게요.,시작해 보도록 할게요.
21,2,0.09523809523809523,1.0,3.1176470588235294,0,그러면 이 (8cm)/(팔 센티미터)를 몇 개 곱하기 (2)/(이)를 해주면 이 원의 뭐가 나옵니까? 여러분? 대답해야 되는데 지름이 나오죠. 이제는 대답 잘하네.,그러면 센티미터)를 몇 개 곱하기 해주면 원의 뭐가 나옵니까? 여러분? 대답해야 되는데 지름이 나오죠. 이제는 대답 잘하네.
23,0,0.0,0.95,3.2,1,지났을 때 어떻게 될까요? 욕조에 남아 있는 물의 양은 (1liter)/(일 리터) (500milliliter)/(오백 밀리리터)씩 들어오는데 (200milliliter)/(이백 밀리리터)씩 빠져나가기 때문에 어떻게? 이렇게 쓸 수가 있겠죠.,지났을 때 어떻게 될까요? 욕조에 남아 있는 물의 양은 리터) 밀리리터)씩 들어오는데 밀리리터)씩 빠져나가기 때문에 어떻게? 이렇게 쓸 수가 있겠죠.
10,0,0.0,0.8333333333333334,2.6666666666666665,1,자/ (31)/(삼십 일) 빼기 (15)/(십 오) 빼기 (11)/(십 일)이 있습니다.,일) 빼기 오) 빼기 일)이 있습니다.
35,6,0.17142857142857143,1.0,2.8076923076923075,0,그 다음 n/ 이글에서 알수 있는 연금술이 영향을 미치는 분야가 있었어요. 비록 금 은을 만드는 데는 실패했지만 이 사람들 덕분에 바로 과학이 발전할 수 있었다 라고 했으니까 (2번)/(이 번) n/ 이 정답이 되겠(고요)/(구요). 그 다음.,다음 이글에서 알수 있는 연금술이 영향을 미치는 분야가 있었어요. 비록 금 은을 만드는 데는 실패했지만 사람들 덕분에 바로 과학이 발전할 수 있었다 라고 했으니까 정답이 다음.
9,0,0.0,1.0,3.125,1,약속. 수학에서 약속을 여러분이 (1)/(하나) 아셔야 돼요. 뭐냐 하면.,약속. 수학에서 약속을 여러분이 아셔야 돼요. 뭐냐 하면.
4,0,0.0,1.0,2.3333333333333335,1,"(3)/(삼)을 한 값, 얼마죠?","한 값, 얼마죠?"
7,0,0.0,1.0,3.6,1,(4km)/(사 킬로미터) (100m)/(백 미터) 가 된다라는 말씀입미다,킬로미터) 미터) 가 된다라는 말씀입미다
20,0,0.0,1.0,3.3125,1,그런데요. (2자리수)/(두 자릿수)에다 (2자리수)/(두 자릿수)를 더했을 때 조금 다른 경우가 있어요. 뭐냐 하면요. (84)/(팔십 사) 더하기 (31)/(삼십 일)과 같은 경우인데요.,그런데요. 자릿수)에다 자릿수)를 더했을 때 조금 다른 경우가 있어요. 뭐냐 하면요. 사) 더하기 일)과 같은 경우인데요.
6,1,0.16666666666666666,0.6,4.2,0,뭐 연주하고 있을까요? 무엇을 연주하고 있을까요?,연주하고 있을까요? 무엇을 연주하고 있을까요?
6,0,0.0,1.0,2.6666666666666665,1,"네모 안에 들어가는 수를 찾기 위해서,","네모 안에 들어가는 수를 찾기 위해서,"
12,0,0.0,1.0,2.8333333333333335,1,가위를 사려면 얼마가 더 필요한지 풀이 과정을 쓰고 답을 구하시오 라는 문제네요.,가위를 사려면 얼마가 더 필요한지 풀이 과정을 쓰고 답을 구하시오 라는 문제네요.
14,0,0.0,1.0,3.142857142857143,1,새들은 좋겠다. 훨훨 날아서 찻길을 넘어갈 수 있으니까. 그러자 종달새가 머리를 휘휘 저으며 말했어요.,새들은 좋겠다. 훨훨 날아서 찻길을 넘어갈 수 있으니까. 그러자 종달새가 머리를 휘휘 저으며 말했어요.
17,0,0.0,1.0,3.3125,1,자/ 일본에서는요. 땅 속에서 잠자던 커다란 메기가 있는데 자 이것이 잠에서 깨어서 몸부림을 치면 지진이 일어난다고 생각했대요.,일본에서는요. 땅 속에서 잠자던 커다란 메기가 있는데 자 이것이 잠에서 깨어서 몸부림을 치면 지진이 일어난다고 생각했대요.
9,1,0.1111111111111111,1.0,3.5,0,"우리 친구들, 고사리를 보면요, 이 끝에 부분이 굉장히 꼬불꼬불해요","우리 친구들, 고사리를 보면요, 끝에 부분이 굉장히 꼬불꼬불해요"
16,0,0.0,0.9285714285714286,2.642857142857143,1,자/ 그럼 요기 좀 가까워졌죠? 자/ 그럼 이걸 또 이용해서 우리는 무엇을 구할 수 있나요? 맞아요.,그럼 요기 좀 가까워졌죠? 그럼 이걸 또 이용해서 우리는 무엇을 구할 수 있나요? 맞아요.
13,1,0.07692307692307693,1.0,2.6666666666666665,0,학교 선생님들이 평가를 할 때 이 제출 시간이나 마무리 시간을 공지를 해 줍니다.,학교 선생님들이 평가를 할 때 제출 시간이나 마무리 시간을 공지를 해 줍니다.
25,0,0.0,1.0,2.6666666666666665,1,좀 가볍게 받아도 됩니다. 수능에서 나올 가능성이 없기 때문에 연산보다는 전체적인 틀 특히나 아까 (B)/(비) 값 구하고 하는 걸 이런 것들 그러니까 조립 제법이 아니라,좀 가볍게 받아도 됩니다. 수능에서 나올 가능성이 없기 때문에 연산보다는 전체적인 틀 특히나 아까 값 구하고 하는 걸 이런 것들 그러니까 조립 제법이 아니라
15,1,0.06666666666666667,1.0,2.7142857142857144,0,n/ 아휴 답답해. 도대체 뭐라 그러길래 그래 선생님한테 이야기 좀 안 해 줄래? 궁금해 죽겠네.,아휴 답답해. 도대체 뭐라 그러길래 그래 선생님한테 이야기 좀 안 해 줄래? 궁금해 죽겠네.
16,1,0.0625,1.0,3.2,0,그러니까 아라크네는요. 우리가 방금 봤던 사진처럼 그렇게 베를 짜고 그 위에 아름답게 수를 놓는 재주가 있었나봐요.,그러니까 아라크네는요. 우리가 방금 봤던 사진처럼 그렇게 베를 짜고 위에 아름답게 수를 놓는 재주가 있었나봐요.
23,1,0.043478260869565216,0.9,3.2,0,o/ n/ 위문편지의 예를 (1)/(하나) 보여드리겠습니다. 아픈 친구에게 이렇게 위문편지를 쓸 수 있죠. 많이 아프니? 빨리 나아서 뛰어놀았으면 좋겠다 라고 쓸 수 있습니다.,위문편지의 예를 보여드리겠습니다. 아픈 친구에게 이렇게 위문편지를 쓸 수 있죠. 많이 아프니? 빨리 나아서 뛰어놀았으면 좋겠다 라고 쓸 수 있습니다.
7,0,0.0,1.0,3.8333333333333335,1,높이는 (4cm)/(사 센치미터)가 되겠습니다. 그럼 넓이는 쉽죠?,높이는 센치미터)가 되겠습니다. 그럼 넓이는 쉽죠?
29,0,0.0,0.7368421052631579,2.8421052631578947,1,"네, (ㄱ)/(기역) 친구는 (ㅏ)/(아)라고 하고 있고 (ㄴ)/(니은) 친구는 (ㅗ)/(오)라고 하고 있네. 그러면 (ㅏ)/(아)가 있는 걸 찾으면 (1번)/(일 번)에는 없고 (2번)/(이 번)에도 없고 (3번)/(삼 번)에는 있네. (3번)/(삼 번)이요,* (3번)/(삼 번).","네, 친구는 하고 있고 친구는 하고 있네. 그러면 있는 걸 찾으면 번)에는 없고 번)에도 없고 번)에는 있네. 번)이요,* 번)."
4,0,0.0,1.0,2.0,1,(21)/(이십 일) (24)/(이십 사),일) 사)
30,1,0.03333333333333333,0.9583333333333334,2.7083333333333335,0,n/ (1350)/(천 삼백 오십) 더하기 (2700원)/(이천 칠백 원) 계산하면요. (4050원)/(사천 오십 원)이 되는 거예요. 우리 버스 요금 (4050원)/(사천 오십 원)인 거 이제 (알았고요)/(알았구요). 알맞게 어림 해주면 되는데 문제에서 최소 나왔어요.,삼백 오십) 더하기 칠백 원) 계산하면요. 오십 원)이 되는 거예요. 우리 버스 요금 오십 원)인 거 이제 알맞게 어림 해주면 되는데 문제에서 최소 나왔어요.
13,0,0.0,1.0,3.3333333333333335,1,자/ 다음도 소리 (1번)/(한 번) 내어 보겠습니다 놓고/(노코) (놓고)/(노코) 자/ (ㅋ)/(키읔) 소리가 났는데요.,다음도 소리 내어 보겠습니다 소리가 났는데요.
14,0,0.0,1.0,2.9166666666666665,1,(1)/(일)에서 (4)/(사)번 친구들의 모습을 비교하여 보고 바른 자세를 찾아 알맞은 말에 동그라미 표를 하세요.,친구들의 모습을 비교하여 보고 바른 자세를 찾아 알맞은 말에 동그라미 표를 하세요.
10,1,0.1,1.0,2.3333333333333335,0,자/ @/ 성녀 와 @/ 미영 이 이야기 잘 들었나요?,성녀 와 미영 이야기 잘 들었나요?
15,0,0.0,0.8333333333333334,3.1666666666666665,1,"자/ 앞의 자음만 소리가 난다고 했으니까, 여기서도 역시 앞의 자음인 (넋)/(넉) (삯)/(삭) 이렇게 소리가 난답니다.","앞의 자음만 소리가 난다고 했으니까, 여기서도 역시 앞의 자음인 이렇게 소리가 난답니다."
25,0,0.0,0.875,3.0,1,자/ 역시 이번에는요 각의 꼭지점을 어디에 맞춰라 각도기의 중심에 맞춰라 중심에 맞춘 다음에 바로 윗변에 있는 이변을 각도기에 밑금에 맞춘 다음 벌어진 각도의 크기를 읽어준다.,역시 이번에는요 각의 꼭지점을 어디에 맞춰라 각도기의 중심에 맞춰라 중심에 맞춘 다음에 바로 윗변에 있는 이변을 각도기에 밑금에 맞춘 다음 벌어진 각도의 크기를 읽어준다.
9,1,0.1111111111111111,1.0,3.125,0,이 비행기를 만드는 데는 어떤 모양들이 몇 개나 사용됐을까요.,비행기를 만드는 데는 어떤 모양들이 몇 개나 사용됐을까요.
5,1,0.2,1.0,3.5,0,우리는 이 수를 무엇이라고 할까요?,우리는 수를 무엇이라고 할까요?
5,0,0.0,1.0,3.6,1,사람이 아닌 것을 사람처럼 표현했습니다.,사람이 아닌 것을 사람처럼 표현했습니다.
19,2,0.10526315789473684,0.9411764705882353,2.764705882352941,0,어/ 이 중에서 안 나온 거 한번 생각해볼까요? 김별창 친구 마음이 구겨지고 구겨진 마음이 쉽게 펴질 수 없기 때문입니다.,중에서 안 나온 거 한번 생각해볼까요? 김별창 친구 마음이 구겨지고 구겨진 마음이 쉽게 펴질 수 없기 때문입니다.
8,0,0.0,1.0,3.125,1,맛 표현을 오른쪽에서 찾아서 손으로 바르게 이어 보랍니다.,맛 표현을 오른쪽에서 찾아서 손으로 바르게 이어 보랍니다.
11,0,0.0,1.0,3.2,1,"자/ 그러면 우리 분식집 이름은 한번, 분식집에서 파는 이런 것들을 봤으니까요,","그러면 우리 분식집 이름은 한번, 분식집에서 파는 이런 것들을 봤으니까요,"
21,2,0.09523809523809523,1.0,3.1666666666666665,0,"자/ 일단 (1)/(일) (2)/(이) (3)/(삼) 번이 있구요 그 다음에 뒤에 (4)/(사)번 (5)/(오)번도 있었습니다 이 중에 지배하다란 뜻은 무엇일까요 한 번 찾아볼게요,","일단 번이 있구요 다음에 뒤에 있었습니다 중에 지배하다란 뜻은 무엇일까요 한 찾아볼게요,"
4,0,0.0,1.0,2.6666666666666665,1,자/ 다음 문제 볼게요.,다음 문제 볼게요.
11,0,0.0,1.0,3.272727272727273,1,짝이 정해져있는 서술어가 있는 단어들입니다. 어떤 것이 있는지 한번 찾아볼 텐데요.,짝이 정해져있는 서술어가 있는 단어들입니다. 어떤 것이 있는지 한번 찾아볼 텐데요.
19,0,0.0,1.0,3.8125,1,(4번)/(사 번) 어린이들은 아이돌들을 좋아하지요? 어른들은 동요를 듣고 따라 부르기를 원한다고 했어요. 여기 고대로 있네요. 정답은 (4번)/(사 번)이* 되겠습니다.,어린이들은 아이돌들을 좋아하지요? 어른들은 동요를 듣고 따라 부르기를 원한다고 했어요. 여기 고대로 있네요. 정답은 번)이* 되겠습니다.
24,2,0.08333333333333333,0.8888888888888888,2.3333333333333335,0,n/ (4000)/(사천)에서 (3333)/(삼천 삼백 삼십 삼)과 삼 분의 일만큼을 빼면 (666)/(육백 육십 육)과 삼 분의 이 (m)/(미터) 만큼을 농부가 더 갈 수 있었기 때문입니다.,삼백 삼십 삼)과 삼 분의 일만큼을 빼면 육십 육)과 삼 분의 만큼을 농부가 더 갈 수 있었기 때문입니다.
7,1,0.14285714285714285,1.0,3.3333333333333335,0,반시계 방향으로 돌리면 어떤 모양이 n/ 나올까요?,반시계 방향으로 돌리면 어떤 모양이 나올까요?
8,0,0.0,1.0,2.875,1,화석 연료의 대표주자가 바로 석탄 석유 오염 물질이죠.,화석 연료의 대표주자가 바로 석탄 석유 오염 물질이죠.
16,1,0.0625,1.0,3.4615384615384617,0,지연이네 학교 학생들이 수영장에 가려면요. 버스가 최소 (3대)/(세 대)는 필요하다라고 합니다. 자/ 이 말이 무슨 말이냐.,지연이네 학교 학생들이 수영장에 가려면요. 버스가 최소 대)는 필요하다라고 합니다. 말이 무슨 말이냐.
9,0,0.0,1.0,3.0,1,"네, 다음 문제는요. 교재 (85)/(팔십 오)쪽 문제 (4)/(사) 번입니다.","네, 다음 문제는요. 교재 오)쪽 문제 번입니다."
9,1,0.1111111111111111,1.0,3.142857142857143,0,자/ 이 친구들이 다 공통적으로 말하고 있는 내용이 뭐예요?,친구들이 다 공통적으로 말하고 있는 내용이 뭐예요?
19,1,0.05263157894736842,1.0,3.6666666666666665,0,자/ 여기에 있는 또 (4경)/(사 경)은요. 축시라고도 해요. 그 이후의 (2시간)/(두 시간) 간격으로 인묘진사오미신유술해 라고 이름을 붙여 시간을 불렀습니다.,여기에 있는 또 경)은요. 축시라고도 해요. 이후의 시간) 간격으로 인묘진사오미신유술해 라고 이름을 붙여 시간을 불렀습니다.
10,1,0.1,1.0,3.75,0,한 변의 n/ 길이가 (100cm)/(백 센치미터)인 정사각형이니까 넓이는 얼마가 되겠어요?,한 변의 길이가 센치미터)인 정사각형이니까 넓이는 얼마가 되겠어요?
2,1,0.5,1.0,3.0,0,n/ 끄앙.,끄앙.
30,1,0.03333333333333333,0.9615384615384616,2.8461538461538463,0,"조건을 모두 파악하는 것이 중요한 문제였고, 그 다음 두 번째 기약분수의 개념을 (1번)/(한 번) 더 정리하고 가야 되는 문제였습니다. 우리 비슷한 유형의 다른 문제도 (1)/(하나) 만 더 풀어보도록 하겠+ 게요.","조건을 모두 파악하는 것이 중요한 문제였고, 다음 두 번째 기약분수의 개념을 더 정리하고 가야 되는 문제였습니다. 우리 비슷한 유형의 다른 문제도 만 더 풀어보도록 하겠+ 게요."
7,0,0.0,1.0,2.857142857142857,1,요 배웠던 것을 다 적용해서 무엇을 해야할까요?,요 배웠던 것을 다 적용해서 무엇을 해야할까요?
37,2,0.05405405405405406,0.8787878787878788,2.878787878787879,0,"자/ 이번에는요, 우리 어/ 사람마다 글을 쓰는 목적이 다르다는 거에 대해서 한번 생각해 보기로 해요. 음/ 글을 쓰는 목적이 전부 달라요. 어떻게 다르냐 하면 자/ 우리 시는 왜 쓰지요? 그래요, 느낌이나 어떤 감동을 표현하기 위해서 시를 쓰지요.","이번에는요, 우리 사람마다 글을 쓰는 목적이 다르다는 거에 대해서 한번 생각해 보기로 해요. 글을 쓰는 목적이 전부 달라요. 어떻게 다르냐 하면 우리 시는 왜 쓰지요? 그래요, 느낌이나 어떤 감동을 표현하기 위해서 시를 쓰지요."
26,2,0.07692307692307693,1.0,3.1818181818181817,0,"n/ 말하는 의도나 목적에 어울리게 말해야 합니다. 자/ 물건을 팔아야 해요. 이 물건은 튼튼하고 매우 좋습니다 얼른 사세요 이렇게 말해야지, 내가 써보니까 별론 데요 u/ 안됩니다.","말하는 의도나 목적에 어울리게 말해야 합니다. 물건을 팔아야 해요. 물건은 튼튼하고 매우 좋습니다 얼른 사세요 이렇게 말해야지, 내가 써보니까 별론 데요 안됩니다."
32,2,0.0625,0.7857142857142857,2.5,0,"따라서 n/ 이십 오 분의 일. 작은 모눈 넓이에다가 전체 개수, (96개)/(구십 육 개). 그러면 이십 오 분의 일 n/ 곱하기 (96개)/(구십 육). 이십 오 분의 구십 육이 나옵니다. 이것을 대분수로 정리하면요.","따라서 이십 오 분의 일. 작은 모눈 넓이에다가 전체 개수, 육 개). 그러면 이십 오 분의 일 곱하기 육). 이십 오 분의 구십 육이 나옵니다. 이것을 대분수로 정리하면요."
15,0,0.0,0.9333333333333333,2.533333333333333,1,강점기 때 정말 우리 조선 사람들이 많이 고생을 했다지 아마? 어떤 고생을 했는지 한번 볼까?,강점기 때 정말 우리 조선 사람들이 많이 고생을 했다지 아마? 어떤 고생을 했는지 한번 볼까?
12,0,0.0,0.9166666666666666,2.6666666666666665,1,"그다음 색종이. 요런 것은, 요런 것은 반드시 교실 안에 있어야 해. 알았지?","그다음 색종이. 요런 것은, 요런 것은 반드시 교실 안에 있어야 해. 알았지?"
11,0,0.0,0.9,2.5,1,자/ 우리 공부 시작하기 전에 우리 친구들 주변 자리를 좀 볼까요.,우리 공부 시작하기 전에 우리 친구들 주변 자리를 좀 볼까요.
5,1,0.2,1.0,2.6666666666666665,0,n/ 이럴 (줄)/(주) 알았지? 흥!,이럴 알았지? 흥!
10,0,0.0,1.0,3.6,1,준수 어머니께서는 민서에게 곰돌이 머리핀 대신 물감을 사주셨어요. 이것도 아니고.,준수 어머니께서는 민서에게 곰돌이 머리핀 대신 물감을 사주셨어요. 이것도 아니고.
19,1,0.05263157894736842,0.8888888888888888,2.5555555555555554,0,약을 중간에 그만 먹으면 나중에 다시 아파서 그 약을 먹어도 낫지 않는 경우가 있어서 약을 끝까지 다 먹어야 한대요.,약을 중간에 그만 먹으면 나중에 다시 아파서 약을 먹어도 낫지 않는 경우가 있어서 약을 끝까지 다 먹어야 한대요.
5,0,0.0,1.0,3.0,1,어떤 정육면체에 담을 수 있을까요?,어떤 정육면체에 담을 수 있을까요?
9,0,0.0,1.0,2.3333333333333335,1,나머지 모든 수들이요 우리가 알고있던 둘 셋 넷 다섯,나머지 모든 수들이요 우리가 알고있던 둘 셋 넷 다섯
7,1,0.14285714285714285,1.0,2.8,0,n/ 반짝+ 반짝. 오/ 눈빛이 살아 있네.,반짝+ 반짝. 눈빛이 살아 있네.
4,1,0.25,1.0,3.6666666666666665,0,n/ 고마워요. 노루 아저씨.,고마워요. 노루 아저씨.
19,0,0.0,1.0,2.857142857142857,1,자/ 따라서 보기 중에 (7시간)/(일곱 시간) (20분)/(이십 분)은 (4번)/(사 번) 수족관 전망대 저녁식사 집으로 오는 환상적인 일정이 돼서 몇번?,따라서 보기 중에 시간) 분)은 수족관 전망대 저녁식사 집으로 오는 환상적인 일정이 돼서 몇번?
14,1,0.07142857142857142,1.0,2.8181818181818183,0,색을 칠했어. 어/ 그러면 인제/ 이거 뭐가 보여? 이거는 인제/ 몰라. 이건 뭔지 모르겠고.,색을 칠했어. 그러면 이거 뭐가 보여? 이거는 몰라. 이건 뭔지 모르겠고.
26,2,0.07692307692307693,0.8823529411764706,2.6470588235294117,0,그럼 우리 n/ (25)/(이십 오)에서 n/ (7)/(칠)을 한번 빼 볼까요. 지금 수 모형 (10)/(십) 모형이 (2개)/(두 개) (1)/(일) 모형이 (5개)/(다섯 개) 있어서 (25)/(이십 오)를 나타내고 있습니다.,그럼 우리 오)에서 한번 빼 볼까요. 지금 수 모형 모형이 개) 모형이 개) 있어서 오)를 나타내고 있습니다.
27,1,0.037037037037037035,0.96,2.96,0,어/ 시를 쓰는 방법엔 굉장히 여러 가지가 있는데요. 그중에 (1)/(하나)의 방법이 바로 사람이 아닌 것을 사람처럼 표현하는 거예요. 다시 말해서 사물이나 동식물을 사람처럼 표현 하는 거죠. 이렇게,시를 쓰는 방법엔 굉장히 여러 가지가 있는데요. 그중에 방법이 바로 사람이 아닌 것을 사람처럼 표현하는 거예요. 다시 말해서 사물이나 동식물을 사람처럼 표현 하는 거죠. 이렇게
4,1,0.25,1.0,2.3333333333333335,0,이/ 시를 읽고 나서.,시를 읽고 나서.
4,0,0.0,1.0,2.75,1,써+써 볼 수가 있겠구나.,써+써 볼 수가 있겠구나.
9,1,0.1111111111111111,1.0,3.0,0,음/ (4)/(사) 더하기 (1)/(일). 근데 이게 (2개)/(두 개) 있으니까*.,더하기 근데 이게 개) 있으니까*.
5,0,0.0,1.0,3.8,1,"엄마, 죄송해요. 다음부터는 잘 챙길게요.","엄마, 죄송해요. 다음부터는 잘 챙길게요."
2,0,0.0,1.0,4.5,1,이렇게 이야기해요.,이렇게 이야기해요.
9,0,0.0,1.0,3.111111111111111,1,청년의 성공 요인에 관한 인식 조사를 했는데요. 한국의 대학생들이,청년의 성공 요인에 관한 인식 조사를 했는데요. 한국의 대학생들이
11,0,0.0,1.0,3.5555555555555554,1,"(1번)/(일 번)은 할머니 진지 잡수세요, 이렇게 말했죠, 자/ 시를 사용하지는 않았어요.","번)은 할머니 진지 잡수세요, 이렇게 말했죠, 시를 사용하지는 않았어요."
18,1,0.05555555555555555,0.9411764705882353,3.2941176470588234,0,직접 여러분이 나서서 그분들이 나서서 나라를 위해 애써 주신 분들을 의사라고 합니다. 무기를 사용했어요. n/ 친구 맞습니다. 좋아요.,직접 여러분이 나서서 그분들이 나서서 나라를 위해 애써 주신 분들을 의사라고 합니다. 무기를 사용했어요. 친구 맞습니다. 좋아요.
22,1,0.045454545454545456,1.0,3.2222222222222223,0,"그다음에 n/ (100)/(백)씩 뛰어서 세기 그래요 우리 친구들 이제 알았죠? (100)/(백)의 자리 숫자가 (1)/(일)씩 커지므로 백씩 커지는 규칙이 있습니다.그렇다면 이것도 예를 들어서,","그다음에 뛰어서 세기 그래요 우리 친구들 이제 알았죠? 자리 숫자가 커지므로 백씩 커지는 규칙이 있습니다.그렇다면 이것도 예를 들어서,"
14,3,0.21428571428571427,1.0,3.2,0,n/ 자/ 선생님하고 이 희곡의 특징 정리하고 그 다음에 같이 함께 글 읽어보도록 할텐데요.,선생님하고 희곡의 특징 정리하고 다음에 같이 함께 글 읽어보도록 할텐데요.
17,0,0.0,0.8823529411764706,3.0588235294117645,1,초록색과 노란색 범퍼카의 수 친구들 그림에서 셀 수 있잖아요. 그렇죠? 한번 세어 볼까요? 초록색 범퍼카의 수는 얼마에요?,초록색과 노란색 범퍼카의 수 친구들 그림에서 셀 수 있잖아요. 그렇죠? 한번 세어 볼까요? 초록색 범퍼카의 수는 얼마에요?
14,1,0.07142857142857142,1.0,3.230769230769231,0,이 친구가 이야기하고자 하는 것은 무엇입니까? 그래요 우리 나라에 있는 김치의 종류를 소개한 것이죠.,친구가 이야기하고자 하는 것은 무엇입니까? 그래요 우리 나라에 있는 김치의 종류를 소개한 것이죠.
4,1,0.25,1.0,3.6666666666666665,0,n/ 국어 친구야. 기다려라.,국어 친구야. 기다려라.
25,0,0.0,1.0,3.0,1,자/ 제안하는 글에는 자/ 뭐뭐 해야 합니다라는 제안을 꼭 넣어 주셔야 되겠죠. 그러면 글 가와 나중에 글쓴이의 제안이 들어간 것은 가일까요? 나일까요? 항상 나지요. 예/,제안하는 글에는 뭐뭐 해야 합니다라는 제안을 꼭 넣어 주셔야 되겠죠. 그러면 글 가와 나중에 글쓴이의 제안이 들어간 것은 가일까요? 나일까요? 항상 나지요.
4,1,0.25,1.0,6.0,0,아/ (10cm)/(십 센치미터)가 되었습니까?,센치미터)가 되었습니까?
20,1,0.05,0.8947368421052632,3.1052631578947367,0,"원래 조선 n/ 초기에는 말이죠, 부모님의 상속 재산을 아들, 딸 구별 안하고 맏아들이냐 아니냐 구별 안하고 모두 균등하게 재분배해 주었습니다.","원래 조선 초기에는 말이죠, 부모님의 상속 재산을 아들, 딸 구별 안하고 맏아들이냐 아니냐 구별 안하고 모두 균등하게 재분배해 주었습니다."
2,0,0.0,0.0,0.0,1,(0)/(영) (1)/(일)이요.,
5,0,0.0,1.0,4.5,1,자/ (4)/(사) 곱하기 (5)/(오)는 얼마입니까?,곱하기 얼마입니까?
7,0,0.0,1.0,3.7142857142857144,1,그림을 그려서 해결해요. 우리 앞에서도 많이 연습했었어요.,그림을 그려서 해결해요. 우리 앞에서도 많이 연습했었어요.
16,0,0.0,1.0,3.1875,1,두 가지만이 혼동 하는데요. 우리 뉴런 강의라던가 어휘 강의에서도 설명을 하고 있으니까 한번 참고해 보시면 좋겠습니다.,두 가지만이 혼동 하는데요. 우리 뉴런 강의라던가 어휘 강의에서도 설명을 하고 있으니까 한번 참고해 보시면 좋겠습니다.
16,0,0.0,1.0,1.9090909090909092,1,자/ 우리 아까 (2*7=14)/(이 칠 십 사) 해 (줬어요)/(졌어요). (10)/(십) (을)/(일) 작게 십의 자리에 써 줬네요.,우리 아까 칠 십 사) 해 작게 십의 자리에 써 줬네요.
22,1,0.045454545454545456,0.9047619047619048,3.142857142857143,0,음/ 선생님이 생각할 때는 말이죠. 서로 오해하거나 다투는 일은 없을 것 같아요. 왜냐하면요? 상대방의 마음이 보일 테니까 말이에요. 서로 싸우는 일은 없겠죠.,선생님이 생각할 때는 말이죠. 서로 오해하거나 다투는 일은 없을 것 같아요. 왜냐하면요? 상대방의 마음이 보일 테니까 말이에요. 서로 싸우는 일은 없겠죠.
26,1,0.038461538461538464,0.84,2.8,0,"학급 친구가 장기자랑을 잘 했을 때, 또 감기로 아팠는데 친구가 청소당번을 대신해 주었을 때, 친구가 무거운 물건을 함께 들어주었을 때, 이 문제 너무 쉽죠? 몇 번인가요?","학급 친구가 장기자랑을 잘 했을 때, 또 감기로 아팠는데 친구가 청소당번을 대신해 주었을 때, 친구가 무거운 물건을 함께 들어주었을 때, 문제 너무 쉽죠? 몇 번인가요?"
21,1,0.047619047619047616,1.0,3.5789473684210527,0,n/ 두 입체도형에서 같은 것을 고르라고 했습니다. 자/ 왼쪽에 있는 도형 볼게요. 밑면의 모양이 육각형이에요. 각기둥이죠. 그러므로 육각기둥이라고 할 수 있겠네요.,두 입체도형에서 같은 것을 고르라고 했습니다. 왼쪽에 있는 도형 볼게요. 밑면의 모양이 육각형이에요. 각기둥이죠. 그러므로 육각기둥이라고 할 수 있겠네요.
17,2,0.11764705882352941,0.7142857142857143,2.4285714285714284,0,다음 중 마음을 전하고 싶은 일과 그 전하고 싶은 마음이 자/ 그 일과 마음이 알맞게 연결된 거.,다음 중 마음을 전하고 싶은 일과 전하고 싶은 마음이 일과 마음이 알맞게 연결된 거.
26,3,0.11538461538461539,1.0,2.888888888888889,0,자/ 이 띠를 이 백분율만큼씩 나눠주면 돼요. 이때 확인할 것은 한 눈금의 크기가 얼만지를 확인하는데요. (2)/(두) 칸이 (10)/(십)이니까 이 (1)/(한)칸은 (5)/(오)구나 라는 걸 알 수가 있겠죠.,띠를 백분율만큼씩 나눠주면 돼요. 이때 확인할 것은 한 눈금의 크기가 얼만지를 확인하는데요. 칸이 라는 걸 알 수가 있겠죠.
14,1,0.07142857142857142,1.0,3.076923076923077,0,"n/ 씨앗 단어, 여우. 장미. 왕자를 가지고 멋있는 글을 지어보세요. 짧든 길든 아무 상관없어요!","씨앗 단어, 여우. 장미. 왕자를 가지고 멋있는 글을 지어보세요. 짧든 길든 아무 상관없어요!"
5,0,0.0,1.0,3.75,1,자/ 우리가 정답을 적도록 하겠습니다.,우리가 정답을 적도록 하겠습니다.
5,1,0.2,1.0,2.75,0,어/ 혹시 집에 크레파스 있어?,혹시 집에 크레파스 있어?
15,0,0.0,1.0,3.466666666666667,1,그다음 아영이가 학교에서 친구들에게 방울 토마토 이름을 뭐라고 지으면 좋을지 물어 보았는데 친구들이 관심이 없었습니다.,그다음 아영이가 학교에서 친구들에게 방울 토마토 이름을 뭐라고 지으면 좋을지 물어 보았는데 친구들이 관심이 없었습니다.
4,0,0.0,1.0,2.75,1,그럼 이렇게 하는 거예요.,그럼 이렇게 하는 거예요.
4,1,0.25,1.0,4.0,0,가로에는 n/월을 표현하고 있어요.,가로에는 표현하고 있어요.
11,0,0.0,1.0,2.9,1,"그다음 직사각형의 (2변)/(두 변) 은 평행하다 라는 걸 이용해서 평행선의 성질,","그다음 직사각형의 변) 은 평행하다 라는 걸 이용해서 평행선의 성질,"
16,0,0.0,1.0,2.642857142857143,1,o/ 예를 들어서 우리 반이 축구 시합을 했어요. 어떤 친구 동수라는 친구가 (3골)/(세 골)을 넣은 거야.,예를 들어서 우리 반이 축구 시합을 했어요. 어떤 친구 동수라는 친구가 골)을 넣은 거야.
18,2,0.1111111111111111,1.0,3.142857142857143,0,아/ (대공수미법)/(대동수미법) 그다음에 향약 규범실천 모두 현실 문제를 어떻게든 해결해 보려 했던 바로 (이이)/(이 이)의 n/ 아이디어가 되겠습니다.,그다음에 향약 규범실천 모두 현실 문제를 어떻게든 해결해 보려 했던 바로 이)의 아이디어가 되겠습니다.
7,0,0.0,1.0,2.8333333333333335,1,o/ 부드럽고 따뜻한 편지가 될 수 있거든요.,부드럽고 따뜻한 편지가 될 수 있거든요.
6,0,0.0,0.8333333333333334,2.6666666666666665,1,짜증이 난 거예요. 가기 싫은 거예요.,짜증이 난 거예요. 가기 싫은 거예요.
24,4,0.16666666666666666,0.8947368421052632,3.1052631578947367,0,"n/ 그렇죠. 구하는 것이 무엇인지 찾아 봐야 됩니다. 이 문제에서 구하는 것은요. n/ 연필은 볼펜보다 몇 자루 더 남았는가 (이고요)/(이구요). 이 문제에서 주어진 조건은요,","그렇죠. 구하는 것이 무엇인지 찾아 봐야 됩니다. 문제에서 구하는 것은요. 연필은 볼펜보다 몇 자루 더 남았는가 문제에서 주어진 조건은요,"
13,0,0.0,1.0,2.5,1,헤질 때 또 만나자 고 손 흔드는 친구 좋아라고 (1연)/(일 연)에서 말하고 있습니다.,헤질 때 또 만나자 고 손 흔드는 친구 좋아라고 연)에서 말하고 있습니다.
35,2,0.05714285714285714,0.9629629629629629,3.074074074074074,0,"(그러면)/(그러면은) 결국 (4)/(사) 곱하기 (5 묶음)/(다섯 묶음), (5)/(오)로 써줄 수가 있고, (20)/(이십) 이 되겠죠. 이 (20)/(이십)이 의미하는게 무엇이다 여러분? 바로 연후의 붙임 딱지, 연우가 가져간 붙임 딱지를 의미 하겠죠. 그런데 우리가 구해야 되는게 여러분 무엇인가요?","결국 곱하기 (5 묶음), 써줄 수가 있고, 되겠죠. 의미하는게 무엇이다 여러분? 바로 연후의 붙임 딱지, 연우가 가져간 붙임 딱지를 의미 하겠죠. 그런데 우리가 구해야 되는게 여러분 무엇인가요?"
19,1,0.05263157894736842,1.0,3.230769230769231,0,자/ 여기에는요 짧은 시가 (1)/(하나) 나와 있는데요. 여기에 관련된 문제를 (풀어보려고)/(풀어볼려고) 합니다. (1번)/(일 번) 문제 같이 풀어보도록 할게요. n/,여기에는요 짧은 시가 나와 있는데요. 여기에 관련된 문제를 합니다. 문제 같이 풀어보도록 할게요.
5,0,0.0,1.0,3.0,1,자/ 우리 한글이 만나러 갈까요?,우리 한글이 만나러 갈까요?
8,0,0.0,1.0,3.75,1,어떤가요? 선생님 알맞은 크기의 목소리로 또박또박 잘 이야기했나요?,어떤가요? 선생님 알맞은 크기의 목소리로 또박또박 잘 이야기했나요?
28,0,0.0,1.0,2.8518518518518516,1,그럼 이어서 글 읽을게요.. 마을 광장 에도 유리로 만든 사람의 동상이 서 있었다. 자/ 친구들 광장이라는 것은요 많은 사람들이 모일 수 있도록* 길거리에 만들어 놓은 넓은 빈터를 말합니다.,그럼 이어서 글 읽을게요.. 마을 광장 에도 유리로 만든 사람의 동상이 서 있었다. 친구들 광장이라는 것은요 많은 사람들이 모일 수 있도록* 길거리에 만들어 놓은 넓은 빈터를 말합니다.
20,1,0.05,1.0,3.0625,0,자/ 여러분 이 문제는요. 여러분들이 두 분모+ 분모가 다른 진분수의 덧셈 계산하는 (2가지)/(두 가지) 방법을 다 알고 있는지를 물어보는 (문제였고요)/(문제였구요).,여러분 문제는요. 여러분들이 두 분모+ 분모가 다른 진분수의 덧셈 계산하는 가지) 방법을 다 알고 있는지를 물어보는
9,0,0.0,1.0,2.857142857142857,1,그럼 (10개)/(열 개)씩 묶음이 몇 개인지 함께 세어볼까요? b/,그럼 개)씩 묶음이 몇 개인지 함께 세어볼까요?
9,0,0.0,1.0,2.857142857142857,1,(3)/(세) 병 산다고 했으니까 (3)/(세) 개를 지워주면 되는 거예요.,병 산다고 했으니까 개를 지워주면 되는 거예요.
4,0,0.0,1.0,4.5,1,백성들에게 사랑받는 왕자이기도 합니다.,백성들에게 사랑받는 왕자이기도 합니다.
4,1,0.25,1.0,4.0,0,음/ 그래요 (6)/(육) 이잖아요.,그래요 이잖아요.
4,1,0.25,1.0,4.666666666666667,0,n/ 윌콕스가 의견을 내놓았습니다.,윌콕스가 의견을 내놓았습니다.
14,0,0.0,1.0,3.0714285714285716,1,"무엇이요? 시간을 나타내는 말과 서술어의 호응인 거, 시간 관련된 표현 있는 거 찾아보라는 얘기에요.","무엇이요? 시간을 나타내는 말과 서술어의 호응인 거, 시간 관련된 표현 있는 거 찾아보라는 얘기에요."
1,0,0.0,0.0,0.0,1,(3)/(셋).,
17,2,0.11764705882352941,1.0,3.4166666666666665,0,"n/ 자/ 이 뺄셈식을 보면서 나눗셈식으로 다시 한번 적어볼게요. 나누어지는 수 (56)/(오십 육) 앞에다가 적어 (주고요)/(주구요). 나누기,","뺄셈식을 보면서 나눗셈식으로 다시 한번 적어볼게요. 나누어지는 수 육) 앞에다가 적어 나누기,"
15,1,0.06666666666666667,1.0,2.7142857142857144,0,여기서 역시 선생님이 문장제 문제를 풀 때 가장 중요한 건 무엇이라고 했죠 무엇을 n/ 구하느냐.,여기서 역시 선생님이 문장제 문제를 풀 때 가장 중요한 건 무엇이라고 했죠 무엇을 구하느냐.
15,0,0.0,1.0,3.1333333333333333,1,"환경오염 문제를 해결하고 있다, 이렇게 설명해 주면 되겠죠. 자원을 절약하는 방법 뭐가 있나요? 그렇죠, 우리","환경오염 문제를 해결하고 있다, 이렇게 설명해 주면 되겠죠. 자원을 절약하는 방법 뭐가 있나요? 그렇죠, 우리"
10,0,0.0,0.9,3.5,1,방 모형이라는 것은요. 세종대왕이 생활했던 방 모습을 그대로 꾸며놓은 것이예요.,방 모형이라는 것은요. 세종대왕이 생활했던 방 모습을 그대로 꾸며놓은 것이예요.
3,1,0.3333333333333333,1.0,2.5,0,n/ 모두 안녕.,모두 안녕.
26,2,0.07692307692307693,0.9130434782608695,3.1739130434782608,0,아 여기 가란 네모 안에 든 거군요. 가는요 단풍이 들었습니다. 나는 단풍이 들었습니다. 어/ 더 있어요 나뭇잎 꽃잎처럼 보입니다. 그랬네요 가는 문장이 (1)/(한) 개입니다. 어떻게 아냐고요,여기 가란 네모 안에 든 거군요. 가는요 단풍이 들었습니다. 나는 단풍이 들었습니다. 더 있어요 나뭇잎 꽃잎처럼 보입니다. 그랬네요 가는 문장이 개입니다. 어떻게 아냐고요
3,0,0.0,1.0,2.0,1,다 같이 모여서,다 같이 모여서
5,0,0.0,1.0,3.4,1,어류는 아가미가 있는 척추 동물입니다.,어류는 아가미가 있는 척추 동물입니다.
26,1,0.038461538461538464,0.96,2.68,0,어/ 문제를 푼다고 생각하지 말고 우리 생활 속에서 충분히 발견할 수 있는 것들을 마치 퀴즈처럼 풀어간다고 생각하면 이번 단원 조금 더 재미있게 공부할 수 있을 겁니다.,문제를 푼다고 생각하지 말고 우리 생활 속에서 충분히 발견할 수 있는 것들을 마치 퀴즈처럼 풀어간다고 생각하면 이번 단원 조금 더 재미있게 공부할 수 있을 겁니다.
4,1,0.25,1.0,1.6666666666666667,0,n/ 글 가의 내용,글 가의 내용
16,0,0.0,1.0,3.3333333333333335,1,자/ 그래서 보여주세요. 알맞지 않은 건. 나무의 녹색은 눈의 피로를 풀어주니까 건강해져요. 그러니까 이건 맞는 거예요.,그래서 보여주세요. 알맞지 않은 건. 나무의 녹색은 눈의 피로를 풀어주니까 건강해져요. 그러니까 이건 맞는 거예요.
4,1,0.25,1.0,5.333333333333333,0,n/ 제곱미터를 제곱센티미터로 고치려면,제곱미터를 제곱센티미터로 고치려면
5,0,0.0,1.0,3.2,1,지석아. 괜찮아 실수로 그런건데 뭘.,지석아. 괜찮아 실수로 그런건데 뭘.
9,1,0.1111111111111111,1.0,3.7142857142857144,0,자/ 이 내용 우리 친구들 읽어봤겠죠? 선생님 읽었으리라고 믿어요.,내용 우리 친구들 읽어봤겠죠? 선생님 읽었으리라고 믿어요.
37,1,0.02702702702702703,0.9545454545454546,2.5,0,(5)/(오) (1)/(일)은 (5)/(오) (5)/(오) (2)/(이) (10)/(십) (5)/(오) (4)/(사) (2)/(이십) 얼마? 바로 (124)/(백 이십 사)가 됩 니다. 자/ 그럼 (100)/(백)분의(124)/(백 이십 사)를 소수로 바꾸면 소수 (2자리)/(두 자리)수가 되어야 하니 (1.24)/(일 점 이 사) 이렇게 구할 수가 있는 거예요.,얼마? 바로 이십 사)가 됩 니다. 그럼 이십 사)를 소수로 바꾸면 소수 자리)수가 되어야 하니 점 사) 이렇게 구할 수가 있는 거예요.
8,0,0.0,1.0,3.375,1,각자 겪은것 살아온 환경이 다르니 생각하는 방식도 다르겠지요?,각자 겪은것 살아온 환경이 다르니 생각하는 방식도 다르겠지요?
16,1,0.0625,1.0,2.8,0,이와 (같이)/(가치) 문제를 해결해 주면 돼요 (3)/(삼) (씩)/(식) 커진다 (3)/(삼) (이렇게)/(요로케) 그 답을 표현 해주어도 좋겠네요.,이와 문제를 해결해 주면 돼요 커진다 답을 표현 해주어도 좋겠네요.
4,0,0.0,1.0,4.0,1,자/ 어디에 올라탔었어요. 음?,어디에 올라탔었어요. 음?
10,1,0.1,1.0,3.2222222222222223,0,"n/ 궁금증이 아주 많은 저, 웨이터가 최고의 국어 요리를 드리겠습니다.","궁금증이 아주 많은 저, 웨이터가 최고의 국어 요리를 드리겠습니다."
11,0,0.0,1.0,3.0,1,앞으로 넷째 다섯째 여섯째 일곱째 시간에도 선생님은 여러분과 함께 할 거예요.,앞으로 넷째 다섯째 여섯째 일곱째 시간에도 선생님은 여러분과 함께 할 거예요.
6,0,0.0,1.0,3.0,1,형은 자기가 만든 직육면체 주사위를 썼죠.,형은 자기가 만든 직육면체 주사위를 썼죠.
11,1,0.09090909090909091,1.0,3.7777777777777777,0,그래서 곡면이라고 적어주시면 되겠어요. 자/ 그다음 보죠. n/ 계속 비교해 보면서요.,그래서 곡면이라고 적어주시면 되겠어요. 그다음 보죠. 계속 비교해 보면서요.
6,0,0.0,1.0,2.3333333333333335,1,삼각형은 도저히 그릴 수 없는 거야,삼각형은 도저히 그릴 수 없는 거야
34,2,0.058823529411764705,0.9,3.033333333333333,0,"n/ 오늘 배운 내용을 정리하는 오늘의 숙제, 오늘 펭수는 우유를 오전에 (5분의1 리터)/(오 분의 일 리터) 오후에 (10분의3 리터)/(십 분의 삼 리터) 마셨습니다. 팽수가 마신 우유는 모두 몇 리터일까요? 이 문제의 정답을 아는 친구들은요.","오늘 배운 내용을 정리하는 오늘의 숙제, 오늘 펭수는 우유를 오전에 (5분의1 분의 일 리터) 오후에 (10분의3 분의 삼 리터) 마셨습니다. 팽수가 마신 우유는 모두 몇 리터일까요? 문제의 정답을 아는 친구들은요."
10,0,0.0,1.0,3.125,1,있네요. 정말 (30)/(삼십)만 없어요. 그러므로 들어갈 수는 (30)/(삼십)이 되는 거예요.,있네요. 정말 없어요. 그러므로 들어갈 수는 되는 거예요.
3,0,0.0,1.0,4.0,1,수직선을 준비해 봤거든요?,수직선을 준비해 봤거든요?
4,0,0.0,1.0,2.6666666666666665,1,이거 (1)/(하나)만 기억 하세요.,이거 기억 하세요.
3,0,0.0,1.0,3.6666666666666665,1,정말요? 어떤 규칙이요?,정말요? 어떤 규칙이요?
14,0,0.0,0.9285714285714286,3.7857142857142856,1,"우리가 읽을 글에는요. 토론하는 장면이 나옵니다. 인터넷 신조어 사용해도 좋을까요. 네, 사용해도 좋습니다. 찬성합니다","우리가 읽을 글에는요. 토론하는 장면이 나옵니다. 인터넷 신조어 사용해도 좋을까요. 네, 사용해도 좋습니다. 찬성합니다"
5,0,0.0,1.0,2.0,1,자/ (465)/(사백 육십 오) (하고요)/(하구요).,육십 오)
4,1,0.25,1.0,3.3333333333333335,0,"n/ 그럼, 이건 참이겠지!","그럼, 이건 참이겠지!"
18,0,0.0,0.9375,2.8125,1,네/ 우리 직육면체와 정육면체를 한번 비교해 보겠습니다 같은 점도 있고 다른 점도 있는데요 눈을 크게 뜨고 보세요 네/.,우리 직육면체와 정육면체를 한번 비교해 보겠습니다 같은 점도 있고 다른 점도 있는데요 눈을 크게 뜨고 보세요
9,0,0.0,1.0,2.7777777777777777,1,기사제목보다 기사 내용의 글자 크기를 더 크고 진하게 한다.,기사제목보다 기사 내용의 글자 크기를 더 크고 진하게 한다.
4,1,0.25,1.0,4.5,0,n/ 우와/ 잘했다. 강아지는.,잘했다. 강아지는.
5,1,0.2,1.0,3.5,0,n/ 등장 인물과 가상의 인터뷰하기.,등장 인물과 가상의 인터뷰하기.
15,1,0.06666666666666667,1.0,2.4285714285714284,0,"(ㅂ)/(비읍), (ㄷ)/(디귿), (ㄱ)/(기역)은, 뒤에 오는 자음 (ㅁ)/(미음), (ㄴ)/(니은)을 만날 경우에, 이 앞의 소리인 (ㅂ)/(비읍)은 (ㅁ)/(미음)으로,","뒤에 오는 자음 만날 경우에, 앞의 소리인"
2,0,0.0,1.0,3.0,1,이게 뭔데요?,이게 뭔데요?
26,0,0.0,1.0,3.5833333333333335,1,그래서 선생님의 소설 할 때 뭐라고 얘기했습니까? 현대소설할때도 인물을 잘 따라가자 인물에 집중하자라는 말씀을 드렸습니다. 고전소설도 다르지 않습니다. 자/ 감자 타임 감을 잡아볼게요. 고전소설 어떻게 (읽으라고요)/(읽으라구요)?,그래서 선생님의 소설 할 때 뭐라고 얘기했습니까? 현대소설할때도 인물을 잘 따라가자 인물에 집중하자라는 말씀을 드렸습니다. 고전소설도 다르지 않습니다. 감자 타임 감을 잡아볼게요. 고전소설 어떻게
1,1,1.0,0.0,0.0,0,n/짜자짜자잔,
17,0,0.0,1.0,3.0,1,"곱하기 (3.1)/(삼 쩜 일)을 하면은 (8)/(팔) (1)/(일)은 (8)/(팔). (1)/(일) (1)/(일)은 (1)/(일). (0)/(영). (8)/(팔)/(3)/(삼) (24)/(이십 사). (2)/(이) 올라가고,","곱하기 쩜 일)을 하면은 사). 올라가고,"
17,0,0.0,1.0,2.875,1,이게 바로 음미하는 것이거든요 자/ 그런데 이것이 조금 더 나아가서 뜻이 확대가 됐습니다 자 이것을 확대라고 해요.,이게 바로 음미하는 것이거든요 그런데 이것이 조금 더 나아가서 뜻이 확대가 됐습니다 자 이것을 확대라고 해요.
28,0,0.0,0.9411764705882353,3.0588235294117645,1,(1번)/(한 번) (2번)/(두 번) (3번)/(세 번) 더하는것을 바로 (요렇게)/(요로케) (0.4)/(영 점 사) 곱하기 (3)/(삼) 으로 우아하게 수학적으로 표현하는 거죠. 그래서 요(0.4)/(영 점 사)곱하기 (3)/(삼)을요. 수직선에 다 나타낼 때는요.,더하는것을 바로 점 사) 곱하기 으로 우아하게 수학적으로 표현하는 거죠. 그래서 점 사)곱하기 수직선에 다 나타낼 때는요.
7,1,0.14285714285714285,1.0,3.3333333333333335,0,"n/ 넷째는요, 읽는 이에게 교훈과 감동을 줍니다.","넷째는요, 읽는 이에게 교훈과 감동을 줍니다."
4,0,0.0,1.0,3.3333333333333335,1,(28)/(이십 팔)이 가장 작습니다.,팔)이 가장 작습니다.
4,0,0.0,1.0,3.6666666666666665,1,자/ 그러면 어떻게 되었나요?,그러면 어떻게 되었나요?
9,0,0.0,1.0,3.4444444444444446,1,이제는 개념 다지기 등에서 오늘의 국어문제 술술 풀어보도록 하겠습니다.,이제는 개념 다지기 등에서 오늘의 국어문제 술술 풀어보도록 하겠습니다.
25,2,0.08,0.9523809523809523,3.1904761904761907,0,n/ 각 부분에서의 이름은요. 요렇게 됩니다. 아/ 빈 칸이 다 되어 있는데요. (1번)/(한 번) 채워볼까요? 일단 설명을 들으면서 채워보겠습니다. 첫 번째 설명을 짜잔 여기 있습니다.,각 부분에서의 이름은요. 요렇게 됩니다. 빈 칸이 다 되어 있는데요. 채워볼까요? 일단 설명을 들으면서 채워보겠습니다. 첫 번째 설명을 짜잔 여기 있습니다.
15,0,0.0,1.0,3.0833333333333335,1,(18)/(십 팔)이 되는거죠. 그래서 굴렁쇠가 굴러간 거리는 (18m)/(십 팔 미터) (95cm)/(구십 오 센티미터) 가 되겠네요.,팔)이 되는거죠. 그래서 굴렁쇠가 굴러간 거리는 팔 미터) 오 센티미터) 가 되겠네요.
12,1,0.08333333333333333,1.0,2.875,0,자/ 오/ 아무래도 그 개인방송 u/요 새로운 엄청 많이 생겨날 것 같아요.,아무래도 개인방송 새로운 엄청 많이 생겨날 것 같아요.
21,1,0.047619047619047616,0.95,3.3,0,먼저 밑줄 그은 부분 읽어볼까요? 세계 기록이라는 말 대신에 세계 최고기록이라는 용어를 쓴다 라고 했습니다. 이 문장 속에서 목적은 무엇입니까? 그렇습니다.,먼저 밑줄 그은 부분 읽어볼까요? 세계 기록이라는 말 대신에 세계 최고기록이라는 용어를 쓴다 라고 했습니다. 문장 속에서 목적은 무엇입니까? 그렇습니다.
36,1,0.027777777777777776,0.875,2.3333333333333335,0,(4개)/(네 개)가 (되고요)/(되구요). (4개)/(네 개)로 나눈 것 중에 자/ (4개)/(네 개)로 나눈 것 중의 하나니까는 (4)/(사)와 사 분의 일. 즉 이것은 n/ (4)/(사)와 사분의 일이다. (1)/(하나) 아니 근데 도대체 아무리 봐도 (1)/(일) 더하기 (2)/(이) 는 (4)/(사)?,개)가 개)로 나눈 것 중에 개)로 나눈 것 중의 하나니까는 사 분의 일. 즉 이것은 사분의 일이다. 아니 근데 도대체 아무리 봐도 더하기 는
5,0,0.0,1.0,2.5,1,(5)/(오)라고 구할 수도 있는 것이죠.,구할 수도 있는 것이죠.
12,0,0.0,1.0,2.888888888888889,1,자/ 그러면 (1/10)/(십분의 일)이 (3개)/(세 개)가 모인 것을 우리가 뭐라고 하죠? 얼마지?,그러면 일)이 개)가 모인 것을 우리가 뭐라고 하죠? 얼마지?
22,0,0.0,1.0,3.4210526315789473,1,발표 상황에 알맞은 자료를 활용하여 발표하면 좋은 점을 선으로 이으시오. (1)/(일)번 사진이나 그림은 어때요? 생생 꼭 기억해+ 기억해야되죠? 그러니까 (1)/(일)번은 (ㄷ)/(디귿)이 되겠고요?,발표 상황에 알맞은 자료를 활용하여 발표하면 좋은 점을 선으로 이으시오. 사진이나 그림은 어때요? 생생 꼭 기억해+ 기억해야되죠? 그러니까 되겠고요?
25,0,0.0,0.96,2.64,1,뺄셈과 나눗셈 덧셈 곱셈이 있을 때는 나눗셈과 곱셈부터 먼저 계산 하라고 했지 까진 잘 생각 했어요 그런데 괄호가 있기 때문에 괄호부터 먼저 계산을 줘야 됩니다.,뺄셈과 나눗셈 덧셈 곱셈이 있을 때는 나눗셈과 곱셈부터 먼저 계산 하라고 했지 까진 잘 생각 했어요 그런데 괄호가 있기 때문에 괄호부터 먼저 계산을 줘야 됩니다.
13,0,0.0,1.0,2.3076923076923075,1,같은 속도로 움직였을 때 가운데 쯤 왔을 때는 아마 요런 모양이 될 꺼에요.,같은 속도로 움직였을 때 가운데 쯤 왔을 때는 아마 요런 모양이 될 꺼에요.
19,2,0.10526315789473684,1.0,3.2,0,"이렇게 써줘도 되고, 약분을 하니 얼마인가요? (4)/(사), (2)/(이), (8)/(팔). 그/ 다음에 (4)/(사), (6)/(육)의 (24)/(스물 넷) (2600)/(이천 육백) 이 되고요.","이렇게 써줘도 되고, 약분을 하니 얼마인가요? 다음에 넷) 육백) 되고요."
6,0,0.0,1.0,4.4,1,자/ 색칠한 부분만큼 (3)(삼)을 위에 적어줍니다.,색칠한 부분만큼 (3)(삼)을 위에 적어줍니다.
9,0,0.0,0.0,0.0,1,"(1)/(하나), (2)/(둘), (3)/(셋), (1)/(하나), (2)/(둘), (3)/(셋), (1)/(하나), (2)/(둘), (3)/(셋).",
23,0,0.0,1.0,3.0454545454545454,1,자 이번 개념의 목표는 직(6)/(육)면체의 부피를 구하는 곳이에요. 그러기 위해서 우리가 이제 차근차근 문제를 풀어 보는 거예요. 가로로 놓은 쌓기나무가 몇 개냐고 물어봤습니다.,자 이번 개념의 목표는 부피를 구하는 곳이에요. 그러기 위해서 우리가 이제 차근차근 문제를 풀어 보는 거예요. 가로로 놓은 쌓기나무가 몇 개냐고 물어봤습니다.
11,1,0.09090909090909091,0.7,1.1,0,n/ 빠 뺘 뻐 뼈 뽀 뽀 뿌 뿌 뿌 삐.,빠 뺘 뻐 뼈 뽀 뽀 뿌 뿌 뿌 삐.
19,2,0.10526315789473684,1.0,3.0588235294117645,0,지금 이 시에서는 계속해서 해야 나오너라 하면서 해를 기다리고 있지요? 그러니까 시의 내용과 어울린다는 것을 알 수 있습니다. n/,지금 시에서는 계속해서 해야 나오너라 하면서 해를 기다리고 있지요? 그러니까 시의 내용과 어울린다는 것을 알 수 있습니다.
6,1,0.16666666666666666,1.0,3.25,0,n/ 요. 자/ 천천히 선생님 적었어요.,요. 천천히 선생님 적었어요.
14,0,0.0,1.0,3.272727272727273,1,알 수 있는 내용 (2가지)/(두 가지)를 고르라고 했네요. 그러면 선택지 살펴보면서 (1)/(하나) (1)/(하나) 확인하자구요.,알 수 있는 내용 가지)를 고르라고 했네요. 그러면 선택지 살펴보면서 확인하자구요.
4,0,0.0,1.0,3.0,1,"그럼 똑같이 (1묶음)/(한 묶음),","그럼 똑같이 묶음),"
10,0,0.0,1.0,3.2,1,"김치 하면 붉은색이 생각나죠. 이렇게 붉은 색이 나는 김치가 아닌+아니라,","김치 하면 붉은색이 생각나죠. 이렇게 붉은 색이 나는 김치가 아닌+아니라,"
13,1,0.07692307692307693,1.0,2.6666666666666665,0,n/ 활을 쏘고 줄을 던져서 달을 잡으려고 했습니다. 허? 그래서 어떻게 됐 수가?,활을 쏘고 줄을 던져서 달을 잡으려고 했습니다. 허? 그래서 어떻게 됐 수가?
8,1,0.125,1.0,3.7142857142857144,0,n/ 빈칸에 들어갈 말을 채워서 홈페이지 수강후기에 올려주세요.,빈칸에 들어갈 말을 채워서 홈페이지 수강후기에 올려주세요.
3,0,0.0,1.0,4.0,1,그거 (1)/(하나) 보여줄게요.,그거 보여줄게요.
7,0,0.0,1.0,3.5,1,(4가지)/(네 가지) 이름들을 각각 한번씩 써보도록 하자구요.,가지) 이름들을 각각 한번씩 써보도록 하자구요.
19,0,0.0,1.0,2.764705882352941,1,"자/ 그래서 여기서 중요한 건 뭐냐. 여기 지금 숫자가 있다 그랬는데, (이것)/(요것)을 우리는 뭐라고 하냐면 기준이 되는 수라 그래요.","그래서 여기서 중요한 건 뭐냐. 여기 지금 숫자가 있다 그랬는데, 우리는 뭐라고 하냐면 기준이 되는 수라 그래요."
11,0,0.0,1.0,2.75,1,반대로 (24)/(이십 사)는 (6)/(육)의 (4배)/(네 배)입이다 라고 말할 수 있는 거예요.,반대로 사)는 배)입이다 라고 말할 수 있는 거예요.
4,1,0.25,1.0,3.0,0,"n/ 첫째, 서평의 특성.","첫째, 서평의 특성."
4,0,0.0,1.0,1.5,1,(2)/(이)는 한 번에 (2)/(이)!,한 번에
20,1,0.05,0.8888888888888888,2.8333333333333335,0,꽃도 여러 종류에요. 목련꽃 벚꽃 어/ 그럼 (ㄱ)/(기역)에는 뭐가 들어갈까 친구들이 하나씩 써 볼까요? 꽃 목련꽃 벚꽃 말고 개나리꽃 맞습니다.,꽃도 여러 종류에요. 목련꽃 벚꽃 그럼 뭐가 들어갈까 친구들이 하나씩 써 볼까요? 꽃 목련꽃 벚꽃 말고 개나리꽃 맞습니다.
5,0,0.0,1.0,3.0,1,"(2)/(이)에도 (8)/(팔) 곱해서 (16)/(십 육),","곱해서 육),"
14,0,0.0,1.0,3.7,1,o/ 아닙니다. 이번에는 뭔가 또 특별한 내용이 번뜩 u/ 숨어있습니다.* 자/ 제가 (1)/(하나)를 보여드릴게요.,아닙니다. 이번에는 뭔가 또 특별한 내용이 번뜩 숨어있습니다.* 제가 보여드릴게요.
13,0,0.0,1.0,3.9166666666666665,1,그러면 선생님이요. 짠/ 동물마을일보를 한번 가지고 왔어요 .동물 마을의 신문에 어떻게 나오는지 찾아봤거든요.,그러면 선생님이요. 동물마을일보를 한번 가지고 왔어요 .동물 마을의 신문에 어떻게 나오는지 찾아봤거든요.
11,1,0.09090909090909091,0.8333333333333334,3.1666666666666665,0,자/ (5번)/(오 번)과 (7번)/(칠 번) 문제 되겠는데요. 문제 함께 볼까요. n/,번)과 문제 되겠는데요. 문제 함께 볼까요.
14,1,0.07142857142857142,0.8461538461538461,2.4615384615384617,0,어/ 나 왜 이렇게 계산이 빨리 안 되지 식이 빨리 안 만들어지지 고민하지 마시구요.,나 왜 이렇게 계산이 빨리 안 되지 식이 빨리 안 만들어지지 고민하지 마시구요.
10,0,0.0,1.0,2.25,1,그래서 (0.4)/(영 점 사) 씩 (3번)/(세 번)이면 바로 어느 부분?,그래서 점 사) 씩 번)이면 바로 어느 부분?
30,1,0.03333333333333333,1.0,3.391304347826087,0,n/ 자/ 길이가 (40m)/(사십 미터)인 거리 양쪽에 처음부터 끝까지 (5m)/(오 미터) 간격으로 가로등을 세우려고 합니다. 가로등은 모두 몇 개가 필요할까요? 자/ 선생님이 (40m)/(사십 미터)라고 해서 이렇게 자/ 길이를 준비해 봤습니다.,길이가 미터)인 거리 양쪽에 처음부터 끝까지 미터) 간격으로 가로등을 세우려고 합니다. 가로등은 모두 몇 개가 필요할까요? 선생님이 미터)라고 해서 이렇게 길이를 준비해 봤습니다.
14,1,0.07142857142857142,1.0,3.5,0,n/ 오/ 그렇지요. 지금부터 낱말 사이에 여러 가지 관계에 대하여 조사한 것을 발표하겠다고 얘기했잖아요.,그렇지요. 지금부터 낱말 사이에 여러 가지 관계에 대하여 조사한 것을 발표하겠다고 얘기했잖아요.
9,0,0.0,0.8333333333333334,3.1666666666666665,1,(6)/(육) 곱하기 (8 분의 3)/(팔 분의 삼)인데요 자/ 어떡해요?,곱하기 (8 분의 분의 삼)인데요 어떡해요?
14,0,0.0,1.0,3.0,1,똑같은 말을 하더라도 표정이나 말투가 어떠냐에 따라서 완전히 다른 의미가 될 수도 있다고 했잖아요.,똑같은 말을 하더라도 표정이나 말투가 어떠냐에 따라서 완전히 다른 의미가 될 수도 있다고 했잖아요.
20,1,0.05,0.9285714285714286,2.857142857142857,0,자/ n/ 마찬가지로 (14시간)/(열 네 시간)인데요. 이번에 아름다운 도시는요 (14시간)/(열 네 시간) (17분)/(십 칠 분) (18초)/(십 팔 초) 가 되겠네요.,마찬가지로 네 시간)인데요. 이번에 아름다운 도시는요 네 시간) 칠 분) 팔 초) 가 되겠네요.
5,1,0.2,1.0,3.0,0,자/ n/ 욕심과 샘이 많나요?,욕심과 샘이 많나요?
29,1,0.034482758620689655,0.8518518518518519,2.5555555555555554,0,"어/ 먼저 육 분의 일과 십 분의 일. 자/ 요 분수 곱셈을 해야겠죠? 그렇다면 일단 분자는 그대로 두고, 분모만 곱하여 주면 되겠습니다. 그러면 육 곱하기 십 분의 일이 나오겠죠?","먼저 육 분의 일과 십 분의 일. 요 분수 곱셈을 해야겠죠? 그렇다면 일단 분자는 그대로 두고, 분모만 곱하여 주면 되겠습니다. 그러면 육 곱하기 십 분의 일이 나오겠죠?"
25,2,0.08,1.0,2.652173913043478,0,n/ 오늘 우리가 읽은 글과 관련하여 틀리게 말한 동물 친구는 누구일까요? 첫 번째로 토끼 친구 n/ 갯벌에는 조개가 살아 맞아요 이외에도 게 굴 낙지도 살죠.,오늘 우리가 읽은 글과 관련하여 틀리게 말한 동물 친구는 누구일까요? 첫 번째로 토끼 친구 갯벌에는 조개가 살아 맞아요 이외에도 게 굴 낙지도 살죠.
13,1,0.07692307692307693,1.0,2.5,0,"어/ 웬 작도? 우리, 크기가 같은 각 그대로 옮겨냈던 거, 컴퍼스하고 또 이제","웬 작도? 우리, 크기가 같은 각 그대로 옮겨냈던 거, 컴퍼스하고 또 이제"
20,1,0.05,0.9444444444444444,2.7222222222222223,0,o/ 막내 개구리도 졸린 눈으로 나와 형을 따라 봄을 불러 본다 그래서 개구리들의 봄이 폴짝 찾아왔다 아/ 여기도 폴짝 찾아왔다.,막내 개구리도 졸린 눈으로 나와 형을 따라 봄을 불러 본다 그래서 개구리들의 봄이 폴짝 찾아왔다 여기도 폴짝 찾아왔다.
10,1,0.1,1.0,3.0,0,n/ (2개)/(두 개)를 주문할 거예요. 가치가 들어간 음식 (2개)/(두 개).,개)를 주문할 거예요. 가치가 들어간 음식 개).
12,1,0.08333333333333333,1.0,3.1818181818181817,0,n/ 단정짓는 단정하는 표현을 썼나요 아니요 라고 판단이 될 수 있도록 수정해야합니다.,단정짓는 단정하는 표현을 썼나요 아니요 라고 판단이 될 수 있도록 수정해야합니다.
5,0,0.0,1.0,2.8,1,여러분 혹시 일본식 식당에 가면.,여러분 혹시 일본식 식당에 가면.
27,0,0.0,0.9583333333333334,2.9166666666666665,1,자/ 이번 주에는 당하지 말아야지 선생님이 굳게 마음을 먹었는데 (어떻게)/(어뜨케) 하다 보니까 알쏭이 하는 말에 그냥 확/ 넘어가 버렸어요. 우리 알쏭이 똑똑한 걸까요 아니면 그렇지 않은 걸까요?,이번 주에는 당하지 말아야지 선생님이 굳게 마음을 먹었는데 하다 보니까 알쏭이 하는 말에 그냥 넘어가 버렸어요. 우리 알쏭이 똑똑한 걸까요 아니면 그렇지 않은 걸까요?
10,0,0.0,1.0,3.9,1,창남이가 다니는 고등보통학교 그러니까 일제강점기의 중둥+ 중등 교육 기관을 말하는데요.,창남이가 다니는 고등보통학교 그러니까 일제강점기의 중둥+ 중등 교육 기관을 말하는데요.
11,0,0.0,1.0,2.8181818181818183,1,완벽한 차이므로 빠른 속도로 보급될 것이다. 여기서 말하는 보 는 뭘까요.,완벽한 차이므로 빠른 속도로 보급될 것이다. 여기서 말하는 보 는 뭘까요.
10,0,0.0,1.0,3.1,1,그랬더니 선생님께서 고리가 모두 몇개 인지 덧셈식으로 나타낼 수 있겠니?,그랬더니 선생님께서 고리가 모두 몇개 인지 덧셈식으로 나타낼 수 있겠니?
3,0,0.0,1.0,3.0,1,그래서 맛있게 냠냠!,그래서 맛있게 냠냠!
15,0,0.0,0.9,2.9,1,네 (6)/(육)을 곱하면 (60분)/(육십 분)이니까요 (1)/(일) 과 (8 분의 1)/(팔 분의 일)에도 똑같이 (6)/(육)을 곱합니다.,네 곱하면 분)이니까요 과 (8 분의 분의 일)에도 똑같이 곱합니다.
12,0,0.0,1.0,3.2,1,작은 정사각형의 (1변)/(한 변)은 따라서 (2cm)/(이 센티미터)입니다 라고 해결해 볼 수 있겠다.,작은 정사각형의 변)은 따라서 센티미터)입니다 라고 해결해 볼 수 있겠다.
8,0,0.0,0.875,2.625,1,아니 점점 점점 갈수록 수가 커지는 건 알겠는데요.,아니 점점 점점 갈수록 수가 커지는 건 알겠는데요.
4,1,0.25,1.0,3.3333333333333335,0,어/ 왜 그렇게 생각하세요?,왜 그렇게 생각하세요?
23,1,0.043478260869565216,1.0,2.764705882352941,0,"(0)/(영)이 제일 작다고 해서 (0)/(영)을 (1000)/(천)의 자리에 놓을 수는 없다는 거죠. 그래서 이 자리에는 (1)/(일)을 이렇게 놓아줘야 하는 거예요. 그리고 난 다음에 (0)/(영),",제일 작다고 해서 자리에 놓을 수는 없다는 거죠. 그래서 자리에는 이렇게 놓아줘야 하는 거예요. 그리고 난 다음에
9,1,0.1111111111111111,1.0,3.25,0,기홍대와 박씨의 n/ 대결은 박 씨 승이 되었습니다. 어떻습니까?,기홍대와 박씨의 대결은 박 씨 승이 되었습니다. 어떻습니까?
6,0,0.0,1.0,2.0,1,몇의 몇 배? (14)/(십사)의 (4배)/(네 배).,몇의 몇 배? 배).
5,0,0.0,1.0,3.5,1,자/ 이것을 식으로 한번 적어볼게요.,이것을 식으로 한번 적어볼게요.
23,1,0.043478260869565216,0.9333333333333333,3.2,0,"이때 (FX)/(에프 엑스) 보도록 할게요. (FX)/(에프 엑스)가요. 자/, (MINUS 2 X)/(마이너스 이 엑스)제곱 (PLUS)/(플러스) (4 KX)/(사 케이 엑스) 라고 주어져 있는 거예요. b/",이때 엑스) 보도록 할게요. 엑스)가요. (MINUS 2 엑스)제곱 (4 케이 엑스) 라고 주어져 있는 거예요.
9,1,0.1111111111111111,1.0,2.75,0,n/ 여러분의 고민을 해결하는 춤신 춤왕 댄스 왜 나예요.,여러분의 고민을 해결하는 춤신 춤왕 댄스 왜 나예요.
7,1,0.14285714285714285,1.0,2.6666666666666665,0,내가 처음에 알려졌는데 내 이름이 뭐야 어/,내가 처음에 알려졌는데 내 이름이 뭐야
9,0,0.0,0.7777777777777778,3.5555555555555554,1,"오른쪽 쌓기나무의 어디? 그래요. 앞이 여기니까 오른쪽 쌓기나무의 앞에,","오른쪽 쌓기나무의 어디? 그래요. 앞이 여기니까 오른쪽 쌓기나무의 앞에,"
24,1,0.041666666666666664,0.95,3.4,0,"요 색칠된 부분의 넓이를 구하는 중이니깐 먼저 이 왼쪽 부분의 네모를 (가득)/(까뜩) 채워보도록 하겠습니다. (4칸)/(네 칸)이 비어있거+ 비어 있거든요. 그러니까 여기에 있는(4칸)/(네 칸)을 요쪽으로,","요 색칠된 부분의 넓이를 구하는 중이니깐 먼저 왼쪽 부분의 네모를 채워보도록 하겠습니다. 칸)이 비어있거+ 비어 있거든요. 그러니까 여기에 칸)을 요쪽으로,"
8,0,0.0,1.0,2.857142857142857,1,따라서 (500만)/(오 백 만)을 나타낸다 역시 옳은 설명이죠.,따라서 백 만)을 나타낸다 역시 옳은 설명이죠.
16,1,0.0625,0.9285714285714286,2.5,0,n/ 그리고 서로의 의견을 보면서 여러 가지 의견을 (보내)/(교내) 준다면 더 좋은 시간이 될 것 같습니다.,그리고 서로의 의견을 보면서 여러 가지 의견을 준다면 더 좋은 시간이 될 것 같습니다.
2,0,0.0,1.0,3.0,1,뭐하는 대지?,뭐하는 대지?
19,1,0.05263157894736842,0.8888888888888888,2.8333333333333335,0,우리 가족들에게 하고 싶은 말은 잘 찾으려면 그 가족들의 마음을 먼저 잘 생각해야겠죠. 자 그러면 우리 친구 한번 풀어주세요.,우리 가족들에게 하고 싶은 말은 잘 찾으려면 가족들의 마음을 먼저 잘 생각해야겠죠. 자 그러면 우리 친구 한번 풀어주세요.
2,1,0.5,1.0,3.0,0,"n/ 삼각,","삼각,"
18,1,0.05555555555555555,0.8,2.533333333333333,0,"의성어, 의태어를 n/ 콕 콕 콕 콕 넣어서 뽀글뽀글 맛있는 글 요리를 시작해 보려고 합니다. 좋습니다/ 그런데요/ 네.","의성어, 의태어를 콕 콕 콕 콕 넣어서 뽀글뽀글 맛있는 글 요리를 시작해 보려고 합니다. 네."
5,0,0.0,1.0,3.2,1,궁금해요 오늘의 글 함께 읽어볼게요.,궁금해요 오늘의 글 함께 읽어볼게요.
17,1,0.058823529411764705,0.9375,3.0625,0,넷째는요 새로운 표현 새로운 표현은 곧 우리가 마음속에 새길 수 있는 인상적인 표현이라는 점 기억하길 바라겠습니다. n/,넷째는요 새로운 표현 새로운 표현은 곧 우리가 마음속에 새길 수 있는 인상적인 표현이라는 점 기억하길 바라겠습니다.
11,1,0.09090909090909091,1.0,3.5555555555555554,0,음/ 좋아요. 그럼 선생님이 어떻게 연습하면 되는지 방법 (3가지)/(세 가지)를 알려줄게요.,좋아요. 그럼 선생님이 어떻게 연습하면 되는지 방법 가지)를 알려줄게요.
22,0,0.0,0.9473684210526315,3.1052631578947367,1,자/ 이렇게 해서 (3번)/(삼 번) 문제를 풀어봤는데요. 여러분 여기 원에서 지금 잘 보면은 요기 대칭축이 요로케 있는데 원에서 대칭축은 과연 하나밖에 없을까요?,이렇게 해서 문제를 풀어봤는데요. 여러분 여기 원에서 지금 잘 보면은 요기 대칭축이 요로케 있는데 원에서 대칭축은 과연 하나밖에 없을까요?
2,0,0.0,1.0,3.0,1,(73)/(칠십 삼).,삼).
16,0,0.0,0.875,2.625,1,"오른쪽과 같은 쿠키 모양을 쿠키 모양틀로 반죽을 찍어 냈습니다. 곡선 부분은 같은 크기의 반 원일 때,","오른쪽과 같은 쿠키 모양을 쿠키 모양틀로 반죽을 찍어 냈습니다. 곡선 부분은 같은 크기의 반 원일 때,"
22,0,0.0,1.0,2.388888888888889,1,자/ (4175)/(사천 백 칠십 오) 에다가 아까 겹친 부분에 길이 (84)/(팔십 사)를 빼줘야 진정한 이어 붙인 색(Tape)/(테이프)의 전체 길이를 구할 수 있겠군요.,백 칠십 오) 에다가 아까 겹친 부분에 길이 사)를 빼줘야 진정한 이어 붙인 전체 길이를 구할 수 있겠군요.
15,1,0.06666666666666667,1.0,3.3333333333333335,0,(3번)/(삼 번) 발표 내용이 어려워진다. 아니겠죠. 매체를 사용하면 더욱더 쉽게 그 내용을 전달할 수 있습니다.,발표 내용이 어려워진다. 아니겠죠. 매체를 사용하면 더욱더 쉽게 내용을 전달할 수 있습니다.
2,1,0.5,0.0,0.0,0,n/ (왜냐고요)/(왜냐구여)?,
2,0,0.0,1.0,3.0,1,(7개)/(일곱 개).,개).
24,1,0.041666666666666664,0.6086956521739131,2.782608695652174,0,여기 선. 여기도 선 선 선 여기 선 쭉 있고요. 선 선 선 이것을 무엇이라고 할까요? 모서리라고 합니다. 선생님이 적어줄게요. n/ 이것은 모서리라고 합니다.,여기 선. 여기도 선 선 선 여기 선 쭉 있고요. 선 선 선 이것을 무엇이라고 할까요? 모서리라고 합니다. 선생님이 적어줄게요. 이것은 모서리라고 합니다.
14,0,0.0,1.0,3.5384615384615383,1,평화롭고 조용하고 따뜻하고 이런 느낌 여러분 오세요? 그래요. 자/ 우리 보기에서 정답 찾아보도록 하겠습니다.,평화롭고 조용하고 따뜻하고 이런 느낌 여러분 오세요? 그래요. 우리 보기에서 정답 찾아보도록 하겠습니다.
12,0,0.0,1.0,3.0,1,짜잔/. 이렇게 교재가 나옵니다 .이 교안을 (다운)/(따운)받아서 우리 국어여행을 떠날 수가 있어요.,이렇게 교재가 나옵니다 .이 교안을 우리 국어여행을 떠날 수가 있어요.
23,0,0.0,0.9090909090909091,2.8636363636363638,1,이렇게 보이지 않는 모서리의 길이의 합을 주고 모든 모서리의 길이를 길이를 묻는 문제도 종종 나오니까요 같이 챙겨가면 좋겠네요 자/ 다음 문제 보도록 하죠.,이렇게 보이지 않는 모서리의 길이의 합을 주고 모든 모서리의 길이를 길이를 묻는 문제도 종종 나오니까요 같이 챙겨가면 좋겠네요 다음 문제 보도록 하죠.
16,1,0.0625,1.0,2.6,0,자/ 그럼 (120분)/(백 이십 분)에서 (10분)/(십 분)까지 다 모두 (더하면)/(더하믄) n/ 총 (130분)/(백 삼십 분)이 되겠네요.,그럼 이십 분)에서 분)까지 다 모두 총 삼십 분)이 되겠네요.
9,0,0.0,1.0,3.3333333333333335,1,따라서 이런 전개도가 주어진다면요. 제일 먼저 밑면에 표시해 주세요.,따라서 이런 전개도가 주어진다면요. 제일 먼저 밑면에 표시해 주세요.
19,1,0.05263157894736842,1.0,3.111111111111111,0,n/ 글 잘 읽었나요? 그럼 선생님이랑 차근차근 글을 읽어가며 독해력 키워보도록 할게요. 우리가 방금 읽은 글의 제목이 펄럭펄럭 기예요.,글 잘 읽었나요? 그럼 선생님이랑 차근차근 글을 읽어가며 독해력 키워보도록 할게요. 우리가 방금 읽은 글의 제목이 펄럭펄럭 기예요.
43,2,0.046511627906976744,0.8648648648648649,2.6216216216216215,0,다른 문제보다 이 문제가 좀 더 난해한 이유는요 다른 문제는 그냥 일직선이야. 그냥 구하면 되는데. 이 문제는 (k)/(케이)라고 하는 게 있기 때문에 게다가 방금 (t)/(티) 라고 하는 걸 놨기 때문에 문자가 (2)/(두) 개가 돼버려서 되게 난해해 보이지만 그러면 식을 (2)/(두) 개 세우면 됩니다.,다른 문제보다 문제가 좀 더 난해한 이유는요 다른 문제는 그냥 일직선이야. 그냥 구하면 되는데. 문제는 하는 게 있기 때문에 게다가 방금 라고 하는 걸 놨기 때문에 문자가 개가 돼버려서 되게 난해해 보이지만 그러면 식을 개 세우면 됩니다.
21,2,0.09523809523809523,0.8823529411764706,2.3529411764705883,0,삼 n/ 우리 친구들 구별해낼 수가 있나요 자/ 그다음 팔 분의 오 오/ 분자가 작아요 그러면 진분수죠 n/ 팔 분의 오.,삼 우리 친구들 구별해낼 수가 있나요 그다음 팔 분의 오 분자가 작아요 그러면 진분수죠 팔 분의 오.
7,1,0.14285714285714285,1.0,2.5,0,놀이 하나 가르쳐 줄게 그런데 이 놀이는,놀이 하나 가르쳐 줄게 그런데 놀이는
23,0,0.0,0.9565217391304348,2.8260869565217392,1,어떤 사람은 아프다 라는 뜻을 가지고 있는 아리다에서 생겨났다 라고 말한데요. 이게 바로 두 번째 의견입니다. 그렇다면 마지막 세 번째 의견도 한번 볼까요?,어떤 사람은 아프다 라는 뜻을 가지고 있는 아리다에서 생겨났다 라고 말한데요. 이게 바로 두 번째 의견입니다. 그렇다면 마지막 세 번째 의견도 한번 볼까요?
30,1,0.03333333333333333,0.9629629629629629,3.074074074074074,0,어/ 활엽수는 잎이 넓적한 거예요. 낙엽수는 건기 때 물기가 없을 때 겨울이 되면 나뭇잎이 떨어지는 그런 나무를 낙엽수라고 (하고요)/(하구요). 상록수는 반대로 항상 사시사철 푸른 것을 상록수라고 합니다. 자/ 그럼 보여주세요.,활엽수는 잎이 넓적한 거예요. 낙엽수는 건기 때 물기가 없을 때 겨울이 되면 나뭇잎이 떨어지는 그런 나무를 낙엽수라고 상록수는 반대로 항상 사시사철 푸른 것을 상록수라고 합니다. 그럼 보여주세요.
12,1,0.08333333333333333,1.0,3.2222222222222223,0,자/ 이 부분을 (2가지)/(두 가지) 찾아 쓰래요. 그런데 어디에서 지금 보여준 글에서만.,부분을 가지) 찾아 쓰래요. 그런데 어디에서 지금 보여준 글에서만.
18,0,0.0,0.875,3.3125,1,"도영이에 모둠과 연수네 모둠 친구들이 양팔을 벌려서 어림을 하고 있는데요, 도영이네 모둠은 (8명)/(여덟 명) 연수네 모둠은 (5명)/(다섯 명)이에요.","도영이에 모둠과 연수네 모둠 친구들이 양팔을 벌려서 어림을 하고 있는데요, 도영이네 모둠은 명) 연수네 모둠은 명)이에요."
26,1,0.038461538461538464,0.875,2.75,0,"응, 어떻게 하면 원숭이 마을의 먹이를 몽땅 빼앗아먹을 수 있을까? 자/ 원숭이 마을의 먹이를 빼앗아 먹기 위해서 이 오소리가 굴 속에서 골똘히 생각에 잠긴 것입니다 .","응, 어떻게 하면 원숭이 마을의 먹이를 몽땅 빼앗아먹을 수 있을까? 원숭이 마을의 먹이를 빼앗아 먹기 위해서 오소리가 굴 속에서 골똘히 생각에 잠긴 것입니다 ."
30,2,0.06666666666666667,0.95,2.65,0,"제 (3번)/(삼 번), 자/ 뒤에 있는 자연수 분모 n/ 앞에 있는 (5)/(오)는 분자로, 자/ (10)/(십) 나누기 (7)/(칠)은요. 역시 (7)/(칠)은 분모로, (10)/(십)은 n/ 분자로 써주면 우리 친구들이 해결을 할 수가 있답니다.","제 번), 뒤에 있는 자연수 분모 앞에 있는 분자로, 나누기 역시 분모로, 분자로 써주면 우리 친구들이 해결을 할 수가 있답니다."
1,1,1.0,0.0,0.0,0,n/짜자짜자잔,
14,1,0.07142857142857142,1.0,3.3,0,n/ 자/ (2 분수)/(두 분수)의 크기를 비교하여 자/ 부등호를 알맞게 써 넣으시오 라고 나와있네요.,(2 분수)의 크기를 비교하여 부등호를 알맞게 써 넣으시오 라고 나와있네요.
7,0,0.0,1.0,3.1666666666666665,1,내가 영훈이에게 바라는 것을 찾아 (O)/(동그라미) 표하세요.,내가 영훈이에게 바라는 것을 찾아 표하세요.
3,1,0.3333333333333333,1.0,3.0,0,n/ 그런 바람은.,그런 바람은.
10,2,0.2,1.0,2.6666666666666665,0,n/ 어/ @/ 지성 이하고 @/ 지혜 하고 똑같은 쌍둥이.,지성 이하고 지혜 하고 똑같은 쌍둥이.
1,0,0.0,0.0,0.0,1,"(1)/(하나),",
10,0,0.0,1.0,2.625,1,그렇담 (1조)/(일조)가 (4287)/(사천 이백 팔십 칠)인 수를 어떻게 쓰면 될까요?,그렇담 이백 팔십 칠)인 수를 어떻게 쓰면 될까요?
8,0,0.0,1.0,2.857142857142857,1,자/ 그러면 이와 같이 표현했으니까 누가 더 진해요?,그러면 이와 같이 표현했으니까 누가 더 진해요?
26,2,0.07692307692307693,0.9583333333333334,3.25,0,"정리를 좀 해주면, 누가는 사람이었고요, 무엇이든 사람이 아닌 건, 어찌하다 는 움직임을 나타내는 거였구요, 어떻하다 는 이 움직임이 아니라 모습, 뭐/ 상태, 이런 부분을 나타냈다고 했죠.","정리를 좀 해주면, 누가는 사람이었고요, 무엇이든 사람이 아닌 건, 어찌하다 는 움직임을 나타내는 거였구요, 어떻하다 는 움직임이 아니라 모습, 상태, 이런 부분을 나타냈다고 했죠."
5,0,0.0,1.0,3.6,1,"까먹었네요, 마지막 정답 정리해 줘야죠,","까먹었네요, 마지막 정답 정리해 줘야죠,"
32,4,0.125,0.6666666666666666,2.5238095238095237,0,n/ 어떻게 쓸 수 있냐면은요 이러한 (1명)/(한 명) (1명)/(한 명) (1명)/(한 명) (1명)/(한 명) 이 모여서 (12명)/(열 두 명) 이 되어야 하니깐 이러한 (7명)/(일곱 명) 지원한 이/ (7명)/(일곱 명) 의 친구들도요 맞아요.,어떻게 쓸 수 있냐면은요 이러한 명) 명) 명) 명) 모여서 두 명) 되어야 하니깐 이러한 명) 지원한 명) 의 친구들도요 맞아요.
12,1,0.08333333333333333,1.0,2.3333333333333335,0,이 잔치에는 술이 빠질 수가 없죠.n/ 금 항아리에 담긴 술 어떻게 (되었을까요)/(되었을까여)?,잔치에는 술이 빠질 수가 금 항아리에 담긴 술 어떻게
2,0,0.0,1.0,4.0,1,마지막 글입니다.,마지막 글입니다.
9,1,0.1111111111111111,1.0,2.7142857142857144,0,n/ 우와아/ 마술 종이로 뭐든지 접기만 하면 진짜가 되네?,마술 종이로 뭐든지 접기만 하면 진짜가 되네?
6,1,0.16666666666666666,1.0,3.8,0,이/ 제목을 보니까 숲속의 멋쟁이 곤충이었어요.,제목을 보니까 숲속의 멋쟁이 곤충이었어요.
4,1,0.25,1.0,5.0,0,"o/ 아닙니다, n/ 아닙니다.","아닙니다, 아닙니다."
19,1,0.05263157894736842,0.9230769230769231,2.4615384615384617,0,"(65)/(육십 오), (72)/(칠십 이 ) ,(60)/(육십 ) 등과 같이 (60)/(육십)과 같거나 큰 수를요. 우리는 (60)/(육십) 이상인 수라고 하는 거예요.","오), ) ) 등과 같이 같거나 큰 수를요. 우리는 이상인 수라고 하는 거예요."
4,0,0.0,1.0,4.5,1,"(15)/(십 오)와 (6)/(육)의 최소공배수,","오)와 최소공배수,"
11,0,0.0,1.0,3.7142857142857144,1,(8명)/(여덟 명)이 되고요. 비커는 (2개)/(두 개)가 (2)/(두) 모듬에 있으니까 (4개)/(네 개)겠네요.,명)이 되고요. 비커는 개)가 모듬에 있으니까 개)겠네요.
11,0,0.0,0.9090909090909091,3.1818181818181817,1,이런 이런 멋쟁이가 제자리로 돌아가지 못해서 밤에 친구들이랑 놀지 못하게 됐어요.,이런 이런 멋쟁이가 제자리로 돌아가지 못해서 밤에 친구들이랑 놀지 못하게 됐어요.
19,2,0.10526315789473684,1.0,2.6666666666666665,0,o/ 이렇게 마침내 어느새 드디어 나도 모르게 이 (4가지)/(네 가지) 중에 제가 제일 처음에 썼던 그 말은 어느 말일까요?,이렇게 마침내 어느새 드디어 나도 모르게 가지) 중에 제가 제일 처음에 썼던 말은 어느 말일까요?
9,0,0.0,1.0,2.2857142857142856,1,"(24)/(이십 사) 나누기 (4)/(사) 와 같습니다 라고 했을 때,","사) 나누기 와 같습니다 라고 했을 때,"
6,0,0.0,1.0,4.0,1,자/ 분수와 소수의 개념을 활용하는 문제였는데요.,분수와 소수의 개념을 활용하는 문제였는데요.
10,0,0.0,1.0,3.1,1,네. 좋아요. 힘들어 하는것 같아요 고통받고 있어요. 떨어질 것 같아요.,네. 좋아요. 힘들어 하는것 같아요 고통받고 있어요. 떨어질 것 같아요.
22,0,0.0,0.7777777777777778,2.3333333333333335,1,"(3시 50분)/(세 시 오십 분) 이라고 읽을 수 있잖아요. 즉, (4시)/(네 시) (10분)/(십 분)전은 (3시 50분)/(세 시 오십 분) 과 같은 거예요.","(3시 시 오십 분) 이라고 읽을 수 있잖아요. 즉, 시) 분)전은 (3시 시 오십 분) 과 같은 거예요."
14,0,0.0,1.0,3.3076923076923075,1,"그리고 나서는 어떻게? 오, 앞의 것도 마찬가지로 (1자리)/(한 자리)를 옮겨줘야 하는데 어디로 옮겨주면 될까요?","그리고 나서는 어떻게? 오, 앞의 것도 마찬가지로 자리)를 옮겨줘야 하는데 어디로 옮겨주면 될까요?"
10,0,0.0,1.0,2.875,1,이렇게 적고 보니까 (6)/(육) 과 (9)/(구)가 서로 거꾸로 돌아간 모양이네요.,이렇게 적고 보니까 과 서로 거꾸로 돌아간 모양이네요.
2,0,0.0,0.0,0.0,1,(6)/(여섯). b/,
15,0,0.0,1.0,2.3333333333333335,1,자/ 그리고 보통 (0)/(영)에서 (37.4도)/(삼십 칠 점 사 도)사이를 줄이는 것보다는 조금 더 여유 있게.,그리고 보통 칠 점 사 도)사이를 줄이는 것보다는 조금 더 여유 있게.
22,0,0.0,0.9545454545454546,2.590909090909091,1,동물실험을 다른 방법으로 대체해야 하는 데는 시간도 많이 걸리고 비용도 많이 들어 그러니까 동물 실험을 할 수 밖에 없어 이래야 맞는 거죠.,동물실험을 다른 방법으로 대체해야 하는 데는 시간도 많이 걸리고 비용도 많이 들어 그러니까 동물 실험을 할 수 밖에 없어 이래야 맞는 거죠.
10,0,0.0,1.0,2.5,1,내항끼리의 곱은 외항끼리의 곱 (14)/(십 사) 곱하기(2)/(이)와 칠 분의 사.,내항끼리의 곱은 외항끼리의 곱 사) 칠 분의 사.
8,0,0.0,1.0,3.25,1,"전자시계에서는 이렇게 나타낼 수 있겠죠. 왼쪽에 있는 것이,","전자시계에서는 이렇게 나타낼 수 있겠죠. 왼쪽에 있는 것이,"
26,0,0.0,1.0,2.9166666666666665,1,색칠한 부분의 넓이 구하는 거잖아요. 여기서 포인트는 똑같지 나눈 거예요. 그러니까 전체를 똑같이 (4등분)/(사 등분) 한 것 중에 (1)/(하나)를 구해야 하니까 식을 어떻게 세워야 한다? 맞아요.,색칠한 부분의 넓이 구하는 거잖아요. 여기서 포인트는 똑같지 나눈 거예요. 그러니까 전체를 똑같이 등분) 한 것 중에 구해야 하니까 식을 어떻게 세워야 한다? 맞아요.
13,0,0.0,0.9230769230769231,2.8461538461538463,1,이렇게해서 우물이 이게 으+ 다+ 이렇게 있잖아요? 우물을 파 두면 위험해? 안 위험해?,이렇게해서 우물이 이게 으+ 다+ 이렇게 있잖아요? 우물을 파 두면 위험해? 안 위험해?
10,0,0.0,1.0,2.8,1,어떤 친구가 바르게 말했는지 알려면 우리 이제 무엇을 해야 할까요?,어떤 친구가 바르게 말했는지 알려면 우리 이제 무엇을 해야 할까요?
27,3,0.1111111111111111,1.0,3.347826086956522,0,자/ 이 사람은 유창한 말솜씨가 굉장히 유명했습니다. 그의 말은요. 마치 음악처럼 아름다웠다고 하지요. 하지만 어니스트가 보기에 이 큰 바위 얼굴과 같은 장엄함과 이 사랑은 볼 수가 없었습니다.,사람은 유창한 말솜씨가 굉장히 유명했습니다. 그의 말은요. 마치 음악처럼 아름다웠다고 하지요. 하지만 어니스트가 보기에 큰 바위 얼굴과 같은 장엄함과 사랑은 볼 수가 없었습니다.
11,1,0.09090909090909091,1.0,3.0,0,이 (둘)/(두) 수를 비교하는 말 중에 알맞은 말을 찾아서 표시해주는 문제예요.,수를 비교하는 말 중에 알맞은 말을 찾아서 표시해주는 문제예요.
5,1,0.2,1.0,3.25,0,다음 문제 풀어보도록 할게요. n/,다음 문제 풀어보도록 할게요.
13,1,0.07692307692307693,1.0,2.8,0,도 지금 이 상황과 알맞지 않습니다. (3번)/(삼 번) 바느질감을 무릎 위에 올려놓는 것,도 지금 상황과 알맞지 않습니다. 바느질감을 무릎 위에 올려놓는 것
14,0,0.0,0.9285714285714286,3.142857142857143,1,형주는 나와 정말 친한 친구이다. 나와 형주의 사이를 나타나게 해주는 낱말이네요. 둘은 친구 사이예요.,형주는 나와 정말 친한 친구이다. 나와 형주의 사이를 나타나게 해주는 낱말이네요. 둘은 친구 사이예요.
26,4,0.15384615384615385,1.0,3.0,0,n/ 혜수는요. 내가 n/ 영래라면 n/ 민우에게 미안하고 고마울 것 같아. 잘 파악해주고 있습니다. 이야기를 읽고 나서 바르게 이해하고 있는 사람 n/ 혜수라고 알 수 있네요.,혜수는요. 내가 영래라면 민우에게 미안하고 고마울 것 같아. 잘 파악해주고 있습니다. 이야기를 읽고 나서 바르게 이해하고 있는 사람 혜수라고 알 수 있네요.
3,0,0.0,1.0,3.6666666666666665,1,떠오르는 속담 있으세요?,떠오르는 속담 있으세요?
4,0,0.0,1.0,3.6666666666666665,1,어떻게 모으는 (것이)/(곳이) 좋을까요?,어떻게 모으는 좋을까요?
21,2,0.09523809523809523,0.8947368421052632,3.263157894736842,0,"n/ 그렇다면 걱정을 싹 없애려면 그 반대로 생각하면 되겠죠? 어떻게? 그래요, 날씨에 따라서 잘 팔리는 물건을 생각하면 되겠죠. 어떻게? 바로 이렇게.","그렇다면 걱정을 싹 없애려면 반대로 생각하면 되겠죠? 어떻게? 그래요, 날씨에 따라서 잘 팔리는 물건을 생각하면 되겠죠. 어떻게? 바로 이렇게."
8,0,0.0,0.75,3.0,1,(2)/(이)에 (0)/(영)을 곱해요 (3)/(삼)에 (0)/(영)을 곱해요 어떻게 됐죠?,곱해요 곱해요 어떻게 됐죠?
9,1,0.1111111111111111,1.0,4.25,0,모양과 크기는 변함없고 위치만 바뀌었습니다 이번에는요 n/아래로 이동시켜 보겠습니다.,모양과 크기는 변함없고 위치만 바뀌었습니다 이번에는요 이동시켜 보겠습니다.
10,0,0.0,1.0,2.7777777777777777,1,자/ 그럼 오늘 소수의 나눗셈 어떤 공부를 하게 될지 살펴볼게요.,그럼 오늘 소수의 나눗셈 어떤 공부를 하게 될지 살펴볼게요.
13,1,0.07692307692307693,0.8333333333333334,2.75,0,아까 그 시가 뭔가 다툰 내용이었는데 이거 맞네 맞네 정답의 느낌이 느낌이 옵니다.,아까 시가 뭔가 다툰 내용이었는데 이거 맞네 맞네 정답의 느낌이 느낌이 옵니다.
7,0,0.0,1.0,2.6,1,"(3개)/(세 개)를 더, 더 붙이니깐 (10개)/(열 개).","개)를 더, 더 붙이니깐 개)."
8,2,0.25,1.0,2.8333333333333335,0,"잠깐만 n/ 선생님 또, 또 말해+ 말했네요. n/","잠깐만 선생님 또, 또 말해+ 말했네요."
18,0,0.0,0.9411764705882353,3.588235294117647,1,"그리고 (그다음)/(그다) 음력 초하루부터 그다음 처음 몇칠 동안에 떠오르는 달, 이달을 알쏭달쏭 우리말인데 초생달이라고 할까요? 아니면 초승달이라고 할까요?","그리고 음력 초하루부터 그다음 처음 몇칠 동안에 떠오르는 달, 이달을 알쏭달쏭 우리말인데 초생달이라고 할까요? 아니면 초승달이라고 할까요?"
24,1,0.041666666666666664,0.9,3.4,0,"n/ (2번)/(이 번), 다른 집게들이 족집게를 째려봤다? 아니죠. (3번)/(삼 번), 다른 직계들이 족집게가 꼭 필요한 물건이라는 것을 알게 되었다. 이것이 정답이요. 자/ 따라서 동그라미.","번), 다른 집게들이 족집게를 째려봤다? 아니죠. 번), 다른 직계들이 족집게가 꼭 필요한 물건이라는 것을 알게 되었다. 이것이 정답이요. 따라서 동그라미."
18,2,0.1111111111111111,0.875,3.0625,0,나를 한번 살펴보도록 합시다. 나는 위에서부터 먼저 이 모양 보이지요. 그리고 아래에 짜잔 이 모양 있고요. 그리고 여기는,나를 한번 살펴보도록 합시다. 나는 위에서부터 먼저 모양 보이지요. 그리고 아래에 짜잔 모양 있고요. 그리고 여기는
14,0,0.0,0.9166666666666666,2.5833333333333335,1,그래서 뺄셈식 써서 계산을 하고 또 (1번)/(한 번) 계산을 해 줘야 하는 문제가 되겠습니다.,그래서 뺄셈식 써서 계산을 하고 또 계산을 해 줘야 하는 문제가 되겠습니다.
1,0,0.0,0.0,0.0,1,"(4)/(넷),",
3,1,0.3333333333333333,1.0,3.5,0,n/ 뿌미다. 뿌미.,뿌미다. 뿌미.
9,1,0.1111111111111111,1.0,3.25,0,그러면 우리 직접 글을 보면서 기준을 찾아보도록 하겠습니다. n/,그러면 우리 직접 글을 보면서 기준을 찾아보도록 하겠습니다.
15,3,0.2,1.0,3.1,0,n/ 그러면 앞에 그/ 누가에 해당되는 부분 평양 학생예술단 (그렇죠)/(그쳐)? 이 안에 (단어들이)/(단언들이) 포함되는 거니까.,그러면 앞에 누가에 해당되는 부분 평양 학생예술단 안에 포함되는 거니까.
18,1,0.05555555555555555,0.9375,3.5,0,"자/ 이런 말을 훔볼트라는 사람이 천연기념미랄+ 천연기념물이라는 말을 썼는데, 그 후에 급격하게 자연물이 훼손되는 것을 보고 안 되겠다.","이런 말을 훔볼트라는 사람이 천연기념미랄+ 천연기념물이라는 말을 썼는데, 후에 급격하게 자연물이 훼손되는 것을 보고 안 되겠다."
5,0,0.0,1.0,2.4,1,예+ 예. 그동안 잘 계셨죠?,예+ 예. 그동안 잘 계셨죠?
15,1,0.06666666666666667,1.0,2.5454545454545454,0,나 (X)/(엑스) 만들었다. 그럼 둘 곱해서 (X)/(엑스) 제곱이 되려면 뒷부분도 뭐가 돼야 돼? n/ (X)/(엑스),나 만들었다. 그럼 둘 곱해서 제곱이 되려면 뒷부분도 뭐가 돼야 돼?
11,0,0.0,1.0,2.727272727272727,1,그러면 일단 변의 길이 구하기 위해서 우리 대응변 찾아주면 되는 거예요.,그러면 일단 변의 길이 구하기 위해서 우리 대응변 찾아주면 되는 거예요.
11,0,0.0,1.0,2.375,1,(1)/(일)보다 (1)/(일)만큼 더 작은 수라면 (1)/(일)에 바로 앞에 있는 수가 되겠네요?,더 작은 수라면 바로 앞에 있는 수가 되겠네요?
17,0,0.0,1.0,2.933333333333333,1,자료를 보고 표로 나타냈어요. 자/ 그렇다면 이제 우리는 또 다른 문제로 문항 (8번)/(팔 번)을 선택하여 해결해 봅니다.,자료를 보고 표로 나타냈어요. 그렇다면 이제 우리는 또 다른 문제로 문항 번)을 선택하여 해결해 봅니다.
19,2,0.10526315789473684,0.9333333333333333,3.8666666666666667,0,나는 일요일에 줄넘기를 하였다. 줄넘기를 한 시간이 나와있네요. 이것도 n/ 자연스럽죠? 어색하지 않습니다. (2번)/(이 번)도 정답이고요. (3번)/(삼 번). n/,나는 일요일에 줄넘기를 하였다. 줄넘기를 한 시간이 나와있네요. 이것도 자연스럽죠? 어색하지 않습니다. 번)도 정답이고요. 번).
25,1,0.04,1.0,2.9583333333333335,0,따라서 그럴 때에는 긍정적인 점 좋은 점을 쓰면 되는 것이고요. 만약에 반대하는 입장이라면 자전거를 주차하는 그 공간이 매우 부족하다 그리고 사고의 위험성도 훨씬 더 높다.,따라서 그럴 때에는 긍정적인 점 좋은 점을 쓰면 되는 것이고요. 만약에 반대하는 입장이라면 자전거를 주차하는 공간이 매우 부족하다 그리고 사고의 위험성도 훨씬 더 높다.
16,1,0.0625,1.0,2.8,0,(8)/(팔) 여기가 (10)/(십) 이 되니까 결과가 어떻게 나오죠 그렇죠 (3)/(삼) (8)/(팔) 에서 (1)/(일) 을 빼주면 그렇죠.,여기가 되니까 결과가 어떻게 나오죠 그렇죠 에서 을 빼주면 그렇죠.
5,1,0.2,1.0,2.25,0,n/ 다만 이때 주의할 것은,다만 이때 주의할 것은
13,0,0.0,1.0,3.090909090909091,1,자/ 다음과 같은 상황에서. 항상 상황이 먼저 나오죠. 여러분. 자/ 알맞은 표정+ 몸짓+,다음과 같은 상황에서. 항상 상황이 먼저 나오죠. 여러분. 알맞은 표정+ 몸짓+
10,0,0.0,0.8,4.2,1,기동의 구슬을 가져갔을까요? 구슬을 찾으러 돌아다녔을까요? 영희에게 구슬을 달라고 했을까요?,기동의 구슬을 가져갔을까요? 구슬을 찾으러 돌아다녔을까요? 영희에게 구슬을 달라고 했을까요?
10,1,0.1,1.0,3.4444444444444446,0,훨씬 더 인간의 삶이 편리해질 것이다라고 이야기했어요. n/ 친구 맞습니다.,훨씬 더 인간의 삶이 편리해질 것이다라고 이야기했어요. 친구 맞습니다.
24,2,0.08333333333333333,0.875,3.0,0,n/ 자/ 오늘의 황금열쇠는 가장 작은 수에요. (셋)/(세) 수가 나와있네요. (4)/(사) (9)/(구) (7)/(칠) 이 (셋)/(세) 수 중에 가장 작은 수는 무엇일까요? 정답을 아는 친구들은,오늘의 황금열쇠는 가장 작은 수에요. 수가 나와있네요. 수 중에 가장 작은 수는 무엇일까요? 정답을 아는 친구들은
5,0,0.0,1.0,3.6,1,이것을 식으로 정리해보면 어떻게 될까요?,이것을 식으로 정리해보면 어떻게 될까요?
3,0,0.0,1.0,3.0,1,자/ (10번)/(십 번).,번).
11,0,0.0,1.0,3.090909090909091,1,그리고 이것은 글이 완전히 끝나는 부분이 아니니까 겹쐐기표 표시를 해야 하겠죠.,그리고 이것은 글이 완전히 끝나는 부분이 아니니까 겹쐐기표 표시를 해야 하겠죠.
34,4,0.11764705882352941,0.92,2.64,0,n/ 그래요 (24)/(이십 사)에 육 분의 일이라고 하는 거 우선 (24)/(이십 사) 전체가 얼마인지 한번 자세히 n/ 준비해봤습니다 n/ 자/ (24)/(이십 사)의 육 분의 일 은 우리 친구들 자/ 그림으로 확인해 보도록 n/ 할까요.,그래요 사)에 육 분의 일이라고 하는 거 우선 사) 전체가 얼마인지 한번 자세히 준비해봤습니다 사)의 육 분의 일 은 우리 친구들 그림으로 확인해 보도록 할까요.
28,1,0.03571428571428571,0.9230769230769231,2.769230769230769,0,n/ 여러분 진짜 선생님 어떻게 사과를 해야 할까요? 세번째 개념 (headline)/(헤드라인)으로 알아 볼까요? 사과를 할 때의 바른 태도입니다. 먼저 사과를 한다는 것은 사실 칭찬하는 것보다 어려운 것 같아요.,여러분 진짜 선생님 어떻게 사과를 해야 할까요? 세번째 개념 알아 볼까요? 사과를 할 때의 바른 태도입니다. 먼저 사과를 한다는 것은 사실 칭찬하는 것보다 어려운 것 같아요.
6,0,0.0,1.0,2.8333333333333335,1,그전에 동시를 제가 다시 읽어도 될까요?,그전에 동시를 제가 다시 읽어도 될까요?
5,1,0.2,1.0,2.5,0,이 점이 뭐야 접점인 거야.,점이 뭐야 접점인 거야.
20,0,0.0,1.0,2.75,1,주어진 뜻과 초성을 참고해서 밑줄 친 부분에 들어갈 말을 쓰랍니다. 마을 입구에 서 있는 커다란 나무가 왠지 경외스러울 때가 있어요.,주어진 뜻과 초성을 참고해서 밑줄 친 부분에 들어갈 말을 쓰랍니다. 마을 입구에 서 있는 커다란 나무가 왠지 경외스러울 때가 있어요.
4,1,0.25,1.0,2.6666666666666665,0,n/ 그래서 참외 완성.,그래서 참외 완성.
3,0,0.0,1.0,2.0,1,(10)/(열) 개씩 묶음,개씩 묶음
4,1,0.25,1.0,2.6666666666666665,0,"n/ 어머, 이건 뭐야.","어머, 이건 뭐야."
9,1,0.1111111111111111,1.0,3.5,0,"네/ 이 (내용도요)/(내용두요), 지금 토끼의 행동과 관련된 속담인가요? 아니죠.",지금 토끼의 행동과 관련된 속담인가요? 아니죠.
10,0,0.0,1.0,3.125,1,(24)/(이십 사)를 (1)/(일)을 제외한 가장 작은 자연수들의 곱으로 나타내 볼게요.,사)를 제외한 가장 작은 자연수들의 곱으로 나타내 볼게요.
10,1,0.1,1.0,3.4285714285714284,0,n/ (1)/(일) 빼기 진분수를 계산할 때는 (1)/(일)을 가분수로 바꿔서 계산합니다.,빼기 진분수를 계산할 때는 가분수로 바꿔서 계산합니다.
7,1,0.14285714285714285,1.0,3.4,0,그런데 이 박씨 부인전에서는 (현실과는)/(현실관) 좀 다릅니다.,그런데 박씨 부인전에서는 좀 다릅니다.
24,2,0.08333333333333333,0.8571428571428571,2.9047619047619047,0,다른 사람을 잘 돕는 n/ 친절하신 아빠에 대한 주민이의+ n/ 생각입니다+ 주민이의 생각이 무엇인지를 묻고 있어요. 첫 번째 (볼게요)/(볼께요). 항상 다른 사람을 돕는 아빠가,다른 사람을 잘 돕는 친절하신 아빠에 대한 주민이의+ 생각입니다+ 주민이의 생각이 무엇인지를 묻고 있어요. 첫 번째 항상 다른 사람을 돕는 아빠가
5,2,0.4,1.0,4.666666666666667,0,뿌듯해요. 어/ 맞아요. n/ 뿌듯하다.,뿌듯해요. 맞아요. 뿌듯하다.
13,1,0.07692307692307693,1.0,3.4444444444444446,0,n/ 다음 시간엔 더 즐거운 (math)/(매스) (play)/(플레이)로 여러분들 찾아뵙겠습니다. (1주)/(한 주)간 안녕히 계세요.,다음 시간엔 더 즐거운 여러분들 찾아뵙겠습니다. 주)간 안녕히 계세요.
8,0,0.0,0.875,2.625,1,"중간에 있는 점 가장자리에 있는 한 점을 중심으로,","중간에 있는 점 가장자리에 있는 한 점을 중심으로,"
4,0,0.0,1.0,4.25,1,할머니께 함께 읽어보도록 하겠습니다.,할머니께 함께 읽어보도록 하겠습니다.
4,1,0.25,1.0,3.5,0,n/ 어우/ 너무 황당하죠.,너무 황당하죠.
13,1,0.07692307692307693,1.0,2.8333333333333335,0,이 문제를 해결할 수가 있겠다. 그럼 풀이과정을 쓰는 것은 문제가 없을 거라는 거죠.,문제를 해결할 수가 있겠다. 그럼 풀이과정을 쓰는 것은 문제가 없을 거라는 거죠.
9,0,0.0,1.0,2.75,1,좋아요. 우리 친구들 함께 읽으니까 더욱 재미있는 것 (같아요)/(같애요).,좋아요. 우리 친구들 함께 읽으니까 더욱 재미있는 것
24,0,0.0,0.75,2.7,1,"삼각형의 합동 조건인데 (SSS)/(에스 에스 에스) 합동, 무슨 암호 같습니다. 그죠? 자/ 두 번째는 (SAS)/(에스 에이 에스) 합동, 세 번째는 (ASA)/(에이 에스 에이) 합동,","삼각형의 합동 조건인데 에스 에스) 합동, 무슨 암호 같습니다. 그죠? 두 번째는 에이 에스) 합동, 세 번째는 에스 에이) 합동,"
5,1,0.2,1.0,2.3333333333333335,0,n/ 이렇게 그릴 수가 (있겠고요)/(있겠구요).,이렇게 그릴 수가
20,3,0.15,0.7857142857142857,2.642857142857143,0,그러니까 여기 (12분의3)/(십 이 분의 삼)에 (12분의12)/(십 이 분의 십 이)를 더해서 (12분의15)/(십 이 분의 십 오)라고 써주면 되는 것입니다.,그러니까 여기 분의 삼)에 분의 십 이)를 더해서 분의 십 오)라고 써주면 되는 것입니다.
5,1,0.2,1.0,3.0,0,n/ 어억/ 많이 들어간다는 거.,많이 들어간다는 거.
6,1,0.16666666666666666,1.0,3.2,0,n/ 조리있는 글쓰기를 위한 최고의 비법.,조리있는 글쓰기를 위한 최고의 비법.
15,1,0.06666666666666667,1.0,3.076923076923077,0,우리는 (1주일)/(일 주일) 매일매일 만날 것인데요. 그 중에서 월요일 수요일 금요일에 국어 공부를 할 거예요.,우리는 주일) 매일매일 만날 것인데요. 중에서 월요일 수요일 금요일에 국어 공부를 할 거예요.
7,0,0.0,1.0,3.6666666666666665,1,이렇게 해서 (4번)/(사 번)이 정답이라는 것까지 알았습니다.,이렇게 해서 번)이 정답이라는 것까지 알았습니다.
3,0,0.0,1.0,6.0,1,자/ (9번)/(구번) 문제입니다.,문제입니다.
22,1,0.045454545454545456,0.6875,3.375,0,자/ 이제 (10의 자리)/(십 의 자리)에서 올림이 있는 곱셈을 알았으니까 이번에는 (1의 자리)/(일 의 자리)에서 올림이 있는 곱셈을 (1번)/(한 번) n/ 알아보겠습니다.,이제 (10의 의 자리)에서 올림이 있는 곱셈을 알았으니까 이번에는 (1의 의 자리)에서 올림이 있는 곱셈을 알아보겠습니다.
29,2,0.06896551724137931,1.0,2.75,0,"n/ 자/ 우리 친구들 쭉 봐왔던 이야기들 중에 으음/ 아낌없이 주는 나무, 뭐/ 나비야 날아라 그리고 반대로만 하는 아들 자/ 이렇게 제목만 보고 이야기의 주제를 좀 짐작할 수가 있나요?","우리 친구들 쭉 봐왔던 이야기들 중에 아낌없이 주는 나무, 나비야 날아라 그리고 반대로만 하는 아들 이렇게 제목만 보고 이야기의 주제를 좀 짐작할 수가 있나요?"
7,0,0.0,1.0,3.1666666666666665,1,따라서 라의 네모에 들어갈 값은 (8)/(팔)이 되겠습니다.,따라서 라의 네모에 들어갈 값은 되겠습니다.
22,1,0.045454545454545456,1.0,3.3684210526315788,0,이렇게 시간에 덧셈에 있어서는요 n/ (60)/(육십)과 같거나 (60)/(육십)보다 크면 받아올림을 해준다는 거 잊지 않도록 하세요 두번째는 시간의 뺄셈의 이용해보도록 할까요 문제 보여주세요.,이렇게 시간에 덧셈에 있어서는요 같거나 크면 받아올림을 해준다는 거 잊지 않도록 하세요 두번째는 시간의 뺄셈의 이용해보도록 할까요 문제 보여주세요.
6,0,0.0,1.0,4.0,1,부모님은 눈썰매장 아래에서 민수와 은수를 기다리셨다.,부모님은 눈썰매장 아래에서 민수와 은수를 기다리셨다.
4,0,0.0,1.0,3.75,1,근데 빨가면 떡볶이로 바뀌었어요.,근데 빨가면 떡볶이로 바뀌었어요.
35,2,0.05714285714285714,0.8666666666666667,2.6333333333333333,0,n/ 어떤 상황일 때? 그래요. 뭔가 무서운 곳을 봤거나 징그러운 벌레를 봤을 때 우리는 이런 표정 이런 행동을 하게 됩니다. 이때 (우리의)/(우리에) (친구의)/(친구에) 마음은 무엇이죠? 이 때 (친구의)/(친구에) 마음은 깜짝 놀라고 무서운 마음이 될 거예요.,어떤 상황일 때? 그래요. 뭔가 무서운 곳을 봤거나 징그러운 벌레를 봤을 때 우리는 이런 표정 이런 행동을 하게 됩니다. 이때 마음은 무엇이죠? 때 마음은 깜짝 놀라고 무서운 마음이 될 거예요.
14,0,0.0,1.0,2.5454545454545454,1,(32)/(삼십 이) 를 (8개)/(여덟 개) 씩 묶으면 (4묶음)/(네 묶음)이 되고 그럼 이렇게 만들면 되는거죠.,이) 를 개) 씩 묶으면 묶음)이 되고 그럼 이렇게 만들면 되는거죠.
9,1,0.1111111111111111,1.0,3.0,0,그림 속에 표시된 이 부분이 출발하는 출발선이 되는 것이죠?,그림 속에 표시된 부분이 출발하는 출발선이 되는 것이죠?
13,0,0.0,1.0,2.6666666666666665,1,(3)/(삼)과 (7)/(칠) 앞의 (2수)/(두 수)를 묶었을 때 (10)/(십)이 되는 것이 바로 보이기 때문이에요.,앞의 수)를 묶었을 때 되는 것이 바로 보이기 때문이에요.
4,0,0.0,1.0,2.25,1,더할까 좋았어 더 할게,더할까 좋았어 더 할게
20,0,0.0,0.9411764705882353,2.8823529411764706,1,나 이거 (X)/(엑스) 제곱은 결국 무한대로 발산하는 거야. (X)/(엑스)가 아무리 작아져 봐야 제곱하면 (양수이기)/(양수기) 때문에 점점 점점 커지는 형태로 바뀌겠지.,나 이거 제곱은 결국 무한대로 발산하는 거야. 아무리 작아져 봐야 제곱하면 때문에 점점 점점 커지는 형태로 바뀌겠지.
5,0,0.0,1.0,3.3333333333333335,1,"이렇게 (1번)/(한 번) 쓰고, 그다음,","이렇게 쓰고, 그다음,"
5,0,0.0,1.0,3.0,1,(9월)/(구 월)에는 (4900원)/(사천 구백 원).,월)에는 구백 원).
9,1,0.1111111111111111,1.0,3.2,0,자/ 이 문제풀이의 흐름 다시 (1번)/(한 번) 떠올려 볼게요.,문제풀이의 흐름 다시 떠올려 볼게요.
16,0,0.0,0.9230769230769231,2.8461538461538463,1,자/ 가빈이 해볼게요. 가민이는 (20개)/(스무 개) 동+ 공을 던졌어요. 몇 개 성공? (11개)/(열 한 개) 성공입니다.,가빈이 해볼게요. 가민이는 개) 동+ 공을 던졌어요. 몇 개 성공? 한 개) 성공입니다.
37,1,0.02702702702702703,0.90625,3.4375,0,그렇죠 이 문제 무엇을 문제? 그렇죠. 서로의 무게를 비교하는 문제인데요. 일단 여러분들이 눈치챘지 모르겠는데 단위가 어떤가요? (4850gram)/(사천 팔백 오십 그램) (3kilogram)/(삼 킬로그램) (600gram)/(육백 그램) 서로 단위가 다르구나. 그럼 선생님 말대로 어떻게 단위를 통일해서 무게를 비교해야 되겠구나. 아하/,그렇죠 문제 무엇을 문제? 그렇죠. 서로의 무게를 비교하는 문제인데요. 일단 여러분들이 눈치챘지 모르겠는데 단위가 어떤가요? 팔백 오십 그램) 킬로그램) 그램) 서로 단위가 다르구나. 그럼 선생님 말대로 어떻게 단위를 통일해서 무게를 비교해야 되겠구나.
10,0,0.0,0.8333333333333334,3.3333333333333335,1,자/ (이거는)/(요고는) 더더더덛/ 시간이 다 됐어요. l/ 돈이다+ 돈이다+ 돈이*.,시간이 다 됐어요. 돈이다+ 돈이다+ 돈이*.
6,0,0.0,1.0,2.25,1,"그럼 (12)/(십 이)에서 (3)/(삼)을 뺀 값,","그럼 이)에서 뺀 값,"
4,0,0.0,1.0,4.25,1,생쥐처럼 살금살금 양말을 벗겨드렸다.,생쥐처럼 살금살금 양말을 벗겨드렸다.
10,1,0.1,1.0,2.625,0,n/ 그럼 우리 친구들 건강하게 다음 (1주)/(한 주) 잘보내요 안녕,그럼 우리 친구들 건강하게 다음 주) 잘보내요 안녕
6,0,0.0,1.0,3.5,1,받아올림이 있는 분모가 다른 분수의 덧셈입니다.,받아올림이 있는 분모가 다른 분수의 덧셈입니다.
3,0,0.0,1.0,3.6666666666666665,1,그게 바로 철면피입니다.,그게 바로 철면피입니다.
39,4,0.10256410256410256,0.9545454545454546,3.090909090909091,0,"그래요. (바로)/(바루) (1)/(일)과 (5)/(오)를 (집어넣으면)/(집어너믄*) 되겠죠? (바로)/(바루) 여기 n/ (1)/(일)과 n/ (5)/(오) 그다음에는 중복되지 않게 한 번씩 써야 된다니깐 마지막에는 어떤 수요? 그렇죠. (2)/(이)와 (6)/(육)을 집어넣으면 되겠죠? n/ (2)/(이)와 n/ (6)/(육), 이렇게 해서 (4)/(네) 수의 합 (23)/(이십 삼) 됐습니다.",그래요. 되겠죠? 여기 그다음에는 중복되지 않게 한 번씩 써야 된다니깐 마지막에는 어떤 수요? 그렇죠. 집어넣으면 되겠죠? 이렇게 해서 수의 합 삼) 됐습니다.
24,1,0.041666666666666664,0.9565217391304348,2.8260869565217392,0,그렇네요. 우리 친구들도 뭐 여기 저기 체험학습을 많이 다닐 텐데요? 체험 학습으로 끝나지 말고 체험 학습 보고서를 써 가면서 더 알찬 체험이 되기를 바랍니다.,그렇네요. 우리 친구들도 여기 저기 체험학습을 많이 다닐 텐데요? 체험 학습으로 끝나지 말고 체험 학습 보고서를 써 가면서 더 알찬 체험이 되기를 바랍니다.
14,1,0.07142857142857142,1.0,2.7,0,"자/ 이제 이 수들을 (1번)/(한 번) 보세요. 각 단위, 단위마다 몇 개씩 묶여져 있나요?","이제 수들을 보세요. 각 단위, 단위마다 몇 개씩 묶여져 있나요?"
10,0,0.0,1.0,2.4444444444444446,1,그럼 정답은 (41.86Kg)/(사십 일 점 팔 육 키로그램)이 되는 것이고요.,그럼 정답은 일 점 팔 육 키로그램)이 되는 것이고요.
24,1,0.041666666666666664,0.95,2.4,0,"자 여기서 알 수 있는건 나머지가 (0)/(영) 일 때, 즉 나누어 떨어질 때는 나누는 수와 몫을 곱하면 n/나누어 주는수가 되(고요)/(구요). 자/이렇게 나머지가 있을 때는.","자 여기서 알 수 있는건 나머지가 일 때, 즉 나누어 떨어질 때는 나누는 수와 몫을 곱하면 주는수가 나머지가 있을 때는."
4,1,0.25,1.0,3.3333333333333335,0,"그 다음. 대사에 알맞은,","다음. 대사에 알맞은,"
23,1,0.043478260869565216,0.8235294117647058,2.588235294117647,0,"n/ 이는 자기가 그린 사각형의 (4각)/(네 각)의 크기가 (65도)/(육십 오 도), (120도)/(백 이십 도), (110도)/(백 십 도), (75도)/(칠십 오 도)라고 표현을 했단 말이죠.","이는 자기가 그린 사각형의 각)의 크기가 오 도), 이십 도), 십 도), 오 도)라고 표현을 했단 말이죠."
3,0,0.0,1.0,1.0,1,에/ 왜 (화가냐고요)/(화가냐구요)?,왜
9,0,0.0,1.0,2.7777777777777777,1,직접 재지 않고 좀 쉽게 간단하게 알수있는 방법은 없을까요?,직접 재지 않고 좀 쉽게 간단하게 알수있는 방법은 없을까요?
4,0,0.0,1.0,2.3333333333333335,1,음메/ 동물이 있는 바로,동물이 있는 바로
14,0,0.0,1.0,3.0,1,그렇다면은 힌트가 여기 나와 있네. 어디에? 지금 우리가 (이)/(요) 길이를 구할 수가 있겠죠. 어떻게?,그렇다면은 힌트가 여기 나와 있네. 어디에? 지금 우리가 길이를 구할 수가 있겠죠. 어떻게?
15,3,0.2,1.0,2.727272727272727,0,지금 이 시간은 아니고 뭔가 (좀)/(쫌) 옛날 약간 그 전에 이야기들 뭐 이렇게 생각이 되지요?,지금 시간은 아니고 뭔가 옛날 약간 전에 이야기들 이렇게 생각이 되지요?
12,0,0.0,0.9090909090909091,3.1818181818181817,1,칭찬의 말을 해야하는 순간과 사과의 말을 해야 하는 순간을 구분하면서 풀어보세요. b/,칭찬의 말을 해야하는 순간과 사과의 말을 해야 하는 순간을 구분하면서 풀어보세요.
13,1,0.07692307692307693,1.0,2.8333333333333335,0,n/ 장부에는 실로 기 호의 설계와 짐에 대한 기록들이 이미 빼곡히 들어차 있었습니다.,장부에는 실로 기 호의 설계와 짐에 대한 기록들이 이미 빼곡히 들어차 있었습니다.
8,1,0.125,1.0,4.0,0,(40kg)/(사십 킬로그램)이잖아. 그럼 이 (2개)/(두 개)를 더하면은 우리,킬로그램)이잖아. 그럼 개)를 더하면은 우리
25,0,0.0,1.0,3.0,1,"자/ 그런데 여러분 (24분의10)/(이십 사 분의 십) 어때요? 그렇죠. 더욱 약분할 수 있어요. 우리 수학은요. 항상 가장 간단한 걸 좋아한답니다. 그러니까 분모와 분자를 (2)/(이)로 나누어서,","그런데 여러분 사 분의 십) 어때요? 그렇죠. 더욱 약분할 수 있어요. 우리 수학은요. 항상 가장 간단한 걸 좋아한답니다. 그러니까 분모와 분자를 나누어서,"
13,0,0.0,1.0,3.4,1,"(3)/(삼) (5)/(오) (15)/(십 오), (15)/(십 오) 곱하기 (2)/(이)는 (30)/(삼십)되겠죠. 자/ (30)/(삼십)을 공통분모로 합니다.","오), 오) 곱하기 공통분모로 합니다."
10,1,0.1,1.0,3.125,0,맡변을 (5센티미터)/(오 센티미터)라고 했을 때 높이가 이 네모가 되는 것이죠.,맡변을 센티미터)라고 했을 때 높이가 네모가 되는 것이죠.
7,1,0.14285714285714285,1.0,3.1666666666666665,0,n/ 이번에는 반대 측 입장을 들어보겠다. 야옹.,이번에는 반대 측 입장을 들어보겠다. 야옹.
24,0,0.0,0.9565217391304348,2.4782608695652173,1,바로요. 이런 문제가 나오기 때문에 빠르고 쉽게 계산하는 방법은 딱 (1가지)/(한 가지)만 알고 있으면 안 되고 여러 가지 방법을 꼭 다 알고 있어야 해요.,바로요. 이런 문제가 나오기 때문에 빠르고 쉽게 계산하는 방법은 딱 가지)만 알고 있으면 안 되고 여러 가지 방법을 꼭 다 알고 있어야 해요.
14,3,0.21428571428571427,1.0,3.5454545454545454,0,"음/ 그렇다면 더 이상 흔들리지 않고, n/ 오늘은 이 머리띠를 사용하지 않고 시작해보도록 하겠습니다.","그렇다면 더 이상 흔들리지 않고, 오늘은 머리띠를 사용하지 않고 시작해보도록 하겠습니다."
5,0,0.0,1.0,3.0,1,"b/ 여기서 어휘라고 하는 (것은)/(거쓴),",여기서 어휘라고 하는
27,3,0.1111111111111111,1.0,3.1363636363636362,0,어/ 우리 친구들 (1학기)/(일 학기) 때 그/ 첫소리 가운뎃소리 끝소리 그 순서대로 찾는 거는 알아봤었지요? 그래서 보면 여기 이응이 있어요. 이응 부분. 첫소리가 이응이니까 이응을 찾아서 b/,우리 친구들 학기) 때 첫소리 가운뎃소리 끝소리 순서대로 찾는 거는 알아봤었지요? 그래서 보면 여기 이응이 있어요. 이응 부분. 첫소리가 이응이니까 이응을 찾아서
16,0,0.0,0.9285714285714286,3.142857142857143,1,네* 받아 올림이 없는 (2자릿수)/(두 자릿수) 곱하기 (1자릿수)/(한 자릿수) 이번엔 세로 셈으로 여러분과 함께 알아보도록 하겠습니다,네* 받아 올림이 없는 자릿수) 곱하기 자릿수) 이번엔 세로 셈으로 여러분과 함께 알아보도록 하겠습니다
11,0,0.0,1.0,2.8181818181818183,1,저는 아저씨처럼 위험에 빠진 사람을 구해내는 가치 있는 일을 하고 싶어요.,저는 아저씨처럼 위험에 빠진 사람을 구해내는 가치 있는 일을 하고 싶어요.
10,0,0.0,1.0,3.111111111111111,1,"(이거)/(요거) 아우, 어울리지 않아요. 높낮이 끝 부분을 낮춰서 죽으란 말이요.","아우, 어울리지 않아요. 높낮이 끝 부분을 낮춰서 죽으란 말이요."
1,0,0.0,0.0,0.0,1,(9)/(구).,
10,0,0.0,1.0,3.0,1,문제의 요각은요. 바로 각 (ㄴ)/(니은) (ㄷ)/(디귿) (ㄹ)/(리을)의 각이라 대응각 맞나요?,문제의 요각은요. 바로 각 각이라 대응각 맞나요?
10,1,0.1,1.0,3.5714285714285716,0,아/ 그다음 진분수 더해주면 어떻게 될까요? (8)/(팔) 분의 (6)/(육)이 되겠습니다.,그다음 진분수 더해주면 어떻게 될까요? 분의 되겠습니다.
14,0,0.0,1.0,2.5714285714285716,1,그런 다음에 논술문은 그냥 문제만 얘기해 주는 것이 아니라 해결 방법을 알려 줘야 돼요.,그런 다음에 논술문은 그냥 문제만 얘기해 주는 것이 아니라 해결 방법을 알려 줘야 돼요.
12,0,0.0,1.0,3.0,1,짠 병아리 친구들이 아래로 내려와서 (하나)/(한) 줄로 섰네요. 병아리의 수를 세어 봅시다.,짠 병아리 친구들이 아래로 내려와서 줄로 섰네요. 병아리의 수를 세어 봅시다.
8,0,0.0,1.0,2.0,1,에이 이거 남의 말을 이렇게 하면 안 돼.,에이 이거 남의 말을 이렇게 하면 안 돼.
3,1,0.3333333333333333,1.0,4.5,0,아/ 만점왕 속보입니다.,만점왕 속보입니다.
11,0,0.0,1.0,3.1818181818181817,1,"혹시 영상이 울거나 빠졌거나 아니면 음성이, 어느 한순간에 턱 빠지거나, 그러면.","혹시 영상이 울거나 빠졌거나 아니면 음성이, 어느 한순간에 턱 빠지거나, 그러면."
8,0,0.0,1.0,3.125,1,여러분 그거 아세요? 자연에서도 천년 염료가 있다는 사실.,여러분 그거 아세요? 자연에서도 천년 염료가 있다는 사실.
33,3,0.09090909090909091,1.0,3.107142857142857,0,"그런데 n/는 매일 (38번)/(서른 여덟 번) 씩 했다라는 것이 바로 주어진 조건이 되는 거예요. 이런 것들을 파악하고 식을 세우는데 이 문장에서는 곱셈식이 알맞고, 그 답을 구해서 표현해 주면 된다라는 거죠. 문제해결의 방법을 익혀둡니다.","그런데 매일 여덟 씩 했다라는 것이 바로 주어진 조건이 되는 거예요. 이런 것들을 파악하고 식을 세우는데 문장에서는 곱셈식이 알맞고, 답을 구해서 표현해 주면 된다라는 거죠. 문제해결의 방법을 익혀둡니다."
14,0,0.0,1.0,2.727272727272727,1,어우/ 그런데요. 여기 특이한 점이 또 (1)/(하나)있습니다. (5학년)/(오 학년) 때 선생님을 글 속에 넣었습니다.,그런데요. 여기 특이한 점이 또 학년) 때 선생님을 글 속에 넣었습니다.
13,1,0.07692307692307693,1.0,3.8181818181818183,0,n/ 자/ 다음 시간에는요 새로운 단원 들어가죠? 원기둥의 겉넓이와 부피에 대해서 알아보도록 하겠습니다.,다음 시간에는요 새로운 단원 들어가죠? 원기둥의 겉넓이와 부피에 대해서 알아보도록 하겠습니다.
13,0,0.0,0.8461538461538461,2.6153846153846154,1,그럼 세 번째 문제도 함께 보도록 하겠습니다 세 번째 문제는 과연 어떤 문제일까요?,그럼 세 번째 문제도 함께 보도록 하겠습니다 세 번째 문제는 과연 어떤 문제일까요?
19,1,0.05263157894736842,1.0,2.8125,0,"자/ 그래서 이 글도 봤더니 오/ 전에 살펴보던 글과는 쪼끔 다른 것 같습니다. 설명하는 글이 맞긴 맞는데, 어디 볼까요?","그래서 글도 봤더니 전에 살펴보던 글과는 쪼끔 다른 것 같습니다. 설명하는 글이 맞긴 맞는데, 어디 볼까요?"
6,1,0.16666666666666666,1.0,3.2,0,그 수를 세어 보자라고 얘기를 하였어요.,수를 세어 보자라고 얘기를 하였어요.
16,1,0.0625,0.9166666666666666,2.5,0,나누는 수가 (4)/(사) 니까 나누는 수의 단 곱셈 (9)/(구) (9)/(구) 를 활용하여 그 몫을 구하면 쉽겠구나.,나누는 수가 니까 나누는 수의 단 곱셈 를 활용하여 몫을 구하면 쉽겠구나.
3,1,0.3333333333333333,1.0,4.0,0,"n/ 어휴, 할아버지,","어휴, 할아버지,"
26,0,0.0,0.9523809523809523,2.8095238095238093,1,(1의 자리)/(일의 자리) 위에 (10)/(십) 이라고 쓰고 (10의 자리)/(십의 자리) 위에는 받아내림하고 남은 수를 쓰자. 이것은 원래 있던 수보다 (1)/(일)만큼 작은 수로 b/ 표현이 되는 것이다.,(1의 자리) 위에 이라고 쓰고 (10의 자리) 위에는 받아내림하고 남은 수를 쓰자. 이것은 원래 있던 수보다 작은 수로 표현이 되는 것이다.
5,1,0.2,1.0,3.25,0,n/ 그래도 호호거리며 먹고 싶어.,그래도 호호거리며 먹고 싶어.
15,0,0.0,1.0,2.5833333333333335,1,자/ 그런데 몇 개의 빵을 더 더했더니 이번엔 빵이 와/ 많다. (42개)/(마흔 두 개)가 되었습니다.,그런데 몇 개의 빵을 더 더했더니 이번엔 빵이 많다. 두 개)가 되었습니다.
7,1,0.14285714285714285,1.0,3.75,0,n/ 그들의 생각을 (1번)/(한 번) 들어보도록 할게요.,그들의 생각을 들어보도록 할게요.
15,0,0.0,0.7857142857142857,2.5,1,자/ 니은 히읗 받침을 쓸 때는요. 숙제를 하지 않았다. 이럴 때 니은 히읗 받침을 씁니다.,니은 히읗 받침을 쓸 때는요. 숙제를 하지 않았다. 이럴 때 니은 히읗 받침을 씁니다.
5,1,0.2,1.0,3.75,0,그렇다면 이제 무엇을 확인할꺼냐. n/,그렇다면 이제 무엇을 확인할꺼냐.
7,0,0.0,1.0,3.0,1,자/ 먼저 돌에 붙어있는 불가사리는 어디 있지?,먼저 돌에 붙어있는 불가사리는 어디 있지?
37,0,0.0,0.9459459459459459,2.675675675675676,1,그래서요. 더 넓은 것을 여기에 다 쓰구요. 얼마만큼 더 넓은지 여기에다가 쓰도록 할게요. 그런데 첫 번째 질문은요. 아주 쉬워요. 우리가 무엇만 보면 알 수 있어요? 반지름의 길이를 한번 비교해 볼까요? 즉 원이 어떤 것이 더 큰지 볼게요.,그래서요. 더 넓은 것을 여기에 다 쓰구요. 얼마만큼 더 넓은지 여기에다가 쓰도록 할게요. 그런데 첫 번째 질문은요. 아주 쉬워요. 우리가 무엇만 보면 알 수 있어요? 반지름의 길이를 한번 비교해 볼까요? 즉 원이 어떤 것이 더 큰지 볼게요.
11,0,0.0,1.0,3.2,1,"따라서 (11)/(십 일)이라는 값이 나왔네요. 그래서, 첫 번째 옷이 들어갈 상자는요.","따라서 일)이라는 값이 나왔네요. 그래서, 첫 번째 옷이 들어갈 상자는요."
21,1,0.047619047619047616,0.9473684210526315,2.8421052631578947,0,그렇죠. 삼각형의 넓이를 알고 있다면 이 높이 구할 수 있어요. 자/ 그래서 봤더니 넓이는 주어져 있지 않고 다른 힌트가 주어져 있습니다.,그렇죠. 삼각형의 넓이를 알고 있다면 높이 구할 수 있어요. 그래서 봤더니 넓이는 주어져 있지 않고 다른 힌트가 주어져 있습니다.
7,0,0.0,1.0,2.8333333333333335,1,"어떤 것들을 생각을 (해야)/(해 야) 될까요? 일단,","어떤 것들을 생각을 야) 될까요? 일단,"
31,1,0.03225806451612903,0.9642857142857143,3.3214285714285716,0,자/ 생활 문화 내에서 새롭게 만들어진 어휘이기 때문인 거죠. 그러니까 새롭 게 만들어진 어휘라는 겁니다. 신조어죠. 신조어. 자/ 지금 이 경우는 녹색이란 어휘가+ 어휘와 어머니라는 어휘가 합쳐져서 이제 융합 합성어가 된거에요.,생활 문화 내에서 새롭게 만들어진 어휘이기 때문인 거죠. 그러니까 새롭 게 만들어진 어휘라는 겁니다. 신조어죠. 신조어. 지금 경우는 녹색이란 어휘가+ 어휘와 어머니라는 어휘가 합쳐져서 이제 융합 합성어가 된거에요.
10,1,0.1,1.0,2.75,0,근데 이 문제를 우리 (3학년)/(삼 학년) 친구들이 정말 많이 틀려요.,근데 문제를 우리 학년) 친구들이 정말 많이 틀려요.
10,0,0.0,1.0,2.8,1,하고 마주보고 웃었다는 거죠. 사자 덕분에 둘이 화해를 한 거예요.,하고 마주보고 웃었다는 거죠. 사자 덕분에 둘이 화해를 한 거예요.
15,1,0.06666666666666667,1.0,2.5714285714285716,0,그리고 n/ 이야기 속의 인물이 되었다고 상상해 보면 인물의 성격을 쉽게 알 수 있지. 어때?,그리고 이야기 속의 인물이 되었다고 상상해 보면 인물의 성격을 쉽게 알 수 있지. 어때?
36,2,0.05555555555555555,0.9375,2.6875,0,"사람의 마음을 막 가지고 노는 한 번 보면 잊을 수 없는 계속 읽어야 하는 책이 있어 이럴 때 n/우린 이렇게 표현하죠, b/ 이 책은 흡인력이 있어요, 계속 읽게되요, 이렇게 말이죠 흡인력 원동역 추진력 같이 알아두시기 바랍니다.","사람의 마음을 막 가지고 노는 한 보면 잊을 수 없는 계속 읽어야 하는 책이 있어 이럴 때 이렇게 표현하죠, 책은 흡인력이 있어요, 계속 읽게되요, 이렇게 말이죠 흡인력 원동역 추진력 같이 알아두시기 바랍니다."
6,3,0.5,1.0,4.0,0,n/ 음/ 아/ 오늘의 간식은 무엇일까요?,오늘의 간식은 무엇일까요?
9,0,0.0,1.0,3.7777777777777777,1,그림을 보니까 역시 선생님이 좋아하는 먹음직스러운 과일과 채소가 가득하네요.,그림을 보니까 역시 선생님이 좋아하는 먹음직스러운 과일과 채소가 가득하네요.
11,0,0.0,1.0,3.3333333333333335,1,그렇다면 자/ 이거랑 똑같은 모양으로 쌓으려면 쌓기 나무가 (3개)/(세 개) 필요하죠.,그렇다면 이거랑 똑같은 모양으로 쌓으려면 쌓기 나무가 개) 필요하죠.
12,1,0.08333333333333333,1.0,3.0,0,자/ 여기까지. 그럼 우리 다시 하+ 핵심으로 n/ (1번)/(한 번) 넘어가 봅시다.,여기까지. 그럼 우리 다시 하+ 핵심으로 넘어가 봅시다.
27,0,0.0,0.8148148148148148,2.5925925925925926,1,고생한 우리 친구들을 위해서 선생님이 수의 순서가 있는 수학별에서만 구할 수 있는 보물 상자를 선물로 준비했어요. 보물 상자를 열 수 있는 황금 열쇠 다 같이 찾아 볼까요?,고생한 우리 친구들을 위해서 선생님이 수의 순서가 있는 수학별에서만 구할 수 있는 보물 상자를 선물로 준비했어요. 보물 상자를 열 수 있는 황금 열쇠 다 같이 찾아 볼까요?
6,0,0.0,1.0,3.2,1,아휴/ 이러면 글씨를 또박또박 쓰기 힘들죠.,이러면 글씨를 또박또박 쓰기 힘들죠.
5,1,0.2,1.0,3.0,0,다음에 있는 이 친구는 숫자로는,다음에 있는 친구는 숫자로는
16,0,0.0,0.9333333333333333,3.2,1,우리 친구들 이번에는요 선생님이 좀 다른 방법으로 (2)/(둘)로 나눠보도록 하겠습니다. 또 다른 방법은 무엇일지 함께 보시죠.,우리 친구들 이번에는요 선생님이 좀 다른 방법으로 나눠보도록 하겠습니다. 또 다른 방법은 무엇일지 함께 보시죠.
18,1,0.05555555555555555,0.9375,3.1875,0,자/ 그러면 멸치가 왜 신이 나서 잔치를 벌였을까요 여러분. 그 이유 기억나세요? 그거는 말 이에요 여러분. 낙지가 나오는데요.,그러면 멸치가 왜 신이 나서 잔치를 벌였을까요 여러분. 이유 기억나세요? 그거는 말 이에요 여러분. 낙지가 나오는데요.
2,1,0.5,0.0,0.0,0,n/ (60)/(육십).,
4,0,0.0,1.0,4.0,1,(2번)/(두 번) 정도 들어가네요.,정도 들어가네요.
21,2,0.09523809523809523,0.9285714285714286,3.0,0,n/ 요 부분은요. 한번 계산해 (볼게요)/(보께요). n/ (184)/(백 팔십 사)에다가 (15)/(십 오)를 곱하는 요 자연수의 곱셈을 이용하는 거죠? 곱하면 (20)/(이십) (이고요)/(이구요).,요 부분은요. 한번 계산해 팔십 사)에다가 오)를 곱하는 요 자연수의 곱셈을 이용하는 거죠? 곱하면
11,1,0.09090909090909091,1.0,3.0,0,n/ 요렇게 본땄습니다 자/ 요것을 다와 겹쳐 보도록 할게요 그러면 다와.,요렇게 본땄습니다 요것을 다와 겹쳐 보도록 할게요 그러면 다와.
6,0,0.0,1.0,2.1666666666666665,1,그럼 다음 문제 또 보여 주세요.,그럼 다음 문제 또 보여 주세요.
25,0,0.0,0.95,2.95,1,자/ 다시 삼각형의 넓이 어떻게 구하죠? 밑변의 길이 곱하기 높이 나누기 (2)/(이)입니다. 자/ 그런데 우리는요. 요 높이를 몰라서 (이거)/(요거)를 구해야 해요. 자/ 그럼 어떻게 구할까요?,다시 삼각형의 넓이 어떻게 구하죠? 밑변의 길이 곱하기 높이 나누기 그런데 우리는요. 요 높이를 몰라서 구해야 해요. 그럼 어떻게 구할까요?
5,1,0.2,1.0,3.0,0,n/ b/ 더욱더 길게. b/,더욱더 길게.
10,0,0.0,1.0,3.4,1,앞에 나와서 발표할 때에는 무엇을 바라보고 생각을 말합니다 선생님을 바라보고?,앞에 나와서 발표할 때에는 무엇을 바라보고 생각을 말합니다 선생님을 바라보고?
11,1,0.09090909090909091,1.0,2.6,0,아/ 내가 숙제한 내용을 우리 다른 친구들 앞에서도 발표할 수 있죠?,내가 숙제한 내용을 우리 다른 친구들 앞에서도 발표할 수 있죠?
20,0,0.0,1.0,2.764705882352941,1,예를 들어 장기자랑을 할 수 있는 기회가 일년에 (1)/(한) (2번)/(두 번) 정도이기 때문에 연예인을 흉내 내어도 좋습니다 라는 의견에 대하여,예를 들어 장기자랑을 할 수 있는 기회가 일년에 정도이기 때문에 연예인을 흉내 내어도 좋습니다 라는 의견에 대하여
6,0,0.0,1.0,3.1666666666666665,1,우리는 매일 물을 사용합니다. 맞는 말일세.,우리는 매일 물을 사용합니다. 맞는 말일세.
16,0,0.0,1.0,3.0,1,"(0)/(영), (1)/(일), (5)/(오), (6)/(육), (9)/(구) 이렇게 말이죠. 그리고 난 다음에 (100)/(백)의 자리의 숫자 (5)/(오)를 놓아주는 거예요.",이렇게 말이죠. 그리고 난 다음에 자리의 숫자 놓아주는 거예요.
7,1,0.14285714285714285,1.0,4.166666666666667,0,광개토대왕은요. 여러분들 그+ 그 전기문 속을 읽어보면요.,광개토대왕은요. 여러분들 그+ 전기문 속을 읽어보면요.
13,0,0.0,1.0,2.769230769230769,1,다음과 같이 곱셈 표에서 나타나는 규칙을 찾아서 알맞은 수를 써 넣어보도록 할 거예요.,다음과 같이 곱셈 표에서 나타나는 규칙을 찾아서 알맞은 수를 써 넣어보도록 할 거예요.
24,1,0.041666666666666664,1.0,3.2857142857142856,0,n/ 교재 (179쪽)/(백 칠십 구 쪽)을 보면요. 슈바이처의 전기문 나타나 있습니다. 여러분들 읽어보면 가장 마지막 부분에요 슈바이처는 (91세)/(구십 일 세)를 일기로 아프리카에서 세상을 떠났다,교재 칠십 구 쪽)을 보면요. 슈바이처의 전기문 나타나 있습니다. 여러분들 읽어보면 가장 마지막 부분에요 슈바이처는 일 세)를 일기로 아프리카에서 세상을 떠났다
2,0,0.0,1.0,3.5,1,잘할수 있겠죠?,잘할수 있겠죠?
8,0,0.0,1.0,3.125,1,"적혀있어요 자 그리고 나머지 도넛들에 있는 분수를 보니까,","적혀있어요 자 그리고 나머지 도넛들에 있는 분수를 보니까,"
12,0,0.0,1.0,2.727272727272727,1,정말 줄자로 재어 봤더니 우리가 예상했던것 처럼 (1m)/(일 미터) 보다 더 길어요.,정말 줄자로 재어 봤더니 우리가 예상했던것 처럼 미터) 보다 더 길어요.
9,0,0.0,0.8888888888888888,3.2222222222222223,1,"좀 어려운 문제도 있었지만요 조금씩 조금씩 문제를 꾸준히 풀다보면,","좀 어려운 문제도 있었지만요 조금씩 조금씩 문제를 꾸준히 풀다보면,"
12,1,0.08333333333333333,1.0,2.9,0,그리고 이 (2)/(둘) 사이를 연결해 주기만 하면 되는 것이겠죠 이렇게 쭉 끊었어요.,그리고 사이를 연결해 주기만 하면 되는 것이겠죠 이렇게 쭉 끊었어요.
8,0,0.0,1.0,2.5,1,물이 더 많이 따는 사람이 누군지 묻고 있는데요.,물이 더 많이 따는 사람이 누군지 묻고 있는데요.
15,0,0.0,1.0,3.1333333333333333,1,시간이 지날수록 윗동네는 점점 바뀌어 갔어. 어느새 커다란 현대식 건물들로 가득찬 엄청나게 큰 동네가 되었지.,시간이 지날수록 윗동네는 점점 바뀌어 갔어. 어느새 커다란 현대식 건물들로 가득찬 엄청나게 큰 동네가 되었지.
32,2,0.0625,0.7916666666666666,2.875,0,"n/ (11)/(십 일) 곱하기 (11)/(십 일)을 먼저 정리해 주면 무엇이 된다 바로, (121)/(백 이십 일) 이 되죠. (121)/(백 이십 일) 곱하기 (3.1)/(삼 쩜 일)이라면 답이 나오겠네. 여기다가 선생님이 적어볼께요. (121)/(백 이십 일),","일) 곱하기 일)을 먼저 정리해 주면 무엇이 된다 바로, 이십 일) 되죠. 이십 일) 곱하기 쩜 일)이라면 답이 나오겠네. 여기다가 선생님이 적어볼께요. 이십 일),"
36,0,0.0,0.8055555555555556,2.5277777777777777,1,"기억의 쌓기 나무를 각각 몇 개씩 넣을 수 있습니까? 해서 여기는 몇 개가 들어가고요, 여기는 몇 개가 들어가요 라고 얘기할 수 있다면 우리가 정확하게+ 정확하게 어떤 것이 부피가 더 크다 얘기할 수 있는 거죠. 가부터 봐요.","기억의 쌓기 나무를 각각 몇 개씩 넣을 수 있습니까? 해서 여기는 몇 개가 들어가고요, 여기는 몇 개가 들어가요 라고 얘기할 수 있다면 우리가 정확하게+ 정확하게 어떤 것이 부피가 더 크다 얘기할 수 있는 거죠. 가부터 봐요."
6,1,0.16666666666666666,1.0,3.0,0,n/ 첫 번째 비행기가 착륙을 불안했군.,첫 번째 비행기가 착륙을 불안했군.
9,1,0.1111111111111111,0.8571428571428571,4.285714285714286,0,n/ 자/ 편집자적 논평이라고도 하는데요. 유사한 말이에요. 편집자적 논평.,편집자적 논평이라고도 하는데요. 유사한 말이에요. 편집자적 논평.
20,1,0.05,1.0,3.5625,0,(100)/(백)분의(1)/(일)배가 됐어요. 그래서 소수점이 왼쪽으로 (2칸)/(두 칸) 이동한 거잖아요. 이 말은 나누어지는 수도 몇 배가되었다는 의미이다? 맞아요. 똑같이 (100)/(백)분의(1)/(일)배가 되었다.,됐어요. 그래서 소수점이 왼쪽으로 칸) 이동한 거잖아요. 말은 나누어지는 수도 몇 배가되었다는 의미이다? 맞아요. 똑같이 되었다.
5,1,0.2,1.0,4.333333333333333,0,"자/ 이 영상자료에서 전하려는 주제,","영상자료에서 전하려는 주제,"
2,1,0.5,1.0,3.0,0,n/ 신나게,신나게
16,2,0.125,1.0,3.0,0,할게요 할 때 게요 어 이 에요 게요. 네. 좋아요. 괜찮아요. 고쳤으면. 돼요. 고쳐 쓰기 오랜만이네요.,할게요 할 때 게요 에요 게요. 네. 좋아요. 괜찮아요. 고쳤으면. 돼요. 고쳐 쓰기 오랜만이네요.
7,0,0.0,1.0,4.0,1,아니에요. 오토바이보다 더 무거우므로 일단 오토바이 아니네요.,아니에요. 오토바이보다 더 무거우므로 일단 오토바이 아니네요.
5,0,0.0,1.0,3.6,1,이렇게 오늘의 핵심 개념들을 살펴보았어요,이렇게 오늘의 핵심 개념들을 살펴보았어요
6,0,0.0,1.0,3.0,1,말 그대로 옆면은요 옆에 있는 면이거든요.,말 그대로 옆면은요 옆에 있는 면이거든요.
4,1,0.25,1.0,5.0,0,좋습니다. 아/ 그런데요. 네/,좋습니다. 그런데요.
8,0,0.0,1.0,2.875,1,소풍 날이 되면 들뜬 마음으로 친구들과 야외로 나간다.,소풍 날이 되면 들뜬 마음으로 친구들과 야외로 나간다.
12,1,0.08333333333333333,1.0,2.909090909090909,0,어/ 이거 아주 쉬워 이럴 것 같은데요. 우리 체조를 하다가 감상해보도록 할까요.,이거 아주 쉬워 이럴 것 같은데요. 우리 체조를 하다가 감상해보도록 할까요.
12,0,0.0,1.0,3.4545454545454546,1,자/ 어떤 다각형이 나왔어요. 다각형의 넓이 알려주고요. 한 변의 길이를 구하라고 했습니다.,어떤 다각형이 나왔어요. 다각형의 넓이 알려주고요. 한 변의 길이를 구하라고 했습니다.
28,3,0.10714285714285714,0.9545454545454546,3.1818181818181817,0,"와/ 여기서 제일 큰 건 천왕성이죠. 지구의 (4배)/(네 배) 크기라고 했으니까. 자/ 그래서 천왕성, 지구, 그다음에 지구의 n/ 이 분의 일 크기인 화성, 이렇게 써주시면 되겠고요. 다음이요. n/","여기서 제일 큰 건 천왕성이죠. 지구의 배) 크기라고 했으니까. 그래서 천왕성, 지구, 그다음에 지구의 분의 일 크기인 화성, 이렇게 써주시면 되겠고요. 다음이요."
8,0,0.0,1.0,3.25,1,자/ 우리 친구들 (협력)/(혐녁)하고 소리를 (1번)/(한 번) 내보세요.,우리 친구들 소리를 내보세요.
3,1,0.3333333333333333,1.0,4.0,0,자/ 이 넥타이.,넥타이.
22,1,0.045454545454545456,1.0,2.7142857142857144,0,그래서 선생님이 하고 싶은 얘기는 뭐냐 그 줄에 쌓기 나무를 그릴 때 가장 높은 층까지 보이니까 거기를 그려주면 된다라는 걸 강조하고 싶네요.,그래서 선생님이 하고 싶은 얘기는 뭐냐 줄에 쌓기 나무를 그릴 때 가장 높은 층까지 보이니까 거기를 그려주면 된다라는 걸 강조하고 싶네요.
13,1,0.07692307692307693,0.9166666666666666,3.3333333333333335,0,그림이 나왔습니다. 선생님이랑 같이 이 그림을 한번 볼려고 해요. 그림을 선생님이 읽어 줄게요.,그림이 나왔습니다. 선생님이랑 같이 그림을 한번 볼려고 해요. 그림을 선생님이 읽어 줄게요.
28,0,0.0,0.8,2.76,1,정사각형 모양의 땅을 가로의 길이는 처음 길이의 (2)/(이) 분의 (1)/(일) 만큼 늘리고 세로의 길이는 처음 길이의 (6)/(여섯)배로 늘리면 넓이는 모두 몇 배 늘어납니까? 물어 보았어요. 몇 배 늘어날까요?,정사각형 모양의 땅을 가로의 길이는 처음 길이의 분의 만큼 늘리고 세로의 길이는 처음 길이의 늘리면 넓이는 모두 몇 배 늘어납니까? 물어 보았어요. 몇 배 늘어날까요?
20,2,0.1,1.0,3.4444444444444446,0,리그리의 비인간적인 요구를 거부하고 끝까지 다른 사람에 대한 사랑을 실천했던 톰아저씨는 n/ 결국 리그리에게 고문을 받다가 이 세상을 떠나고 마는데요.,리그리의 비인간적인 요구를 거부하고 끝까지 다른 사람에 대한 사랑을 실천했던 톰아저씨는 결국 리그리에게 고문을 받다가 세상을 떠나고 마는데요.
11,2,0.18181818181818182,1.0,3.111111111111111,0,음/ 그래서 이거 저 빌려주세요. 하면은 거기 도서관 사서 선생님이 그래.,그래서 이거 빌려주세요. 하면은 거기 도서관 사서 선생님이 그래.
8,0,0.0,1.0,3.25,1,용감하게 문제 괴물과 맞서 싸워 우리의 수학자를 지켜봅시다.,용감하게 문제 괴물과 맞서 싸워 우리의 수학자를 지켜봅시다.
2,0,0.0,1.0,3.5,1,이렇게 커져요.,이렇게 커져요.
5,1,0.2,1.0,4.333333333333333,0,자/ 가로가 무엇일까? 이 가로는요.,가로가 무엇일까? 가로는요.
27,1,0.037037037037037035,0.9230769230769231,2.923076923076923,0,여기에서는 다섯째 마당과 관련된 문제가 쭉 나와 있는데요. 유난히 중요한 게 많이 나왔던 것 같은 다섯째 마당. 우리는 그 중에서도 어울려 쓰는 말과 관련된 문제 풀어보도록 하겠습니다.,여기에서는 다섯째 마당과 관련된 문제가 쭉 나와 있는데요. 유난히 중요한 게 많이 나왔던 것 같은 다섯째 마당. 우리는 중에서도 어울려 쓰는 말과 관련된 문제 풀어보도록 하겠습니다.
7,1,0.14285714285714285,1.0,2.8333333333333335,0,망이 받침있는 글자니까 n/ 망을 써야 해요.,망이 받침있는 글자니까 망을 써야 해요.
3,0,0.0,1.0,3.5,1,자/ 생각을 해보세요,생각을 해보세요
7,0,0.0,1.0,5.8,1,(220kg)/(이백 이십 킬로그램)이었구요. 마지막으로 (240kg)/(이백 사십 킬로그램)이었어요.,이십 킬로그램)이었구요. 마지막으로 사십 킬로그램)이었어요.
18,1,0.05555555555555555,1.0,3.0,0,"다가 됩니다. 우리가 사전에서 낱말을 찾을 때 접는다, 접어서, 접으면 이 모든 (3)/(세) 낱말을요. 접다 하나로 찾으면 (된다고요)/(된다구요).","다가 됩니다. 우리가 사전에서 낱말을 찾을 때 접는다, 접어서, 접으면 모든 낱말을요. 접다 하나로 찾으면"
8,0,0.0,1.0,3.4,1,이각의 한변이 (각도기)/(각또기)의 바깥쪽 (눈금)/(눈끔) (0)/(영)에 맞춰져 있으니까.,이각의 한변이 바깥쪽 맞춰져 있으니까.
14,0,0.0,1.0,2.8333333333333335,1,(7)/(칠)로 바뀌게 돼서 (8478)/(팔천 사백 칠십 팔) 이라고 마지막 우산까지 이렇게 채워주면 되는 거예요.,바뀌게 돼서 사백 칠십 팔) 이라고 마지막 우산까지 이렇게 채워주면 되는 거예요.
19,4,0.21052631578947367,1.0,3.3333333333333335,0,n/ 어/ 어/ 변자 다음에 무슨 말이 나와요? 아/ 그건 바로 색이었지요. 변색이라는 것은요. 빛깔이 변해서 달라지는 것을 뜻하거든요.,변자 다음에 무슨 말이 나와요? 그건 바로 색이었지요. 변색이라는 것은요. 빛깔이 변해서 달라지는 것을 뜻하거든요.
7,0,0.0,1.0,3.8333333333333335,1,자/ 우리가 처음으로 살펴볼 내용은요 보들 이야기인데요.,우리가 처음으로 살펴볼 내용은요 보들 이야기인데요.
36,3,0.08333333333333333,0.875,2.71875,0,자/ 묻다. 뭐 하나 생각나는 거 있나요? 선생님 저 여쭤볼 게 있어요. 할 때 그/ 물어보다. 거기에 그거 할 때도 그런 뜻으로 사용할 때도 묻다. 그다음에 여기 있는 것처럼 흙에다가 넣고 흙을 덮어버리는 거 이것도 묻다잖아요.,묻다. 하나 생각나는 거 있나요? 선생님 여쭤볼 게 있어요. 할 때 물어보다. 거기에 그거 할 때도 그런 뜻으로 사용할 때도 묻다. 그다음에 여기 있는 것처럼 흙에다가 넣고 흙을 덮어버리는 거 이것도 묻다잖아요.
10,1,0.1,1.0,3.3333333333333335,0,"그렇다면 이 주인공, 과연 경찰의 수색을 따돌리고 무사할 수 있었을까요?","그렇다면 주인공, 과연 경찰의 수색을 따돌리고 무사할 수 있었을까요?"
6,0,0.0,1.0,3.6,1,그랬어요. 자/ 딸이 생각하는 생선은 이거죠.,그랬어요. 딸이 생각하는 생선은 이거죠.
5,1,0.2,1.0,3.25,0,"n/ 부품들은 수학 세상 어딘가에,","부품들은 수학 세상 어딘가에,"
13,0,0.0,0.9230769230769231,2.5384615384615383,1,지금부터는 그냥 수를 세는 것이 아니라 구슬 위에 표시를 하면서 수를 셀 거예요.,지금부터는 그냥 수를 세는 것이 아니라 구슬 위에 표시를 하면서 수를 셀 거예요.
7,0,0.0,1.0,2.25,1,자/ (100)/(백)의 자리 또 (1)/(일)을 올려 줄게요.,자리 또 올려 줄게요.
20,1,0.05,0.875,2.875,0,(10)/(열)개씩 묶음의 수를 써주고 낱개의 수를 써주면 되니까 이렇게 나타내죠. 자/ 그럼 우리 이 수를 (2가지)/(두 가지) 방법으로 읽어 볼까요.,묶음의 수를 써주고 낱개의 수를 써주면 되니까 이렇게 나타내죠. 그럼 우리 수를 가지) 방법으로 읽어 볼까요.
11,0,0.0,1.0,3.1818181818181817,1,우리 친구들도 꼭 집에서 가족이나 인형 친구들과 함께 구구단을 외자놀이 해보세요.,우리 친구들도 꼭 집에서 가족이나 인형 친구들과 함께 구구단을 외자놀이 해보세요.
7,0,0.0,1.0,3.142857142857143,1,높이. 그래서 용어를 다시 바꿔주면 어떻게 될까요?,높이. 그래서 용어를 다시 바꿔주면 어떻게 될까요?
8,0,0.0,0.875,3.5,1,"바로 이걸 직각삼각형이라고 한다, 이걸 알면 문제가 쉬워집니다.","바로 이걸 직각삼각형이라고 한다, 이걸 알면 문제가 쉬워집니다."
7,0,0.0,1.0,3.0,1,"(not)/(낫) 일어나지 않았던 건 문제점 그러니까 원인,","일어나지 않았던 건 문제점 그러니까 원인,"
7,1,0.14285714285714285,1.0,3.3333333333333335,0,"n/ 즐겁게 신나게 재미나게 계산왕의 꿈을 이뤄줄,","즐겁게 신나게 재미나게 계산왕의 꿈을 이뤄줄,"
4,0,0.0,1.0,2.0,1,지금 책에 있는 것과,지금 책에 있는 것과
4,0,0.0,0.0,0.0,1,"(1)/(하나), (2)/(둘), (3)/(셋), (4)/(넷).",
16,2,0.125,1.0,3.2857142857142856,0,n/ 이렇게 속담은요. 여러 가지 속담의 뜻과 그 쓰임을 설명하는 사전입니다. 마지막으로 알아볼 사전은 바로 짜잔.,이렇게 속담은요. 여러 가지 속담의 뜻과 쓰임을 설명하는 사전입니다. 마지막으로 알아볼 사전은 바로 짜잔.
26,0,0.0,1.0,2.9565217391304346,1,그다음에 (3시)/(세 시)에서 (1시간)/(한 시간)전에 시각이기 때문에 이럴 때는 (2시)/(두 시)라고 표현을 해 주면 되는 거예요. 이처럼 시간의 뺄셈이 적용되는 경우를 확인해 볼 수 있는 거랍니다.,그다음에 시)에서 시간)전에 시각이기 때문에 이럴 때는 시)라고 표현을 해 주면 되는 거예요. 이처럼 시간의 뺄셈이 적용되는 경우를 확인해 볼 수 있는 거랍니다.
5,1,0.2,1.0,2.3333333333333335,0,n/ 자/ 우리가 좀 전에.,우리가 좀 전에.
20,0,0.0,0.9444444444444444,3.7777777777777777,1,복종과 희생적인 것은 전혀 연관성이 없습니다. 아니구요. (2번)/(이 번) 한곳에 머무르지 않습니다. 한곳에 머무르며 새끼를 키우고 그곳에서 생을 마감하였다고 하였습니다.,복종과 희생적인 것은 전혀 연관성이 없습니다. 아니구요. 한곳에 머무르지 않습니다. 한곳에 머무르며 새끼를 키우고 그곳에서 생을 마감하였다고 하였습니다.
5,0,0.0,1.0,3.0,1,자/ 어떻게 뺄셈식을 써 볼까요?,어떻게 뺄셈식을 써 볼까요?
7,1,0.14285714285714285,1.0,3.0,0,그리고 이 삼각자로 서로 수직이 되게 하세요.,그리고 삼각자로 서로 수직이 되게 하세요.
10,1,0.1,1.0,2.888888888888889,0,그럼 일단 이 직육면체의 모든 모서리의 길이의 합을 구해야 돼요.,그럼 일단 직육면체의 모든 모서리의 길이의 합을 구해야 돼요.
18,0,0.0,1.0,3.1666666666666665,1,"중간유통단계를 줄이고 실제로 바나나를 재배하는 , 생산자의 이익을 보장해 주는, 그런 공정무역의 좋은 시스템이 있다 이런 뜻 이에요,","중간유통단계를 줄이고 실제로 바나나를 재배하는 , 생산자의 이익을 보장해 주는, 그런 공정무역의 좋은 시스템이 있다 이런 뜻 이에요,"
4,1,0.25,1.0,3.6666666666666665,0,n/ 친구들아 많이 기다렸지?,친구들아 많이 기다렸지?
14,3,0.21428571428571427,1.0,2.8181818181818183,0,한참 뒤에 아/ 이제 집에 가야지 하고 일어나서 도낏자루를 들여오고 했는데 어/ 그 순간,한참 뒤에 이제 집에 가야지 하고 일어나서 도낏자루를 들여오고 했는데 순간
14,0,0.0,1.0,2.642857142857143,1,나그네를 잡아 먹으라고 판결한 많은 재판관들이 한 이야기와 같은 말을 하고 있는 것 같죠?,나그네를 잡아 먹으라고 판결한 많은 재판관들이 한 이야기와 같은 말을 하고 있는 것 같죠?
14,3,0.21428571428571427,1.0,2.4545454545454546,0,n/ 아/ 내가 왜 그 생각을 못 했지? 겨울에도 따뜻한 곳 바로 온실을 말이야!,내가 왜 생각을 못 했지? 겨울에도 따뜻한 곳 바로 온실을 말이야!
18,1,0.05555555555555555,1.0,2.9166666666666665,0,자/ 요거 간단하게 하면 (36)/(삼십 육)에다가 (2)/(이)를 곱했으니까 (72도)/(칠십 이 도) 이렇게 각 (X)/(엑스)의 크기를 구해볼 수 있네요.,요거 간단하게 하면 육)에다가 곱했으니까 도) 이렇게 각 크기를 구해볼 수 있네요.
10,2,0.2,1.0,3.0,0,n/ 우리 지금까지 여러 가지 분수의 곱셈 n/계산원리에 대해서 배워보았죠.,우리 지금까지 여러 가지 분수의 곱셈 대해서 배워보았죠.
4,0,0.0,1.0,3.0,1,"연극을 한다고 할까? l/,",연극을 한다고 할까?
3,1,0.3333333333333333,1.0,3.0,0,음/ 예를 들어서요,예를 들어서요
24,0,0.0,0.9090909090909091,2.8636363636363638,1,"자/ 볼까요. 그다음에 또 들여쓰기 한 부분을 쭉 찾아보니까 여기 또 나왔네요. 자/ 보세요. 어때요? 한 칸 안 썼죠? 바로 들여쓰기를 했으니까 여기서부터 또,","볼까요. 그다음에 또 들여쓰기 한 부분을 쭉 찾아보니까 여기 또 나왔네요. 보세요. 어때요? 한 칸 안 썼죠? 바로 들여쓰기를 했으니까 여기서부터 또,"
5,0,0.0,1.0,4.0,1,자 이번에도 전개도를 접었다고 생각해볼게요.,자 이번에도 전개도를 접었다고 생각해볼게요.
5,0,0.0,1.0,3.3333333333333335,1,(14번)/(십 사 번) 서술형 문제입니다.,사 서술형 문제입니다.
32,1,0.03125,1.0,3.6451612903225805,0,알맞죠? 저 그렇다면 반대하는 입장이라며 처음에 초등학생이 학원에 다니는 것에 반대한다고 써주시고요 그에 알맞은 근거로 왜냐하면 학교 공부에 소홀해지기 때문입니다라고 써주시면 알맞겠죠. 이외에도 여러 가지 근거 내세워 자신의 입장을 뒷받침해 주시면 되겠습니다.,알맞죠? 그렇다면 반대하는 입장이라며 처음에 초등학생이 학원에 다니는 것에 반대한다고 써주시고요 그에 알맞은 근거로 왜냐하면 학교 공부에 소홀해지기 때문입니다라고 써주시면 알맞겠죠. 이외에도 여러 가지 근거 내세워 자신의 입장을 뒷받침해 주시면 되겠습니다.
4,0,0.0,1.0,3.6666666666666665,1,(25개)/(스물 다섯 개)가 들어있구나.,다섯 개)가 들어있구나.
7,1,0.14285714285714285,0.8,4.0,0,"자/ 풍경화의 차이, 어/ 산수화와 풍경화의 차이는요.","풍경화의 차이, 산수화와 풍경화의 차이는요."
16,0,0.0,0.9375,2.9375,1,"막 가서 공격을 하고 했는데 아직도 군대에 있는 사람들이 아즈텍인들이 열심히 열심히 저항해서 이기고 있었는데 ,","막 가서 공격을 하고 했는데 아직도 군대에 있는 사람들이 아즈텍인들이 열심히 열심히 저항해서 이기고 있었는데 ,"
18,1,0.05555555555555555,0.35294117647058826,3.235294117647059,0,"시작! n/ 놀이터에 가면 시소도 있고, 놀이터에 가면 시소도 있고, 미끄럼틀도 있고, 놀이터에 가면 시소도 있고, 미끄럼틀도 있고,","시작! 놀이터에 가면 시소도 있고, 놀이터에 가면 시소도 있고, 미끄럼틀도 있고, 놀이터에 가면 시소도 있고, 미끄럼틀도 있고,"
12,0,0.0,1.0,3.090909090909091,1,(이렇게)/(요렇게) 연필의 표시를 해서 그대로 옮겨왔어요. 친구들 조심할 점 나란히 비교 하는거죠?,연필의 표시를 해서 그대로 옮겨왔어요. 친구들 조심할 점 나란히 비교 하는거죠?
1,0,0.0,0.0,0.0,1,(ㄱ)/(기역)은요.,
5,1,0.2,1.0,1.6666666666666667,0,n/ 제가 모를 줄 (알고요)/(알구요)?,제가 모를 줄
2,0,0.0,1.0,3.5,1,학교에서 한다.,학교에서 한다.
7,0,0.0,1.0,3.4285714285714284,1,정말 지루하고 심심하죠. 선생님도 경험해본 적 있어요.,정말 지루하고 심심하죠. 선생님도 경험해본 적 있어요.
8,0,0.0,1.0,2.875,1,그러면 여기서 네모를 구하기 위한 식은 어떻게 되느냐?,그러면 여기서 네모를 구하기 위한 식은 어떻게 되느냐?
23,0,0.0,1.0,3.4210526315789473,1,"그래요 유관순 아버지께서는요 이런 생각을 하셨어요. (그러니까)/(그까) 유관순이 신학문을 공부하게 되었죠 (1번)/(일 번) 맞고요. (2번)/(이 번), 젊은이들을 잘 가르쳐야 나라를 되찾을 수 있다.","그래요 유관순 아버지께서는요 이런 생각을 하셨어요. 유관순이 신학문을 공부하게 되었죠 맞고요. 번), 젊은이들을 잘 가르쳐야 나라를 되찾을 수 있다."
5,0,0.0,1.0,3.0,1,자 그럼 오늘의 마법을 시작해볼까.,자 그럼 오늘의 마법을 시작해볼까.
1,0,0.0,0.0,0.0,1,"(6)/(육),",
15,0,0.0,1.0,2.769230769230769,1,우리 네모의 이름 속에 이렇게 멋진 이름이 또 있었다니 기억하면서 (2번)/(이 번) 문제 보도록 할게요.,우리 네모의 이름 속에 이렇게 멋진 이름이 또 있었다니 기억하면서 문제 보도록 할게요.
27,2,0.07407407407407407,1.0,3.1904761904761907,0,(3번)/(삼 번) 번! 러시아 정부는 여학생의 대학 입학을 허락하지 않았다. 바로 우리가 종전에 살펴본 이 전기문에서 시대 상황에서 이렇게 나와 있었죠. 그러니까 (3번)/(삼 번) 이 정답 되겠네요.,번! 러시아 정부는 여학생의 대학 입학을 허락하지 않았다. 바로 우리가 종전에 살펴본 전기문에서 시대 상황에서 이렇게 나와 있었죠. 그러니까 정답 되겠네요.
5,1,0.2,1.0,3.25,0,참배요? 어/ 어떻게 하는 건데요?,참배요? 어떻게 하는 건데요?
16,0,0.0,1.0,3.0,1,그럼 (100)/(백)의 자리 아래에 있는 수 (88)/(팔십 팔)을 (100)/( 백)으로 보고 올려서 (3800)/(삼천 팔백)으로 나타내주면 되겠죠.,그럼 자리 아래에 있는 수 팔)을 백)으로 보고 올려서 팔백)으로 나타내주면 되겠죠.
7,0,0.0,1.0,2.857142857142857,1,선생님이 수업 시작하기 전에 우리 친구들 채팅방,선생님이 수업 시작하기 전에 우리 친구들 채팅방
2,0,0.0,1.0,3.0,1,(1명)/(한 명).,명).
2,0,0.0,1.0,4.5,1,요런 개념들입니다.,요런 개념들입니다.
8,0,0.0,1.0,2.5,1,매체를 이용할 때 주의할 점을 잘 알아야 합니다.,매체를 이용할 때 주의할 점을 잘 알아야 합니다.
22,0,0.0,0.8095238095238095,2.5714285714285716,1,"네. 좀 조용히 해! 이렇게 하지를 않고, 자/ 우리 좀 조용히 하자! 또는 조용히 합시다. 이렇게 끝맺음을 하는 그런 말들을 쓰고 있죠.","네. 좀 조용히 해! 이렇게 하지를 않고, 우리 좀 조용히 하자! 또는 조용히 합시다. 이렇게 끝맺음을 하는 그런 말들을 쓰고 있죠."
11,0,0.0,1.0,2.625,1,b/ 자/ 그럼 우리 구슬의 수만큼 모형을 한번 놓아 볼까요? b/,그럼 우리 구슬의 수만큼 모형을 한번 놓아 볼까요?
3,1,0.3333333333333333,1.0,5.0,0,n/ 여기저기 뛰어다니느라,여기저기 뛰어다니느라
5,1,0.2,1.0,3.25,0,"n/ 이야, 찾았다. 찾았다 과일!","이야, 찾았다. 찾았다 과일!"
9,0,0.0,0.8571428571428571,2.7142857142857144,1,큰 스마일이 (1)/(하나)밖에 없으니까 나머지는 큰 스마일 (2개)/(두 개),큰 스마일이 없으니까 나머지는 큰 스마일 개)
3,0,0.0,1.0,3.3333333333333335,1,요런 크레파스 가져와서,요런 크레파스 가져와서
1,0,0.0,0.0,0.0,1,"(7)/(일곱),",
14,0,0.0,1.0,2.3636363636363638,1,(47235)/(사만 칠천 이백 삼십 오) 이렇게 읽는 거지. 그럼 다시 (1번)/(한 번) 돌아와 볼까?,칠천 이백 삼십 오) 이렇게 읽는 거지. 그럼 다시 돌아와 볼까?
35,3,0.08571428571428572,0.9285714285714286,2.75,0,근데 전체의 길이는 자/ 가에서 라까지는 (5.25)/(오 점 이 오)라고 했으니깐요. (6.84)/(육 점 팔 사) 해서 그냥 이 거리 (5.25)/(오 점 이 오)를 빼주면 요 중복된 거리를 알 수가 있습니다. 그렇다면 여기서는 받아 내림을 해줘야겠죠.,근데 전체의 길이는 가에서 라까지는 점 오)라고 했으니깐요. 점 팔 사) 해서 그냥 거리 점 오)를 빼주면 요 중복된 거리를 알 수가 있습니다. 그렇다면 여기서는 받아 내림을 해줘야겠죠.
28,1,0.03571428571428571,1.0,2.8518518518518516,0,여기 지금 보여주는 것들이 전부 다 무엇이냐? 보통 독서 감상문에서 우리가 무슨 대회를 하잖아요. 과학독후감. 요런 대회 할 때 바로 요 형식으로 쓰면 백점짜리 형식이 된다. 이 말이에요.,여기 지금 보여주는 것들이 전부 다 무엇이냐? 보통 독서 감상문에서 우리가 무슨 대회를 하잖아요. 과학독후감. 요런 대회 할 때 바로 요 형식으로 쓰면 백점짜리 형식이 된다. 말이에요.
31,2,0.06451612903225806,0.6818181818181818,2.8181818181818183,0,자/ (그렇다면)/(그렇다믄) n/ 사각형의 내각의 합은 어떻게 n/ 될까요? (80도)/(팔십 도) 더하기 (70도)/(칠십 도) 더하기 (150도)/(백 오십 도) 더하기 (60도)/(육십 도)를 하면 그래요 항상 사각형의 내각의 합은 (360도)/(삼백 육십 도)가 된답니다.,사각형의 내각의 합은 어떻게 될까요? 도) 더하기 도) 더하기 오십 도) 더하기 도)를 하면 그래요 항상 사각형의 내각의 합은 육십 도)가 된답니다.
12,0,0.0,1.0,3.0833333333333335,1,지금 생방송에 짧은 시간에 알려드리기는 힘들지만 정말 놀라운 원리가 있죠. 일단 초성은,지금 생방송에 짧은 시간에 알려드리기는 힘들지만 정말 놀라운 원리가 있죠. 일단 초성은
10,0,0.0,0.8888888888888888,2.5555555555555554,1,"자/ 친구들, 이런 문제를 풀 때 간혹 이런 친구들이 있어요.","친구들, 이런 문제를 풀 때 간혹 이런 친구들이 있어요."
16,0,0.0,1.0,3.142857142857143,1,문제를 보니까 가장 기본적으로 계산을 해보세요 라고 질문하고 있어요 선생님이 어떻게 푸는지 (1번)/(한 번) 살펴 볼까요,문제를 보니까 가장 기본적으로 계산을 해보세요 라고 질문하고 있어요 선생님이 어떻게 푸는지 살펴 볼까요
10,0,0.0,1.0,2.8333333333333335,1,다음 (5)/(오) 곱하기 (6)/(육)은 또 여기서 (5)/(오) 만큼이 커지겠지요 (30)/(삼십).,다음 곱하기 또 여기서 만큼이 커지겠지요
26,0,0.0,1.0,2.84,1,그리고 전혀 신빙성 없는걸 재미만 추구하거나 부정적인 글이 아니라/ 책의 내용 주인공 원래의 성격 주인공이 책에서 겪었던 일을 바탕으로 해서 내 상상을 덧붙여 얘기를 써야 되겠죠.,그리고 전혀 신빙성 없는걸 재미만 추구하거나 부정적인 글이 책의 내용 주인공 원래의 성격 주인공이 책에서 겪었던 일을 바탕으로 해서 내 상상을 덧붙여 얘기를 써야 되겠죠.
4,0,0.0,1.0,2.75,1,아버지의 말을 잘 들을걸.,아버지의 말을 잘 들을걸.
12,0,0.0,1.0,3.272727272727273,1,기동이가 내 말이 (맞아)/(맞어). 하면서 영희한테 가자. 이랬겠지요? 그때 노마는 어떤 마음일까요?,기동이가 내 말이 하면서 영희한테 가자. 이랬겠지요? 그때 노마는 어떤 마음일까요?
5,0,0.0,1.0,2.5,1,이렇게 쓰고 읽을 때에는 (6000)/(육천).,이렇게 쓰고 읽을 때에는
35,1,0.02857142857142857,0.875,2.59375,0,n/ 자 /몇몇씩 색칠되어 있는지 살펴볼게요 전체가 색칠 되어 있기 때문에 일단 여기 색칠이 되어 있을 거고 그다음에 옆에도 색칠이 되어 있죠 그리고 나머지 위에 위에부분도 색칠도 됩니다 총 (3개)/(세 개) 의 면이 색칠 되네요.,자 색칠되어 있는지 살펴볼게요 전체가 색칠 되어 있기 때문에 일단 여기 색칠이 되어 있을 거고 그다음에 옆에도 색칠이 되어 있죠 그리고 나머지 위에 위에부분도 색칠도 됩니다 총 개) 의 면이 색칠 되네요.
3,0,0.0,1.0,3.3333333333333335,1,이렇게 대답을 했어요.,이렇게 대답을 했어요.
28,2,0.07142857142857142,0.9411764705882353,3.0588235294117645,0,(24)/(이십 사) 더하기 (17)을 먼저 계산해주면 (41)/(사십 일). 자/ (7)/(칠) 더하기 (4)/(사) 더하면 (11)/(십일)받아올림 해주면 (4)/(사). 아/ 그다음 (41)/(사십 일) 빼기 (23)/(이십 삼) 그 뒤에 차례로 계산해 주어야겠죠?,사) 더하기 (17)을 먼저 계산해주면 일). 더하기 더하면 해주면 그다음 일) 빼기 삼) 뒤에 차례로 계산해 주어야겠죠?
11,1,0.09090909090909091,1.0,3.2,0,n/ 고귀한 한 생명으로서 그들은 모두 인종 성별에 관계없이 존중받아야 합니다.,고귀한 한 생명으로서 그들은 모두 인종 성별에 관계없이 존중받아야 합니다.
6,0,0.0,1.0,3.0,1,"그다음 (1)/(하나), (2)/(둘), (3)/(셋), (4)/(넷), (5)/(다섯),",그다음
10,1,0.1,1.0,2.5555555555555554,0,n/ 쑥쑥이를 위해 겪었던 일을 글로 잘 써볼 필요가 있겠어.,쑥쑥이를 위해 겪었던 일을 글로 잘 써볼 필요가 있겠어.
3,1,0.3333333333333333,1.0,5.0,0,n/ l/ 아닙니다.,아닙니다.
20,0,0.0,0.7777777777777778,1.8888888888888888,1,"그럼 (꼭지점)/(꼭찌쩜)이 몇 개 (꼭지점)/(꼭찌쩜)은 한 개 변은 몇 개 변은 하나 둘 두 개구나 ,각에 대해서 확인을 해 보았어요.","그럼 몇 개 한 개 변은 몇 개 변은 하나 둘 두 개구나 ,각에 대해서 확인을 해 보았어요."
5,0,0.0,1.0,2.2,1,누나 정말 자꾸 그럴 거야.,누나 정말 자꾸 그럴 거야.
23,6,0.2608695652173913,1.0,3.125,0,네/ 글 확인 n/ 하셨는데요. 특히 지난 시간에 n/ 비법으로 n/ 나왔던 그/ 대화체를 활용해서 생생하게 표현하라 이 부분 잘 살리지 n/ 않았나요?,글 확인 하셨는데요. 특히 지난 시간에 비법으로 나왔던 대화체를 활용해서 생생하게 표현하라 부분 잘 살리지 않았나요?
7,0,0.0,1.0,1.8,1,그럼 (3)/(삼)보다 (1)/(일)만큼 더 큰 수는 얼마?,그럼 더 큰 수는 얼마?
12,2,0.16666666666666666,1.0,2.9,0,n/ 아/ 음식을 남기게 될까봐 걱정이 되는 할머니의 마음을 알 수가 있습니다.,음식을 남기게 될까봐 걱정이 되는 할머니의 마음을 알 수가 있습니다.
5,0,0.0,1.0,3.25,1,자/ 이제 기본문제 하나 남았어요.,이제 기본문제 하나 남았어요.
15,1,0.06666666666666667,0.7857142857142857,3.2142857142857144,0,n/ 세 번째로 읽는 이의 생활환경이 다르기 때문이고요. 네 번째로는 읽는 이의 배경지식이 다르기 때문입니다.,세 번째로 읽는 이의 생활환경이 다르기 때문이고요. 네 번째로는 읽는 이의 배경지식이 다르기 때문입니다.
9,0,0.0,1.0,3.25,1,"(45원)/(사십 오 원)이 농민에게 돌아간답니다. 이거 굉장히 중요한 거죠,","오 원)이 농민에게 돌아간답니다. 이거 굉장히 중요한 거죠,"
10,0,0.0,1.0,3.0,1,그럼 꽃잎이나 나무는 이슬이나 소낙비에게 어떤 마음을 가질 것 같아요?,그럼 꽃잎이나 나무는 이슬이나 소낙비에게 어떤 마음을 가질 것 같아요?
4,0,0.0,1.0,3.0,1,(4)/(사) (4)/(사)는 (16)/(십 육).,육).
23,0,0.0,0.9090909090909091,2.727272727272727,1,인영이네 모둠과 효진의 모듬이 모은 구슬의 수가 다음과 같다고 합니다. 이렇게 보기 좋게 구슬의 수가 (10)/(열) 개씩 묶음과 낱개의 수로 나눠서 써 있어요.,인영이네 모둠과 효진의 모듬이 모은 구슬의 수가 다음과 같다고 합니다. 이렇게 보기 좋게 구슬의 수가 개씩 묶음과 낱개의 수로 나눠서 써 있어요.
21,3,0.14285714285714285,0.8571428571428571,3.2857142857142856,0,"자/ 이 경우에는요. 자/ (6명)/(여섯 명)씩 배구 팀을 만든다고 했는데, 그렇다면은 n/ 아. 이 (3사람)/(세 사람)으로는 배구 팀을 만들 수 있을까요?","경우에는요. 명)씩 배구 팀을 만든다고 했는데, 그렇다면은 아. 사람)으로는 배구 팀을 만들 수 있을까요?"
7,1,0.14285714285714285,1.0,4.0,0,웹툰이라고 한다고 했잖아요. n/ 정답은 웹툰이 되겠어요.,웹툰이라고 한다고 했잖아요. 정답은 웹툰이 되겠어요.
3,1,0.3333333333333333,1.0,3.0,0,n/ 네. 웨이터.,네. 웨이터.
10,1,0.1,1.0,4.0,0,n/ 어스름한 저녁 호랑이는 기름장수를 한입에 삼켜버렸습니다. 라고 적어주면 되겠죠.,어스름한 저녁 호랑이는 기름장수를 한입에 삼켜버렸습니다. 라고 적어주면 되겠죠.
4,1,0.25,1.0,3.6666666666666665,0,n/ 어찌 머머하지 않겠는가.,어찌 머머하지 않겠는가.
13,0,0.0,1.0,2.888888888888889,1,b/ (2번)/(이 번) 홍길동이 나라의 큰 죄를 지어서. b/ 네. 알맞지 않은 설명이죠?,홍길동이 나라의 큰 죄를 지어서. 네. 알맞지 않은 설명이죠?
6,1,0.16666666666666666,1.0,3.0,0,o/ (245)/(이백 사십 오)가 되네요? n/,사십 오)가 되네요?
14,1,0.07142857142857142,1.0,3.230769230769231,0,n/ 신기하지요 우리 친구들도 이렇게 특이한 현상은 꾸준히 연구하면 또 좋은 일이 있을지도 모르겠네요.,신기하지요 우리 친구들도 이렇게 특이한 현상은 꾸준히 연구하면 또 좋은 일이 있을지도 모르겠네요.
35,0,0.0,0.9,2.566666666666667,1,자/ (4번)/(사 번) 문제 다시 보죠. 가장 많은 소를 키우고 있는 마을 어딘가요? 그래요. 구름마을이 (51마리)/(쉰 한 마리) 로 가장 많다는 것을 알 수 있고요. 몇 마리? 네. (51마리)/(쉰 한 마리) 이렇게 옆에 적어주면 되겠습니다.,문제 다시 보죠. 가장 많은 소를 키우고 있는 마을 어딘가요? 그래요. 구름마을이 한 마리) 로 가장 많다는 것을 알 수 있고요. 몇 마리? 네. 한 마리) 이렇게 옆에 적어주면 되겠습니다.
12,1,0.08333333333333333,1.0,2.8181818181818183,0,n/ 노예제 폐지를 위해서 노력한 많은 사람들의 희생을 대신하고 있는 것 같죠.,노예제 폐지를 위해서 노력한 많은 사람들의 희생을 대신하고 있는 것 같죠.
9,1,0.1111111111111111,0.875,3.25,0,n/ 맨날로 써야 맞을까요? 아니면 만날로 써야 맞는 표현일까요?,맨날로 써야 맞을까요? 아니면 만날로 써야 맞는 표현일까요?
7,1,0.14285714285714285,1.0,3.25,0,모서리의 수로 (가볼게요)/(가볼께요). 이 (2)/(둘)을 비교해 두세요.,모서리의 수로 비교해 두세요.
6,1,0.16666666666666666,0.8,4.0,0,"그 다음에 옆면을 그려주는데 옆면을 그려주는데,","다음에 옆면을 그려주는데 옆면을 그려주는데,"
1,0,0.0,0.0,0.0,1,"(7)/(칠),",
9,1,0.1111111111111111,1.0,2.75,0,n/ 글쓴이가 겪은 일이 무엇인지 생각을 해 보는 거예요.,글쓴이가 겪은 일이 무엇인지 생각을 해 보는 거예요.
10,1,0.1,1.0,2.625,0,n/ 꽃 몇 송이를 가지고 있었는데 오늘 (5송이를)/(다섯 송이를) 샀다.,꽃 몇 송이를 가지고 있었는데 오늘 송이를) 샀다.
10,0,0.0,1.0,2.6666666666666665,1,그래요 빨리 봐야죠. 자/ 그럼 오늘 그림 우리 보도록 할까요.,그래요 빨리 봐야죠. 그럼 오늘 그림 우리 보도록 할까요.
18,0,0.0,0.9,2.2,1,자/ (52)/(오십 이) 곱하기 (34)/(삼십 사) 에서 자/ (34)/(삼십 사) (1)/(일)의 자리 (4)/(사)를 먼저 (52)/(오십 이)에 곱 보죠.,이) 곱하기 사) 에서 사) 자리 먼저 이)에 곱 보죠.
7,0,0.0,1.0,2.5714285714285716,1,오늘의 생각 씨앗은 지읒 니은 기역 입니다.,오늘의 생각 씨앗은 지읒 니은 기역 입니다.
5,1,0.2,0.6666666666666666,3.0,0,n/ 아주 아주 잘했어요. b/,아주 아주 잘했어요.
29,1,0.034482758620689655,0.9230769230769231,2.8846153846153846,0,낱말의 뜻을 알고 알맞은 낱말을 넣어서 글을 쓰면 내용을 정확하게 전달할 수 있다고 선생님이 여러 번 강조 했었잖아요. 그럼 (4번)/(사 번)도 한번 살펴 볼까요? n/ 어른들께는 알맞은 낱말을 넣어야,낱말의 뜻을 알고 알맞은 낱말을 넣어서 글을 쓰면 내용을 정확하게 전달할 수 있다고 선생님이 여러 강조 했었잖아요. 그럼 번)도 한번 살펴 볼까요? 어른들께는 알맞은 낱말을 넣어야
10,1,0.1,1.0,2.5,0,자/ 친구들 잘 어/ 주의 깊게 선생님 말을 따라야 되지요.,친구들 잘 주의 깊게 선생님 말을 따라야 되지요.
4,0,0.0,1.0,3.0,1,광고는 요러한 특징이 있다.,광고는 요러한 특징이 있다.
5,0,0.0,1.0,3.4,1,이렇게 정답으로 적어주면 되는 거예요.,이렇게 정답으로 적어주면 되는 거예요.
6,1,0.16666666666666666,1.0,3.0,0,n/ 오늘은요 어떤 공부를 하게 될까요?,오늘은요 어떤 공부를 하게 될까요?
13,1,0.07692307692307693,1.0,2.7777777777777777,0,바로 n/ b/ (도전)/(도선) 골인. 선생님이 도전할 거예요. 골인을 할 수 있는지. b/,바로 골인. 선생님이 도전할 거예요. 골인을 할 수 있는지.
37,3,0.08108108108108109,0.8620689655172413,3.310344827586207,0,o/ 음/ 아/ 저는요. 친구들을 위한 기도문을 (1번)/(한 번) 바꿔보고 싶어요. 요즘 친구들이요 그 친구를 질투하거나 아님 시샘하거나 그러잖아요 그러니까 좀 더 친구를 배려하고 또 아끼는 마음을 가지는 친구가 되라고 친구들을 위한 기도문을 (1번)/(한 번) 써보고 싶은데요.,저는요. 친구들을 위한 기도문을 바꿔보고 싶어요. 요즘 친구들이요 친구를 질투하거나 아님 시샘하거나 그러잖아요 그러니까 좀 더 친구를 배려하고 또 아끼는 마음을 가지는 친구가 되라고 친구들을 위한 기도문을 써보고 싶은데요.
7,0,0.0,1.0,3.2857142857142856,1,이걸 어떻게 풀어요 너무 복잡해요 무량대수 할아버지.,이걸 어떻게 풀어요 너무 복잡해요 무량대수 할아버지.
7,0,0.0,1.0,2.2857142857142856,1,내 그럴줄 알았지. 컹 그럴 수 알았어.,내 그럴줄 알았지. 컹 그럴 수 알았어.
15,1,0.06666666666666667,0.9230769230769231,2.6153846153846154,0,"n/ 네, 수의 범위 우리 (4가지)/(네 가지) 배우고 있어요. 이상 이하 초과 미만 배우고 있습니다.","네, 수의 범위 우리 가지) 배우고 있어요. 이상 이하 초과 미만 배우고 있습니다."
8,0,0.0,1.0,3.5714285714285716,1,"이렇게 중간에 있는 점 (ㄴ)/(니은)을 꼭짓점이라고 이야기하고, 반직선,","이렇게 중간에 있는 점 꼭짓점이라고 이야기하고, 반직선,"
3,1,0.3333333333333333,1.0,3.5,0,"n/ 라면도 게다가,","라면도 게다가,"
5,0,0.0,1.0,3.0,1,(2가지)/(두 가지) 고르세요. 그럼 일단,가지) 고르세요. 그럼 일단
2,1,0.5,1.0,4.0,0,n/ 목표를.,목표를.
8,2,0.25,1.0,4.333333333333333,0,어/ 젓갈도 들어가는데요. 이 젓갈에 들어있는 단백질이 분해되면서,젓갈도 들어가는데요. 젓갈에 들어있는 단백질이 분해되면서
9,0,0.0,1.0,3.25,1,우리 친구들 (2양)/(두 양)의 크기를 비교해서 분수를 나타낼 때에는요.,우리 친구들 양)의 크기를 비교해서 분수를 나타낼 때에는요.
22,1,0.045454545454545456,0.9047619047619048,2.9047619047619047,0,"여러분들은 이 문제 어땠나요 선생님이 항상 강조했던 내용 원이 여러 개가 나왔어요. 그럴 때는 크던가 작은 원을 나누어서 근원과 작은 원을 나누어서,","여러분들은 문제 어땠나요 선생님이 항상 강조했던 내용 원이 여러 개가 나왔어요. 그럴 때는 크던가 작은 원을 나누어서 근원과 작은 원을 나누어서,"
7,0,0.0,1.0,3.142857142857143,1,"욕설이나 욕은 뭐예요. 남을 낮추어서 기분 나쁘게,","욕설이나 욕은 뭐예요. 남을 낮추어서 기분 나쁘게,"
11,1,0.09090909090909091,1.0,2.7777777777777777,0,"n/ 자/ 그럼 우리 먼저, 마음을 직접 나타낸 말을 한번 찾아볼까요?","그럼 우리 먼저, 마음을 직접 나타낸 말을 한번 찾아볼까요?"
9,0,0.0,0.8888888888888888,2.4444444444444446,1,라고 읽을 수도 있고요. 또 어떻게 읽을 수 있다고요?,라고 읽을 수도 있고요. 또 어떻게 읽을 수 있다고요?
18,1,0.05555555555555555,1.0,3.3846153846153846,0,얼마? 아/ (7centimeter)/(칠 센티미터)구나 라는 것을 구할 수가 있습니다. 자/ 적어볼까요? (7centimeter)/(칠 센티미터). 자/ 이제 두 번째 풀이과정,얼마? 센티미터)구나 라는 것을 구할 수가 있습니다. 적어볼까요? 센티미터). 이제 두 번째 풀이과정
15,0,0.0,1.0,2.5,1,자/ 어떻게 구하면 되나요? 각각의 소의 수를 모두 더하면 (4번)/(사 번) 역시 알 수 있고요.,어떻게 구하면 되나요? 각각의 소의 수를 모두 더하면 역시 알 수 있고요.
7,0,0.0,1.0,2.857142857142857,1,우리 문제 스케치 내용 떠올리며 해결해 볼게요.,우리 문제 스케치 내용 떠올리며 해결해 볼게요.
13,0,0.0,0.9166666666666666,3.0,1,솔솔 부는 봄바람. 솔솔 보드랍게 가볍게 아기 바람이 막 불어요. 와/ 느껴지나요 친구들?,솔솔 부는 봄바람. 솔솔 보드랍게 가볍게 아기 바람이 막 불어요. 느껴지나요 친구들?
7,0,0.0,1.0,3.0,1,같이 한번 세어 볼게요. 큰소리로 따라 해주세요.,같이 한번 세어 볼게요. 큰소리로 따라 해주세요.
16,1,0.0625,0.9230769230769231,3.3076923076923075,0,합성 인디고 예/ 합성 인디고는 값이 쌌기 때문에 보통 사람들도 잘사용할수 있다고 했습니다. 자/ 그다음에요. n/.,합성 인디고 합성 인디고는 값이 쌌기 때문에 보통 사람들도 잘사용할수 있다고 했습니다. 그다음에요.
9,1,0.1111111111111111,1.0,3.7142857142857144,0,"n/ o/ 오늘 선생님이 마지막으로 여러분께 해드리고 싶은 말인데요,","오늘 선생님이 마지막으로 여러분께 해드리고 싶은 말인데요,"
17,1,0.058823529411764705,0.9333333333333333,3.1333333333333333,0,예. 세 번째 개념은요. 비의 성질 이용하기입니다. 자/ 이 부분은요. 출제 빈도가 출제 비율이 아주 높은 부분입니다.,예. 세 번째 개념은요. 비의 성질 이용하기입니다. 부분은요. 출제 빈도가 출제 비율이 아주 높은 부분입니다.
13,0,0.0,1.0,3.1818181818181817,1,"(5)/(오) 킬로그램 (300)/(삼백) 그램이다. 라고 이렇게 받아 올려주고, 무게를 구할 수도 있는 것이지요.","킬로그램 그램이다. 라고 이렇게 받아 올려주고, 무게를 구할 수도 있는 것이지요."
21,1,0.047619047619047616,0.9473684210526315,3.8421052631578947,0,되겠습니다 자/ 그러면은요 우리 본격적으로 이제 나눗셈이니까 나눗셈의 재미는 그렇죠 세로로 이렇게 줄줄주르르르 나누는 그러한 나눗셈이죠 n/ 그러한 나눗셈 알아보도록 할께요.,되겠습니다 그러면은요 우리 본격적으로 이제 나눗셈이니까 나눗셈의 재미는 그렇죠 세로로 이렇게 줄줄주르르르 나누는 그러한 나눗셈이죠 그러한 나눗셈 알아보도록 할께요.
16,1,0.0625,0.8461538461538461,3.923076923076923,0,"세계의 많은 국가들은 아프리카에 굶주리는 오/ 굶주리는 어/ 어린이들이 의외로 많답니다 세계적으로. 자/ 굶주리는 아이들을 위해,","세계의 많은 국가들은 아프리카에 굶주리는 굶주리는 어린이들이 의외로 많답니다 세계적으로. 굶주리는 아이들을 위해,"
4,1,0.25,1.0,3.6666666666666665,0,n/ 또 아래로도 움직여주고.,또 아래로도 움직여주고.
16,1,0.0625,1.0,3.1538461538461537,0,자/ 집으로 돌아와서 학교에서 있었던 일을 방울 토마토한테 이야기할 때 어/ 이때는 어떻게 에/ 말이 나왔어요?,집으로 돌아와서 학교에서 있었던 일을 방울 토마토한테 이야기할 때 이때는 어떻게 말이 나왔어요?
7,0,0.0,1.0,2.5,1,그렇다면 먼저 정사각형. (정사각형)/(정 사 각 형),그렇다면 먼저 정사각형. 사 각 형)
32,1,0.03125,0.9473684210526315,2.9473684210526314,0,n/ 가 모양 조각을 가지고 덮어 보도록 하겠습니다 덮었더니요 네/ 짠 네/ 이렇게 모두 몇 개가 필요했나요 네/ (1)/(하나) (2)/(둘) (3)/(셋) (4)/(넷) (5)/(다섯) (6)/(여섯) (7)/(일곱) (8)/(여덟) (9개)/(아홉 개)의 모양 조각이 필요하게 되었습니다.,가 모양 조각을 가지고 덮어 보도록 하겠습니다 덮었더니요 짠 이렇게 모두 몇 개가 필요했나요 개)의 모양 조각이 필요하게 되었습니다.
4,0,0.0,1.0,3.25,1,친구들이 만든 눈사람을 보고.,친구들이 만든 눈사람을 보고.
20,2,0.1,0.875,2.75,0,"그 다음 (4 분의 1)/(사 분의 일) 동건, 오래 걸렸고, 그 다음 마지막으로 (6)/(육), 즉, 영찬을 마지막에 써 주면 되겠습니다.","다음 (4 분의 분의 일) 동건, 오래 걸렸고, 다음 마지막으로 즉, 영찬을 마지막에 써 주면 되겠습니다."
7,0,0.0,1.0,2.4285714285714284,1,뭔가 그냥 여러분들이 이제 기출문제 풀 땐,뭔가 그냥 여러분들이 이제 기출문제 풀 땐
4,0,0.0,1.0,3.25,1,파란 색안경 파란거만 보여요.,파란 색안경 파란거만 보여요.
21,0,0.0,0.9047619047619048,2.9047619047619047,1,"하지 않아도 상관 없습니다 그러나 약분을 하지 않는 습관을 들이면요 나중에 문제에서 기약분수로 만드시오 또는 약분을 하시오 라는 말이 나왔을 때,","하지 않아도 상관 없습니다 그러나 약분을 하지 않는 습관을 들이면요 나중에 문제에서 기약분수로 만드시오 또는 약분을 하시오 라는 말이 나왔을 때,"
5,0,0.0,1.0,2.4,1,구나라는 것도 알 수 있겠죠?,구나라는 것도 알 수 있겠죠?
1,0,0.0,0.0,0.0,1,(ㄹ)/(리을),
5,0,0.0,1.0,3.4,1,세진이는 가족과 함께 여행을 왔습니다.,세진이는 가족과 함께 여행을 왔습니다.
8,0,0.0,1.0,3.1666666666666665,1,(1점)/(한 점)에서 그은 (2개)/(두 개)의 직선. 뭐라고 했어요.,점)에서 그은 개)의 직선. 뭐라고 했어요.
14,0,0.0,0.7857142857142857,3.142857142857143,1,근데 직육면체는 과연 정육면체라고 할 수 있을까요? 또 반대로 정육면체는 직육면체라고 할 수 있을까요?,근데 직육면체는 과연 정육면체라고 할 수 있을까요? 또 반대로 정육면체는 직육면체라고 할 수 있을까요?
5,0,0.0,1.0,3.2,1,문제 상황에 어울리는 의견이 되겠죠.,문제 상황에 어울리는 의견이 되겠죠.
9,1,0.1111111111111111,1.0,2.4285714285714284,0,"o/ 이 안에 이제 국어, 수학이 다 포함된 거죠.","안에 이제 국어, 수학이 다 포함된 거죠."
11,0,0.0,1.0,4.0,1,자/ 이렇게 해서 나눗셈식을 읽어보는것까지 마쳤습니다. 자/ 다음 문제 풀어보도록 할까요?,이렇게 해서 나눗셈식을 읽어보는것까지 마쳤습니다. 다음 문제 풀어보도록 할까요?
5,0,0.0,1.0,3.4,1,이거는 정답의 느낌이+ 느낌이 옵니다.,이거는 정답의 느낌이+ 느낌이 옵니다.
14,0,0.0,0.9230769230769231,3.3846153846153846,1,네. 관련된 문제 보겠습니다. 문제 (7번)/(칠 번)입니다. 교과서 콕 문제인데요. 중요하다는 거 기억하고 있죠?,네. 관련된 문제 보겠습니다. 문제 번)입니다. 교과서 콕 문제인데요. 중요하다는 거 기억하고 있죠?
19,1,0.05263157894736842,1.0,3.176470588235294,0,자/ 진주. 모서리가 말을 한다면 자기 책임이 아니라고 시치미 뗐을 거야라고 해가지고 어떤 표현 뭐/ 상상력을 가지고 이야기한 것이네요.,진주. 모서리가 말을 한다면 자기 책임이 아니라고 시치미 뗐을 거야라고 해가지고 어떤 표현 상상력을 가지고 이야기한 것이네요.
26,1,0.038461538461538464,0.8181818181818182,3.1818181818181817,0,b/ 자/ 울타리로 내가 다가가면 닭들이 쪼르르 달+ 몰려 나와서 n/ 고개를 갸웃거린대요. 왜 고개를 갸웃거리냐면 혹시 모이를 주려나 하고 밥을 주려나 하고 갸웃거린대요. b/ 그런데,울타리로 내가 다가가면 닭들이 쪼르르 달+ 몰려 나와서 고개를 갸웃거린대요. 왜 고개를 갸웃거리냐면 혹시 모이를 주려나 하고 밥을 주려나 하고 갸웃거린대요. 그런데
25,1,0.04,1.0,3.0869565217391304,0,"네, 좋아요. 자/ 어쨌든 이렇게 우리가 무엇인가를 관찰한 다음에는 그 설명할 대상에 대해서 글을 써야 되는데 그럴 경우에는 전체적인 것에서 부분적인 것으로 쓰는 것이 좋고요.","네, 좋아요. 어쨌든 이렇게 우리가 무엇인가를 관찰한 다음에는 설명할 대상에 대해서 글을 써야 되는데 그럴 경우에는 전체적인 것에서 부분적인 것으로 쓰는 것이 좋고요."
2,0,0.0,1.0,3.0,1,표는요 정확한,표는요 정확한
15,1,0.06666666666666667,1.0,2.769230769230769,0,자/ 그럼 인조. 어떤 뜻 일까요? 그래요. 사람이 만든 n/ 또는 그런 물건을 인조라고 합니다.,그럼 인조. 어떤 뜻 일까요? 그래요. 사람이 만든 또는 그런 물건을 인조라고 합니다.
5,1,0.2,1.0,2.5,0,n/ 밑에 쓸게요. 되는 것.,밑에 쓸게요. 되는 것.
7,0,0.0,1.0,3.857142857142857,1,"마을을 무엇에 비유하고 있습니까, 여러분? 포도 송이입니다.","마을을 무엇에 비유하고 있습니까, 여러분? 포도 송이입니다."
6,0,0.0,1.0,3.0,1,이번에는 오른쪽에 모여있는 참외는 몇 개?,이번에는 오른쪽에 모여있는 참외는 몇 개?
4,1,0.25,1.0,3.0,0,"n/ 늑대, 편견, 관점.","늑대, 편견, 관점."
3,0,0.0,1.0,3.6666666666666665,1,그런데 문제가 뭐냐면요.,그런데 문제가 뭐냐면요.
7,1,0.14285714285714285,1.0,4.5,0,(2차)/(이 차)성징에는요. 이 호르몬이 (분비)/(분배)+ 분비가 되면서,차)성징에는요. 호르몬이 분비가 되면서
8,0,0.0,1.0,3.25,1,말의 쓰임에 따라서 꼴이 변화는 낱말들은 으뜸꼴로 찾으세요.,말의 쓰임에 따라서 꼴이 변화는 낱말들은 으뜸꼴로 찾으세요.
8,0,0.0,1.0,2.625,1,굽은 선으로만 이루어져 있구나라는 걸 알 수 있죠?,굽은 선으로만 이루어져 있구나라는 걸 알 수 있죠?
3,0,0.0,1.0,2.5,1,"(7)/(칠) , 오른쪽.",", 오른쪽."
18,0,0.0,0.9444444444444444,2.7222222222222223,1,풀이하는 문장이요. 그래서 글을 보면 글이 이런 식의 풀이하는 문장이 쭉 길게 이+ 이어져 있다고 한번 생각해 보세요.,풀이하는 문장이요. 그래서 글을 보면 글이 이런 식의 풀이하는 문장이 쭉 길게 이+ 이어져 있다고 한번 생각해 보세요.
5,1,0.2,1.0,3.5,0,"뿐만 아니죠. 여기에서 이 친구는,","뿐만 아니죠. 여기에서 친구는,"
18,1,0.05555555555555555,0.875,2.9375,0,자/ 이 문제 보이지 않는 모서리 겨냥도에서 보이지 않는 모서리다라고 하면 실선과 점선 중에 어떤 선을 떠올려야 될까요?,문제 보이지 않는 모서리 겨냥도에서 보이지 않는 모서리다라고 하면 실선과 점선 중에 어떤 선을 떠올려야 될까요?
4,0,0.0,1.0,2.0,1,이를 빼야 하는 데.,이를 빼야 하는 데.
11,0,0.0,1.0,2.7142857142857144,1,얘들아 비밀번호 (322)/(삼백 이십 이)야. 빨리 눌러 꾹꾹 (3)/(삼) (2)/(이) (2)/(이).,얘들아 비밀번호 이십 이)야. 빨리 눌러 꾹꾹
11,1,0.09090909090909091,1.0,3.3,0,n/ 때마침 도착한 도니판이 미처 총을 꺼내들 틈도 없이 코프에게 달려들었습니다.,때마침 도착한 도니판이 미처 총을 꺼내들 틈도 없이 코프에게 달려들었습니다.
14,0,0.0,1.0,2.4615384615384617,1,(21명)/(스물 한 명)이니까 큰 스마일 그림을 넣어 보도록 할게요. 몇 개를 넣을 수 있나요?,한 명)이니까 큰 스마일 그림을 넣어 보도록 할게요. 몇 개를 넣을 수 있나요?
15,1,0.06666666666666667,1.0,2.857142857142857,0,"왕독거미가 훨씬 독도 강하고 크기와 힘도 더 센 데, n/ 대모벌이 왕 독거미를 잡아먹는다고 합니다.","왕독거미가 훨씬 독도 강하고 크기와 힘도 더 센 데, 대모벌이 왕 독거미를 잡아먹는다고 합니다."
3,0,0.0,1.0,2.0,1,(8)/(팔)이 더 크죠?,더 크죠?
4,0,0.0,1.0,2.0,1,네 물론 큰 수에요.,네 물론 큰 수에요.
5,0,0.0,1.0,3.0,1,답을 아는 친구들은 글 남겨주세요.,답을 아는 친구들은 글 남겨주세요.
3,1,0.3333333333333333,1.0,3.0,0,이 (할아비를)/(할애비를) 닮아서,닮아서
11,0,0.0,1.0,3.272727272727273,1,풀을 하나 내린다고 생각하고 무게를 비교해야 할 거에요. 문제에서 한번 살펴볼게요.,풀을 하나 내린다고 생각하고 무게를 비교해야 할 거에요. 문제에서 한번 살펴볼게요.
6,0,0.0,1.0,3.8333333333333335,1,그래서 네번째 개념으로 각을 알아보도록 하겠습니다.,그래서 네번째 개념으로 각을 알아보도록 하겠습니다.
4,0,0.0,1.0,4.0,1,"맞습니다. 굉장히 속상하고 슬프고,","맞습니다. 굉장히 속상하고 슬프고,"
28,2,0.07142857142857142,0.9444444444444444,2.611111111111111,0,"n/ 그리고 (53)/(오십 삼) 이 또 있네요 이렇게 또 있으면은요 요렇게 (2번)/(두 번) 써주시면 됩니다 그다음에 (60)/(육십) 어쩌구는요 요기 (67)/(육십 칠) (있고요)/(있구요) 네 여기 (69)/(육십 구) (있고요)/(있구요) ,","그리고 삼) 또 있네요 이렇게 또 있으면은요 요렇게 써주시면 됩니다 그다음에 어쩌구는요 요기 칠) 네 여기 구) ,"
18,1,0.05555555555555555,0.9375,3.75,0,"청이 아빠가 말이에요. 청이를 그냥 얼마나 예뻐하는지. 가끔은요. 이 아줌마가 샘이다 난다니까요. 아이고/ 뭐야 청이만 예뻐하고, 이렇게 말이에요.","청이 아빠가 말이에요. 청이를 그냥 얼마나 예뻐하는지. 가끔은요. 아줌마가 샘이다 난다니까요. 뭐야 청이만 예뻐하고, 이렇게 말이에요."
5,1,0.2,1.0,4.0,0,n/ (EBS)/(이비에스) 오늘의 날씨 마치겠습니다.,오늘의 날씨 마치겠습니다.
4,0,0.0,1.0,3.5,1,그게 뭐예요. 인터넷 검색이죠.,그게 뭐예요. 인터넷 검색이죠.
4,0,0.0,1.0,3.0,1,숫자가 오면 될까요? 자/,숫자가 오면 될까요?
11,0,0.0,0.8,2.8,1,"o/ 그럼 이건 깡통. 이건 야구르트 병. 그다음에 이건 테이프, 이건,","그럼 이건 깡통. 이건 야구르트 병. 그다음에 이건 테이프, 이건,"
27,2,0.07407407407407407,1.0,3.64,0,"n/ 이 박 씨 부인은 말이죠 작자 미상입니다. 작자의 이름이 미상이냐고요? 아닙니다. 미상이라는 말은 불확실하다 이런 뜻입니다. 즉 누가 지어낸 글인지 모른다는 거지요. 그리고 군담소설인데요, 군담소설이 뭐냐고요?","박 씨 부인은 말이죠 작자 미상입니다. 작자의 이름이 미상이냐고요? 아닙니다. 미상이라는 말은 불확실하다 이런 뜻입니다. 즉 누가 지어낸 글인지 모른다는 거지요. 그리고 군담소설인데요, 군담소설이 뭐냐고요?"
30,1,0.03333333333333333,0.85,2.6,0,(3)/(삼)이 커지고 (이렇게)/(이러케) (3)/(삼)이 커지는구나 라는걸 알 수 (있죠)/(이쪄). 그런데 이 문제는요 계산 결과를 가지고 비교하지 (않아도)/(아나도) 답을 구할 수 있습니다 (어떻게)/(어떠케) 구할 수 있느냐 (1)/(일) (2)/(이) (3)/(삼) 을 보세요.,커지고 커지는구나 라는걸 알 수 그런데 문제는요 계산 결과를 가지고 비교하지 답을 구할 수 있습니다 구할 수 있느냐 을 보세요.
4,1,0.25,1.0,2.6666666666666665,0,그 일을 해낸다는 것은,일을 해낸다는 것은
10,1,0.1,1.0,3.5,0,n/ 어머니의 성격은 어떠하냐고 묻고 있네요. 자/ 친구들 생각해 보세요.,어머니의 성격은 어떠하냐고 묻고 있네요. 친구들 생각해 보세요.
6,0,0.0,1.0,3.3333333333333335,1,불리게 되었는지를 설명한 것도 바로 사실이죠.,불리게 되었는지를 설명한 것도 바로 사실이죠.
16,0,0.0,1.0,2.9285714285714284,1,여기 아까 만들어진 거 있었잖아요. 그러니까 이거랑 더하면 (10)/(십) 모형의 수는 모두 (3개)/(세 개)가 되는 것이죠.,여기 아까 만들어진 거 있었잖아요. 그러니까 이거랑 더하면 모형의 수는 모두 개)가 되는 것이죠.
7,0,0.0,1.0,2.6666666666666665,1,자/ 듣는 사람을 바라 봅니다 어떤 거예요?,듣는 사람을 바라 봅니다 어떤 거예요?
5,0,0.0,1.0,3.4,1,읽고 이해하는 힘 독해력의 시간입니다.,읽고 이해하는 힘 독해력의 시간입니다.
14,1,0.07142857142857142,1.0,3.6363636363636362,0,(1문단부터)/(일 문단부터) 봅시다. 중심 내용을 (check하는)/(체크하는) 거예요. 사람들은 다양한 목적으로 탑을 세웁니다. 음/ 그래요.,문단부터) 봅시다. 중심 내용을 거예요. 사람들은 다양한 목적으로 탑을 세웁니다. 그래요.
2,0,0.0,1.0,6.0,1,자/ 세발나물은?,세발나물은?
9,0,0.0,1.0,3.0,1,따라서 앞에서 보면 이와 같은 쌓기나무의 모양이 그려지는 거야.,따라서 앞에서 보면 이와 같은 쌓기나무의 모양이 그려지는 거야.
7,0,0.0,1.0,2.8,1,자/ 당신에게 (confidence)/(컨피던스) 자신감을 준 대요 뭐가?,당신에게 자신감을 준 대요 뭐가?
5,0,0.0,1.0,2.0,1,(80)/(팔십) (81)/(팔십 일) (82)/(팔십 이),일) 이)
16,1,0.0625,1.0,2.7333333333333334,0,그 다음 고상하지 않고 품위가 없는 거지만 이것을 사용하는 사람은 다른 사람들에게 존중 받을 수 없다.,다음 고상하지 않고 품위가 없는 거지만 이것을 사용하는 사람은 다른 사람들에게 존중 받을 수 없다.
16,0,0.0,1.0,2.8666666666666667,1,자/ 다음 문제 함께 볼까요? 이번에는 운동장인 것 같은데 날아온 공에 맞아서 친구가 매우 아파하고 있어요.,다음 문제 함께 볼까요? 이번에는 운동장인 것 같은데 날아온 공에 맞아서 친구가 매우 아파하고 있어요.
2,0,0.0,1.0,3.0,1,어때야 되죠?,어때야 되죠?
14,0,0.0,0.9090909090909091,2.272727272727273,1,(5번)/(오 번) 자 다른 사람의 의견을 끝까지 듣고 나서 내 의견을 말하는 거. 자/,자 다른 사람의 의견을 끝까지 듣고 나서 내 의견을 말하는 거.
21,2,0.09523809523809523,0.9444444444444444,2.888888888888889,0,처음에 있는 글자에서 (1부분)/(한 부분)을 기준이라고 생각을 해볼 거예요 그런데 그 기준이 되는 부분이 우리 이 제일 앞에 있는 글자를 볼까요?,처음에 있는 글자에서 부분)을 기준이라고 생각을 해볼 거예요 그런데 기준이 되는 부분이 우리 제일 앞에 있는 글자를 볼까요?
20,2,0.1,1.0,3.3529411764705883,0,"자/ 진원에서 진앙까지의 거리가 가까울수록 피해 크지요? n/맞습니다. 지진의 진동은 진앙에서 가장 약하고 멀리 갈수록 강해진다, 반대였죠? 자 그 다음,","진원에서 진앙까지의 거리가 가까울수록 피해 크지요? 지진의 진동은 진앙에서 가장 약하고 멀리 갈수록 강해진다, 반대였죠? 자 다음,"
5,0,0.0,1.0,5.0,1,(6)/(육)과 (8)/(팔)의 최소공배수 공통분모로 해볼게요.,최소공배수 공통분모로 해볼게요.
7,0,0.0,1.0,2.3333333333333335,1,응/ 내가 하고 싶은 말을 적으면 돼요.,내가 하고 싶은 말을 적으면 돼요.
6,1,0.16666666666666666,1.0,3.75,0,(80)/(팔십)이 되고요. 결국에 이 네모는 무엇이다?,되고요. 결국에 네모는 무엇이다?
13,0,0.0,1.0,3.6923076923076925,1,보이는 부분은 실선으로 나타낸다. 그리고 마지막 단계. 높이를 내려주어라. 이런 원기둥이 완성이 되었습니다.,보이는 부분은 실선으로 나타낸다. 그리고 마지막 단계. 높이를 내려주어라. 이런 원기둥이 완성이 되었습니다.
8,0,0.0,1.0,3.25,1,오늘은 또 장면을 떠올리며 강아지풀이라는 시를 읽을 거에요.,오늘은 또 장면을 떠올리며 강아지풀이라는 시를 읽을 거에요.
8,0,0.0,1.0,2.75,1,그리고 바른 자세로 잘 서서 얘기해야 예의 바르겠죠.,그리고 바른 자세로 잘 서서 얘기해야 예의 바르겠죠.
16,1,0.0625,1.0,2.5714285714285716,0,먼저 어떻게 하자 이 값들을 다 더한 다음에 다시 (6)/(육) 으로 나누면 그것이 바로 평균이 되는거죠.,먼저 어떻게 하자 값들을 다 더한 다음에 다시 으로 나누면 그것이 바로 평균이 되는거죠.
12,0,0.0,1.0,2.9166666666666665,1,어찌 됐든 간에 가장 우리에게 필요하고 또 사실적인 그런 뉴스만 접하면 좋겠습니다.,어찌 됐든 간에 가장 우리에게 필요하고 또 사실적인 그런 뉴스만 접하면 좋겠습니다.
3,1,0.3333333333333333,1.0,2.5,0,어디 어/오/오/ 박소똥,어디 박소똥
19,0,0.0,0.8947368421052632,2.789473684210526,1,새 학교에 손님 같은 나. 신발장에 손님 같은 내 신발. 여러분 주인공의 처지와 마음을 대신하는 것이 무엇인지 짐작이 가시나요?,새 학교에 손님 같은 나. 신발장에 손님 같은 내 신발. 여러분 주인공의 처지와 마음을 대신하는 것이 무엇인지 짐작이 가시나요?
6,0,0.0,1.0,3.3333333333333335,1,b/ (5)/(오)도 (2번)/(두 번)에 나누어서 써요.,번)에 나누어서 써요.
3,0,0.0,1.0,3.3333333333333335,1,물론 대부분의 친구들은,물론 대부분의 친구들은
26,0,0.0,0.9230769230769231,2.769230769230769,1,야 이번에는 학교에서 하는 운동회 날인 것 같아요. 우리 친구들 나중에 학교에 가면요. 이런 운동회를 하기도 하고 체육대회를 하기도 하고 여러 가지 행사들을 정말 많이 해요.,야 이번에는 학교에서 하는 운동회 날인 것 같아요. 우리 친구들 나중에 학교에 가면요. 이런 운동회를 하기도 하고 체육대회를 하기도 하고 여러 가지 행사들을 정말 많이 해요.
25,0,0.0,0.92,3.32,1,그런 다음 이동현 선생에게 달려가 지금까지 있었던 일을 다 알리고 좋은 소식이 들리기만을 기다렸대요. 모두가 바라는 소식이 바로 뭐였을까요? 그렇죠. 폭탄을 던져서 성공했기를 바라는 것이겠죠.,그런 다음 이동현 선생에게 달려가 지금까지 있었던 일을 다 알리고 좋은 소식이 들리기만을 기다렸대요. 모두가 바라는 소식이 바로 뭐였을까요? 그렇죠. 폭탄을 던져서 성공했기를 바라는 것이겠죠.
2,1,0.5,1.0,4.0,0,n/ 걸음아!,걸음아!
9,1,0.1111111111111111,1.0,3.125,0,아/ 그렇군요. 가장 쉬운 방법으로 모두 다 더해보면 되겠군요.,그렇군요. 가장 쉬운 방법으로 모두 다 더해보면 되겠군요.
5,1,0.2,1.0,4.0,0,n/ (ㄴ)/(니은) 받침은 어디에 들어있는데?,받침은 어디에 들어있는데?
8,0,0.0,1.0,3.0,1,으흐흠 그렇다고 조상 대대로 내려온 이방망이를 줄순 없지,으흐흠 그렇다고 조상 대대로 내려온 이방망이를 줄순 없지
7,0,0.0,1.0,2.8,1,b/ 그럼 이번에는 누가 얘기해 볼까? b/,그럼 이번에는 누가 얘기해 볼까?
3,0,0.0,1.0,3.0,1,그다음에 (5 번)/(오번)보면,그다음에 (5
24,0,0.0,0.9444444444444444,2.6666666666666665,1,(32)/(삼십 이) 곱하기 (2)/(이)는 얼마다 (64)/(육십 사)네 단위는 제곱 (cm)/(센티미터)의 이렇게 풀어도 된답니다 따라서 역시 문제 정답 (64)/(육십 사) 제곱 (cm)/(센티미터)임을 확인할 수 있습니다.,이) 곱하기 얼마다 사)네 단위는 제곱 이렇게 풀어도 된답니다 따라서 역시 문제 정답 사) 제곱 확인할 수 있습니다.
26,1,0.038461538461538464,1.0,3.5217391304347827,0,n/ 이상으로 오늘의 만점왕 뉴스를 마치겠습니다. 오늘 배운 내용을 기억하면서 신문 기사를 (1번)/(한 번) 찾아 읽어보는 건 어떨까요? 다음엔 더 좋은 내용으로 찾아뵙겠습니다. 시청해주신 여러분 감사합니다.,이상으로 오늘의 만점왕 뉴스를 마치겠습니다. 오늘 배운 내용을 기억하면서 신문 기사를 찾아 읽어보는 건 어떨까요? 다음엔 더 좋은 내용으로 찾아뵙겠습니다. 시청해주신 여러분 감사합니다.
13,0,0.0,1.0,3.1818181818181817,1,그렇죠 (2)/(이)(3)/(삼)(11)/(십 일)은 있었지만 (5)/(오)는 없었어요 이렇게 갑자기 없던 수가 나온다 그럼 이거+이건.,그렇죠 일)은 있었지만 없었어요 이렇게 갑자기 없던 수가 나온다 그럼 이거+이건.
34,6,0.17647058823529413,0.9615384615384616,3.269230769230769,0,네/ 이렇게 n/ 가를 가장 오른쪽에 채우고 n/ 그다음에 왼쪽에는 n/ 나 평행사변형을 채우고요 마지막으로 n/ 가운데 라 사다리꼴을 채워서 덮을 수도 있습니다 마지막으로 (1가지)/(한 가지) 방법이 더 있다고 하는데요 그 방법도 보여주세요 n/.,이렇게 가를 가장 오른쪽에 채우고 그다음에 왼쪽에는 나 평행사변형을 채우고요 마지막으로 가운데 라 사다리꼴을 채워서 덮을 수도 있습니다 마지막으로 가지) 방법이 더 있다고 하는데요 방법도 보여주세요
10,0,0.0,1.0,3.125,1,(3)/(삼)번 털이 많다도 아닙니다 (4)/(사)번 볼게요 주황색이다 이런 말도 없었죠?,털이 많다도 아닙니다 볼게요 주황색이다 이런 말도 없었죠?
3,0,0.0,1.0,3.3333333333333335,1,까닭을 얘기할 때는요.,까닭을 얘기할 때는요.
3,0,0.0,1.0,3.0,1,글의 내용을 볼까요?,글의 내용을 볼까요?
6,0,0.0,1.0,2.75,1,(1번)/(일 번) 일기를 매일 써야 하는가?,일기를 매일 써야 하는가?
12,1,0.08333333333333333,1.0,2.3,0,자/ 그 다음에 또 이렇게 세워도 같은 모양이 될 수 있는 거예요.,다음에 또 이렇게 세워도 같은 모양이 될 수 있는 거예요.
8,0,0.0,1.0,3.5714285714285716,1,"자/ 덧셈과 뺄셈의 관계를요, 식으로 나타내어 볼까요 입니다.","덧셈과 뺄셈의 관계를요, 식으로 나타내어 볼까요 입니다."
7,1,0.14285714285714285,1.0,4.25,0,아/ (2월)/(이 월)부터 시월까지니까 으 (9번)/(아홉 번)이에요.,월)부터 시월까지니까 으 번)이에요.
21,1,0.047619047619047616,1.0,3.0,0,교재 (125쪽)/(백 이십 오 쪽) 에 자꾸자꾸 해당하는 문제입니다. 이 글에서 김정호는 뭐+ 김정호의 무엇에 대하여 설명하고 있습니까 라는 그런 문제죠.,교재 이십 오 쪽) 에 자꾸자꾸 해당하는 문제입니다. 글에서 김정호는 뭐+ 김정호의 무엇에 대하여 설명하고 있습니까 라는 그런 문제죠.
9,1,0.1111111111111111,1.0,3.142857142857143,0,자/ 이 문제처럼 우리 생활주변에 사각형 또 뭐가 있을까요?,문제처럼 우리 생활주변에 사각형 또 뭐가 있을까요?
4,1,0.25,1.0,3.6666666666666665,0,그다음 우리 n/ 친구들이요.,그다음 우리 친구들이요.
3,0,0.0,1.0,3.3333333333333335,1,바로 구하려는 것이죠.,바로 구하려는 것이죠.
16,1,0.0625,1.0,3.0,0,어/ 이제요 우리 교과서 속 이야기 살펴보고 문제 풀겠습니다. 읽기 책에 보면요 사과 꽃이라는 이야기가 나와요.,이제요 우리 교과서 속 이야기 살펴보고 문제 풀겠습니다. 읽기 책에 보면요 사과 꽃이라는 이야기가 나와요.
7,0,0.0,1.0,3.5,1,뿐만 아닙니다. 자/ 어떤 경우가 있는지 살펴볼까요?,뿐만 아닙니다. 어떤 경우가 있는지 살펴볼까요?
8,0,0.0,1.0,2.6,1,자/ (3층)/(삼 층) 에는 (1개)/(한 개) 가 필요하고요.,층) 에는 개) 가 필요하고요.
29,1,0.034482758620689655,0.6875,2.5625,0,(ㄱ)/(기역) (ㄴ)/(니은) (ㄷ)/(디귿) 합 구해보면 (6)/(육) 더하기 (12)/(십 이) 더하기 (8)/(팔) 입니다 (6)/(육) 더하기 (12)/(십 이) (18)/(십 팔) (18)/(십 팔) 더하기 (8)/(팔) (26)/(이십 육) 따라서 이 문제의 정답 몇이다,합 구해보면 더하기 이) 더하기 입니다 더하기 이) 팔) 팔) 더하기 육) 따라서 문제의 정답 몇이다
6,0,0.0,1.0,3.75,1,(10개)/(열 개)씩 들어있는 초콜릿도 있고요. b/,개)씩 들어있는 초콜릿도 있고요.
2,0,0.0,1.0,3.0,1,(5마리)/(다섯 마리),마리)
5,0,0.0,1.0,2.5,1,우리 (1)/(일) 학년 때 했다고요.,우리 학년 때 했다고요.
19,1,0.05263157894736842,1.0,2.7333333333333334,0,n/ 자/ 오늘 궁금한 것들 (EBS)/(이비에스) 홈페이지에 다시 와서 확인 (하고요)/(하구요) 다음 시간에 우리가 곱셈과 나눗셈 만나 겠습니다 안녕.,오늘 궁금한 것들 홈페이지에 다시 와서 확인 다음 시간에 우리가 곱셈과 나눗셈 만나 겠습니다 안녕.
14,0,0.0,1.0,2.8333333333333335,1,바꾼 후에 계산을 하겠다. (이걸)/(요걸) 놓치면 안 됩니다. 그럼 방법 (1)/(일)을 한번 살펴보도록 할까요?,바꾼 후에 계산을 하겠다. 놓치면 안 됩니다. 그럼 방법 한번 살펴보도록 할까요?
4,0,0.0,1.0,2.3333333333333335,1,자/ 네 번째 보기요.,네 번째 보기요.
7,0,0.0,1.0,3.2,1,"자/ 명월 부인의 몸종인 개화가, 용율대를 (죽였지요)/(죽였죠).","명월 부인의 몸종인 개화가, 용율대를"
9,0,0.0,1.0,3.111111111111111,1,그러므로 우리도 초의 수가 여섯이 되도록 표시해주면 되는 거예요.,그러므로 우리도 초의 수가 여섯이 되도록 표시해주면 되는 거예요.
